  0
SECTION
  2
HEADER
  9
$ANGBASE
  50
0.0
  9
$ANGDIR
  70
1
  9
$MEASUREMENT
  70
0
  0
ENDSEC
  0
SECTION
  2
TABLES
  0
TABLE
  2
LTYPE
  70
4
  0
LTYPE
  5
40F
  2
CONTINUOUS
  70
0
  3
Solid line
  72
65
  73
0
  40
0.0
  0
LTYPE
  5
410
  2
DASHDOT
 70
0
  3
Dash Dot ____ _ ____ _
 72
65
 73
4
 40
2.0
 49
1.25
 49
-0.25
 49
0.25
 49
-0.25
  0
LTYPE
  5
411
  2
DASHED
 70
0
  3
Dashed __ __ __ __ __
 72
65
 73
2
 40
0.75
 49
0.5
 49
-0.25
  0
LTYPE
  5
43B
  2
DOTTED
 70
0
  3
Dotted .  .  .  .
 72
65
 73
2
 40
0.2
 49
0.0
 49
-0.2
  0
ENDTAB
  0
TABLE
  2
STYLE
  70
4
  0
STYLE
  2
KICAD
  70
0
  40
0
  41
1
  42
1
  50
0
  71
0
  3
isocp.shx
  0
STYLE
  2
KICADB
  70
0
  40
0
  41
1
  42
1
  50
0
  71
0
  3
isocp.shx
  0
STYLE
  2
KICADI
  70
0
  40
0
  41
1
  42
1
  50
15
  71
0
  3
isocp.shx
  0
STYLE
  2
KICADBI
  70
0
  40
0
  41
1
  42
1
  50
15
  71
0
  3
isocp.shx
  0
ENDTAB
  0
TABLE
  2
LAYER
  70
1
  0
LAYER
  2
BLACK
  70
0
  62
7
  6
CONTINUOUS
  0
ENDTAB
  0
ENDSEC
  0
SECTION
  2
ENTITIES
0
LINE
8
BLACK
6
CONTINUOUS
10
2.1891270078740157
20
2.149949842519685
11
2.1899803149606298
21
2.1478897637795273
0
LINE
8
BLACK
6
CONTINUOUS
10
2.1899803149606298
20
2.1478897637795273
11
2.1899803149606298
21
0.2129331102362205
0
LINE
8
BLACK
6
CONTINUOUS
10
2.1899803149606298
20
0.2129331102362205
11
2.1891270078740157
21
0.210873031496063
0
LINE
8
BLACK
6
CONTINUOUS
10
2.1891270078740157
20
0.210873031496063
11
2.187066929133858
21
0.2100197244094488
0
LINE
8
BLACK
6
CONTINUOUS
10
2.187066929133858
20
0.2100197244094488
11
0.2129330708661417
21
0.2100197244094488
0
LINE
8
BLACK
6
CONTINUOUS
10
0.2129330708661417
20
0.2100197244094488
11
0.2108729921259843
21
0.210873031496063
0
LINE
8
BLACK
6
CONTINUOUS
10
0.2108729921259843
20
0.210873031496063
11
0.2100196850393701
21
0.2129331102362205
0
LINE
8
BLACK
6
CONTINUOUS
10
0.2100196850393701
20
0.2129331102362205
11
0.2100196850393701
21
0.5577331496062992
0
LINE
8
BLACK
6
CONTINUOUS
10
0.2100196850393701
20
0.5577331496062992
11
0.2100196850393701
21
0.5829212598425196
0
LINE
8
BLACK
6
CONTINUOUS
10
0.2100196850393701
20
0.5829212598425196
11
0.2100196850393701
21
0.688817874015748
0
LINE
8
BLACK
6
CONTINUOUS
10
0.2100196850393701
20
0.688817874015748
11
0.2100196850393701
21
0.7742685826771654
0
LINE
8
BLACK
6
CONTINUOUS
10
0.2100196850393701
20
0.7742685826771654
11
0.2100196850393701
21
0.9250383464566929
0
LINE
8
BLACK
6
CONTINUOUS
10
0.2100196850393701
20
0.9250383464566929
11
0.2100196850393701
21
1.0104890551181103
0
LINE
8
BLACK
6
CONTINUOUS
10
0.2100196850393701
20
1.0104890551181103
11
0.2100196850393701
21
1.1612588188976378
0
LINE
8
BLACK
6
CONTINUOUS
10
0.2100196850393701
20
1.1612588188976378
11
0.2100196850393701
21
1.2467095275590552
0
LINE
8
BLACK
6
CONTINUOUS
10
0.2100196850393701
20
1.2467095275590552
11
0.2100196850393701
21
1.3974792913385827
0
LINE
8
BLACK
6
CONTINUOUS
10
0.2100196850393701
20
1.3974792913385827
11
0.2100196850393701
21
1.4829299999999999
0
LINE
8
BLACK
6
CONTINUOUS
10
0.2100196850393701
20
1.4829299999999999
11
0.2100196850393701
21
1.6336997637795274
0
LINE
8
BLACK
6
CONTINUOUS
10
0.2100196850393701
20
1.6336997637795274
11
0.2100196850393701
21
1.7191504724409448
0
LINE
8
BLACK
6
CONTINUOUS
10
0.2100196850393701
20
1.7191504724409448
11
0.2100196850393701
21
1.7699291338582677
0
LINE
8
BLACK
6
CONTINUOUS
10
0.2100196850393701
20
1.7699291338582677
11
0.2100196850393701
21
1.8502351968503936
0
LINE
8
BLACK
6
CONTINUOUS
10
0.2100196850393701
20
1.8502351968503936
11
0.2100196850393701
21
2.1478897637795273
0
LINE
8
BLACK
6
CONTINUOUS
10
0.2100196850393701
20
2.1478897637795273
11
0.2108729921259843
21
2.149949842519685
0
LINE
8
BLACK
6
CONTINUOUS
10
0.2108729921259843
20
2.149949842519685
11
0.2129330708661417
21
2.1508031496062991
0
LINE
8
BLACK
6
CONTINUOUS
10
0.2129330708661417
20
2.1508031496062991
11
2.187066929133858
21
2.1508031496062991
0
LINE
8
BLACK
6
CONTINUOUS
10
2.187066929133858
20
2.1508031496062991
11
2.1891270078740157
21
2.149949842519685
0
LINE
8
BLACK
6
CONTINUOUS
10
0.674267716535433
20
0.5583149606299213
11
0.6339133858267716
21
0.5583149606299213
0
LINE
8
BLACK
6
CONTINUOUS
10
0.6339133858267716
20
0.5583149606299213
11
0.6339133858267716
21
0.5524094881889764
0
LINE
8
BLACK
6
CONTINUOUS
10
0.6339133858267716
20
0.5524094881889764
11
0.6748495669291339
21
0.5524094881889764
0
LINE
8
BLACK
6
CONTINUOUS
10
0.6748495669291339
20
0.5524094881889764
11
0.6765718110236221
21
0.5527520472440944
0
LINE
8
BLACK
6
CONTINUOUS
10
0.6765718110236221
20
0.5527520472440944
11
0.67852531496063
21
0.5540573228346457
0
LINE
8
BLACK
6
CONTINUOUS
10
0.67852531496063
20
0.5540573228346457
11
0.6785253543307086
21
0.5540573622047243
0
LINE
8
BLACK
6
CONTINUOUS
10
0.6785253543307086
20
0.5540573622047243
11
0.6798305511811024
21
0.5560107480314961
0
LINE
8
BLACK
6
CONTINUOUS
10
0.6798305511811024
20
0.5560107480314961
11
0.6801731889763779
21
0.5577331496062992
0
LINE
8
BLACK
6
CONTINUOUS
10
0.6801731889763779
20
0.5577331496062992
11
0.6801732283464567
21
0.5577333464566929
0
LINE
8
BLACK
6
CONTINUOUS
10
0.6801732283464567
20
0.5577333464566929
11
0.6801732283464567
21
0.5730787401574803
0
LINE
8
BLACK
6
CONTINUOUS
10
0.6801732283464567
20
0.5730787401574803
11
0.674267716535433
21
0.5730787401574803
0
LINE
8
BLACK
6
CONTINUOUS
10
0.674267716535433
20
0.5730787401574803
11
0.674267716535433
21
0.5583149606299213
0
LINE
8
BLACK
6
CONTINUOUS
10
0.910488188976378
20
0.5583149606299213
11
0.8406062992125984
21
0.5583149606299213
0
LINE
8
BLACK
6
CONTINUOUS
10
0.8406062992125984
20
0.5583149606299213
11
0.8406062992125984
21
0.5524094881889764
0
LINE
8
BLACK
6
CONTINUOUS
10
0.8406062992125984
20
0.5524094881889764
11
0.9110700393700787
21
0.5524094881889764
0
LINE
8
BLACK
6
CONTINUOUS
10
0.9110700393700787
20
0.5524094881889764
11
0.9127922834645669
21
0.5527520472440944
0
LINE
8
BLACK
6
CONTINUOUS
10
0.9127922834645669
20
0.5527520472440944
11
0.9147457874015748
21
0.5540573228346457
0
LINE
8
BLACK
6
CONTINUOUS
10
0.9147457874015748
20
0.5540573228346457
11
0.9147458267716535
21
0.5540573622047243
0
LINE
8
BLACK
6
CONTINUOUS
10
0.9147458267716535
20
0.5540573622047243
11
0.9160510236220473
21
0.5560107480314961
0
LINE
8
BLACK
6
CONTINUOUS
10
0.9160510236220473
20
0.5560107480314961
11
0.9163936614173228
21
0.5577331496062992
0
LINE
8
BLACK
6
CONTINUOUS
10
0.9163936614173228
20
0.5577331496062992
11
0.9163937007874016
21
0.5577333464566929
0
LINE
8
BLACK
6
CONTINUOUS
10
0.9163937007874016
20
0.5577333464566929
11
0.9163937007874016
21
0.5730787401574803
0
LINE
8
BLACK
6
CONTINUOUS
10
0.9163937007874016
20
0.5730787401574803
11
0.910488188976378
21
0.5730787401574803
0
LINE
8
BLACK
6
CONTINUOUS
10
0.910488188976378
20
0.5730787401574803
11
0.910488188976378
21
0.5583149606299213
0
LINE
8
BLACK
6
CONTINUOUS
10
1.1467086614173227
20
0.5583149606299213
11
1.0768267716535433
21
0.5583149606299213
0
LINE
8
BLACK
6
CONTINUOUS
10
1.0768267716535433
20
0.5583149606299213
11
1.0768267716535433
21
0.5524094881889764
0
LINE
8
BLACK
6
CONTINUOUS
10
1.0768267716535433
20
0.5524094881889764
11
1.1472905118110237
21
0.5524094881889764
0
LINE
8
BLACK
6
CONTINUOUS
10
1.1472905118110237
20
0.5524094881889764
11
1.1490127559055119
21
0.5527520472440944
0
LINE
8
BLACK
6
CONTINUOUS
10
1.1490127559055119
20
0.5527520472440944
11
1.1509662598425197
21
0.5540573228346457
0
LINE
8
BLACK
6
CONTINUOUS
10
1.1509662598425197
20
0.5540573228346457
11
1.1509662992125984
21
0.5540573622047243
0
LINE
8
BLACK
6
CONTINUOUS
10
1.1509662992125984
20
0.5540573622047243
11
1.1522714960629921
21
0.5560107480314961
0
LINE
8
BLACK
6
CONTINUOUS
10
1.1522714960629921
20
0.5560107480314961
11
1.1526141338582676
21
0.5577331496062992
0
LINE
8
BLACK
6
CONTINUOUS
10
1.1526141338582676
20
0.5577331496062992
11
1.1526141732283464
21
0.5577333464566929
0
LINE
8
BLACK
6
CONTINUOUS
10
1.1526141732283464
20
0.5577333464566929
11
1.1526141732283464
21
0.5730787401574803
0
LINE
8
BLACK
6
CONTINUOUS
10
1.1526141732283464
20
0.5730787401574803
11
1.1467086614173227
21
0.5730787401574803
0
LINE
8
BLACK
6
CONTINUOUS
10
1.1467086614173227
20
0.5730787401574803
11
1.1467086614173227
21
0.5583149606299213
0
LINE
8
BLACK
6
CONTINUOUS
10
1.3829291338582677
20
0.5583149606299213
11
1.3130472440944883
21
0.5583149606299213
0
LINE
8
BLACK
6
CONTINUOUS
10
1.3130472440944883
20
0.5583149606299213
11
1.3130472440944883
21
0.5524094881889764
0
LINE
8
BLACK
6
CONTINUOUS
10
1.3130472440944883
20
0.5524094881889764
11
1.3835109842519684
21
0.5524094881889764
0
LINE
8
BLACK
6
CONTINUOUS
10
1.3835109842519684
20
0.5524094881889764
11
1.3852332283464566
21
0.5527520472440944
0
LINE
8
BLACK
6
CONTINUOUS
10
1.3852332283464566
20
0.5527520472440944
11
1.3871867322834646
21
0.5540573228346457
0
LINE
8
BLACK
6
CONTINUOUS
10
1.3871867322834646
20
0.5540573228346457
11
1.3871867716535433
21
0.5540573622047243
0
LINE
8
BLACK
6
CONTINUOUS
10
1.3871867716535433
20
0.5540573622047243
11
1.388491968503937
21
0.5560107480314961
0
LINE
8
BLACK
6
CONTINUOUS
10
1.388491968503937
20
0.5560107480314961
11
1.3888346062992125
21
0.5577331496062992
0
LINE
8
BLACK
6
CONTINUOUS
10
1.3888346062992125
20
0.5577331496062992
11
1.3888346456692913
21
0.5577333464566929
0
LINE
8
BLACK
6
CONTINUOUS
10
1.3888346456692913
20
0.5577333464566929
11
1.3888346456692913
21
0.5730787401574803
0
LINE
8
BLACK
6
CONTINUOUS
10
1.3888346456692913
20
0.5730787401574803
11
1.3829291338582677
21
0.5730787401574803
0
LINE
8
BLACK
6
CONTINUOUS
10
1.3829291338582677
20
0.5730787401574803
11
1.3829291338582677
21
0.5583149606299213
0
LINE
8
BLACK
6
CONTINUOUS
10
1.6191496062992126
20
0.5583149606299213
11
1.5492677165354329
21
0.5583149606299213
0
LINE
8
BLACK
6
CONTINUOUS
10
1.5492677165354329
20
0.5583149606299213
11
1.5492677165354329
21
0.5524094881889764
0
LINE
8
BLACK
6
CONTINUOUS
10
1.5492677165354329
20
0.5524094881889764
11
1.6197314566929133
21
0.5524094881889764
0
LINE
8
BLACK
6
CONTINUOUS
10
1.6197314566929133
20
0.5524094881889764
11
1.6214537007874015
21
0.5527520472440944
0
LINE
8
BLACK
6
CONTINUOUS
10
1.6214537007874015
20
0.5527520472440944
11
1.6234072047244095
21
0.5540573228346457
0
LINE
8
BLACK
6
CONTINUOUS
10
1.6234072047244095
20
0.5540573228346457
11
1.6234072440944882
21
0.5540573622047243
0
LINE
8
BLACK
6
CONTINUOUS
10
1.6234072440944882
20
0.5540573622047243
11
1.6247124409448819
21
0.5560107480314961
0
LINE
8
BLACK
6
CONTINUOUS
10
1.6247124409448819
20
0.5560107480314961
11
1.6250550787401574
21
0.5577331496062992
0
LINE
8
BLACK
6
CONTINUOUS
10
1.6250550787401574
20
0.5577331496062992
11
1.6250551181102362
21
0.5577333464566929
0
LINE
8
BLACK
6
CONTINUOUS
10
1.6250551181102362
20
0.5577333464566929
11
1.6250551181102362
21
0.5730787401574803
0
LINE
8
BLACK
6
CONTINUOUS
10
1.6250551181102362
20
0.5730787401574803
11
1.6191496062992126
21
0.5730787401574803
0
LINE
8
BLACK
6
CONTINUOUS
10
1.6191496062992126
20
0.5730787401574803
11
1.6191496062992126
21
0.5583149606299213
0
LINE
8
BLACK
6
CONTINUOUS
10
1.8356850393700788
20
0.5583149606299213
11
1.8209212598425197
21
0.5583149606299213
0
LINE
8
BLACK
6
CONTINUOUS
10
1.8209212598425197
20
0.5583149606299213
11
1.8209212598425197
21
0.5524094881889764
0
LINE
8
BLACK
6
CONTINUOUS
10
1.8209212598425197
20
0.5524094881889764
11
1.8362668897637795
21
0.5524094881889764
0
LINE
8
BLACK
6
CONTINUOUS
10
1.8362668897637795
20
0.5524094881889764
11
1.8379891338582677
21
0.5527520472440944
0
LINE
8
BLACK
6
CONTINUOUS
10
1.8379891338582677
20
0.5527520472440944
11
1.8399426377952754
21
0.5540573228346457
0
LINE
8
BLACK
6
CONTINUOUS
10
1.8399426377952754
20
0.5540573228346457
11
1.8399426771653542
21
0.5540573622047243
0
LINE
8
BLACK
6
CONTINUOUS
10
1.8399426771653542
20
0.5540573622047243
11
1.8412478740157481
21
0.5560107480314961
0
LINE
8
BLACK
6
CONTINUOUS
10
1.8412478740157481
20
0.5560107480314961
11
1.8415905511811024
21
0.5577333464566929
0
LINE
8
BLACK
6
CONTINUOUS
10
1.8415905511811024
20
0.5577333464566929
11
1.8415905511811024
21
0.5730787401574803
0
LINE
8
BLACK
6
CONTINUOUS
10
1.8415905511811024
20
0.5730787401574803
11
1.8356850393700788
21
0.5730787401574803
0
LINE
8
BLACK
6
CONTINUOUS
10
1.8356850393700788
20
0.5730787401574803
11
1.8356850393700788
21
0.5583149606299213
0
LINE
8
BLACK
6
CONTINUOUS
10
1.7559606299212598
20
0.5583149606299213
11
1.7559606299212598
21
0.5524094881889764
0
LINE
8
BLACK
6
CONTINUOUS
10
1.7559606299212598
20
0.5524094881889764
11
1.8110787401574804
21
0.5524094881889764
0
LINE
8
BLACK
6
CONTINUOUS
10
1.8110787401574804
20
0.5524094881889764
11
1.8110787401574804
21
0.5583149606299213
0
LINE
8
BLACK
6
CONTINUOUS
10
1.8110787401574804
20
0.5583149606299213
11
1.7963149606299211
21
0.5583149606299213
0
LINE
8
BLACK
6
CONTINUOUS
10
1.7963149606299211
20
0.5583149606299213
11
1.7559606299212598
21
0.5583149606299213
0
LINE
8
BLACK
6
CONTINUOUS
10
0.5689527559055118
20
0.5583149606299213
11
0.5689527559055118
21
0.5524094881889764
0
LINE
8
BLACK
6
CONTINUOUS
10
0.5689527559055118
20
0.5524094881889764
11
0.6240708661417322
21
0.5524094881889764
0
LINE
8
BLACK
6
CONTINUOUS
10
0.6240708661417322
20
0.5524094881889764
11
0.6240708661417322
21
0.5583149606299213
0
LINE
8
BLACK
6
CONTINUOUS
10
0.6240708661417322
20
0.5583149606299213
11
0.5837165354330709
21
0.5583149606299213
0
LINE
8
BLACK
6
CONTINUOUS
10
0.5837165354330709
20
0.5583149606299213
11
0.5689527559055118
21
0.5583149606299213
0
LINE
8
BLACK
6
CONTINUOUS
10
0.6339133858267716
20
0.5976850393700788
11
0.674267716535433
21
0.5976850393700788
0
LINE
8
BLACK
6
CONTINUOUS
10
0.674267716535433
20
0.5976850393700788
11
0.674267716535433
21
0.5829212598425196
0
LINE
8
BLACK
6
CONTINUOUS
10
0.674267716535433
20
0.5829212598425196
11
0.6801731889763779
21
0.5829212598425196
0
LINE
8
BLACK
6
CONTINUOUS
10
0.6801731889763779
20
0.5829212598425196
11
0.6801731889763779
21
0.5982666929133859
0
LINE
8
BLACK
6
CONTINUOUS
10
0.6801731889763779
20
0.5982666929133859
11
0.6801731889763779
21
0.5982668897637795
0
LINE
8
BLACK
6
CONTINUOUS
10
0.6801731889763779
20
0.5982668897637795
11
0.6798306299212599
21
0.5999891732283464
0
LINE
8
BLACK
6
CONTINUOUS
10
0.6798306299212599
20
0.5999891732283464
11
0.6785253543307086
21
0.6019426771653543
0
LINE
8
BLACK
6
CONTINUOUS
10
0.6785253543307086
20
0.6019426771653543
11
0.67852531496063
21
0.6019427165354331
0
LINE
8
BLACK
6
CONTINUOUS
10
0.67852531496063
20
0.6019427165354331
11
0.6765719291338582
21
0.6032479133858267
0
LINE
8
BLACK
6
CONTINUOUS
10
0.6765719291338582
20
0.6032479133858267
11
0.6748493307086614
21
0.6035905511811024
0
LINE
8
BLACK
6
CONTINUOUS
10
0.6748493307086614
20
0.6035905511811024
11
0.6339133858267716
21
0.6035905511811024
0
LINE
8
BLACK
6
CONTINUOUS
10
0.6339133858267716
20
0.6035905511811024
11
0.6339133858267716
21
0.5976850393700788
0
LINE
8
BLACK
6
CONTINUOUS
10
0.8406062992125984
20
0.5976850393700788
11
0.910488188976378
21
0.5976850393700788
0
LINE
8
BLACK
6
CONTINUOUS
10
0.910488188976378
20
0.5976850393700788
11
0.910488188976378
21
0.5829212598425196
0
LINE
8
BLACK
6
CONTINUOUS
10
0.910488188976378
20
0.5829212598425196
11
0.9163936614173228
21
0.5829212598425196
0
LINE
8
BLACK
6
CONTINUOUS
10
0.9163936614173228
20
0.5829212598425196
11
0.9163936614173228
21
0.5982666929133859
0
LINE
8
BLACK
6
CONTINUOUS
10
0.9163936614173228
20
0.5982666929133859
11
0.9163936614173228
21
0.5982668897637795
0
LINE
8
BLACK
6
CONTINUOUS
10
0.9163936614173228
20
0.5982668897637795
11
0.9160511023622047
21
0.5999891732283464
0
LINE
8
BLACK
6
CONTINUOUS
10
0.9160511023622047
20
0.5999891732283464
11
0.9147458267716535
21
0.6019426771653543
0
LINE
8
BLACK
6
CONTINUOUS
10
0.9147458267716535
20
0.6019426771653543
11
0.9147457874015748
21
0.6019427165354331
0
LINE
8
BLACK
6
CONTINUOUS
10
0.9147457874015748
20
0.6019427165354331
11
0.9127924015748031
21
0.6032479133858267
0
LINE
8
BLACK
6
CONTINUOUS
10
0.9127924015748031
20
0.6032479133858267
11
0.9110698031496063
21
0.6035905511811024
0
LINE
8
BLACK
6
CONTINUOUS
10
0.9110698031496063
20
0.6035905511811024
11
0.8406062992125984
21
0.6035905511811024
0
LINE
8
BLACK
6
CONTINUOUS
10
0.8406062992125984
20
0.6035905511811024
11
0.8406062992125984
21
0.5976850393700788
0
LINE
8
BLACK
6
CONTINUOUS
10
1.0768267716535433
20
0.5976850393700788
11
1.1467086614173227
21
0.5976850393700788
0
LINE
8
BLACK
6
CONTINUOUS
10
1.1467086614173227
20
0.5976850393700788
11
1.1467086614173227
21
0.5829212598425196
0
LINE
8
BLACK
6
CONTINUOUS
10
1.1467086614173227
20
0.5829212598425196
11
1.1526141338582676
21
0.5829212598425196
0
LINE
8
BLACK
6
CONTINUOUS
10
1.1526141338582676
20
0.5829212598425196
11
1.1526141338582676
21
0.5982666929133859
0
LINE
8
BLACK
6
CONTINUOUS
10
1.1526141338582676
20
0.5982666929133859
11
1.1526141338582676
21
0.5982668897637795
0
LINE
8
BLACK
6
CONTINUOUS
10
1.1526141338582676
20
0.5982668897637795
11
1.1522715748031496
21
0.5999891732283464
0
LINE
8
BLACK
6
CONTINUOUS
10
1.1522715748031496
20
0.5999891732283464
11
1.1509662992125984
21
0.6019426771653543
0
LINE
8
BLACK
6
CONTINUOUS
10
1.1509662992125984
20
0.6019426771653543
11
1.1509662598425197
21
0.6019427165354331
0
LINE
8
BLACK
6
CONTINUOUS
10
1.1509662598425197
20
0.6019427165354331
11
1.1490128740157479
21
0.6032479133858267
0
LINE
8
BLACK
6
CONTINUOUS
10
1.1490128740157479
20
0.6032479133858267
11
1.1472902755905512
21
0.6035905511811024
0
LINE
8
BLACK
6
CONTINUOUS
10
1.1472902755905512
20
0.6035905511811024
11
1.0768267716535433
21
0.6035905511811024
0
LINE
8
BLACK
6
CONTINUOUS
10
1.0768267716535433
20
0.6035905511811024
11
1.0768267716535433
21
0.5976850393700788
0
LINE
8
BLACK
6
CONTINUOUS
10
1.3130472440944883
20
0.5976850393700788
11
1.3829291338582677
21
0.5976850393700788
0
LINE
8
BLACK
6
CONTINUOUS
10
1.3829291338582677
20
0.5976850393700788
11
1.3829291338582677
21
0.5829212598425196
0
LINE
8
BLACK
6
CONTINUOUS
10
1.3829291338582677
20
0.5829212598425196
11
1.3888346062992125
21
0.5829212598425196
0
LINE
8
BLACK
6
CONTINUOUS
10
1.3888346062992125
20
0.5829212598425196
11
1.3888346062992125
21
0.5982666929133859
0
LINE
8
BLACK
6
CONTINUOUS
10
1.3888346062992125
20
0.5982666929133859
11
1.3888346062992125
21
0.5982668897637795
0
LINE
8
BLACK
6
CONTINUOUS
10
1.3888346062992125
20
0.5982668897637795
11
1.3884920472440945
21
0.5999891732283464
0
LINE
8
BLACK
6
CONTINUOUS
10
1.3884920472440945
20
0.5999891732283464
11
1.3871867716535433
21
0.6019426771653543
0
LINE
8
BLACK
6
CONTINUOUS
10
1.3871867716535433
20
0.6019426771653543
11
1.3871867322834646
21
0.6019427165354331
0
LINE
8
BLACK
6
CONTINUOUS
10
1.3871867322834646
20
0.6019427165354331
11
1.3852333464566928
21
0.6032479133858267
0
LINE
8
BLACK
6
CONTINUOUS
10
1.3852333464566928
20
0.6032479133858267
11
1.3835107480314961
21
0.6035905511811024
0
LINE
8
BLACK
6
CONTINUOUS
10
1.3835107480314961
20
0.6035905511811024
11
1.3130472440944883
21
0.6035905511811024
0
LINE
8
BLACK
6
CONTINUOUS
10
1.3130472440944883
20
0.6035905511811024
11
1.3130472440944883
21
0.5976850393700788
0
LINE
8
BLACK
6
CONTINUOUS
10
1.6250550787401574
20
0.5982668897637795
11
1.6247125196850394
21
0.5999891732283464
0
LINE
8
BLACK
6
CONTINUOUS
10
1.6247125196850394
20
0.5999891732283464
11
1.6234072440944882
21
0.6019426771653543
0
LINE
8
BLACK
6
CONTINUOUS
10
1.6234072440944882
20
0.6019426771653543
11
1.6234072047244095
21
0.6019427165354331
0
LINE
8
BLACK
6
CONTINUOUS
10
1.6234072047244095
20
0.6019427165354331
11
1.6214538188976377
21
0.6032479133858267
0
LINE
8
BLACK
6
CONTINUOUS
10
1.6214538188976377
20
0.6032479133858267
11
1.619731220472441
21
0.6035905511811024
0
LINE
8
BLACK
6
CONTINUOUS
10
1.619731220472441
20
0.6035905511811024
11
1.5492677165354329
21
0.6035905511811024
0
LINE
8
BLACK
6
CONTINUOUS
10
1.5492677165354329
20
0.6035905511811024
11
1.5492677165354329
21
0.5976850393700788
0
LINE
8
BLACK
6
CONTINUOUS
10
1.5492677165354329
20
0.5976850393700788
11
1.6191496062992126
21
0.5976850393700788
0
LINE
8
BLACK
6
CONTINUOUS
10
1.6191496062992126
20
0.5976850393700788
11
1.6191496062992126
21
0.5829212598425196
0
LINE
8
BLACK
6
CONTINUOUS
10
1.6191496062992126
20
0.5829212598425196
11
1.6250550787401574
21
0.5829212598425196
0
LINE
8
BLACK
6
CONTINUOUS
10
1.6250550787401574
20
0.5829212598425196
11
1.6250550787401574
21
0.5982666929133859
0
LINE
8
BLACK
6
CONTINUOUS
10
1.6250550787401574
20
0.5982666929133859
11
1.6250550787401574
21
0.5982668897637795
0
LINE
8
BLACK
6
CONTINUOUS
10
1.8356850393700788
20
0.5976850393700788
11
1.8356850393700788
21
0.5829212598425196
0
LINE
8
BLACK
6
CONTINUOUS
10
1.8356850393700788
20
0.5829212598425196
11
1.8415905118110236
21
0.5829212598425196
0
LINE
8
BLACK
6
CONTINUOUS
10
1.8415905118110236
20
0.5829212598425196
11
1.8415905118110236
21
0.5969243700787401
0
LINE
8
BLACK
6
CONTINUOUS
10
1.8415905118110236
20
0.5969243700787401
11
1.8415905511811024
21
0.5969250393700787
0
LINE
8
BLACK
6
CONTINUOUS
10
1.8415905511811024
20
0.5969250393700787
11
1.8415905511811024
21
0.6380393700787401
0
LINE
8
BLACK
6
CONTINUOUS
10
1.8415905511811024
20
0.6380393700787401
11
1.8356850393700788
21
0.6380393700787401
0
LINE
8
BLACK
6
CONTINUOUS
10
1.8356850393700788
20
0.6380393700787401
11
1.8356850393700788
21
0.5976850393700788
0
LINE
8
BLACK
6
CONTINUOUS
10
0.5837165354330709
20
0.5976850393700788
11
0.6240708661417322
21
0.5976850393700788
0
LINE
8
BLACK
6
CONTINUOUS
10
0.6240708661417322
20
0.5976850393700788
11
0.6240708661417322
21
0.6035905511811024
0
LINE
8
BLACK
6
CONTINUOUS
10
0.6240708661417322
20
0.6035905511811024
11
0.5925353937007873
21
0.6035905511811024
0
LINE
8
BLACK
6
CONTINUOUS
10
0.5925353937007873
20
0.6035905511811024
11
0.5904753149606299
21
0.6044438582677165
0
LINE
8
BLACK
6
CONTINUOUS
10
0.5904753149606299
20
0.6044438582677165
11
0.5896220078740158
21
0.606503937007874
0
LINE
8
BLACK
6
CONTINUOUS
10
0.5896220078740158
20
0.606503937007874
11
0.5896220078740158
21
0.6380393700787401
0
LINE
8
BLACK
6
CONTINUOUS
10
0.5896220078740158
20
0.6380393700787401
11
0.5837165354330709
21
0.6380393700787401
0
LINE
8
BLACK
6
CONTINUOUS
10
0.5837165354330709
20
0.6380393700787401
11
0.5837165354330709
21
0.5976850393700788
0
LINE
8
BLACK
6
CONTINUOUS
10
0.5689527559055118
20
0.6882362204724409
11
0.5837165354330709
21
0.6882362204724409
0
LINE
8
BLACK
6
CONTINUOUS
10
0.5837165354330709
20
0.6882362204724409
11
0.5837165354330709
21
0.6478818897637795
0
LINE
8
BLACK
6
CONTINUOUS
10
0.5837165354330709
20
0.6478818897637795
11
0.5896220078740158
21
0.6478818897637795
0
LINE
8
BLACK
6
CONTINUOUS
10
0.5896220078740158
20
0.6478818897637795
11
0.5896220078740158
21
0.688817874015748
0
LINE
8
BLACK
6
CONTINUOUS
10
0.5896220078740158
20
0.688817874015748
11
0.5896220078740158
21
0.6888180708661417
0
LINE
8
BLACK
6
CONTINUOUS
10
0.5896220078740158
20
0.6888180708661417
11
0.5892794488188976
21
0.6905403543307086
0
LINE
8
BLACK
6
CONTINUOUS
10
0.5892794488188976
20
0.6905403543307086
11
0.5879741732283464
21
0.6924938582677165
0
LINE
8
BLACK
6
CONTINUOUS
10
0.5879741732283464
20
0.6924938582677165
11
0.5879741338582677
21
0.6924938976377952
0
LINE
8
BLACK
6
CONTINUOUS
10
0.5879741338582677
20
0.6924938976377952
11
0.5860207480314961
21
0.693799094488189
0
LINE
8
BLACK
6
CONTINUOUS
10
0.5860207480314961
20
0.693799094488189
11
0.5842981496062992
21
0.6941417322834645
0
LINE
8
BLACK
6
CONTINUOUS
10
0.5842981496062992
20
0.6941417322834645
11
0.5689527559055118
21
0.6941417322834645
0
LINE
8
BLACK
6
CONTINUOUS
10
0.5689527559055118
20
0.6941417322834645
11
0.5689527559055118
21
0.6882362204724409
0
LINE
8
BLACK
6
CONTINUOUS
10
1.8209212598425197
20
0.6882362204724409
11
1.8356850393700788
21
0.6882362204724409
0
LINE
8
BLACK
6
CONTINUOUS
10
1.8356850393700788
20
0.6882362204724409
11
1.8356850393700788
21
0.6478818897637795
0
LINE
8
BLACK
6
CONTINUOUS
10
1.8356850393700788
20
0.6478818897637795
11
1.8415905118110236
21
0.6478818897637795
0
LINE
8
BLACK
6
CONTINUOUS
10
1.8415905118110236
20
0.6478818897637795
11
1.8415905118110236
21
0.6888180708661417
0
LINE
8
BLACK
6
CONTINUOUS
10
1.8415905118110236
20
0.6888180708661417
11
1.8412479527559054
21
0.6905403543307086
0
LINE
8
BLACK
6
CONTINUOUS
10
1.8412479527559054
20
0.6905403543307086
11
1.8399426771653542
21
0.6924938582677165
0
LINE
8
BLACK
6
CONTINUOUS
10
1.8399426771653542
20
0.6924938582677165
11
1.8399426377952754
21
0.6924938976377952
0
LINE
8
BLACK
6
CONTINUOUS
10
1.8399426377952754
20
0.6924938976377952
11
1.8379892519685039
21
0.693799094488189
0
LINE
8
BLACK
6
CONTINUOUS
10
1.8379892519685039
20
0.693799094488189
11
1.836266653543307
21
0.6941417322834645
0
LINE
8
BLACK
6
CONTINUOUS
10
1.836266653543307
20
0.6941417322834645
11
1.8209212598425197
21
0.6941417322834645
0
LINE
8
BLACK
6
CONTINUOUS
10
1.8209212598425197
20
0.6941417322834645
11
1.8209212598425197
21
0.6882362204724409
0
LINE
8
BLACK
6
CONTINUOUS
10
0.5837165354330709
20
0.7748503937007873
11
0.5689527559055118
21
0.7748503937007873
0
LINE
8
BLACK
6
CONTINUOUS
10
0.5689527559055118
20
0.7748503937007873
11
0.5689527559055118
21
0.7689449212598425
0
LINE
8
BLACK
6
CONTINUOUS
10
0.5689527559055118
20
0.7689449212598425
11
0.5842983858267716
21
0.7689449212598425
0
LINE
8
BLACK
6
CONTINUOUS
10
0.5842983858267716
20
0.7689449212598425
11
0.5860206299212598
21
0.7692874803149606
0
LINE
8
BLACK
6
CONTINUOUS
10
0.5860206299212598
20
0.7692874803149606
11
0.5879741338582677
21
0.7705927559055118
0
LINE
8
BLACK
6
CONTINUOUS
10
0.5879741338582677
20
0.7705927559055118
11
0.5879741732283464
21
0.7705927952755905
0
LINE
8
BLACK
6
CONTINUOUS
10
0.5879741732283464
20
0.7705927952755905
11
0.5892793700787401
21
0.7725461811023622
0
LINE
8
BLACK
6
CONTINUOUS
10
0.5892793700787401
20
0.7725461811023622
11
0.5896220078740158
21
0.7742685826771654
0
LINE
8
BLACK
6
CONTINUOUS
10
0.5896220078740158
20
0.7742685826771654
11
0.5896220472440945
21
0.774268779527559
0
LINE
8
BLACK
6
CONTINUOUS
10
0.5896220472440945
20
0.774268779527559
11
0.5896220472440945
21
0.8447322834645669
0
LINE
8
BLACK
6
CONTINUOUS
10
0.5896220472440945
20
0.8447322834645669
11
0.5837165354330709
21
0.8447322834645669
0
LINE
8
BLACK
6
CONTINUOUS
10
0.5837165354330709
20
0.8447322834645669
11
0.5837165354330709
21
0.7748503937007873
0
LINE
8
BLACK
6
CONTINUOUS
10
1.8356850393700788
20
0.7748503937007873
11
1.8209212598425197
21
0.7748503937007873
0
LINE
8
BLACK
6
CONTINUOUS
10
1.8209212598425197
20
0.7748503937007873
11
1.8209212598425197
21
0.7689449212598425
0
LINE
8
BLACK
6
CONTINUOUS
10
1.8209212598425197
20
0.7689449212598425
11
1.8362668897637795
21
0.7689449212598425
0
LINE
8
BLACK
6
CONTINUOUS
10
1.8362668897637795
20
0.7689449212598425
11
1.8379891338582677
21
0.7692874803149606
0
LINE
8
BLACK
6
CONTINUOUS
10
1.8379891338582677
20
0.7692874803149606
11
1.8399426377952754
21
0.7705927559055118
0
LINE
8
BLACK
6
CONTINUOUS
10
1.8399426377952754
20
0.7705927559055118
11
1.8399426771653542
21
0.7705927952755905
0
LINE
8
BLACK
6
CONTINUOUS
10
1.8399426771653542
20
0.7705927952755905
11
1.8412478740157481
21
0.7725461811023622
0
LINE
8
BLACK
6
CONTINUOUS
10
1.8412478740157481
20
0.7725461811023622
11
1.8415905511811024
21
0.774268779527559
0
LINE
8
BLACK
6
CONTINUOUS
10
1.8415905511811024
20
0.774268779527559
11
1.8415905511811024
21
0.8447322834645669
0
LINE
8
BLACK
6
CONTINUOUS
10
1.8415905511811024
20
0.8447322834645669
11
1.8356850393700788
21
0.8447322834645669
0
LINE
8
BLACK
6
CONTINUOUS
10
1.8356850393700788
20
0.8447322834645669
11
1.8356850393700788
21
0.7748503937007873
0
LINE
8
BLACK
6
CONTINUOUS
10
0.5689527559055118
20
0.9244566929133858
11
0.5837165354330709
21
0.9244566929133858
0
LINE
8
BLACK
6
CONTINUOUS
10
0.5837165354330709
20
0.9244566929133858
11
0.5837165354330709
21
0.8545748031496063
0
LINE
8
BLACK
6
CONTINUOUS
10
0.5837165354330709
20
0.8545748031496063
11
0.5896220078740158
21
0.8545748031496063
0
LINE
8
BLACK
6
CONTINUOUS
10
0.5896220078740158
20
0.8545748031496063
11
0.5896220078740158
21
0.9250383464566929
0
LINE
8
BLACK
6
CONTINUOUS
10
0.5896220078740158
20
0.9250383464566929
11
0.5896220078740158
21
0.9250385433070866
0
LINE
8
BLACK
6
CONTINUOUS
10
0.5896220078740158
20
0.9250385433070866
11
0.5892794488188976
21
0.9267608267716535
0
LINE
8
BLACK
6
CONTINUOUS
10
0.5892794488188976
20
0.9267608267716535
11
0.5879741732283464
21
0.9287143307086614
0
LINE
8
BLACK
6
CONTINUOUS
10
0.5879741732283464
20
0.9287143307086614
11
0.5879741338582677
21
0.9287143700787401
0
LINE
8
BLACK
6
CONTINUOUS
10
0.5879741338582677
20
0.9287143700787401
11
0.5860207480314961
21
0.9300195669291338
0
LINE
8
BLACK
6
CONTINUOUS
10
0.5860207480314961
20
0.9300195669291338
11
0.5842981496062992
21
0.9303622047244094
0
LINE
8
BLACK
6
CONTINUOUS
10
0.5842981496062992
20
0.9303622047244094
11
0.5689527559055118
21
0.9303622047244094
0
LINE
8
BLACK
6
CONTINUOUS
10
0.5689527559055118
20
0.9303622047244094
11
0.5689527559055118
21
0.9244566929133858
0
LINE
8
BLACK
6
CONTINUOUS
10
1.8209212598425197
20
0.9244566929133858
11
1.8356850393700788
21
0.9244566929133858
0
LINE
8
BLACK
6
CONTINUOUS
10
1.8356850393700788
20
0.9244566929133858
11
1.8356850393700788
21
0.8545748031496063
0
LINE
8
BLACK
6
CONTINUOUS
10
1.8356850393700788
20
0.8545748031496063
11
1.8415905118110236
21
0.8545748031496063
0
LINE
8
BLACK
6
CONTINUOUS
10
1.8415905118110236
20
0.8545748031496063
11
1.8415905118110236
21
0.9250385433070866
0
LINE
8
BLACK
6
CONTINUOUS
10
1.8415905118110236
20
0.9250385433070866
11
1.8412479527559054
21
0.9267608267716535
0
LINE
8
BLACK
6
CONTINUOUS
10
1.8412479527559054
20
0.9267608267716535
11
1.8399426771653542
21
0.9287143307086614
0
LINE
8
BLACK
6
CONTINUOUS
10
1.8399426771653542
20
0.9287143307086614
11
1.8399426377952754
21
0.9287143700787401
0
LINE
8
BLACK
6
CONTINUOUS
10
1.8399426377952754
20
0.9287143700787401
11
1.8379892519685039
21
0.9300195669291338
0
LINE
8
BLACK
6
CONTINUOUS
10
1.8379892519685039
20
0.9300195669291338
11
1.836266653543307
21
0.9303622047244094
0
LINE
8
BLACK
6
CONTINUOUS
10
1.836266653543307
20
0.9303622047244094
11
1.8209212598425197
21
0.9303622047244094
0
LINE
8
BLACK
6
CONTINUOUS
10
1.8209212598425197
20
0.9303622047244094
11
1.8209212598425197
21
0.9244566929133858
0
LINE
8
BLACK
6
CONTINUOUS
10
0.5837165354330709
20
1.0110708661417322
11
0.5689527559055118
21
1.0110708661417322
0
LINE
8
BLACK
6
CONTINUOUS
10
0.5689527559055118
20
1.0110708661417322
11
0.5689527559055118
21
1.0051653937007874
0
LINE
8
BLACK
6
CONTINUOUS
10
0.5689527559055118
20
1.0051653937007874
11
0.5842983858267716
21
1.0051653937007874
0
LINE
8
BLACK
6
CONTINUOUS
10
0.5842983858267716
20
1.0051653937007874
11
0.5860206299212598
21
1.0055079527559054
0
LINE
8
BLACK
6
CONTINUOUS
10
0.5860206299212598
20
1.0055079527559054
11
0.5879741338582677
21
1.0068132283464566
0
LINE
8
BLACK
6
CONTINUOUS
10
0.5879741338582677
20
1.0068132283464566
11
0.5879741732283464
21
1.0068132677165353
0
LINE
8
BLACK
6
CONTINUOUS
10
0.5879741732283464
20
1.0068132677165353
11
0.5892793700787401
21
1.0087666535433071
0
LINE
8
BLACK
6
CONTINUOUS
10
0.5892793700787401
20
1.0087666535433071
11
0.5896220078740158
21
1.0104890551181103
0
LINE
8
BLACK
6
CONTINUOUS
10
0.5896220078740158
20
1.0104890551181103
11
0.5896220472440945
21
1.0104892519685038
0
LINE
8
BLACK
6
CONTINUOUS
10
0.5896220472440945
20
1.0104892519685038
11
0.5896220472440945
21
1.0809527559055119
0
LINE
8
BLACK
6
CONTINUOUS
10
0.5896220472440945
20
1.0809527559055119
11
0.5837165354330709
21
1.0809527559055119
0
LINE
8
BLACK
6
CONTINUOUS
10
0.5837165354330709
20
1.0809527559055119
11
0.5837165354330709
21
1.0110708661417322
0
LINE
8
BLACK
6
CONTINUOUS
10
1.8356850393700788
20
1.0110708661417322
11
1.8209212598425197
21
1.0110708661417322
0
LINE
8
BLACK
6
CONTINUOUS
10
1.8209212598425197
20
1.0110708661417322
11
1.8209212598425197
21
1.0051653937007874
0
LINE
8
BLACK
6
CONTINUOUS
10
1.8209212598425197
20
1.0051653937007874
11
1.8362668897637795
21
1.0051653937007874
0
LINE
8
BLACK
6
CONTINUOUS
10
1.8362668897637795
20
1.0051653937007874
11
1.8379891338582677
21
1.0055079527559054
0
LINE
8
BLACK
6
CONTINUOUS
10
1.8379891338582677
20
1.0055079527559054
11
1.8399426377952754
21
1.0068132283464566
0
LINE
8
BLACK
6
CONTINUOUS
10
1.8399426377952754
20
1.0068132283464566
11
1.8399426771653542
21
1.0068132677165353
0
LINE
8
BLACK
6
CONTINUOUS
10
1.8399426771653542
20
1.0068132677165353
11
1.8412478740157481
21
1.0087666535433071
0
LINE
8
BLACK
6
CONTINUOUS
10
1.8412478740157481
20
1.0087666535433071
11
1.8415905511811024
21
1.0104892519685038
0
LINE
8
BLACK
6
CONTINUOUS
10
1.8415905511811024
20
1.0104892519685038
11
1.8415905511811024
21
1.0809527559055119
0
LINE
8
BLACK
6
CONTINUOUS
10
1.8415905511811024
20
1.0809527559055119
11
1.8356850393700788
21
1.0809527559055119
0
LINE
8
BLACK
6
CONTINUOUS
10
1.8356850393700788
20
1.0809527559055119
11
1.8356850393700788
21
1.0110708661417322
0
LINE
8
BLACK
6
CONTINUOUS
10
0.5689527559055118
20
1.1606771653543306
11
0.5837165354330709
21
1.1606771653543306
0
LINE
8
BLACK
6
CONTINUOUS
10
0.5837165354330709
20
1.1606771653543306
11
0.5837165354330709
21
1.0907952755905512
0
LINE
8
BLACK
6
CONTINUOUS
10
0.5837165354330709
20
1.0907952755905512
11
0.5896220078740158
21
1.0907952755905512
0
LINE
8
BLACK
6
CONTINUOUS
10
0.5896220078740158
20
1.0907952755905512
11
0.5896220078740158
21
1.1612588188976378
0
LINE
8
BLACK
6
CONTINUOUS
10
0.5896220078740158
20
1.1612588188976378
11
0.5896220078740158
21
1.1612590157480314
0
LINE
8
BLACK
6
CONTINUOUS
10
0.5896220078740158
20
1.1612590157480314
11
0.5892794488188976
21
1.1629812992125983
0
LINE
8
BLACK
6
CONTINUOUS
10
0.5892794488188976
20
1.1629812992125983
11
0.5879741732283464
21
1.1649348031496063
0
LINE
8
BLACK
6
CONTINUOUS
10
0.5879741732283464
20
1.1649348031496063
11
0.5879741338582677
21
1.164934842519685
0
LINE
8
BLACK
6
CONTINUOUS
10
0.5879741338582677
20
1.164934842519685
11
0.5860207480314961
21
1.1662400393700787
0
LINE
8
BLACK
6
CONTINUOUS
10
0.5860207480314961
20
1.1662400393700787
11
0.5842981496062992
21
1.1665826771653542
0
LINE
8
BLACK
6
CONTINUOUS
10
0.5842981496062992
20
1.1665826771653542
11
0.5689527559055118
21
1.1665826771653542
0
LINE
8
BLACK
6
CONTINUOUS
10
0.5689527559055118
20
1.1665826771653542
11
0.5689527559055118
21
1.1606771653543306
0
LINE
8
BLACK
6
CONTINUOUS
10
1.8209212598425197
20
1.1606771653543306
11
1.8356850393700788
21
1.1606771653543306
0
LINE
8
BLACK
6
CONTINUOUS
10
1.8356850393700788
20
1.1606771653543306
11
1.8356850393700788
21
1.0907952755905512
0
LINE
8
BLACK
6
CONTINUOUS
10
1.8356850393700788
20
1.0907952755905512
11
1.8415905118110236
21
1.0907952755905512
0
LINE
8
BLACK
6
CONTINUOUS
10
1.8415905118110236
20
1.0907952755905512
11
1.8415905118110236
21
1.1612590157480314
0
LINE
8
BLACK
6
CONTINUOUS
10
1.8415905118110236
20
1.1612590157480314
11
1.8412479527559054
21
1.1629812992125983
0
LINE
8
BLACK
6
CONTINUOUS
10
1.8412479527559054
20
1.1629812992125983
11
1.8399426771653542
21
1.1649348031496063
0
LINE
8
BLACK
6
CONTINUOUS
10
1.8399426771653542
20
1.1649348031496063
11
1.8399426377952754
21
1.164934842519685
0
LINE
8
BLACK
6
CONTINUOUS
10
1.8399426377952754
20
1.164934842519685
11
1.8379892519685039
21
1.1662400393700787
0
LINE
8
BLACK
6
CONTINUOUS
10
1.8379892519685039
20
1.1662400393700787
11
1.836266653543307
21
1.1665826771653542
0
LINE
8
BLACK
6
CONTINUOUS
10
1.836266653543307
20
1.1665826771653542
11
1.8209212598425197
21
1.1665826771653542
0
LINE
8
BLACK
6
CONTINUOUS
10
1.8209212598425197
20
1.1665826771653542
11
1.8209212598425197
21
1.1606771653543306
0
LINE
8
BLACK
6
CONTINUOUS
10
0.5837165354330709
20
1.2472913385826772
11
0.5689527559055118
21
1.2472913385826772
0
LINE
8
BLACK
6
CONTINUOUS
10
0.5689527559055118
20
1.2472913385826772
11
0.5689527559055118
21
1.2413858661417323
0
LINE
8
BLACK
6
CONTINUOUS
10
0.5689527559055118
20
1.2413858661417323
11
0.5842983858267716
21
1.2413858661417323
0
LINE
8
BLACK
6
CONTINUOUS
10
0.5842983858267716
20
1.2413858661417323
11
0.5860206299212598
21
1.2417284251968503
0
LINE
8
BLACK
6
CONTINUOUS
10
0.5860206299212598
20
1.2417284251968503
11
0.5879741338582677
21
1.2430337007874015
0
LINE
8
BLACK
6
CONTINUOUS
10
0.5879741338582677
20
1.2430337007874015
11
0.5879741732283464
21
1.2430337401574802
0
LINE
8
BLACK
6
CONTINUOUS
10
0.5879741732283464
20
1.2430337401574802
11
0.5892793700787401
21
1.244987125984252
0
LINE
8
BLACK
6
CONTINUOUS
10
0.5892793700787401
20
1.244987125984252
11
0.5896220078740158
21
1.2467095275590552
0
LINE
8
BLACK
6
CONTINUOUS
10
0.5896220078740158
20
1.2467095275590552
11
0.5896220472440945
21
1.2467097244094487
0
LINE
8
BLACK
6
CONTINUOUS
10
0.5896220472440945
20
1.2467097244094487
11
0.5896220472440945
21
1.3171732283464566
0
LINE
8
BLACK
6
CONTINUOUS
10
0.5896220472440945
20
1.3171732283464566
11
0.5837165354330709
21
1.3171732283464566
0
LINE
8
BLACK
6
CONTINUOUS
10
0.5837165354330709
20
1.3171732283464566
11
0.5837165354330709
21
1.2472913385826772
0
LINE
8
BLACK
6
CONTINUOUS
10
1.8356850393700788
20
1.2472913385826772
11
1.8209212598425197
21
1.2472913385826772
0
LINE
8
BLACK
6
CONTINUOUS
10
1.8209212598425197
20
1.2472913385826772
11
1.8209212598425197
21
1.2413858661417323
0
LINE
8
BLACK
6
CONTINUOUS
10
1.8209212598425197
20
1.2413858661417323
11
1.8362668897637795
21
1.2413858661417323
0
LINE
8
BLACK
6
CONTINUOUS
10
1.8362668897637795
20
1.2413858661417323
11
1.8379891338582677
21
1.2417284251968503
0
LINE
8
BLACK
6
CONTINUOUS
10
1.8379891338582677
20
1.2417284251968503
11
1.8399426377952754
21
1.2430337007874015
0
LINE
8
BLACK
6
CONTINUOUS
10
1.8399426377952754
20
1.2430337007874015
11
1.8399426771653542
21
1.2430337401574802
0
LINE
8
BLACK
6
CONTINUOUS
10
1.8399426771653542
20
1.2430337401574802
11
1.8412478740157481
21
1.244987125984252
0
LINE
8
BLACK
6
CONTINUOUS
10
1.8412478740157481
20
1.244987125984252
11
1.8415905511811024
21
1.2467097244094487
0
LINE
8
BLACK
6
CONTINUOUS
10
1.8415905511811024
20
1.2467097244094487
11
1.8415905511811024
21
1.3171732283464566
0
LINE
8
BLACK
6
CONTINUOUS
10
1.8415905511811024
20
1.3171732283464566
11
1.8356850393700788
21
1.3171732283464566
0
LINE
8
BLACK
6
CONTINUOUS
10
1.8356850393700788
20
1.3171732283464566
11
1.8356850393700788
21
1.2472913385826772
0
LINE
8
BLACK
6
CONTINUOUS
10
0.5689527559055118
20
1.3968976377952755
11
0.5837165354330709
21
1.3968976377952755
0
LINE
8
BLACK
6
CONTINUOUS
10
0.5837165354330709
20
1.3968976377952755
11
0.5837165354330709
21
1.3270157480314961
0
LINE
8
BLACK
6
CONTINUOUS
10
0.5837165354330709
20
1.3270157480314961
11
0.5896220078740158
21
1.3270157480314961
0
LINE
8
BLACK
6
CONTINUOUS
10
0.5896220078740158
20
1.3270157480314961
11
0.5896220078740158
21
1.3974792913385827
0
LINE
8
BLACK
6
CONTINUOUS
10
0.5896220078740158
20
1.3974792913385827
11
0.5896220078740158
21
1.3974794881889763
0
LINE
8
BLACK
6
CONTINUOUS
10
0.5896220078740158
20
1.3974794881889763
11
0.5892794488188976
21
1.3992017716535432
0
LINE
8
BLACK
6
CONTINUOUS
10
0.5892794488188976
20
1.3992017716535432
11
0.5879741732283464
21
1.4011552755905512
0
LINE
8
BLACK
6
CONTINUOUS
10
0.5879741732283464
20
1.4011552755905512
11
0.5879741338582677
21
1.4011553149606299
0
LINE
8
BLACK
6
CONTINUOUS
10
0.5879741338582677
20
1.4011553149606299
11
0.5860207480314961
21
1.4024605118110236
0
LINE
8
BLACK
6
CONTINUOUS
10
0.5860207480314961
20
1.4024605118110236
11
0.5842981496062992
21
1.4028031496062991
0
LINE
8
BLACK
6
CONTINUOUS
10
0.5842981496062992
20
1.4028031496062991
11
0.5689527559055118
21
1.4028031496062991
0
LINE
8
BLACK
6
CONTINUOUS
10
0.5689527559055118
20
1.4028031496062991
11
0.5689527559055118
21
1.3968976377952755
0
LINE
8
BLACK
6
CONTINUOUS
10
1.8209212598425197
20
1.3968976377952755
11
1.8356850393700788
21
1.3968976377952755
0
LINE
8
BLACK
6
CONTINUOUS
10
1.8356850393700788
20
1.3968976377952755
11
1.8356850393700788
21
1.3270157480314961
0
LINE
8
BLACK
6
CONTINUOUS
10
1.8356850393700788
20
1.3270157480314961
11
1.8415905118110236
21
1.3270157480314961
0
LINE
8
BLACK
6
CONTINUOUS
10
1.8415905118110236
20
1.3270157480314961
11
1.8415905118110236
21
1.3974794881889763
0
LINE
8
BLACK
6
CONTINUOUS
10
1.8415905118110236
20
1.3974794881889763
11
1.8412479527559054
21
1.3992017716535432
0
LINE
8
BLACK
6
CONTINUOUS
10
1.8412479527559054
20
1.3992017716535432
11
1.8399426771653542
21
1.4011552755905512
0
LINE
8
BLACK
6
CONTINUOUS
10
1.8399426771653542
20
1.4011552755905512
11
1.8399426377952754
21
1.4011553149606299
0
LINE
8
BLACK
6
CONTINUOUS
10
1.8399426377952754
20
1.4011553149606299
11
1.8379892519685039
21
1.4024605118110236
0
LINE
8
BLACK
6
CONTINUOUS
10
1.8379892519685039
20
1.4024605118110236
11
1.836266653543307
21
1.4028031496062991
0
LINE
8
BLACK
6
CONTINUOUS
10
1.836266653543307
20
1.4028031496062991
11
1.8209212598425197
21
1.4028031496062991
0
LINE
8
BLACK
6
CONTINUOUS
10
1.8209212598425197
20
1.4028031496062991
11
1.8209212598425197
21
1.3968976377952755
0
LINE
8
BLACK
6
CONTINUOUS
10
0.5837165354330709
20
1.4835118110236221
11
0.5689527559055118
21
1.4835118110236221
0
LINE
8
BLACK
6
CONTINUOUS
10
0.5689527559055118
20
1.4835118110236221
11
0.5689527559055118
21
1.4776063385826772
0
LINE
8
BLACK
6
CONTINUOUS
10
0.5689527559055118
20
1.4776063385826772
11
0.5842983858267716
21
1.4776063385826772
0
LINE
8
BLACK
6
CONTINUOUS
10
0.5842983858267716
20
1.4776063385826772
11
0.5860206299212598
21
1.4779488976377952
0
LINE
8
BLACK
6
CONTINUOUS
10
0.5860206299212598
20
1.4779488976377952
11
0.5879741338582677
21
1.4792541732283464
0
LINE
8
BLACK
6
CONTINUOUS
10
0.5879741338582677
20
1.4792541732283464
11
0.5879741732283464
21
1.4792542125984252
0
LINE
8
BLACK
6
CONTINUOUS
10
0.5879741732283464
20
1.4792542125984252
11
0.5892793700787401
21
1.4812075984251969
0
LINE
8
BLACK
6
CONTINUOUS
10
0.5892793700787401
20
1.4812075984251969
11
0.5896220078740158
21
1.4829299999999999
0
LINE
8
BLACK
6
CONTINUOUS
10
0.5896220078740158
20
1.4829299999999999
11
0.5896220472440945
21
1.4829301968503936
0
LINE
8
BLACK
6
CONTINUOUS
10
0.5896220472440945
20
1.4829301968503936
11
0.5896220472440945
21
1.5533937007874015
0
LINE
8
BLACK
6
CONTINUOUS
10
0.5896220472440945
20
1.5533937007874015
11
0.5837165354330709
21
1.5533937007874015
0
LINE
8
BLACK
6
CONTINUOUS
10
0.5837165354330709
20
1.5533937007874015
11
0.5837165354330709
21
1.4835118110236221
0
LINE
8
BLACK
6
CONTINUOUS
10
1.8356850393700788
20
1.4835118110236221
11
1.8209212598425197
21
1.4835118110236221
0
LINE
8
BLACK
6
CONTINUOUS
10
1.8209212598425197
20
1.4835118110236221
11
1.8209212598425197
21
1.4776063385826772
0
LINE
8
BLACK
6
CONTINUOUS
10
1.8209212598425197
20
1.4776063385826772
11
1.8362668897637795
21
1.4776063385826772
0
LINE
8
BLACK
6
CONTINUOUS
10
1.8362668897637795
20
1.4776063385826772
11
1.8379891338582677
21
1.4779488976377952
0
LINE
8
BLACK
6
CONTINUOUS
10
1.8379891338582677
20
1.4779488976377952
11
1.8399426377952754
21
1.4792541732283464
0
LINE
8
BLACK
6
CONTINUOUS
10
1.8399426377952754
20
1.4792541732283464
11
1.8399426771653542
21
1.4792542125984252
0
LINE
8
BLACK
6
CONTINUOUS
10
1.8399426771653542
20
1.4792542125984252
11
1.8412478740157481
21
1.4812075984251969
0
LINE
8
BLACK
6
CONTINUOUS
10
1.8412478740157481
20
1.4812075984251969
11
1.8415905511811024
21
1.4829301968503936
0
LINE
8
BLACK
6
CONTINUOUS
10
1.8415905511811024
20
1.4829301968503936
11
1.8415905511811024
21
1.5533937007874015
0
LINE
8
BLACK
6
CONTINUOUS
10
1.8415905511811024
20
1.5533937007874015
11
1.8356850393700788
21
1.5533937007874015
0
LINE
8
BLACK
6
CONTINUOUS
10
1.8356850393700788
20
1.5533937007874015
11
1.8356850393700788
21
1.4835118110236221
0
LINE
8
BLACK
6
CONTINUOUS
10
0.5689527559055118
20
1.6331181102362204
11
0.5837165354330709
21
1.6331181102362204
0
LINE
8
BLACK
6
CONTINUOUS
10
0.5837165354330709
20
1.6331181102362204
11
0.5837165354330709
21
1.5632362204724408
0
LINE
8
BLACK
6
CONTINUOUS
10
0.5837165354330709
20
1.5632362204724408
11
0.5896220078740158
21
1.5632362204724408
0
LINE
8
BLACK
6
CONTINUOUS
10
0.5896220078740158
20
1.5632362204724408
11
0.5896220078740158
21
1.6336997637795274
0
LINE
8
BLACK
6
CONTINUOUS
10
0.5896220078740158
20
1.6336997637795274
11
0.5896220078740158
21
1.6336999606299212
0
LINE
8
BLACK
6
CONTINUOUS
10
0.5896220078740158
20
1.6336999606299212
11
0.5892794488188976
21
1.6354222440944881
0
LINE
8
BLACK
6
CONTINUOUS
10
0.5892794488188976
20
1.6354222440944881
11
0.5879741732283464
21
1.6373757480314961
0
LINE
8
BLACK
6
CONTINUOUS
10
0.5879741732283464
20
1.6373757480314961
11
0.5879741338582677
21
1.6373757874015749
0
LINE
8
BLACK
6
CONTINUOUS
10
0.5879741338582677
20
1.6373757874015749
11
0.5860207480314961
21
1.6386809842519685
0
LINE
8
BLACK
6
CONTINUOUS
10
0.5860207480314961
20
1.6386809842519685
11
0.5842981496062992
21
1.6390236220472441
0
LINE
8
BLACK
6
CONTINUOUS
10
0.5842981496062992
20
1.6390236220472441
11
0.5689527559055118
21
1.6390236220472441
0
LINE
8
BLACK
6
CONTINUOUS
10
0.5689527559055118
20
1.6390236220472441
11
0.5689527559055118
21
1.6331181102362204
0
LINE
8
BLACK
6
CONTINUOUS
10
1.8209212598425197
20
1.6331181102362204
11
1.8356850393700788
21
1.6331181102362204
0
LINE
8
BLACK
6
CONTINUOUS
10
1.8356850393700788
20
1.6331181102362204
11
1.8356850393700788
21
1.5632362204724408
0
LINE
8
BLACK
6
CONTINUOUS
10
1.8356850393700788
20
1.5632362204724408
11
1.8415905118110236
21
1.5632362204724408
0
LINE
8
BLACK
6
CONTINUOUS
10
1.8415905118110236
20
1.5632362204724408
11
1.8415905118110236
21
1.6336999606299212
0
LINE
8
BLACK
6
CONTINUOUS
10
1.8415905118110236
20
1.6336999606299212
11
1.8412479527559054
21
1.6354222440944881
0
LINE
8
BLACK
6
CONTINUOUS
10
1.8412479527559054
20
1.6354222440944881
11
1.8399426771653542
21
1.6373757480314961
0
LINE
8
BLACK
6
CONTINUOUS
10
1.8399426771653542
20
1.6373757480314961
11
1.8399426377952754
21
1.6373757874015749
0
LINE
8
BLACK
6
CONTINUOUS
10
1.8399426377952754
20
1.6373757874015749
11
1.8379892519685039
21
1.6386809842519685
0
LINE
8
BLACK
6
CONTINUOUS
10
1.8379892519685039
20
1.6386809842519685
11
1.836266653543307
21
1.6390236220472441
0
LINE
8
BLACK
6
CONTINUOUS
10
1.836266653543307
20
1.6390236220472441
11
1.8209212598425197
21
1.6390236220472441
0
LINE
8
BLACK
6
CONTINUOUS
10
1.8209212598425197
20
1.6390236220472441
11
1.8209212598425197
21
1.6331181102362204
0
LINE
8
BLACK
6
CONTINUOUS
10
0.5837165354330709
20
1.719732283464567
11
0.5689527559055118
21
1.719732283464567
0
LINE
8
BLACK
6
CONTINUOUS
10
0.5689527559055118
20
1.719732283464567
11
0.5689527559055118
21
1.7138268110236221
0
LINE
8
BLACK
6
CONTINUOUS
10
0.5689527559055118
20
1.7138268110236221
11
0.5842983858267716
21
1.7138268110236221
0
LINE
8
BLACK
6
CONTINUOUS
10
0.5842983858267716
20
1.7138268110236221
11
0.5860206299212598
21
1.7141693700787402
0
LINE
8
BLACK
6
CONTINUOUS
10
0.5860206299212598
20
1.7141693700787402
11
0.5879741338582677
21
1.7154746456692913
0
LINE
8
BLACK
6
CONTINUOUS
10
0.5879741338582677
20
1.7154746456692913
11
0.5879741732283464
21
1.7154746850393701
0
LINE
8
BLACK
6
CONTINUOUS
10
0.5879741732283464
20
1.7154746850393701
11
0.5892793700787401
21
1.7174280708661418
0
LINE
8
BLACK
6
CONTINUOUS
10
0.5892793700787401
20
1.7174280708661418
11
0.5896220078740158
21
1.7191504724409448
0
LINE
8
BLACK
6
CONTINUOUS
10
0.5896220078740158
20
1.7191504724409448
11
0.5896220472440945
21
1.7191506692913385
0
LINE
8
BLACK
6
CONTINUOUS
10
0.5896220472440945
20
1.7191506692913385
11
0.5896220472440945
21
1.7600866141732283
0
LINE
8
BLACK
6
CONTINUOUS
10
0.5896220472440945
20
1.7600866141732283
11
0.5837165354330709
21
1.7600866141732283
0
LINE
8
BLACK
6
CONTINUOUS
10
0.5837165354330709
20
1.7600866141732283
11
0.5837165354330709
21
1.719732283464567
0
LINE
8
BLACK
6
CONTINUOUS
10
1.8356850393700788
20
1.719732283464567
11
1.8209212598425197
21
1.719732283464567
0
LINE
8
BLACK
6
CONTINUOUS
10
1.8209212598425197
20
1.719732283464567
11
1.8209212598425197
21
1.7138268110236221
0
LINE
8
BLACK
6
CONTINUOUS
10
1.8209212598425197
20
1.7138268110236221
11
1.8362668897637795
21
1.7138268110236221
0
LINE
8
BLACK
6
CONTINUOUS
10
1.8362668897637795
20
1.7138268110236221
11
1.8379891338582677
21
1.7141693700787402
0
LINE
8
BLACK
6
CONTINUOUS
10
1.8379891338582677
20
1.7141693700787402
11
1.8399426377952754
21
1.7154746456692913
0
LINE
8
BLACK
6
CONTINUOUS
10
1.8399426377952754
20
1.7154746456692913
11
1.8399426771653542
21
1.7154746850393701
0
LINE
8
BLACK
6
CONTINUOUS
10
1.8399426771653542
20
1.7154746850393701
11
1.8412478740157481
21
1.7174280708661418
0
LINE
8
BLACK
6
CONTINUOUS
10
1.8412478740157481
20
1.7174280708661418
11
1.8415905511811024
21
1.7191506692913385
0
LINE
8
BLACK
6
CONTINUOUS
10
1.8415905511811024
20
1.7191506692913385
11
1.8415905511811024
21
1.7600866141732283
0
LINE
8
BLACK
6
CONTINUOUS
10
1.8415905511811024
20
1.7600866141732283
11
1.8356850393700788
21
1.7600866141732283
0
LINE
8
BLACK
6
CONTINUOUS
10
1.8356850393700788
20
1.7600866141732283
11
1.8356850393700788
21
1.719732283464567
0
LINE
8
BLACK
6
CONTINUOUS
10
0.6240708661417322
20
1.810283464566929
11
0.5837165354330709
21
1.810283464566929
0
LINE
8
BLACK
6
CONTINUOUS
10
0.5837165354330709
20
1.810283464566929
11
0.5837165354330709
21
1.7699291338582677
0
LINE
8
BLACK
6
CONTINUOUS
10
0.5837165354330709
20
1.7699291338582677
11
0.5896220078740158
21
1.7699291338582677
0
LINE
8
BLACK
6
CONTINUOUS
10
0.5896220078740158
20
1.7699291338582677
11
0.5896220078740158
21
1.8014646062992126
0
LINE
8
BLACK
6
CONTINUOUS
10
0.5896220078740158
20
1.8014646062992126
11
0.5904753149606299
21
1.80352468503937
0
LINE
8
BLACK
6
CONTINUOUS
10
0.5904753149606299
20
1.80352468503937
11
0.5925353937007873
21
1.8043779921259842
0
LINE
8
BLACK
6
CONTINUOUS
10
0.5925353937007873
20
1.8043779921259842
11
0.6240708661417322
21
1.8043779921259842
0
LINE
8
BLACK
6
CONTINUOUS
10
0.6240708661417322
20
1.8043779921259842
11
0.6240708661417322
21
1.810283464566929
0
LINE
8
BLACK
6
CONTINUOUS
10
1.8356850393700788
20
1.810283464566929
11
1.8356850393700788
21
1.7699291338582677
0
LINE
8
BLACK
6
CONTINUOUS
10
1.8356850393700788
20
1.7699291338582677
11
1.8415905118110236
21
1.7699291338582677
0
LINE
8
BLACK
6
CONTINUOUS
10
1.8415905118110236
20
1.7699291338582677
11
1.8415905118110236
21
1.8095227952755906
0
LINE
8
BLACK
6
CONTINUOUS
10
1.8415905118110236
20
1.8095227952755906
11
1.8415905511811024
21
1.8095234645669291
0
LINE
8
BLACK
6
CONTINUOUS
10
1.8415905511811024
20
1.8095234645669291
11
1.8415905511811024
21
1.825047244094488
0
LINE
8
BLACK
6
CONTINUOUS
10
1.8415905511811024
20
1.825047244094488
11
1.8356850393700788
21
1.825047244094488
0
LINE
8
BLACK
6
CONTINUOUS
10
1.8356850393700788
20
1.825047244094488
11
1.8356850393700788
21
1.810283464566929
0
LINE
8
BLACK
6
CONTINUOUS
10
1.6191496062992126
20
1.810283464566929
11
1.5492677165354329
21
1.810283464566929
0
LINE
8
BLACK
6
CONTINUOUS
10
1.5492677165354329
20
1.810283464566929
11
1.5492677165354329
21
1.8043779921259842
0
LINE
8
BLACK
6
CONTINUOUS
10
1.5492677165354329
20
1.8043779921259842
11
1.6197314566929133
21
1.8043779921259842
0
LINE
8
BLACK
6
CONTINUOUS
10
1.6197314566929133
20
1.8043779921259842
11
1.6214537007874015
21
1.8047205511811024
0
LINE
8
BLACK
6
CONTINUOUS
10
1.6214537007874015
20
1.8047205511811024
11
1.6234072047244095
21
1.8060258267716536
0
LINE
8
BLACK
6
CONTINUOUS
10
1.6234072047244095
20
1.8060258267716536
11
1.6234072440944882
21
1.8060258661417323
0
LINE
8
BLACK
6
CONTINUOUS
10
1.6234072440944882
20
1.8060258661417323
11
1.6247124409448819
21
1.8079792519685038
0
LINE
8
BLACK
6
CONTINUOUS
10
1.6247124409448819
20
1.8079792519685038
11
1.6250550787401574
21
1.809701653543307
0
LINE
8
BLACK
6
CONTINUOUS
10
1.6250550787401574
20
1.809701653543307
11
1.6250551181102362
21
1.8097018503937008
0
LINE
8
BLACK
6
CONTINUOUS
10
1.6250551181102362
20
1.8097018503937008
11
1.6250551181102362
21
1.825047244094488
0
LINE
8
BLACK
6
CONTINUOUS
10
1.6250551181102362
20
1.825047244094488
11
1.6191496062992126
21
1.825047244094488
0
LINE
8
BLACK
6
CONTINUOUS
10
1.6191496062992126
20
1.825047244094488
11
1.6191496062992126
21
1.810283464566929
0
LINE
8
BLACK
6
CONTINUOUS
10
0.910488188976378
20
1.810283464566929
11
0.8406062992125984
21
1.810283464566929
0
LINE
8
BLACK
6
CONTINUOUS
10
0.8406062992125984
20
1.810283464566929
11
0.8406062992125984
21
1.8043779921259842
0
LINE
8
BLACK
6
CONTINUOUS
10
0.8406062992125984
20
1.8043779921259842
11
0.9110700393700787
21
1.8043779921259842
0
LINE
8
BLACK
6
CONTINUOUS
10
0.9110700393700787
20
1.8043779921259842
11
0.9127922834645669
21
1.8047205511811024
0
LINE
8
BLACK
6
CONTINUOUS
10
0.9127922834645669
20
1.8047205511811024
11
0.9147457874015748
21
1.8060258267716536
0
LINE
8
BLACK
6
CONTINUOUS
10
0.9147457874015748
20
1.8060258267716536
11
0.9147458267716535
21
1.8060258661417323
0
LINE
8
BLACK
6
CONTINUOUS
10
0.9147458267716535
20
1.8060258661417323
11
0.9160510236220473
21
1.8079792519685038
0
LINE
8
BLACK
6
CONTINUOUS
10
0.9160510236220473
20
1.8079792519685038
11
0.9163936614173228
21
1.809701653543307
0
LINE
8
BLACK
6
CONTINUOUS
10
0.9163936614173228
20
1.809701653543307
11
0.9163937007874016
21
1.8097018503937008
0
LINE
8
BLACK
6
CONTINUOUS
10
0.9163937007874016
20
1.8097018503937008
11
0.9163937007874016
21
1.825047244094488
0
LINE
8
BLACK
6
CONTINUOUS
10
0.9163937007874016
20
1.825047244094488
11
0.910488188976378
21
1.825047244094488
0
LINE
8
BLACK
6
CONTINUOUS
10
0.910488188976378
20
1.825047244094488
11
0.910488188976378
21
1.810283464566929
0
LINE
8
BLACK
6
CONTINUOUS
10
1.1467086614173227
20
1.810283464566929
11
1.0768267716535433
21
1.810283464566929
0
LINE
8
BLACK
6
CONTINUOUS
10
1.0768267716535433
20
1.810283464566929
11
1.0768267716535433
21
1.8043779921259842
0
LINE
8
BLACK
6
CONTINUOUS
10
1.0768267716535433
20
1.8043779921259842
11
1.1472905118110237
21
1.8043779921259842
0
LINE
8
BLACK
6
CONTINUOUS
10
1.1472905118110237
20
1.8043779921259842
11
1.1490127559055119
21
1.8047205511811024
0
LINE
8
BLACK
6
CONTINUOUS
10
1.1490127559055119
20
1.8047205511811024
11
1.1509662598425197
21
1.8060258267716536
0
LINE
8
BLACK
6
CONTINUOUS
10
1.1509662598425197
20
1.8060258267716536
11
1.1509662992125984
21
1.8060258661417323
0
LINE
8
BLACK
6
CONTINUOUS
10
1.1509662992125984
20
1.8060258661417323
11
1.1522714960629921
21
1.8079792519685038
0
LINE
8
BLACK
6
CONTINUOUS
10
1.1522714960629921
20
1.8079792519685038
11
1.1526141338582676
21
1.809701653543307
0
LINE
8
BLACK
6
CONTINUOUS
10
1.1526141338582676
20
1.809701653543307
11
1.1526141732283464
21
1.8097018503937008
0
LINE
8
BLACK
6
CONTINUOUS
10
1.1526141732283464
20
1.8097018503937008
11
1.1526141732283464
21
1.825047244094488
0
LINE
8
BLACK
6
CONTINUOUS
10
1.1526141732283464
20
1.825047244094488
11
1.1467086614173227
21
1.825047244094488
0
LINE
8
BLACK
6
CONTINUOUS
10
1.1467086614173227
20
1.825047244094488
11
1.1467086614173227
21
1.810283464566929
0
LINE
8
BLACK
6
CONTINUOUS
10
1.3829291338582677
20
1.810283464566929
11
1.3130472440944883
21
1.810283464566929
0
LINE
8
BLACK
6
CONTINUOUS
10
1.3130472440944883
20
1.810283464566929
11
1.3130472440944883
21
1.8043779921259842
0
LINE
8
BLACK
6
CONTINUOUS
10
1.3130472440944883
20
1.8043779921259842
11
1.3835109842519684
21
1.8043779921259842
0
LINE
8
BLACK
6
CONTINUOUS
10
1.3835109842519684
20
1.8043779921259842
11
1.3852332283464566
21
1.8047205511811024
0
LINE
8
BLACK
6
CONTINUOUS
10
1.3852332283464566
20
1.8047205511811024
11
1.3871867322834646
21
1.8060258267716536
0
LINE
8
BLACK
6
CONTINUOUS
10
1.3871867322834646
20
1.8060258267716536
11
1.3871867716535433
21
1.8060258661417323
0
LINE
8
BLACK
6
CONTINUOUS
10
1.3871867716535433
20
1.8060258661417323
11
1.388491968503937
21
1.8079792519685038
0
LINE
8
BLACK
6
CONTINUOUS
10
1.388491968503937
20
1.8079792519685038
11
1.3888346062992125
21
1.809701653543307
0
LINE
8
BLACK
6
CONTINUOUS
10
1.3888346062992125
20
1.809701653543307
11
1.3888346456692913
21
1.8097018503937008
0
LINE
8
BLACK
6
CONTINUOUS
10
1.3888346456692913
20
1.8097018503937008
11
1.3888346456692913
21
1.825047244094488
0
LINE
8
BLACK
6
CONTINUOUS
10
1.3888346456692913
20
1.825047244094488
11
1.3829291338582677
21
1.825047244094488
0
LINE
8
BLACK
6
CONTINUOUS
10
1.3829291338582677
20
1.825047244094488
11
1.3829291338582677
21
1.810283464566929
0
LINE
8
BLACK
6
CONTINUOUS
10
0.6339133858267716
20
1.8496535433070866
11
0.674267716535433
21
1.8496535433070866
0
LINE
8
BLACK
6
CONTINUOUS
10
0.674267716535433
20
1.8496535433070866
11
0.674267716535433
21
1.8348897637795276
0
LINE
8
BLACK
6
CONTINUOUS
10
0.674267716535433
20
1.8348897637795276
11
0.6801731889763779
21
1.8348897637795276
0
LINE
8
BLACK
6
CONTINUOUS
10
0.6801731889763779
20
1.8348897637795276
11
0.6801731889763779
21
1.8502351968503936
0
LINE
8
BLACK
6
CONTINUOUS
10
0.6801731889763779
20
1.8502351968503936
11
0.6801731889763779
21
1.8502353937007874
0
LINE
8
BLACK
6
CONTINUOUS
10
0.6801731889763779
20
1.8502353937007874
11
0.6798306299212599
21
1.8519576771653543
0
LINE
8
BLACK
6
CONTINUOUS
10
0.6798306299212599
20
1.8519576771653543
11
0.6785253543307086
21
1.8539111811023621
0
LINE
8
BLACK
6
CONTINUOUS
10
0.6785253543307086
20
1.8539111811023621
11
0.67852531496063
21
1.8539112204724408
0
LINE
8
BLACK
6
CONTINUOUS
10
0.67852531496063
20
1.8539112204724408
11
0.6765719291338582
21
1.8552164173228347
0
LINE
8
BLACK
6
CONTINUOUS
10
0.6765719291338582
20
1.8552164173228347
11
0.6748493307086614
21
1.8555590551181103
0
LINE
8
BLACK
6
CONTINUOUS
10
0.6748493307086614
20
1.8555590551181103
11
0.6339133858267716
21
1.8555590551181103
0
LINE
8
BLACK
6
CONTINUOUS
10
0.6339133858267716
20
1.8555590551181103
11
0.6339133858267716
21
1.8496535433070866
0
LINE
8
BLACK
6
CONTINUOUS
10
0.8406062992125984
20
1.8496535433070866
11
0.910488188976378
21
1.8496535433070866
0
LINE
8
BLACK
6
CONTINUOUS
10
0.910488188976378
20
1.8496535433070866
11
0.910488188976378
21
1.8348897637795276
0
LINE
8
BLACK
6
CONTINUOUS
10
0.910488188976378
20
1.8348897637795276
11
0.9163936614173228
21
1.8348897637795276
0
LINE
8
BLACK
6
CONTINUOUS
10
0.9163936614173228
20
1.8348897637795276
11
0.9163936614173228
21
1.8502351968503936
0
LINE
8
BLACK
6
CONTINUOUS
10
0.9163936614173228
20
1.8502351968503936
11
0.9163936614173228
21
1.8502353937007874
0
LINE
8
BLACK
6
CONTINUOUS
10
0.9163936614173228
20
1.8502353937007874
11
0.9160511023622047
21
1.8519576771653543
0
LINE
8
BLACK
6
CONTINUOUS
10
0.9160511023622047
20
1.8519576771653543
11
0.9147458267716535
21
1.8539111811023621
0
LINE
8
BLACK
6
CONTINUOUS
10
0.9147458267716535
20
1.8539111811023621
11
0.9147457874015748
21
1.8539112204724408
0
LINE
8
BLACK
6
CONTINUOUS
10
0.9147457874015748
20
1.8539112204724408
11
0.9127924015748031
21
1.8552164173228347
0
LINE
8
BLACK
6
CONTINUOUS
10
0.9127924015748031
20
1.8552164173228347
11
0.9110698031496063
21
1.8555590551181103
0
LINE
8
BLACK
6
CONTINUOUS
10
0.9110698031496063
20
1.8555590551181103
11
0.8406062992125984
21
1.8555590551181103
0
LINE
8
BLACK
6
CONTINUOUS
10
0.8406062992125984
20
1.8555590551181103
11
0.8406062992125984
21
1.8496535433070866
0
LINE
8
BLACK
6
CONTINUOUS
10
1.0768267716535433
20
1.8496535433070866
11
1.1467086614173227
21
1.8496535433070866
0
LINE
8
BLACK
6
CONTINUOUS
10
1.1467086614173227
20
1.8496535433070866
11
1.1467086614173227
21
1.8348897637795276
0
LINE
8
BLACK
6
CONTINUOUS
10
1.1467086614173227
20
1.8348897637795276
11
1.1526141338582676
21
1.8348897637795276
0
LINE
8
BLACK
6
CONTINUOUS
10
1.1526141338582676
20
1.8348897637795276
11
1.1526141338582676
21
1.8502351968503936
0
LINE
8
BLACK
6
CONTINUOUS
10
1.1526141338582676
20
1.8502351968503936
11
1.1526141338582676
21
1.8502353937007874
0
LINE
8
BLACK
6
CONTINUOUS
10
1.1526141338582676
20
1.8502353937007874
11
1.1522715748031496
21
1.8519576771653543
0
LINE
8
BLACK
6
CONTINUOUS
10
1.1522715748031496
20
1.8519576771653543
11
1.1509662992125984
21
1.8539111811023621
0
LINE
8
BLACK
6
CONTINUOUS
10
1.1509662992125984
20
1.8539111811023621
11
1.1509662598425197
21
1.8539112204724408
0
LINE
8
BLACK
6
CONTINUOUS
10
1.1509662598425197
20
1.8539112204724408
11
1.1490128740157479
21
1.8552164173228347
0
LINE
8
BLACK
6
CONTINUOUS
10
1.1490128740157479
20
1.8552164173228347
11
1.1472902755905512
21
1.8555590551181103
0
LINE
8
BLACK
6
CONTINUOUS
10
1.1472902755905512
20
1.8555590551181103
11
1.0768267716535433
21
1.8555590551181103
0
LINE
8
BLACK
6
CONTINUOUS
10
1.0768267716535433
20
1.8555590551181103
11
1.0768267716535433
21
1.8496535433070866
0
LINE
8
BLACK
6
CONTINUOUS
10
1.3130472440944883
20
1.8496535433070866
11
1.3829291338582677
21
1.8496535433070866
0
LINE
8
BLACK
6
CONTINUOUS
10
1.3829291338582677
20
1.8496535433070866
11
1.3829291338582677
21
1.8348897637795276
0
LINE
8
BLACK
6
CONTINUOUS
10
1.3829291338582677
20
1.8348897637795276
11
1.3888346062992125
21
1.8348897637795276
0
LINE
8
BLACK
6
CONTINUOUS
10
1.3888346062992125
20
1.8348897637795276
11
1.3888346062992125
21
1.8502351968503936
0
LINE
8
BLACK
6
CONTINUOUS
10
1.3888346062992125
20
1.8502351968503936
11
1.3888346062992125
21
1.8502353937007874
0
LINE
8
BLACK
6
CONTINUOUS
10
1.3888346062992125
20
1.8502353937007874
11
1.3884920472440945
21
1.8519576771653543
0
LINE
8
BLACK
6
CONTINUOUS
10
1.3884920472440945
20
1.8519576771653543
11
1.3871867716535433
21
1.8539111811023621
0
LINE
8
BLACK
6
CONTINUOUS
10
1.3871867716535433
20
1.8539111811023621
11
1.3871867322834646
21
1.8539112204724408
0
LINE
8
BLACK
6
CONTINUOUS
10
1.3871867322834646
20
1.8539112204724408
11
1.3852333464566928
21
1.8552164173228347
0
LINE
8
BLACK
6
CONTINUOUS
10
1.3852333464566928
20
1.8552164173228347
11
1.3835107480314961
21
1.8555590551181103
0
LINE
8
BLACK
6
CONTINUOUS
10
1.3835107480314961
20
1.8555590551181103
11
1.3130472440944883
21
1.8555590551181103
0
LINE
8
BLACK
6
CONTINUOUS
10
1.3130472440944883
20
1.8555590551181103
11
1.3130472440944883
21
1.8496535433070866
0
LINE
8
BLACK
6
CONTINUOUS
10
1.5492677165354329
20
1.8496535433070866
11
1.6191496062992126
21
1.8496535433070866
0
LINE
8
BLACK
6
CONTINUOUS
10
1.6191496062992126
20
1.8496535433070866
11
1.6191496062992126
21
1.8348897637795276
0
LINE
8
BLACK
6
CONTINUOUS
10
1.6191496062992126
20
1.8348897637795276
11
1.6250550787401574
21
1.8348897637795276
0
LINE
8
BLACK
6
CONTINUOUS
10
1.6250550787401574
20
1.8348897637795276
11
1.6250550787401574
21
1.8502351968503936
0
LINE
8
BLACK
6
CONTINUOUS
10
1.6250550787401574
20
1.8502351968503936
11
1.6250550787401574
21
1.8502353937007874
0
LINE
8
BLACK
6
CONTINUOUS
10
1.6250550787401574
20
1.8502353937007874
11
1.6247125196850394
21
1.8519576771653543
0
LINE
8
BLACK
6
CONTINUOUS
10
1.6247125196850394
20
1.8519576771653543
11
1.6234072440944882
21
1.8539111811023621
0
LINE
8
BLACK
6
CONTINUOUS
10
1.6234072440944882
20
1.8539111811023621
11
1.6234072047244095
21
1.8539112204724408
0
LINE
8
BLACK
6
CONTINUOUS
10
1.6234072047244095
20
1.8539112204724408
11
1.6214538188976377
21
1.8552164173228347
0
LINE
8
BLACK
6
CONTINUOUS
10
1.6214538188976377
20
1.8552164173228347
11
1.619731220472441
21
1.8555590551181103
0
LINE
8
BLACK
6
CONTINUOUS
10
1.619731220472441
20
1.8555590551181103
11
1.5492677165354329
21
1.8555590551181103
0
LINE
8
BLACK
6
CONTINUOUS
10
1.5492677165354329
20
1.8555590551181103
11
1.5492677165354329
21
1.8496535433070866
0
LINE
8
BLACK
6
CONTINUOUS
10
1.8209212598425197
20
1.8496535433070866
11
1.8356850393700788
21
1.8496535433070866
0
LINE
8
BLACK
6
CONTINUOUS
10
1.8356850393700788
20
1.8496535433070866
11
1.8356850393700788
21
1.8348897637795276
0
LINE
8
BLACK
6
CONTINUOUS
10
1.8356850393700788
20
1.8348897637795276
11
1.8415905118110236
21
1.8348897637795276
0
LINE
8
BLACK
6
CONTINUOUS
10
1.8415905118110236
20
1.8348897637795276
11
1.8415905118110236
21
1.8502353937007874
0
LINE
8
BLACK
6
CONTINUOUS
10
1.8415905118110236
20
1.8502353937007874
11
1.8412479527559054
21
1.8519576771653543
0
LINE
8
BLACK
6
CONTINUOUS
10
1.8412479527559054
20
1.8519576771653543
11
1.8399426771653542
21
1.8539111811023621
0
LINE
8
BLACK
6
CONTINUOUS
10
1.8399426771653542
20
1.8539111811023621
11
1.8399426377952754
21
1.8539112204724408
0
LINE
8
BLACK
6
CONTINUOUS
10
1.8399426377952754
20
1.8539112204724408
11
1.8379892519685039
21
1.8552164173228347
0
LINE
8
BLACK
6
CONTINUOUS
10
1.8379892519685039
20
1.8552164173228347
11
1.836266653543307
21
1.8555590551181103
0
LINE
8
BLACK
6
CONTINUOUS
10
1.836266653543307
20
1.8555590551181103
11
1.8209212598425197
21
1.8555590551181103
0
LINE
8
BLACK
6
CONTINUOUS
10
1.8209212598425197
20
1.8555590551181103
11
1.8209212598425197
21
1.8496535433070866
0
LINE
8
BLACK
6
CONTINUOUS
10
0.5689527559055118
20
1.8496535433070866
11
0.5837165354330709
21
1.8496535433070866
0
LINE
8
BLACK
6
CONTINUOUS
10
0.5837165354330709
20
1.8496535433070866
11
0.6240708661417322
21
1.8496535433070866
0
LINE
8
BLACK
6
CONTINUOUS
10
0.6240708661417322
20
1.8496535433070866
11
0.6240708661417322
21
1.8555590551181103
0
LINE
8
BLACK
6
CONTINUOUS
10
0.6240708661417322
20
1.8555590551181103
11
0.5689527559055118
21
1.8555590551181103
0
LINE
8
BLACK
6
CONTINUOUS
10
0.5689527559055118
20
1.8555590551181103
11
0.5689527559055118
21
1.8496535433070866
0
LINE
8
BLACK
6
CONTINUOUS
10
1.7559606299212598
20
1.8496535433070866
11
1.7963149606299211
21
1.8496535433070866
0
LINE
8
BLACK
6
CONTINUOUS
10
1.7963149606299211
20
1.8496535433070866
11
1.8110787401574804
21
1.8496535433070866
0
LINE
8
BLACK
6
CONTINUOUS
10
1.8110787401574804
20
1.8496535433070866
11
1.8110787401574804
21
1.8555590551181103
0
LINE
8
BLACK
6
CONTINUOUS
10
1.8110787401574804
20
1.8555590551181103
11
1.7559606299212598
21
1.8555590551181103
0
LINE
8
BLACK
6
CONTINUOUS
10
1.7559606299212598
20
1.8555590551181103
11
1.7559606299212598
21
1.8496535433070866
0
LINE
8
BLACK
6
CONTINUOUS
10
0.5387835039370079
20
0.5560108661417322
11
0.5400887795275591
21
0.5540573622047243
0
LINE
8
BLACK
6
CONTINUOUS
10
0.5400887795275591
20
0.5540573622047243
11
0.5400888188976378
21
0.5540573228346457
0
LINE
8
BLACK
6
CONTINUOUS
10
0.5400888188976378
20
0.5540573228346457
11
0.5420422047244094
21
0.5527521259842519
0
LINE
8
BLACK
6
CONTINUOUS
10
0.5420422047244094
20
0.5527521259842519
11
0.5437648031496063
21
0.5524094881889764
0
LINE
8
BLACK
6
CONTINUOUS
10
0.5437648031496063
20
0.5524094881889764
11
0.5591102362204724
21
0.5524094881889764
0
LINE
8
BLACK
6
CONTINUOUS
10
0.5591102362204724
20
0.5524094881889764
11
0.5591102362204724
21
0.5583149606299213
0
LINE
8
BLACK
6
CONTINUOUS
10
0.5591102362204724
20
0.5583149606299213
11
0.5443464566929134
21
0.5583149606299213
0
LINE
8
BLACK
6
CONTINUOUS
10
0.5443464566929134
20
0.5583149606299213
11
0.5443464566929134
21
0.5730787401574803
0
LINE
8
BLACK
6
CONTINUOUS
10
0.5443464566929134
20
0.5730787401574803
11
0.5384409842519685
21
0.5730787401574803
0
LINE
8
BLACK
6
CONTINUOUS
10
0.5384409842519685
20
0.5730787401574803
11
0.5384409842519685
21
0.5577331496062992
0
LINE
8
BLACK
6
CONTINUOUS
10
0.5384409842519685
20
0.5577331496062992
11
0.5387835039370079
21
0.5560108661417322
0
LINE
8
BLACK
6
CONTINUOUS
10
0.755318937007874
20
0.5560108661417322
11
0.7566242125984252
21
0.5540573622047243
0
LINE
8
BLACK
6
CONTINUOUS
10
0.7566242125984252
20
0.5540573622047243
11
0.7566242519685039
21
0.5540573228346457
0
LINE
8
BLACK
6
CONTINUOUS
10
0.7566242519685039
20
0.5540573228346457
11
0.7585776377952755
21
0.5527521259842519
0
LINE
8
BLACK
6
CONTINUOUS
10
0.7585776377952755
20
0.5527521259842519
11
0.7603002362204724
21
0.5524094881889764
0
LINE
8
BLACK
6
CONTINUOUS
10
0.7603002362204724
20
0.5524094881889764
11
0.8307637795275591
21
0.5524094881889764
0
LINE
8
BLACK
6
CONTINUOUS
10
0.8307637795275591
20
0.5524094881889764
11
0.8307637795275591
21
0.5583149606299213
0
LINE
8
BLACK
6
CONTINUOUS
10
0.8307637795275591
20
0.5583149606299213
11
0.7608818897637795
21
0.5583149606299213
0
LINE
8
BLACK
6
CONTINUOUS
10
0.7608818897637795
20
0.5583149606299213
11
0.7608818897637795
21
0.5730787401574803
0
LINE
8
BLACK
6
CONTINUOUS
10
0.7608818897637795
20
0.5730787401574803
11
0.7549764173228346
21
0.5730787401574803
0
LINE
8
BLACK
6
CONTINUOUS
10
0.7549764173228346
20
0.5730787401574803
11
0.7549764173228346
21
0.5577331496062992
0
LINE
8
BLACK
6
CONTINUOUS
10
0.7549764173228346
20
0.5577331496062992
11
0.755318937007874
21
0.5560108661417322
0
LINE
8
BLACK
6
CONTINUOUS
10
0.9915394094488189
20
0.5560108661417322
11
0.9928446850393701
21
0.5540573622047243
0
LINE
8
BLACK
6
CONTINUOUS
10
0.9928446850393701
20
0.5540573622047243
11
0.9928447244094488
21
0.5540573228346457
0
LINE
8
BLACK
6
CONTINUOUS
10
0.9928447244094488
20
0.5540573228346457
11
0.9947981102362204
21
0.5527521259842519
0
LINE
8
BLACK
6
CONTINUOUS
10
0.9947981102362204
20
0.5527521259842519
11
0.9965207086614173
21
0.5524094881889764
0
LINE
8
BLACK
6
CONTINUOUS
10
0.9965207086614173
20
0.5524094881889764
11
1.066984251968504
21
0.5524094881889764
0
LINE
8
BLACK
6
CONTINUOUS
10
1.066984251968504
20
0.5524094881889764
11
1.066984251968504
21
0.5583149606299213
0
LINE
8
BLACK
6
CONTINUOUS
10
1.066984251968504
20
0.5583149606299213
11
0.9971023622047244
21
0.5583149606299213
0
LINE
8
BLACK
6
CONTINUOUS
10
0.9971023622047244
20
0.5583149606299213
11
0.9971023622047244
21
0.5730787401574803
0
LINE
8
BLACK
6
CONTINUOUS
10
0.9971023622047244
20
0.5730787401574803
11
0.9911968897637795
21
0.5730787401574803
0
LINE
8
BLACK
6
CONTINUOUS
10
0.9911968897637795
20
0.5730787401574803
11
0.9911968897637795
21
0.5577331496062992
0
LINE
8
BLACK
6
CONTINUOUS
10
0.9911968897637795
20
0.5577331496062992
11
0.9915394094488189
21
0.5560108661417322
0
LINE
8
BLACK
6
CONTINUOUS
10
1.2277598818897637
20
0.5560108661417322
11
1.2290651574803149
21
0.5540573622047243
0
LINE
8
BLACK
6
CONTINUOUS
10
1.2290651574803149
20
0.5540573622047243
11
1.2290651968503936
21
0.5540573228346457
0
LINE
8
BLACK
6
CONTINUOUS
10
1.2290651968503936
20
0.5540573228346457
11
1.2310185826771654
21
0.5527521259842519
0
LINE
8
BLACK
6
CONTINUOUS
10
1.2310185826771654
20
0.5527521259842519
11
1.2327411811023621
21
0.5524094881889764
0
LINE
8
BLACK
6
CONTINUOUS
10
1.2327411811023621
20
0.5524094881889764
11
1.3032047244094489
21
0.5524094881889764
0
LINE
8
BLACK
6
CONTINUOUS
10
1.3032047244094489
20
0.5524094881889764
11
1.3032047244094489
21
0.5583149606299213
0
LINE
8
BLACK
6
CONTINUOUS
10
1.3032047244094489
20
0.5583149606299213
11
1.2333228346456693
21
0.5583149606299213
0
LINE
8
BLACK
6
CONTINUOUS
10
1.2333228346456693
20
0.5583149606299213
11
1.2333228346456693
21
0.5730787401574803
0
LINE
8
BLACK
6
CONTINUOUS
10
1.2333228346456693
20
0.5730787401574803
11
1.2274173622047244
21
0.5730787401574803
0
LINE
8
BLACK
6
CONTINUOUS
10
1.2274173622047244
20
0.5730787401574803
11
1.2274173622047244
21
0.5577331496062992
0
LINE
8
BLACK
6
CONTINUOUS
10
1.2274173622047244
20
0.5577331496062992
11
1.2277598818897637
21
0.5560108661417322
0
LINE
8
BLACK
6
CONTINUOUS
10
1.4639803543307086
20
0.5560108661417322
11
1.4652856299212598
21
0.5540573622047243
0
LINE
8
BLACK
6
CONTINUOUS
10
1.4652856299212598
20
0.5540573622047243
11
1.4652856692913385
21
0.5540573228346457
0
LINE
8
BLACK
6
CONTINUOUS
10
1.4652856692913385
20
0.5540573228346457
11
1.4672390551181103
21
0.5527521259842519
0
LINE
8
BLACK
6
CONTINUOUS
10
1.4672390551181103
20
0.5527521259842519
11
1.468961653543307
21
0.5524094881889764
0
LINE
8
BLACK
6
CONTINUOUS
10
1.468961653543307
20
0.5524094881889764
11
1.5394251968503936
21
0.5524094881889764
0
LINE
8
BLACK
6
CONTINUOUS
10
1.5394251968503936
20
0.5524094881889764
11
1.5394251968503936
21
0.5583149606299213
0
LINE
8
BLACK
6
CONTINUOUS
10
1.5394251968503936
20
0.5583149606299213
11
1.4695433070866142
21
0.5583149606299213
0
LINE
8
BLACK
6
CONTINUOUS
10
1.4695433070866142
20
0.5583149606299213
11
1.4695433070866142
21
0.5730787401574803
0
LINE
8
BLACK
6
CONTINUOUS
10
1.4695433070866142
20
0.5730787401574803
11
1.4636378346456693
21
0.5730787401574803
0
LINE
8
BLACK
6
CONTINUOUS
10
1.4636378346456693
20
0.5730787401574803
11
1.4636378346456693
21
0.5577331496062992
0
LINE
8
BLACK
6
CONTINUOUS
10
1.4636378346456693
20
0.5577331496062992
11
1.4639803543307086
21
0.5560108661417322
0
LINE
8
BLACK
6
CONTINUOUS
10
1.7002008267716535
20
0.5560108661417322
11
1.7015061023622047
21
0.5540573622047243
0
LINE
8
BLACK
6
CONTINUOUS
10
1.7015061023622047
20
0.5540573622047243
11
1.7015061417322834
21
0.5540573228346457
0
LINE
8
BLACK
6
CONTINUOUS
10
1.7015061417322834
20
0.5540573228346457
11
1.7034595275590552
21
0.5527521259842519
0
LINE
8
BLACK
6
CONTINUOUS
10
1.7034595275590552
20
0.5527521259842519
11
1.7051821259842519
21
0.5524094881889764
0
LINE
8
BLACK
6
CONTINUOUS
10
1.7051821259842519
20
0.5524094881889764
11
1.7461181102362204
21
0.5524094881889764
0
LINE
8
BLACK
6
CONTINUOUS
10
1.7461181102362204
20
0.5524094881889764
11
1.7461181102362204
21
0.5583149606299213
0
LINE
8
BLACK
6
CONTINUOUS
10
1.7461181102362204
20
0.5583149606299213
11
1.7057637795275591
21
0.5583149606299213
0
LINE
8
BLACK
6
CONTINUOUS
10
1.7057637795275591
20
0.5583149606299213
11
1.7057637795275591
21
0.5730787401574803
0
LINE
8
BLACK
6
CONTINUOUS
10
1.7057637795275591
20
0.5730787401574803
11
1.6998583070866142
21
0.5730787401574803
0
LINE
8
BLACK
6
CONTINUOUS
10
1.6998583070866142
20
0.5730787401574803
11
1.6998583070866142
21
0.5577331496062992
0
LINE
8
BLACK
6
CONTINUOUS
10
1.6998583070866142
20
0.5577331496062992
11
1.7002008267716535
21
0.5560108661417322
0
LINE
8
BLACK
6
CONTINUOUS
10
0.5443464566929134
20
0.5829212598425196
11
0.5443464566929134
21
0.5976850393700788
0
LINE
8
BLACK
6
CONTINUOUS
10
0.5443464566929134
20
0.5976850393700788
11
0.5443464566929134
21
0.6380393700787401
0
LINE
8
BLACK
6
CONTINUOUS
10
0.5443464566929134
20
0.6380393700787401
11
0.5384409448818898
21
0.6380393700787401
0
LINE
8
BLACK
6
CONTINUOUS
10
0.5384409448818898
20
0.6380393700787401
11
0.5384409448818898
21
0.5829212598425196
0
LINE
8
BLACK
6
CONTINUOUS
10
0.5384409448818898
20
0.5829212598425196
11
0.5443464566929134
21
0.5829212598425196
0
LINE
8
BLACK
6
CONTINUOUS
10
0.7549763779527559
20
0.5829212598425196
11
0.7608818897637795
21
0.5829212598425196
0
LINE
8
BLACK
6
CONTINUOUS
10
0.7608818897637795
20
0.5829212598425196
11
0.7608818897637795
21
0.5976850393700788
0
LINE
8
BLACK
6
CONTINUOUS
10
0.7608818897637795
20
0.5976850393700788
11
0.8307637795275591
21
0.5976850393700788
0
LINE
8
BLACK
6
CONTINUOUS
10
0.8307637795275591
20
0.5976850393700788
11
0.8307637795275591
21
0.6035905511811024
0
LINE
8
BLACK
6
CONTINUOUS
10
0.8307637795275591
20
0.6035905511811024
11
0.7603003543307086
21
0.6035905511811024
0
LINE
8
BLACK
6
CONTINUOUS
10
0.7603003543307086
20
0.6035905511811024
11
0.7585776771653543
21
0.6032479133858267
0
LINE
8
BLACK
6
CONTINUOUS
10
0.7585776771653543
20
0.6032479133858267
11
0.7566242519685039
21
0.6019427165354331
0
LINE
8
BLACK
6
CONTINUOUS
10
0.7566242519685039
20
0.6019427165354331
11
0.7566242125984252
21
0.6019426771653543
0
LINE
8
BLACK
6
CONTINUOUS
10
0.7566242125984252
20
0.6019426771653543
11
0.7553190157480315
21
0.5999892913385827
0
LINE
8
BLACK
6
CONTINUOUS
10
0.7553190157480315
20
0.5999892913385827
11
0.7549763779527559
21
0.5982666929133859
0
LINE
8
BLACK
6
CONTINUOUS
10
0.7549763779527559
20
0.5982666929133859
11
0.7549763779527559
21
0.5829212598425196
0
LINE
8
BLACK
6
CONTINUOUS
10
0.9911968503937008
20
0.5829212598425196
11
0.9971023622047244
21
0.5829212598425196
0
LINE
8
BLACK
6
CONTINUOUS
10
0.9971023622047244
20
0.5829212598425196
11
0.9971023622047244
21
0.5976850393700788
0
LINE
8
BLACK
6
CONTINUOUS
10
0.9971023622047244
20
0.5976850393700788
11
1.066984251968504
21
0.5976850393700788
0
LINE
8
BLACK
6
CONTINUOUS
10
1.066984251968504
20
0.5976850393700788
11
1.066984251968504
21
0.6035905511811024
0
LINE
8
BLACK
6
CONTINUOUS
10
1.066984251968504
20
0.6035905511811024
11
0.9965208267716535
21
0.6035905511811024
0
LINE
8
BLACK
6
CONTINUOUS
10
0.9965208267716535
20
0.6035905511811024
11
0.9947981496062992
21
0.6032479133858267
0
LINE
8
BLACK
6
CONTINUOUS
10
0.9947981496062992
20
0.6032479133858267
11
0.9928447244094488
21
0.6019427165354331
0
LINE
8
BLACK
6
CONTINUOUS
10
0.9928447244094488
20
0.6019427165354331
11
0.9928446850393701
21
0.6019426771653543
0
LINE
8
BLACK
6
CONTINUOUS
10
0.9928446850393701
20
0.6019426771653543
11
0.9915394881889763
21
0.5999892913385827
0
LINE
8
BLACK
6
CONTINUOUS
10
0.9915394881889763
20
0.5999892913385827
11
0.9911968503937008
21
0.5982666929133859
0
LINE
8
BLACK
6
CONTINUOUS
10
0.9911968503937008
20
0.5982666929133859
11
0.9911968503937008
21
0.5829212598425196
0
LINE
8
BLACK
6
CONTINUOUS
10
1.2274173228346457
20
0.5829212598425196
11
1.2333228346456693
21
0.5829212598425196
0
LINE
8
BLACK
6
CONTINUOUS
10
1.2333228346456693
20
0.5829212598425196
11
1.2333228346456693
21
0.5976850393700788
0
LINE
8
BLACK
6
CONTINUOUS
10
1.2333228346456693
20
0.5976850393700788
11
1.3032047244094489
21
0.5976850393700788
0
LINE
8
BLACK
6
CONTINUOUS
10
1.3032047244094489
20
0.5976850393700788
11
1.3032047244094489
21
0.6035905511811024
0
LINE
8
BLACK
6
CONTINUOUS
10
1.3032047244094489
20
0.6035905511811024
11
1.2327412992125983
21
0.6035905511811024
0
LINE
8
BLACK
6
CONTINUOUS
10
1.2327412992125983
20
0.6035905511811024
11
1.2310186220472441
21
0.6032479133858267
0
LINE
8
BLACK
6
CONTINUOUS
10
1.2310186220472441
20
0.6032479133858267
11
1.2290651968503936
21
0.6019427165354331
0
LINE
8
BLACK
6
CONTINUOUS
10
1.2290651968503936
20
0.6019427165354331
11
1.2290651574803149
21
0.6019426771653543
0
LINE
8
BLACK
6
CONTINUOUS
10
1.2290651574803149
20
0.6019426771653543
11
1.2277599606299212
21
0.5999892913385827
0
LINE
8
BLACK
6
CONTINUOUS
10
1.2277599606299212
20
0.5999892913385827
11
1.2274173228346457
21
0.5982666929133859
0
LINE
8
BLACK
6
CONTINUOUS
10
1.2274173228346457
20
0.5982666929133859
11
1.2274173228346457
21
0.5829212598425196
0
LINE
8
BLACK
6
CONTINUOUS
10
1.4636377952755906
20
0.5829212598425196
11
1.4695433070866142
21
0.5829212598425196
0
LINE
8
BLACK
6
CONTINUOUS
10
1.4695433070866142
20
0.5829212598425196
11
1.4695433070866142
21
0.5976850393700788
0
LINE
8
BLACK
6
CONTINUOUS
10
1.4695433070866142
20
0.5976850393700788
11
1.5394251968503936
21
0.5976850393700788
0
LINE
8
BLACK
6
CONTINUOUS
10
1.5394251968503936
20
0.5976850393700788
11
1.5394251968503936
21
0.6035905511811024
0
LINE
8
BLACK
6
CONTINUOUS
10
1.5394251968503936
20
0.6035905511811024
11
1.4689617716535432
21
0.6035905511811024
0
LINE
8
BLACK
6
CONTINUOUS
10
1.4689617716535432
20
0.6035905511811024
11
1.467239094488189
21
0.6032479133858267
0
LINE
8
BLACK
6
CONTINUOUS
10
1.467239094488189
20
0.6032479133858267
11
1.4652856692913385
21
0.6019427165354331
0
LINE
8
BLACK
6
CONTINUOUS
10
1.4652856692913385
20
0.6019427165354331
11
1.4652856299212598
21
0.6019426771653543
0
LINE
8
BLACK
6
CONTINUOUS
10
1.4652856299212598
20
0.6019426771653543
11
1.4639804330708661
21
0.5999892913385827
0
LINE
8
BLACK
6
CONTINUOUS
10
1.4639804330708661
20
0.5999892913385827
11
1.4636377952755906
21
0.5982666929133859
0
LINE
8
BLACK
6
CONTINUOUS
10
1.4636377952755906
20
0.5982666929133859
11
1.4636377952755906
21
0.5829212598425196
0
LINE
8
BLACK
6
CONTINUOUS
10
1.6998582677165355
20
0.5829212598425196
11
1.7057637795275591
21
0.5829212598425196
0
LINE
8
BLACK
6
CONTINUOUS
10
1.7057637795275591
20
0.5829212598425196
11
1.7057637795275591
21
0.5976850393700788
0
LINE
8
BLACK
6
CONTINUOUS
10
1.7057637795275591
20
0.5976850393700788
11
1.7461181102362204
21
0.5976850393700788
0
LINE
8
BLACK
6
CONTINUOUS
10
1.7461181102362204
20
0.5976850393700788
11
1.7461181102362204
21
0.6035905511811024
0
LINE
8
BLACK
6
CONTINUOUS
10
1.7461181102362204
20
0.6035905511811024
11
1.7051822440944882
21
0.6035905511811024
0
LINE
8
BLACK
6
CONTINUOUS
10
1.7051822440944882
20
0.6035905511811024
11
1.7034595669291339
21
0.6032479133858267
0
LINE
8
BLACK
6
CONTINUOUS
10
1.7034595669291339
20
0.6032479133858267
11
1.7015061417322834
21
0.6019427165354331
0
LINE
8
BLACK
6
CONTINUOUS
10
1.7015061417322834
20
0.6019427165354331
11
1.7015061023622047
21
0.6019426771653543
0
LINE
8
BLACK
6
CONTINUOUS
10
1.7015061023622047
20
0.6019426771653543
11
1.700200905511811
21
0.5999892913385827
0
LINE
8
BLACK
6
CONTINUOUS
10
1.700200905511811
20
0.5999892913385827
11
1.6998582677165355
21
0.5982666929133859
0
LINE
8
BLACK
6
CONTINUOUS
10
1.6998582677165355
20
0.5982666929133859
11
1.6998582677165355
21
0.5829212598425196
0
LINE
8
BLACK
6
CONTINUOUS
10
1.7559606299212598
20
0.5976850393700788
11
1.7963149606299211
21
0.5976850393700788
0
LINE
8
BLACK
6
CONTINUOUS
10
1.7963149606299211
20
0.5976850393700788
11
1.7963149606299211
21
0.6380393700787401
0
LINE
8
BLACK
6
CONTINUOUS
10
1.7963149606299211
20
0.6380393700787401
11
1.7904094488188975
21
0.6380393700787401
0
LINE
8
BLACK
6
CONTINUOUS
10
1.7904094488188975
20
0.6380393700787401
11
1.7904094488188975
21
0.606503937007874
0
LINE
8
BLACK
6
CONTINUOUS
10
1.7904094488188975
20
0.606503937007874
11
1.7895561417322834
21
0.6044438582677165
0
LINE
8
BLACK
6
CONTINUOUS
10
1.7895561417322834
20
0.6044438582677165
11
1.7874960629921259
21
0.6035905511811024
0
LINE
8
BLACK
6
CONTINUOUS
10
1.7874960629921259
20
0.6035905511811024
11
1.7559606299212598
21
0.6035905511811024
0
LINE
8
BLACK
6
CONTINUOUS
10
1.7559606299212598
20
0.6035905511811024
11
1.7559606299212598
21
0.5976850393700788
0
LINE
8
BLACK
6
CONTINUOUS
10
0.5384409448818898
20
0.6478818897637795
11
0.5443464566929134
21
0.6478818897637795
0
LINE
8
BLACK
6
CONTINUOUS
10
0.5443464566929134
20
0.6478818897637795
11
0.5443464566929134
21
0.6882362204724409
0
LINE
8
BLACK
6
CONTINUOUS
10
0.5443464566929134
20
0.6882362204724409
11
0.5591102362204724
21
0.6882362204724409
0
LINE
8
BLACK
6
CONTINUOUS
10
0.5591102362204724
20
0.6882362204724409
11
0.5591102362204724
21
0.6941417322834645
0
LINE
8
BLACK
6
CONTINUOUS
10
0.5591102362204724
20
0.6941417322834645
11
0.5437649212598425
21
0.6941417322834645
0
LINE
8
BLACK
6
CONTINUOUS
10
0.5437649212598425
20
0.6941417322834645
11
0.5420422440944882
21
0.693799094488189
0
LINE
8
BLACK
6
CONTINUOUS
10
0.5420422440944882
20
0.693799094488189
11
0.5400888188976378
21
0.6924938976377952
0
LINE
8
BLACK
6
CONTINUOUS
10
0.5400888188976378
20
0.6924938976377952
11
0.5400887795275591
21
0.6924938582677165
0
LINE
8
BLACK
6
CONTINUOUS
10
0.5400887795275591
20
0.6924938582677165
11
0.5387835826771653
21
0.6905404724409449
0
LINE
8
BLACK
6
CONTINUOUS
10
0.5387835826771653
20
0.6905404724409449
11
0.5384409448818898
21
0.688817874015748
0
LINE
8
BLACK
6
CONTINUOUS
10
0.5384409448818898
20
0.688817874015748
11
0.5384409448818898
21
0.6478818897637795
0
LINE
8
BLACK
6
CONTINUOUS
10
1.7904094488188975
20
0.6478818897637795
11
1.7963149606299211
21
0.6478818897637795
0
LINE
8
BLACK
6
CONTINUOUS
10
1.7963149606299211
20
0.6478818897637795
11
1.7963149606299211
21
0.6882362204724409
0
LINE
8
BLACK
6
CONTINUOUS
10
1.7963149606299211
20
0.6882362204724409
11
1.8110787401574804
21
0.6882362204724409
0
LINE
8
BLACK
6
CONTINUOUS
10
1.8110787401574804
20
0.6882362204724409
11
1.8110787401574804
21
0.6941417322834645
0
LINE
8
BLACK
6
CONTINUOUS
10
1.8110787401574804
20
0.6941417322834645
11
1.7957334251968504
21
0.6941417322834645
0
LINE
8
BLACK
6
CONTINUOUS
10
1.7957334251968504
20
0.6941417322834645
11
1.794010748031496
21
0.693799094488189
0
LINE
8
BLACK
6
CONTINUOUS
10
1.794010748031496
20
0.693799094488189
11
1.7920573228346457
21
0.6924938976377952
0
LINE
8
BLACK
6
CONTINUOUS
10
1.7920573228346457
20
0.6924938976377952
11
1.7920572834645669
21
0.6924938582677165
0
LINE
8
BLACK
6
CONTINUOUS
10
1.7920572834645669
20
0.6924938582677165
11
1.7907520866141733
21
0.6905404724409449
0
LINE
8
BLACK
6
CONTINUOUS
10
1.7907520866141733
20
0.6905404724409449
11
1.7904094488188975
21
0.688817874015748
0
LINE
8
BLACK
6
CONTINUOUS
10
1.7904094488188975
20
0.688817874015748
11
1.7904094488188975
21
0.6478818897637795
0
LINE
8
BLACK
6
CONTINUOUS
10
0.5387835039370079
20
0.7725462992125984
11
0.5400887795275591
21
0.7705927952755905
0
LINE
8
BLACK
6
CONTINUOUS
10
0.5400887795275591
20
0.7705927952755905
11
0.5400888188976378
21
0.7705927559055118
0
LINE
8
BLACK
6
CONTINUOUS
10
0.5400888188976378
20
0.7705927559055118
11
0.5420422047244094
21
0.7692875590551181
0
LINE
8
BLACK
6
CONTINUOUS
10
0.5420422047244094
20
0.7692875590551181
11
0.5437648031496063
21
0.7689449212598425
0
LINE
8
BLACK
6
CONTINUOUS
10
0.5437648031496063
20
0.7689449212598425
11
0.5591102362204724
21
0.7689449212598425
0
LINE
8
BLACK
6
CONTINUOUS
10
0.5591102362204724
20
0.7689449212598425
11
0.5591102362204724
21
0.7748503937007873
0
LINE
8
BLACK
6
CONTINUOUS
10
0.5591102362204724
20
0.7748503937007873
11
0.5443464566929134
21
0.7748503937007873
0
LINE
8
BLACK
6
CONTINUOUS
10
0.5443464566929134
20
0.7748503937007873
11
0.5443464566929134
21
0.8447322834645669
0
LINE
8
BLACK
6
CONTINUOUS
10
0.5443464566929134
20
0.8447322834645669
11
0.5384409842519685
21
0.8447322834645669
0
LINE
8
BLACK
6
CONTINUOUS
10
0.5384409842519685
20
0.8447322834645669
11
0.5384409842519685
21
0.7742685826771654
0
LINE
8
BLACK
6
CONTINUOUS
10
0.5384409842519685
20
0.7742685826771654
11
0.5387835039370079
21
0.7725462992125984
0
LINE
8
BLACK
6
CONTINUOUS
10
1.7907520078740158
20
0.7725462992125984
11
1.7920572834645669
21
0.7705927952755905
0
LINE
8
BLACK
6
CONTINUOUS
10
1.7920572834645669
20
0.7705927952755905
11
1.7920573228346457
21
0.7705927559055118
0
LINE
8
BLACK
6
CONTINUOUS
10
1.7920573228346457
20
0.7705927559055118
11
1.7940107086614172
21
0.7692875590551181
0
LINE
8
BLACK
6
CONTINUOUS
10
1.7940107086614172
20
0.7692875590551181
11
1.7957333070866142
21
0.7689449212598425
0
LINE
8
BLACK
6
CONTINUOUS
10
1.7957333070866142
20
0.7689449212598425
11
1.8110787401574804
21
0.7689449212598425
0
LINE
8
BLACK
6
CONTINUOUS
10
1.8110787401574804
20
0.7689449212598425
11
1.8110787401574804
21
0.7748503937007873
0
LINE
8
BLACK
6
CONTINUOUS
10
1.8110787401574804
20
0.7748503937007873
11
1.7963149606299211
21
0.7748503937007873
0
LINE
8
BLACK
6
CONTINUOUS
10
1.7963149606299211
20
0.7748503937007873
11
1.7963149606299211
21
0.8447322834645669
0
LINE
8
BLACK
6
CONTINUOUS
10
1.7963149606299211
20
0.8447322834645669
11
1.7904094881889763
21
0.8447322834645669
0
LINE
8
BLACK
6
CONTINUOUS
10
1.7904094881889763
20
0.8447322834645669
11
1.7904094881889763
21
0.7742685826771654
0
LINE
8
BLACK
6
CONTINUOUS
10
1.7904094881889763
20
0.7742685826771654
11
1.7907520078740158
21
0.7725462992125984
0
LINE
8
BLACK
6
CONTINUOUS
10
0.5384409448818898
20
0.8545748031496063
11
0.5443464566929134
21
0.8545748031496063
0
LINE
8
BLACK
6
CONTINUOUS
10
0.5443464566929134
20
0.8545748031496063
11
0.5443464566929134
21
0.9244566929133858
0
LINE
8
BLACK
6
CONTINUOUS
10
0.5443464566929134
20
0.9244566929133858
11
0.5591102362204724
21
0.9244566929133858
0
LINE
8
BLACK
6
CONTINUOUS
10
0.5591102362204724
20
0.9244566929133858
11
0.5591102362204724
21
0.9303622047244094
0
LINE
8
BLACK
6
CONTINUOUS
10
0.5591102362204724
20
0.9303622047244094
11
0.5437649212598425
21
0.9303622047244094
0
LINE
8
BLACK
6
CONTINUOUS
10
0.5437649212598425
20
0.9303622047244094
11
0.5420422440944882
21
0.9300195669291338
0
LINE
8
BLACK
6
CONTINUOUS
10
0.5420422440944882
20
0.9300195669291338
11
0.5400888188976378
21
0.9287143700787401
0
LINE
8
BLACK
6
CONTINUOUS
10
0.5400888188976378
20
0.9287143700787401
11
0.5400887795275591
21
0.9287143307086614
0
LINE
8
BLACK
6
CONTINUOUS
10
0.5400887795275591
20
0.9287143307086614
11
0.5387835826771653
21
0.9267609448818898
0
LINE
8
BLACK
6
CONTINUOUS
10
0.5387835826771653
20
0.9267609448818898
11
0.5384409448818898
21
0.9250383464566929
0
LINE
8
BLACK
6
CONTINUOUS
10
0.5384409448818898
20
0.9250383464566929
11
0.5384409448818898
21
0.8545748031496063
0
LINE
8
BLACK
6
CONTINUOUS
10
1.7904094488188975
20
0.8545748031496063
11
1.7963149606299211
21
0.8545748031496063
0
LINE
8
BLACK
6
CONTINUOUS
10
1.7963149606299211
20
0.8545748031496063
11
1.7963149606299211
21
0.9244566929133858
0
LINE
8
BLACK
6
CONTINUOUS
10
1.7963149606299211
20
0.9244566929133858
11
1.8110787401574804
21
0.9244566929133858
0
LINE
8
BLACK
6
CONTINUOUS
10
1.8110787401574804
20
0.9244566929133858
11
1.8110787401574804
21
0.9303622047244094
0
LINE
8
BLACK
6
CONTINUOUS
10
1.8110787401574804
20
0.9303622047244094
11
1.7957334251968504
21
0.9303622047244094
0
LINE
8
BLACK
6
CONTINUOUS
10
1.7957334251968504
20
0.9303622047244094
11
1.794010748031496
21
0.9300195669291338
0
LINE
8
BLACK
6
CONTINUOUS
10
1.794010748031496
20
0.9300195669291338
11
1.7920573228346457
21
0.9287143700787401
0
LINE
8
BLACK
6
CONTINUOUS
10
1.7920573228346457
20
0.9287143700787401
11
1.7920572834645669
21
0.9287143307086614
0
LINE
8
BLACK
6
CONTINUOUS
10
1.7920572834645669
20
0.9287143307086614
11
1.7907520866141733
21
0.9267609448818898
0
LINE
8
BLACK
6
CONTINUOUS
10
1.7907520866141733
20
0.9267609448818898
11
1.7904094488188975
21
0.9250383464566929
0
LINE
8
BLACK
6
CONTINUOUS
10
1.7904094488188975
20
0.9250383464566929
11
1.7904094488188975
21
0.8545748031496063
0
LINE
8
BLACK
6
CONTINUOUS
10
0.5387835039370079
20
1.0087667716535433
11
0.5400887795275591
21
1.0068132677165353
0
LINE
8
BLACK
6
CONTINUOUS
10
0.5400887795275591
20
1.0068132677165353
11
0.5400888188976378
21
1.0068132283464566
0
LINE
8
BLACK
6
CONTINUOUS
10
0.5400888188976378
20
1.0068132283464566
11
0.5420422047244094
21
1.0055080314960629
0
LINE
8
BLACK
6
CONTINUOUS
10
0.5420422047244094
20
1.0055080314960629
11
0.5437648031496063
21
1.0051653937007874
0
LINE
8
BLACK
6
CONTINUOUS
10
0.5437648031496063
20
1.0051653937007874
11
0.5591102362204724
21
1.0051653937007874
0
LINE
8
BLACK
6
CONTINUOUS
10
0.5591102362204724
20
1.0051653937007874
11
0.5591102362204724
21
1.0110708661417322
0
LINE
8
BLACK
6
CONTINUOUS
10
0.5591102362204724
20
1.0110708661417322
11
0.5443464566929134
21
1.0110708661417322
0
LINE
8
BLACK
6
CONTINUOUS
10
0.5443464566929134
20
1.0110708661417322
11
0.5443464566929134
21
1.0809527559055119
0
LINE
8
BLACK
6
CONTINUOUS
10
0.5443464566929134
20
1.0809527559055119
11
0.5384409842519685
21
1.0809527559055119
0
LINE
8
BLACK
6
CONTINUOUS
10
0.5384409842519685
20
1.0809527559055119
11
0.5384409842519685
21
1.0104890551181103
0
LINE
8
BLACK
6
CONTINUOUS
10
0.5384409842519685
20
1.0104890551181103
11
0.5387835039370079
21
1.0087667716535433
0
LINE
8
BLACK
6
CONTINUOUS
10
1.7907520078740158
20
1.0087667716535433
11
1.7920572834645669
21
1.0068132677165353
0
LINE
8
BLACK
6
CONTINUOUS
10
1.7920572834645669
20
1.0068132677165353
11
1.7920573228346457
21
1.0068132283464566
0
LINE
8
BLACK
6
CONTINUOUS
10
1.7920573228346457
20
1.0068132283464566
11
1.7940107086614172
21
1.0055080314960629
0
LINE
8
BLACK
6
CONTINUOUS
10
1.7940107086614172
20
1.0055080314960629
11
1.7957333070866142
21
1.0051653937007874
0
LINE
8
BLACK
6
CONTINUOUS
10
1.7957333070866142
20
1.0051653937007874
11
1.8110787401574804
21
1.0051653937007874
0
LINE
8
BLACK
6
CONTINUOUS
10
1.8110787401574804
20
1.0051653937007874
11
1.8110787401574804
21
1.0110708661417322
0
LINE
8
BLACK
6
CONTINUOUS
10
1.8110787401574804
20
1.0110708661417322
11
1.7963149606299211
21
1.0110708661417322
0
LINE
8
BLACK
6
CONTINUOUS
10
1.7963149606299211
20
1.0110708661417322
11
1.7963149606299211
21
1.0809527559055119
0
LINE
8
BLACK
6
CONTINUOUS
10
1.7963149606299211
20
1.0809527559055119
11
1.7904094881889763
21
1.0809527559055119
0
LINE
8
BLACK
6
CONTINUOUS
10
1.7904094881889763
20
1.0809527559055119
11
1.7904094881889763
21
1.0104890551181103
0
LINE
8
BLACK
6
CONTINUOUS
10
1.7904094881889763
20
1.0104890551181103
11
1.7907520078740158
21
1.0087667716535433
0
LINE
8
BLACK
6
CONTINUOUS
10
0.5384409448818898
20
1.0907952755905512
11
0.5443464566929134
21
1.0907952755905512
0
LINE
8
BLACK
6
CONTINUOUS
10
0.5443464566929134
20
1.0907952755905512
11
0.5443464566929134
21
1.1606771653543306
0
LINE
8
BLACK
6
CONTINUOUS
10
0.5443464566929134
20
1.1606771653543306
11
0.5591102362204724
21
1.1606771653543306
0
LINE
8
BLACK
6
CONTINUOUS
10
0.5591102362204724
20
1.1606771653543306
11
0.5591102362204724
21
1.1665826771653542
0
LINE
8
BLACK
6
CONTINUOUS
10
0.5591102362204724
20
1.1665826771653542
11
0.5437649212598425
21
1.1665826771653542
0
LINE
8
BLACK
6
CONTINUOUS
10
0.5437649212598425
20
1.1665826771653542
11
0.5420422440944882
21
1.1662400393700787
0
LINE
8
BLACK
6
CONTINUOUS
10
0.5420422440944882
20
1.1662400393700787
11
0.5400888188976378
21
1.164934842519685
0
LINE
8
BLACK
6
CONTINUOUS
10
0.5400888188976378
20
1.164934842519685
11
0.5400887795275591
21
1.1649348031496063
0
LINE
8
BLACK
6
CONTINUOUS
10
0.5400887795275591
20
1.1649348031496063
11
0.5387835826771653
21
1.1629814173228346
0
LINE
8
BLACK
6
CONTINUOUS
10
0.5387835826771653
20
1.1629814173228346
11
0.5384409448818898
21
1.1612588188976378
0
LINE
8
BLACK
6
CONTINUOUS
10
0.5384409448818898
20
1.1612588188976378
11
0.5384409448818898
21
1.0907952755905512
0
LINE
8
BLACK
6
CONTINUOUS
10
1.7904094488188975
20
1.0907952755905512
11
1.7963149606299211
21
1.0907952755905512
0
LINE
8
BLACK
6
CONTINUOUS
10
1.7963149606299211
20
1.0907952755905512
11
1.7963149606299211
21
1.1606771653543306
0
LINE
8
BLACK
6
CONTINUOUS
10
1.7963149606299211
20
1.1606771653543306
11
1.8110787401574804
21
1.1606771653543306
0
LINE
8
BLACK
6
CONTINUOUS
10
1.8110787401574804
20
1.1606771653543306
11
1.8110787401574804
21
1.1665826771653542
0
LINE
8
BLACK
6
CONTINUOUS
10
1.8110787401574804
20
1.1665826771653542
11
1.7957334251968504
21
1.1665826771653542
0
LINE
8
BLACK
6
CONTINUOUS
10
1.7957334251968504
20
1.1665826771653542
11
1.794010748031496
21
1.1662400393700787
0
LINE
8
BLACK
6
CONTINUOUS
10
1.794010748031496
20
1.1662400393700787
11
1.7920573228346457
21
1.164934842519685
0
LINE
8
BLACK
6
CONTINUOUS
10
1.7920573228346457
20
1.164934842519685
11
1.7920572834645669
21
1.1649348031496063
0
LINE
8
BLACK
6
CONTINUOUS
10
1.7920572834645669
20
1.1649348031496063
11
1.7907520866141733
21
1.1629814173228346
0
LINE
8
BLACK
6
CONTINUOUS
10
1.7907520866141733
20
1.1629814173228346
11
1.7904094488188975
21
1.1612588188976378
0
LINE
8
BLACK
6
CONTINUOUS
10
1.7904094488188975
20
1.1612588188976378
11
1.7904094488188975
21
1.0907952755905512
0
LINE
8
BLACK
6
CONTINUOUS
10
0.5387835039370079
20
1.2449872440944882
11
0.5400887795275591
21
1.2430337401574802
0
LINE
8
BLACK
6
CONTINUOUS
10
0.5400887795275591
20
1.2430337401574802
11
0.5400888188976378
21
1.2430337007874015
0
LINE
8
BLACK
6
CONTINUOUS
10
0.5400888188976378
20
1.2430337007874015
11
0.5420422047244094
21
1.2417285039370078
0
LINE
8
BLACK
6
CONTINUOUS
10
0.5420422047244094
20
1.2417285039370078
11
0.5437648031496063
21
1.2413858661417323
0
LINE
8
BLACK
6
CONTINUOUS
10
0.5437648031496063
20
1.2413858661417323
11
0.5591102362204724
21
1.2413858661417323
0
LINE
8
BLACK
6
CONTINUOUS
10
0.5591102362204724
20
1.2413858661417323
11
0.5591102362204724
21
1.2472913385826772
0
LINE
8
BLACK
6
CONTINUOUS
10
0.5591102362204724
20
1.2472913385826772
11
0.5443464566929134
21
1.2472913385826772
0
LINE
8
BLACK
6
CONTINUOUS
10
0.5443464566929134
20
1.2472913385826772
11
0.5443464566929134
21
1.3171732283464566
0
LINE
8
BLACK
6
CONTINUOUS
10
0.5443464566929134
20
1.3171732283464566
11
0.5384409842519685
21
1.3171732283464566
0
LINE
8
BLACK
6
CONTINUOUS
10
0.5384409842519685
20
1.3171732283464566
11
0.5384409842519685
21
1.2467095275590552
0
LINE
8
BLACK
6
CONTINUOUS
10
0.5384409842519685
20
1.2467095275590552
11
0.5387835039370079
21
1.2449872440944882
0
LINE
8
BLACK
6
CONTINUOUS
10
1.7907520078740158
20
1.2449872440944882
11
1.7920572834645669
21
1.2430337401574802
0
LINE
8
BLACK
6
CONTINUOUS
10
1.7920572834645669
20
1.2430337401574802
11
1.7920573228346457
21
1.2430337007874015
0
LINE
8
BLACK
6
CONTINUOUS
10
1.7920573228346457
20
1.2430337007874015
11
1.7940107086614172
21
1.2417285039370078
0
LINE
8
BLACK
6
CONTINUOUS
10
1.7940107086614172
20
1.2417285039370078
11
1.7957333070866142
21
1.2413858661417323
0
LINE
8
BLACK
6
CONTINUOUS
10
1.7957333070866142
20
1.2413858661417323
11
1.8110787401574804
21
1.2413858661417323
0
LINE
8
BLACK
6
CONTINUOUS
10
1.8110787401574804
20
1.2413858661417323
11
1.8110787401574804
21
1.2472913385826772
0
LINE
8
BLACK
6
CONTINUOUS
10
1.8110787401574804
20
1.2472913385826772
11
1.7963149606299211
21
1.2472913385826772
0
LINE
8
BLACK
6
CONTINUOUS
10
1.7963149606299211
20
1.2472913385826772
11
1.7963149606299211
21
1.3171732283464566
0
LINE
8
BLACK
6
CONTINUOUS
10
1.7963149606299211
20
1.3171732283464566
11
1.7904094881889763
21
1.3171732283464566
0
LINE
8
BLACK
6
CONTINUOUS
10
1.7904094881889763
20
1.3171732283464566
11
1.7904094881889763
21
1.2467095275590552
0
LINE
8
BLACK
6
CONTINUOUS
10
1.7904094881889763
20
1.2467095275590552
11
1.7907520078740158
21
1.2449872440944882
0
LINE
8
BLACK
6
CONTINUOUS
10
0.5384409448818898
20
1.3270157480314961
11
0.5443464566929134
21
1.3270157480314961
0
LINE
8
BLACK
6
CONTINUOUS
10
0.5443464566929134
20
1.3270157480314961
11
0.5443464566929134
21
1.3968976377952755
0
LINE
8
BLACK
6
CONTINUOUS
10
0.5443464566929134
20
1.3968976377952755
11
0.5591102362204724
21
1.3968976377952755
0
LINE
8
BLACK
6
CONTINUOUS
10
0.5591102362204724
20
1.3968976377952755
11
0.5591102362204724
21
1.4028031496062991
0
LINE
8
BLACK
6
CONTINUOUS
10
0.5591102362204724
20
1.4028031496062991
11
0.5437649212598425
21
1.4028031496062991
0
LINE
8
BLACK
6
CONTINUOUS
10
0.5437649212598425
20
1.4028031496062991
11
0.5420422440944882
21
1.4024605118110236
0
LINE
8
BLACK
6
CONTINUOUS
10
0.5420422440944882
20
1.4024605118110236
11
0.5400888188976378
21
1.4011553149606299
0
LINE
8
BLACK
6
CONTINUOUS
10
0.5400888188976378
20
1.4011553149606299
11
0.5400887795275591
21
1.4011552755905512
0
LINE
8
BLACK
6
CONTINUOUS
10
0.5400887795275591
20
1.4011552755905512
11
0.5387835826771653
21
1.3992018897637795
0
LINE
8
BLACK
6
CONTINUOUS
10
0.5387835826771653
20
1.3992018897637795
11
0.5384409448818898
21
1.3974792913385827
0
LINE
8
BLACK
6
CONTINUOUS
10
0.5384409448818898
20
1.3974792913385827
11
0.5384409448818898
21
1.3270157480314961
0
LINE
8
BLACK
6
CONTINUOUS
10
1.7904094488188975
20
1.3270157480314961
11
1.7963149606299211
21
1.3270157480314961
0
LINE
8
BLACK
6
CONTINUOUS
10
1.7963149606299211
20
1.3270157480314961
11
1.7963149606299211
21
1.3968976377952755
0
LINE
8
BLACK
6
CONTINUOUS
10
1.7963149606299211
20
1.3968976377952755
11
1.8110787401574804
21
1.3968976377952755
0
LINE
8
BLACK
6
CONTINUOUS
10
1.8110787401574804
20
1.3968976377952755
11
1.8110787401574804
21
1.4028031496062991
0
LINE
8
BLACK
6
CONTINUOUS
10
1.8110787401574804
20
1.4028031496062991
11
1.7957334251968504
21
1.4028031496062991
0
LINE
8
BLACK
6
CONTINUOUS
10
1.7957334251968504
20
1.4028031496062991
11
1.794010748031496
21
1.4024605118110236
0
LINE
8
BLACK
6
CONTINUOUS
10
1.794010748031496
20
1.4024605118110236
11
1.7920573228346457
21
1.4011553149606299
0
LINE
8
BLACK
6
CONTINUOUS
10
1.7920573228346457
20
1.4011553149606299
11
1.7920572834645669
21
1.4011552755905512
0
LINE
8
BLACK
6
CONTINUOUS
10
1.7920572834645669
20
1.4011552755905512
11
1.7907520866141733
21
1.3992018897637795
0
LINE
8
BLACK
6
CONTINUOUS
10
1.7907520866141733
20
1.3992018897637795
11
1.7904094488188975
21
1.3974792913385827
0
LINE
8
BLACK
6
CONTINUOUS
10
1.7904094488188975
20
1.3974792913385827
11
1.7904094488188975
21
1.3270157480314961
0
LINE
8
BLACK
6
CONTINUOUS
10
0.5387835039370079
20
1.4812077165354329
11
0.5400887795275591
21
1.4792542125984252
0
LINE
8
BLACK
6
CONTINUOUS
10
0.5400887795275591
20
1.4792542125984252
11
0.5400888188976378
21
1.4792541732283464
0
LINE
8
BLACK
6
CONTINUOUS
10
0.5400888188976378
20
1.4792541732283464
11
0.5420422047244094
21
1.4779489763779528
0
LINE
8
BLACK
6
CONTINUOUS
10
0.5420422047244094
20
1.4779489763779528
11
0.5437648031496063
21
1.4776063385826772
0
LINE
8
BLACK
6
CONTINUOUS
10
0.5437648031496063
20
1.4776063385826772
11
0.5591102362204724
21
1.4776063385826772
0
LINE
8
BLACK
6
CONTINUOUS
10
0.5591102362204724
20
1.4776063385826772
11
0.5591102362204724
21
1.4835118110236221
0
LINE
8
BLACK
6
CONTINUOUS
10
0.5591102362204724
20
1.4835118110236221
11
0.5443464566929134
21
1.4835118110236221
0
LINE
8
BLACK
6
CONTINUOUS
10
0.5443464566929134
20
1.4835118110236221
11
0.5443464566929134
21
1.5533937007874015
0
LINE
8
BLACK
6
CONTINUOUS
10
0.5443464566929134
20
1.5533937007874015
11
0.5384409842519685
21
1.5533937007874015
0
LINE
8
BLACK
6
CONTINUOUS
10
0.5384409842519685
20
1.5533937007874015
11
0.5384409842519685
21
1.4829299999999999
0
LINE
8
BLACK
6
CONTINUOUS
10
0.5384409842519685
20
1.4829299999999999
11
0.5387835039370079
21
1.4812077165354329
0
LINE
8
BLACK
6
CONTINUOUS
10
1.7907520078740158
20
1.4812077165354329
11
1.7920572834645669
21
1.4792542125984252
0
LINE
8
BLACK
6
CONTINUOUS
10
1.7920572834645669
20
1.4792542125984252
11
1.7920573228346457
21
1.4792541732283464
0
LINE
8
BLACK
6
CONTINUOUS
10
1.7920573228346457
20
1.4792541732283464
11
1.7940107086614172
21
1.4779489763779528
0
LINE
8
BLACK
6
CONTINUOUS
10
1.7940107086614172
20
1.4779489763779528
11
1.7957333070866142
21
1.4776063385826772
0
LINE
8
BLACK
6
CONTINUOUS
10
1.7957333070866142
20
1.4776063385826772
11
1.8110787401574804
21
1.4776063385826772
0
LINE
8
BLACK
6
CONTINUOUS
10
1.8110787401574804
20
1.4776063385826772
11
1.8110787401574804
21
1.4835118110236221
0
LINE
8
BLACK
6
CONTINUOUS
10
1.8110787401574804
20
1.4835118110236221
11
1.7963149606299211
21
1.4835118110236221
0
LINE
8
BLACK
6
CONTINUOUS
10
1.7963149606299211
20
1.4835118110236221
11
1.7963149606299211
21
1.5533937007874015
0
LINE
8
BLACK
6
CONTINUOUS
10
1.7963149606299211
20
1.5533937007874015
11
1.7904094881889763
21
1.5533937007874015
0
LINE
8
BLACK
6
CONTINUOUS
10
1.7904094881889763
20
1.5533937007874015
11
1.7904094881889763
21
1.4829299999999999
0
LINE
8
BLACK
6
CONTINUOUS
10
1.7904094881889763
20
1.4829299999999999
11
1.7907520078740158
21
1.4812077165354329
0
LINE
8
BLACK
6
CONTINUOUS
10
0.5384409448818898
20
1.5632362204724408
11
0.5443464566929134
21
1.5632362204724408
0
LINE
8
BLACK
6
CONTINUOUS
10
0.5443464566929134
20
1.5632362204724408
11
0.5443464566929134
21
1.6331181102362204
0
LINE
8
BLACK
6
CONTINUOUS
10
0.5443464566929134
20
1.6331181102362204
11
0.5591102362204724
21
1.6331181102362204
0
LINE
8
BLACK
6
CONTINUOUS
10
0.5591102362204724
20
1.6331181102362204
11
0.5591102362204724
21
1.6390236220472441
0
LINE
8
BLACK
6
CONTINUOUS
10
0.5591102362204724
20
1.6390236220472441
11
0.5437649212598425
21
1.6390236220472441
0
LINE
8
BLACK
6
CONTINUOUS
10
0.5437649212598425
20
1.6390236220472441
11
0.5420422440944882
21
1.6386809842519685
0
LINE
8
BLACK
6
CONTINUOUS
10
0.5420422440944882
20
1.6386809842519685
11
0.5400888188976378
21
1.6373757874015749
0
LINE
8
BLACK
6
CONTINUOUS
10
0.5400888188976378
20
1.6373757874015749
11
0.5400887795275591
21
1.6373757480314961
0
LINE
8
BLACK
6
CONTINUOUS
10
0.5400887795275591
20
1.6373757480314961
11
0.5387835826771653
21
1.6354223622047244
0
LINE
8
BLACK
6
CONTINUOUS
10
0.5387835826771653
20
1.6354223622047244
11
0.5384409448818898
21
1.6336997637795274
0
LINE
8
BLACK
6
CONTINUOUS
10
0.5384409448818898
20
1.6336997637795274
11
0.5384409448818898
21
1.5632362204724408
0
LINE
8
BLACK
6
CONTINUOUS
10
1.7904094488188975
20
1.5632362204724408
11
1.7963149606299211
21
1.5632362204724408
0
LINE
8
BLACK
6
CONTINUOUS
10
1.7963149606299211
20
1.5632362204724408
11
1.7963149606299211
21
1.6331181102362204
0
LINE
8
BLACK
6
CONTINUOUS
10
1.7963149606299211
20
1.6331181102362204
11
1.8110787401574804
21
1.6331181102362204
0
LINE
8
BLACK
6
CONTINUOUS
10
1.8110787401574804
20
1.6331181102362204
11
1.8110787401574804
21
1.6390236220472441
0
LINE
8
BLACK
6
CONTINUOUS
10
1.8110787401574804
20
1.6390236220472441
11
1.7957334251968504
21
1.6390236220472441
0
LINE
8
BLACK
6
CONTINUOUS
10
1.7957334251968504
20
1.6390236220472441
11
1.794010748031496
21
1.6386809842519685
0
LINE
8
BLACK
6
CONTINUOUS
10
1.794010748031496
20
1.6386809842519685
11
1.7920573228346457
21
1.6373757874015749
0
LINE
8
BLACK
6
CONTINUOUS
10
1.7920573228346457
20
1.6373757874015749
11
1.7920572834645669
21
1.6373757480314961
0
LINE
8
BLACK
6
CONTINUOUS
10
1.7920572834645669
20
1.6373757480314961
11
1.7907520866141733
21
1.6354223622047244
0
LINE
8
BLACK
6
CONTINUOUS
10
1.7907520866141733
20
1.6354223622047244
11
1.7904094488188975
21
1.6336997637795274
0
LINE
8
BLACK
6
CONTINUOUS
10
1.7904094488188975
20
1.6336997637795274
11
1.7904094488188975
21
1.5632362204724408
0
LINE
8
BLACK
6
CONTINUOUS
10
0.5387835039370079
20
1.7174281889763778
11
0.5400887795275591
21
1.7154746850393701
0
LINE
8
BLACK
6
CONTINUOUS
10
0.5400887795275591
20
1.7154746850393701
11
0.5400888188976378
21
1.7154746456692913
0
LINE
8
BLACK
6
CONTINUOUS
10
0.5400888188976378
20
1.7154746456692913
11
0.5420422047244094
21
1.7141694488188977
0
LINE
8
BLACK
6
CONTINUOUS
10
0.5420422047244094
20
1.7141694488188977
11
0.5437648031496063
21
1.7138268110236221
0
LINE
8
BLACK
6
CONTINUOUS
10
0.5437648031496063
20
1.7138268110236221
11
0.5591102362204724
21
1.7138268110236221
0
LINE
8
BLACK
6
CONTINUOUS
10
0.5591102362204724
20
1.7138268110236221
11
0.5591102362204724
21
1.719732283464567
0
LINE
8
BLACK
6
CONTINUOUS
10
0.5591102362204724
20
1.719732283464567
11
0.5443464566929134
21
1.719732283464567
0
LINE
8
BLACK
6
CONTINUOUS
10
0.5443464566929134
20
1.719732283464567
11
0.5443464566929134
21
1.7600866141732283
0
LINE
8
BLACK
6
CONTINUOUS
10
0.5443464566929134
20
1.7600866141732283
11
0.5384409842519685
21
1.7600866141732283
0
LINE
8
BLACK
6
CONTINUOUS
10
0.5384409842519685
20
1.7600866141732283
11
0.5384409842519685
21
1.7191504724409448
0
LINE
8
BLACK
6
CONTINUOUS
10
0.5384409842519685
20
1.7191504724409448
11
0.5387835039370079
21
1.7174281889763778
0
LINE
8
BLACK
6
CONTINUOUS
10
1.7907520078740158
20
1.7174281889763778
11
1.7920572834645669
21
1.7154746850393701
0
LINE
8
BLACK
6
CONTINUOUS
10
1.7920572834645669
20
1.7154746850393701
11
1.7920573228346457
21
1.7154746456692913
0
LINE
8
BLACK
6
CONTINUOUS
10
1.7920573228346457
20
1.7154746456692913
11
1.7940107086614172
21
1.7141694488188977
0
LINE
8
BLACK
6
CONTINUOUS
10
1.7940107086614172
20
1.7141694488188977
11
1.7957333070866142
21
1.7138268110236221
0
LINE
8
BLACK
6
CONTINUOUS
10
1.7957333070866142
20
1.7138268110236221
11
1.8110787401574804
21
1.7138268110236221
0
LINE
8
BLACK
6
CONTINUOUS
10
1.8110787401574804
20
1.7138268110236221
11
1.8110787401574804
21
1.719732283464567
0
LINE
8
BLACK
6
CONTINUOUS
10
1.8110787401574804
20
1.719732283464567
11
1.7963149606299211
21
1.719732283464567
0
LINE
8
BLACK
6
CONTINUOUS
10
1.7963149606299211
20
1.719732283464567
11
1.7963149606299211
21
1.7600866141732283
0
LINE
8
BLACK
6
CONTINUOUS
10
1.7963149606299211
20
1.7600866141732283
11
1.7904094881889763
21
1.7600866141732283
0
LINE
8
BLACK
6
CONTINUOUS
10
1.7904094881889763
20
1.7600866141732283
11
1.7904094881889763
21
1.7191504724409448
0
LINE
8
BLACK
6
CONTINUOUS
10
1.7904094881889763
20
1.7191504724409448
11
1.7907520078740158
21
1.7174281889763778
0
LINE
8
BLACK
6
CONTINUOUS
10
0.5443464566929134
20
1.7699291338582677
11
0.5443464566929134
21
1.810283464566929
0
LINE
8
BLACK
6
CONTINUOUS
10
0.5443464566929134
20
1.810283464566929
11
0.5443464566929134
21
1.825047244094488
0
LINE
8
BLACK
6
CONTINUOUS
10
0.5443464566929134
20
1.825047244094488
11
0.5384409448818898
21
1.825047244094488
0
LINE
8
BLACK
6
CONTINUOUS
10
0.5384409448818898
20
1.825047244094488
11
0.5384409448818898
21
1.7699291338582677
0
LINE
8
BLACK
6
CONTINUOUS
10
0.5384409448818898
20
1.7699291338582677
11
0.5443464566929134
21
1.7699291338582677
0
LINE
8
BLACK
6
CONTINUOUS
10
0.6748495669291339
20
1.8043779921259842
11
0.6765718110236221
21
1.8047205511811024
0
LINE
8
BLACK
6
CONTINUOUS
10
0.6765718110236221
20
1.8047205511811024
11
0.67852531496063
21
1.8060258267716536
0
LINE
8
BLACK
6
CONTINUOUS
10
0.67852531496063
20
1.8060258267716536
11
0.6785253543307086
21
1.8060258661417323
0
LINE
8
BLACK
6
CONTINUOUS
10
0.6785253543307086
20
1.8060258661417323
11
0.6798305511811024
21
1.8079792519685038
0
LINE
8
BLACK
6
CONTINUOUS
10
0.6798305511811024
20
1.8079792519685038
11
0.6801731889763779
21
1.809701653543307
0
LINE
8
BLACK
6
CONTINUOUS
10
0.6801731889763779
20
1.809701653543307
11
0.6801732283464567
21
1.8097018503937008
0
LINE
8
BLACK
6
CONTINUOUS
10
0.6801732283464567
20
1.8097018503937008
11
0.6801732283464567
21
1.825047244094488
0
LINE
8
BLACK
6
CONTINUOUS
10
0.6801732283464567
20
1.825047244094488
11
0.674267716535433
21
1.825047244094488
0
LINE
8
BLACK
6
CONTINUOUS
10
0.674267716535433
20
1.825047244094488
11
0.674267716535433
21
1.810283464566929
0
LINE
8
BLACK
6
CONTINUOUS
10
0.674267716535433
20
1.810283464566929
11
0.6339133858267716
21
1.810283464566929
0
LINE
8
BLACK
6
CONTINUOUS
10
0.6339133858267716
20
1.810283464566929
11
0.6339133858267716
21
1.8043779921259842
0
LINE
8
BLACK
6
CONTINUOUS
10
0.6339133858267716
20
1.8043779921259842
11
0.6748495669291339
21
1.8043779921259842
0
LINE
8
BLACK
6
CONTINUOUS
10
1.7874960629921259
20
1.8043779921259842
11
1.7895561417322834
21
1.80352468503937
0
LINE
8
BLACK
6
CONTINUOUS
10
1.7895561417322834
20
1.80352468503937
11
1.7904094488188975
21
1.8014646062992126
0
LINE
8
BLACK
6
CONTINUOUS
10
1.7904094488188975
20
1.8014646062992126
11
1.7904094488188975
21
1.7699291338582677
0
LINE
8
BLACK
6
CONTINUOUS
10
1.7904094488188975
20
1.7699291338582677
11
1.7963149606299211
21
1.7699291338582677
0
LINE
8
BLACK
6
CONTINUOUS
10
1.7963149606299211
20
1.7699291338582677
11
1.7963149606299211
21
1.810283464566929
0
LINE
8
BLACK
6
CONTINUOUS
10
1.7963149606299211
20
1.810283464566929
11
1.7559606299212598
21
1.810283464566929
0
LINE
8
BLACK
6
CONTINUOUS
10
1.7559606299212598
20
1.810283464566929
11
1.7559606299212598
21
1.8043779921259842
0
LINE
8
BLACK
6
CONTINUOUS
10
1.7559606299212598
20
1.8043779921259842
11
1.7874960629921259
21
1.8043779921259842
0
LINE
8
BLACK
6
CONTINUOUS
10
0.755318937007874
20
1.8079793700787401
11
0.7566242125984252
21
1.8060258661417323
0
LINE
8
BLACK
6
CONTINUOUS
10
0.7566242125984252
20
1.8060258661417323
11
0.7566242519685039
21
1.8060258267716536
0
LINE
8
BLACK
6
CONTINUOUS
10
0.7566242519685039
20
1.8060258267716536
11
0.7585776377952755
21
1.8047206299212597
0
LINE
8
BLACK
6
CONTINUOUS
10
0.7585776377952755
20
1.8047206299212597
11
0.7603002362204724
21
1.8043779921259842
0
LINE
8
BLACK
6
CONTINUOUS
10
0.7603002362204724
20
1.8043779921259842
11
0.8307637795275591
21
1.8043779921259842
0
LINE
8
BLACK
6
CONTINUOUS
10
0.8307637795275591
20
1.8043779921259842
11
0.8307637795275591
21
1.810283464566929
0
LINE
8
BLACK
6
CONTINUOUS
10
0.8307637795275591
20
1.810283464566929
11
0.7608818897637795
21
1.810283464566929
0
LINE
8
BLACK
6
CONTINUOUS
10
0.7608818897637795
20
1.810283464566929
11
0.7608818897637795
21
1.825047244094488
0
LINE
8
BLACK
6
CONTINUOUS
10
0.7608818897637795
20
1.825047244094488
11
0.7549764173228346
21
1.825047244094488
0
LINE
8
BLACK
6
CONTINUOUS
10
0.7549764173228346
20
1.825047244094488
11
0.7549764173228346
21
1.809701653543307
0
LINE
8
BLACK
6
CONTINUOUS
10
0.7549764173228346
20
1.809701653543307
11
0.755318937007874
21
1.8079793700787401
0
LINE
8
BLACK
6
CONTINUOUS
10
0.9915394094488189
20
1.8079793700787401
11
0.9928446850393701
21
1.8060258661417323
0
LINE
8
BLACK
6
CONTINUOUS
10
0.9928446850393701
20
1.8060258661417323
11
0.9928447244094488
21
1.8060258267716536
0
LINE
8
BLACK
6
CONTINUOUS
10
0.9928447244094488
20
1.8060258267716536
11
0.9947981102362204
21
1.8047206299212597
0
LINE
8
BLACK
6
CONTINUOUS
10
0.9947981102362204
20
1.8047206299212597
11
0.9965207086614173
21
1.8043779921259842
0
LINE
8
BLACK
6
CONTINUOUS
10
0.9965207086614173
20
1.8043779921259842
11
1.066984251968504
21
1.8043779921259842
0
LINE
8
BLACK
6
CONTINUOUS
10
1.066984251968504
20
1.8043779921259842
11
1.066984251968504
21
1.810283464566929
0
LINE
8
BLACK
6
CONTINUOUS
10
1.066984251968504
20
1.810283464566929
11
0.9971023622047244
21
1.810283464566929
0
LINE
8
BLACK
6
CONTINUOUS
10
0.9971023622047244
20
1.810283464566929
11
0.9971023622047244
21
1.825047244094488
0
LINE
8
BLACK
6
CONTINUOUS
10
0.9971023622047244
20
1.825047244094488
11
0.9911968897637795
21
1.825047244094488
0
LINE
8
BLACK
6
CONTINUOUS
10
0.9911968897637795
20
1.825047244094488
11
0.9911968897637795
21
1.809701653543307
0
LINE
8
BLACK
6
CONTINUOUS
10
0.9911968897637795
20
1.809701653543307
11
0.9915394094488189
21
1.8079793700787401
0
LINE
8
BLACK
6
CONTINUOUS
10
1.2277598818897637
20
1.8079793700787401
11
1.2290651574803149
21
1.8060258661417323
0
LINE
8
BLACK
6
CONTINUOUS
10
1.2290651574803149
20
1.8060258661417323
11
1.2290651968503936
21
1.8060258267716536
0
LINE
8
BLACK
6
CONTINUOUS
10
1.2290651968503936
20
1.8060258267716536
11
1.2310185826771654
21
1.8047206299212597
0
LINE
8
BLACK
6
CONTINUOUS
10
1.2310185826771654
20
1.8047206299212597
11
1.2327411811023621
21
1.8043779921259842
0
LINE
8
BLACK
6
CONTINUOUS
10
1.2327411811023621
20
1.8043779921259842
11
1.3032047244094489
21
1.8043779921259842
0
LINE
8
BLACK
6
CONTINUOUS
10
1.3032047244094489
20
1.8043779921259842
11
1.3032047244094489
21
1.810283464566929
0
LINE
8
BLACK
6
CONTINUOUS
10
1.3032047244094489
20
1.810283464566929
11
1.2333228346456693
21
1.810283464566929
0
LINE
8
BLACK
6
CONTINUOUS
10
1.2333228346456693
20
1.810283464566929
11
1.2333228346456693
21
1.825047244094488
0
LINE
8
BLACK
6
CONTINUOUS
10
1.2333228346456693
20
1.825047244094488
11
1.2274173622047244
21
1.825047244094488
0
LINE
8
BLACK
6
CONTINUOUS
10
1.2274173622047244
20
1.825047244094488
11
1.2274173622047244
21
1.809701653543307
0
LINE
8
BLACK
6
CONTINUOUS
10
1.2274173622047244
20
1.809701653543307
11
1.2277598818897637
21
1.8079793700787401
0
LINE
8
BLACK
6
CONTINUOUS
10
1.4639803543307086
20
1.8079793700787401
11
1.4652856299212598
21
1.8060258661417323
0
LINE
8
BLACK
6
CONTINUOUS
10
1.4652856299212598
20
1.8060258661417323
11
1.4652856692913385
21
1.8060258267716536
0
LINE
8
BLACK
6
CONTINUOUS
10
1.4652856692913385
20
1.8060258267716536
11
1.4672390551181103
21
1.8047206299212597
0
LINE
8
BLACK
6
CONTINUOUS
10
1.4672390551181103
20
1.8047206299212597
11
1.468961653543307
21
1.8043779921259842
0
LINE
8
BLACK
6
CONTINUOUS
10
1.468961653543307
20
1.8043779921259842
11
1.5394251968503936
21
1.8043779921259842
0
LINE
8
BLACK
6
CONTINUOUS
10
1.5394251968503936
20
1.8043779921259842
11
1.5394251968503936
21
1.810283464566929
0
LINE
8
BLACK
6
CONTINUOUS
10
1.5394251968503936
20
1.810283464566929
11
1.4695433070866142
21
1.810283464566929
0
LINE
8
BLACK
6
CONTINUOUS
10
1.4695433070866142
20
1.810283464566929
11
1.4695433070866142
21
1.825047244094488
0
LINE
8
BLACK
6
CONTINUOUS
10
1.4695433070866142
20
1.825047244094488
11
1.4636378346456693
21
1.825047244094488
0
LINE
8
BLACK
6
CONTINUOUS
10
1.4636378346456693
20
1.825047244094488
11
1.4636378346456693
21
1.809701653543307
0
LINE
8
BLACK
6
CONTINUOUS
10
1.4636378346456693
20
1.809701653543307
11
1.4639803543307086
21
1.8079793700787401
0
LINE
8
BLACK
6
CONTINUOUS
10
1.7002008267716535
20
1.8079793700787401
11
1.7015061023622047
21
1.8060258661417323
0
LINE
8
BLACK
6
CONTINUOUS
10
1.7015061023622047
20
1.8060258661417323
11
1.7015061417322834
21
1.8060258267716536
0
LINE
8
BLACK
6
CONTINUOUS
10
1.7015061417322834
20
1.8060258267716536
11
1.7034595275590552
21
1.8047206299212597
0
LINE
8
BLACK
6
CONTINUOUS
10
1.7034595275590552
20
1.8047206299212597
11
1.7051821259842519
21
1.8043779921259842
0
LINE
8
BLACK
6
CONTINUOUS
10
1.7051821259842519
20
1.8043779921259842
11
1.7461181102362204
21
1.8043779921259842
0
LINE
8
BLACK
6
CONTINUOUS
10
1.7461181102362204
20
1.8043779921259842
11
1.7461181102362204
21
1.810283464566929
0
LINE
8
BLACK
6
CONTINUOUS
10
1.7461181102362204
20
1.810283464566929
11
1.7057637795275591
21
1.810283464566929
0
LINE
8
BLACK
6
CONTINUOUS
10
1.7057637795275591
20
1.810283464566929
11
1.7057637795275591
21
1.825047244094488
0
LINE
8
BLACK
6
CONTINUOUS
10
1.7057637795275591
20
1.825047244094488
11
1.6998583070866142
21
1.825047244094488
0
LINE
8
BLACK
6
CONTINUOUS
10
1.6998583070866142
20
1.825047244094488
11
1.6998583070866142
21
1.809701653543307
0
LINE
8
BLACK
6
CONTINUOUS
10
1.6998583070866142
20
1.809701653543307
11
1.7002008267716535
21
1.8079793700787401
0
LINE
8
BLACK
6
CONTINUOUS
10
0.5384409448818898
20
1.8348897637795276
11
0.5443464566929134
21
1.8348897637795276
0
LINE
8
BLACK
6
CONTINUOUS
10
0.5443464566929134
20
1.8348897637795276
11
0.5443464566929134
21
1.8496535433070866
0
LINE
8
BLACK
6
CONTINUOUS
10
0.5443464566929134
20
1.8496535433070866
11
0.5591102362204724
21
1.8496535433070866
0
LINE
8
BLACK
6
CONTINUOUS
10
0.5591102362204724
20
1.8496535433070866
11
0.5591102362204724
21
1.8555590551181103
0
LINE
8
BLACK
6
CONTINUOUS
10
0.5591102362204724
20
1.8555590551181103
11
0.5437649212598425
21
1.8555590551181103
0
LINE
8
BLACK
6
CONTINUOUS
10
0.5437649212598425
20
1.8555590551181103
11
0.5420422440944882
21
1.8552164173228347
0
LINE
8
BLACK
6
CONTINUOUS
10
0.5420422440944882
20
1.8552164173228347
11
0.5400888188976378
21
1.8539112204724408
0
LINE
8
BLACK
6
CONTINUOUS
10
0.5400888188976378
20
1.8539112204724408
11
0.5400887795275591
21
1.8539111811023621
0
LINE
8
BLACK
6
CONTINUOUS
10
0.5400887795275591
20
1.8539111811023621
11
0.5387835826771653
21
1.8519577952755906
0
LINE
8
BLACK
6
CONTINUOUS
10
0.5387835826771653
20
1.8519577952755906
11
0.5384409448818898
21
1.8502351968503936
0
LINE
8
BLACK
6
CONTINUOUS
10
0.5384409448818898
20
1.8502351968503936
11
0.5384409448818898
21
1.8348897637795276
0
LINE
8
BLACK
6
CONTINUOUS
10
0.7549763779527559
20
1.8348897637795276
11
0.7608818897637795
21
1.8348897637795276
0
LINE
8
BLACK
6
CONTINUOUS
10
0.7608818897637795
20
1.8348897637795276
11
0.7608818897637795
21
1.8496535433070866
0
LINE
8
BLACK
6
CONTINUOUS
10
0.7608818897637795
20
1.8496535433070866
11
0.8307637795275591
21
1.8496535433070866
0
LINE
8
BLACK
6
CONTINUOUS
10
0.8307637795275591
20
1.8496535433070866
11
0.8307637795275591
21
1.8555590551181103
0
LINE
8
BLACK
6
CONTINUOUS
10
0.8307637795275591
20
1.8555590551181103
11
0.7603003543307086
21
1.8555590551181103
0
LINE
8
BLACK
6
CONTINUOUS
10
0.7603003543307086
20
1.8555590551181103
11
0.7585776771653543
21
1.8552164173228347
0
LINE
8
BLACK
6
CONTINUOUS
10
0.7585776771653543
20
1.8552164173228347
11
0.7566242519685039
21
1.8539112204724408
0
LINE
8
BLACK
6
CONTINUOUS
10
0.7566242519685039
20
1.8539112204724408
11
0.7566242125984252
21
1.8539111811023621
0
LINE
8
BLACK
6
CONTINUOUS
10
0.7566242125984252
20
1.8539111811023621
11
0.7553190157480315
21
1.8519577952755906
0
LINE
8
BLACK
6
CONTINUOUS
10
0.7553190157480315
20
1.8519577952755906
11
0.7549763779527559
21
1.8502351968503936
0
LINE
8
BLACK
6
CONTINUOUS
10
0.7549763779527559
20
1.8502351968503936
11
0.7549763779527559
21
1.8348897637795276
0
LINE
8
BLACK
6
CONTINUOUS
10
0.9911968503937008
20
1.8348897637795276
11
0.9971023622047244
21
1.8348897637795276
0
LINE
8
BLACK
6
CONTINUOUS
10
0.9971023622047244
20
1.8348897637795276
11
0.9971023622047244
21
1.8496535433070866
0
LINE
8
BLACK
6
CONTINUOUS
10
0.9971023622047244
20
1.8496535433070866
11
1.066984251968504
21
1.8496535433070866
0
LINE
8
BLACK
6
CONTINUOUS
10
1.066984251968504
20
1.8496535433070866
11
1.066984251968504
21
1.8555590551181103
0
LINE
8
BLACK
6
CONTINUOUS
10
1.066984251968504
20
1.8555590551181103
11
0.9965208267716535
21
1.8555590551181103
0
LINE
8
BLACK
6
CONTINUOUS
10
0.9965208267716535
20
1.8555590551181103
11
0.9947981496062992
21
1.8552164173228347
0
LINE
8
BLACK
6
CONTINUOUS
10
0.9947981496062992
20
1.8552164173228347
11
0.9928447244094488
21
1.8539112204724408
0
LINE
8
BLACK
6
CONTINUOUS
10
0.9928447244094488
20
1.8539112204724408
11
0.9928446850393701
21
1.8539111811023621
0
LINE
8
BLACK
6
CONTINUOUS
10
0.9928446850393701
20
1.8539111811023621
11
0.9915394881889763
21
1.8519577952755906
0
LINE
8
BLACK
6
CONTINUOUS
10
0.9915394881889763
20
1.8519577952755906
11
0.9911968503937008
21
1.8502351968503936
0
LINE
8
BLACK
6
CONTINUOUS
10
0.9911968503937008
20
1.8502351968503936
11
0.9911968503937008
21
1.8348897637795276
0
LINE
8
BLACK
6
CONTINUOUS
10
1.2274173228346457
20
1.8348897637795276
11
1.2333228346456693
21
1.8348897637795276
0
LINE
8
BLACK
6
CONTINUOUS
10
1.2333228346456693
20
1.8348897637795276
11
1.2333228346456693
21
1.8496535433070866
0
LINE
8
BLACK
6
CONTINUOUS
10
1.2333228346456693
20
1.8496535433070866
11
1.3032047244094489
21
1.8496535433070866
0
LINE
8
BLACK
6
CONTINUOUS
10
1.3032047244094489
20
1.8496535433070866
11
1.3032047244094489
21
1.8555590551181103
0
LINE
8
BLACK
6
CONTINUOUS
10
1.3032047244094489
20
1.8555590551181103
11
1.2327412992125983
21
1.8555590551181103
0
LINE
8
BLACK
6
CONTINUOUS
10
1.2327412992125983
20
1.8555590551181103
11
1.2310186220472441
21
1.8552164173228347
0
LINE
8
BLACK
6
CONTINUOUS
10
1.2310186220472441
20
1.8552164173228347
11
1.2290651968503936
21
1.8539112204724408
0
LINE
8
BLACK
6
CONTINUOUS
10
1.2290651968503936
20
1.8539112204724408
11
1.2290651574803149
21
1.8539111811023621
0
LINE
8
BLACK
6
CONTINUOUS
10
1.2290651574803149
20
1.8539111811023621
11
1.2277599606299212
21
1.8519577952755906
0
LINE
8
BLACK
6
CONTINUOUS
10
1.2277599606299212
20
1.8519577952755906
11
1.2274173228346457
21
1.8502351968503936
0
LINE
8
BLACK
6
CONTINUOUS
10
1.2274173228346457
20
1.8502351968503936
11
1.2274173228346457
21
1.8348897637795276
0
LINE
8
BLACK
6
CONTINUOUS
10
1.4636377952755906
20
1.8348897637795276
11
1.4695433070866142
21
1.8348897637795276
0
LINE
8
BLACK
6
CONTINUOUS
10
1.4695433070866142
20
1.8348897637795276
11
1.4695433070866142
21
1.8496535433070866
0
LINE
8
BLACK
6
CONTINUOUS
10
1.4695433070866142
20
1.8496535433070866
11
1.5394251968503936
21
1.8496535433070866
0
LINE
8
BLACK
6
CONTINUOUS
10
1.5394251968503936
20
1.8496535433070866
11
1.5394251968503936
21
1.8555590551181103
0
LINE
8
BLACK
6
CONTINUOUS
10
1.5394251968503936
20
1.8555590551181103
11
1.4689617716535432
21
1.8555590551181103
0
LINE
8
BLACK
6
CONTINUOUS
10
1.4689617716535432
20
1.8555590551181103
11
1.467239094488189
21
1.8552164173228347
0
LINE
8
BLACK
6
CONTINUOUS
10
1.467239094488189
20
1.8552164173228347
11
1.4652856692913385
21
1.8539112204724408
0
LINE
8
BLACK
6
CONTINUOUS
10
1.4652856692913385
20
1.8539112204724408
11
1.4652856299212598
21
1.8539111811023621
0
LINE
8
BLACK
6
CONTINUOUS
10
1.4652856299212598
20
1.8539111811023621
11
1.4639804330708661
21
1.8519577952755906
0
LINE
8
BLACK
6
CONTINUOUS
10
1.4639804330708661
20
1.8519577952755906
11
1.4636377952755906
21
1.8502351968503936
0
LINE
8
BLACK
6
CONTINUOUS
10
1.4636377952755906
20
1.8502351968503936
11
1.4636377952755906
21
1.8348897637795276
0
LINE
8
BLACK
6
CONTINUOUS
10
1.6998582677165355
20
1.8348897637795276
11
1.7057637795275591
21
1.8348897637795276
0
LINE
8
BLACK
6
CONTINUOUS
10
1.7057637795275591
20
1.8348897637795276
11
1.7057637795275591
21
1.8496535433070866
0
LINE
8
BLACK
6
CONTINUOUS
10
1.7057637795275591
20
1.8496535433070866
11
1.7461181102362204
21
1.8496535433070866
0
LINE
8
BLACK
6
CONTINUOUS
10
1.7461181102362204
20
1.8496535433070866
11
1.7461181102362204
21
1.8555590551181103
0
LINE
8
BLACK
6
CONTINUOUS
10
1.7461181102362204
20
1.8555590551181103
11
1.7051822440944882
21
1.8555590551181103
0
LINE
8
BLACK
6
CONTINUOUS
10
1.7051822440944882
20
1.8555590551181103
11
1.7034595669291339
21
1.8552164173228347
0
LINE
8
BLACK
6
CONTINUOUS
10
1.7034595669291339
20
1.8552164173228347
11
1.7015061417322834
21
1.8539112204724408
0
LINE
8
BLACK
6
CONTINUOUS
10
1.7015061417322834
20
1.8539112204724408
11
1.7015061023622047
21
1.8539111811023621
0
LINE
8
BLACK
6
CONTINUOUS
10
1.7015061023622047
20
1.8539111811023621
11
1.700200905511811
21
1.8519577952755906
0
LINE
8
BLACK
6
CONTINUOUS
10
1.700200905511811
20
1.8519577952755906
11
1.6998582677165355
21
1.8502351968503936
0
LINE
8
BLACK
6
CONTINUOUS
10
1.6998582677165355
20
1.8502351968503936
11
1.6998582677165355
21
1.8348897637795276
0
LINE
8
BLACK
6
CONTINUOUS
10
-0.6952362204724409
20
0.6375905511811023
11
-0.7552362204724409
21
0.6375905511811023
0
LINE
8
BLACK
6
CONTINUOUS
10
-0.7552362204724409
20
0.6375905511811023
11
-0.7552362204724409
21
0.6975905511811024
0
LINE
8
BLACK
6
CONTINUOUS
10
-0.7552362204724409
20
0.6975905511811024
11
-0.6952362204724409
21
0.6975905511811024
0
LINE
8
BLACK
6
CONTINUOUS
10
-0.6952362204724409
20
0.6975905511811024
11
-0.6952362204724409
21
0.6375905511811023
0
LINE
8
BLACK
6
CONTINUOUS
10
-0.595236220472441
20
0.6375905511811023
11
-0.6552362204724409
21
0.6375905511811023
0
LINE
8
BLACK
6
CONTINUOUS
10
-0.6552362204724409
20
0.6375905511811023
11
-0.6552362204724409
21
0.6975905511811024
0
LINE
8
BLACK
6
CONTINUOUS
10
-0.6552362204724409
20
0.6975905511811024
11
-0.595236220472441
21
0.6975905511811024
0
LINE
8
BLACK
6
CONTINUOUS
10
-0.595236220472441
20
0.6975905511811024
11
-0.595236220472441
21
0.6375905511811023
0
LINE
8
BLACK
6
CONTINUOUS
10
-0.0974538976377953
20
0.7538492125984252
11
-0.0942607480314961
21
0.7517156299212598
0
LINE
8
BLACK
6
CONTINUOUS
10
-0.0942607480314961
20
0.7517156299212598
11
-0.0921271653543307
21
0.7485224803149606
0
LINE
8
BLACK
6
CONTINUOUS
10
-0.0921271653543307
20
0.7485224803149606
11
-0.0913779527559055
21
0.744755905511811
0
LINE
8
BLACK
6
CONTINUOUS
10
-0.0913779527559055
20
0.744755905511811
11
-0.0913779527559055
21
0.7073543307086614
0
LINE
8
BLACK
6
CONTINUOUS
10
-0.0913779527559055
20
0.7073543307086614
11
-0.0921271653543307
21
0.7035877559055118
0
LINE
8
BLACK
6
CONTINUOUS
10
-0.0921271653543307
20
0.7035877559055118
11
-0.0942607480314961
21
0.7003946062992126
0
LINE
8
BLACK
6
CONTINUOUS
10
-0.0942607480314961
20
0.7003946062992126
11
-0.0974538976377953
21
0.6982610236220472
0
LINE
8
BLACK
6
CONTINUOUS
10
-0.0974538976377953
20
0.6982610236220472
11
-0.1012204724409449
21
0.697511811023622
0
LINE
8
BLACK
6
CONTINUOUS
10
-0.1012204724409449
20
0.697511811023622
11
-0.1209055118110236
21
0.697511811023622
0
LINE
8
BLACK
6
CONTINUOUS
10
-0.1209055118110236
20
0.697511811023622
11
-0.1246720866141732
21
0.6982610236220472
0
LINE
8
BLACK
6
CONTINUOUS
10
-0.1246720866141732
20
0.6982610236220472
11
-0.1278652362204724
21
0.7003946062992126
0
LINE
8
BLACK
6
CONTINUOUS
10
-0.1278652362204724
20
0.7003946062992126
11
-0.1299988188976378
21
0.7035877559055118
0
LINE
8
BLACK
6
CONTINUOUS
10
-0.1299988188976378
20
0.7035877559055118
11
-0.130748031496063
21
0.7073543307086614
0
LINE
8
BLACK
6
CONTINUOUS
10
-0.130748031496063
20
0.7073543307086614
11
-0.130748031496063
21
0.744755905511811
0
LINE
8
BLACK
6
CONTINUOUS
10
-0.130748031496063
20
0.744755905511811
11
-0.1299988188976378
21
0.7485224803149606
0
LINE
8
BLACK
6
CONTINUOUS
10
-0.1299988188976378
20
0.7485224803149606
11
-0.1278652362204724
21
0.7517156299212598
0
LINE
8
BLACK
6
CONTINUOUS
10
-0.1278652362204724
20
0.7517156299212598
11
-0.1246720866141732
21
0.7538492125984252
0
LINE
8
BLACK
6
CONTINUOUS
10
-0.1246720866141732
20
0.7538492125984252
11
-0.1209055118110236
21
0.7545984251968504
0
LINE
8
BLACK
6
CONTINUOUS
10
-0.1209055118110236
20
0.7545984251968504
11
-0.1012204724409449
21
0.7545984251968504
0
LINE
8
BLACK
6
CONTINUOUS
10
-0.1012204724409449
20
0.7545984251968504
11
-0.0974538976377953
21
0.7538492125984252
0
LINE
8
BLACK
6
CONTINUOUS
10
-0.0226507480314961
20
0.7538492125984252
11
-0.0194575984251968
21
0.7517156299212598
0
LINE
8
BLACK
6
CONTINUOUS
10
-0.0194575984251968
20
0.7517156299212598
11
-0.0173240157480315
21
0.7485224803149606
0
LINE
8
BLACK
6
CONTINUOUS
10
-0.0173240157480315
20
0.7485224803149606
11
-0.0165748031496063
21
0.744755905511811
0
LINE
8
BLACK
6
CONTINUOUS
10
-0.0165748031496063
20
0.744755905511811
11
-0.0165748031496063
21
0.7073543307086614
0
LINE
8
BLACK
6
CONTINUOUS
10
-0.0165748031496063
20
0.7073543307086614
11
-0.0173240157480315
21
0.7035877559055118
0
LINE
8
BLACK
6
CONTINUOUS
10
-0.0173240157480315
20
0.7035877559055118
11
-0.0194575984251968
21
0.7003946062992126
0
LINE
8
BLACK
6
CONTINUOUS
10
-0.0194575984251968
20
0.7003946062992126
11
-0.0226507480314961
21
0.6982610236220472
0
LINE
8
BLACK
6
CONTINUOUS
10
-0.0226507480314961
20
0.6982610236220472
11
-0.0264173228346457
21
0.697511811023622
0
LINE
8
BLACK
6
CONTINUOUS
10
-0.0264173228346457
20
0.697511811023622
11
-0.0461023622047244
21
0.697511811023622
0
LINE
8
BLACK
6
CONTINUOUS
10
-0.0461023622047244
20
0.697511811023622
11
-0.049868937007874
21
0.6982610236220472
0
LINE
8
BLACK
6
CONTINUOUS
10
-0.049868937007874
20
0.6982610236220472
11
-0.0530620866141732
21
0.7003946062992126
0
LINE
8
BLACK
6
CONTINUOUS
10
-0.0530620866141732
20
0.7003946062992126
11
-0.0551956692913386
21
0.7035877559055118
0
LINE
8
BLACK
6
CONTINUOUS
10
-0.0551956692913386
20
0.7035877559055118
11
-0.0559448818897638
21
0.7073543307086614
0
LINE
8
BLACK
6
CONTINUOUS
10
-0.0559448818897638
20
0.7073543307086614
11
-0.0559448818897638
21
0.744755905511811
0
LINE
8
BLACK
6
CONTINUOUS
10
-0.0559448818897638
20
0.744755905511811
11
-0.0551956692913386
21
0.7485224803149606
0
LINE
8
BLACK
6
CONTINUOUS
10
-0.0551956692913386
20
0.7485224803149606
11
-0.0530620866141732
21
0.7517156299212598
0
LINE
8
BLACK
6
CONTINUOUS
10
-0.0530620866141732
20
0.7517156299212598
11
-0.049868937007874
21
0.7538492125984252
0
LINE
8
BLACK
6
CONTINUOUS
10
-0.049868937007874
20
0.7538492125984252
11
-0.0461023622047244
21
0.7545984251968504
0
LINE
8
BLACK
6
CONTINUOUS
10
-0.0461023622047244
20
0.7545984251968504
11
-0.0264173228346457
21
0.7545984251968504
0
LINE
8
BLACK
6
CONTINUOUS
10
-0.0264173228346457
20
0.7545984251968504
11
-0.0226507480314961
21
0.7538492125984252
0
LINE
8
BLACK
6
CONTINUOUS
10
-0.3354460236220472
20
0.7652665354330709
11
-0.332252874015748
21
0.7631329527559055
0
LINE
8
BLACK
6
CONTINUOUS
10
-0.332252874015748
20
0.7631329527559055
11
-0.3301192913385826
21
0.7599398031496063
0
LINE
8
BLACK
6
CONTINUOUS
10
-0.3301192913385826
20
0.7599398031496063
11
-0.3293700787401574
21
0.7561732283464567
0
LINE
8
BLACK
6
CONTINUOUS
10
-0.3293700787401574
20
0.7561732283464567
11
-0.3293700787401574
21
0.7089291338582677
0
LINE
8
BLACK
6
CONTINUOUS
10
-0.3293700787401574
20
0.7089291338582677
11
-0.3301192913385826
21
0.705162559055118
0
LINE
8
BLACK
6
CONTINUOUS
10
-0.3301192913385826
20
0.705162559055118
11
-0.332252874015748
21
0.7019694094488189
0
LINE
8
BLACK
6
CONTINUOUS
10
-0.332252874015748
20
0.7019694094488189
11
-0.3354460236220472
21
0.6998358267716536
0
LINE
8
BLACK
6
CONTINUOUS
10
-0.3354460236220472
20
0.6998358267716536
11
-0.3392125984251969
21
0.6990866141732284
0
LINE
8
BLACK
6
CONTINUOUS
10
-0.3392125984251969
20
0.6990866141732284
11
-0.3707086614173228
21
0.6990866141732284
0
LINE
8
BLACK
6
CONTINUOUS
10
-0.3707086614173228
20
0.6990866141732284
11
-0.3744752362204724
21
0.6998358267716536
0
LINE
8
BLACK
6
CONTINUOUS
10
-0.3744752362204724
20
0.6998358267716536
11
-0.3776683858267716
21
0.7019694094488189
0
LINE
8
BLACK
6
CONTINUOUS
10
-0.3776683858267716
20
0.7019694094488189
11
-0.379801968503937
21
0.705162559055118
0
LINE
8
BLACK
6
CONTINUOUS
10
-0.379801968503937
20
0.705162559055118
11
-0.3805511811023622
21
0.7089291338582677
0
LINE
8
BLACK
6
CONTINUOUS
10
-0.3805511811023622
20
0.7089291338582677
11
-0.3805511811023622
21
0.7561732283464567
0
LINE
8
BLACK
6
CONTINUOUS
10
-0.3805511811023622
20
0.7561732283464567
11
-0.379801968503937
21
0.7599398031496063
0
LINE
8
BLACK
6
CONTINUOUS
10
-0.379801968503937
20
0.7599398031496063
11
-0.3776683858267716
21
0.7631329527559055
0
LINE
8
BLACK
6
CONTINUOUS
10
-0.3776683858267716
20
0.7631329527559055
11
-0.3744752362204724
21
0.7652665354330709
0
LINE
8
BLACK
6
CONTINUOUS
10
-0.3744752362204724
20
0.7652665354330709
11
-0.3707086614173228
21
0.7660157480314961
0
LINE
8
BLACK
6
CONTINUOUS
10
-0.3707086614173228
20
0.7660157480314961
11
-0.3392125984251969
21
0.7660157480314961
0
LINE
8
BLACK
6
CONTINUOUS
10
-0.3392125984251969
20
0.7660157480314961
11
-0.3354460236220472
21
0.7652665354330709
0
LINE
8
BLACK
6
CONTINUOUS
10
-0.1976507480314961
20
0.7652665354330709
11
-0.1944575984251969
21
0.7631329527559055
0
LINE
8
BLACK
6
CONTINUOUS
10
-0.1944575984251969
20
0.7631329527559055
11
-0.1923240157480315
21
0.7599398031496063
0
LINE
8
BLACK
6
CONTINUOUS
10
-0.1923240157480315
20
0.7599398031496063
11
-0.1915748031496063
21
0.7561732283464567
0
LINE
8
BLACK
6
CONTINUOUS
10
-0.1915748031496063
20
0.7561732283464567
11
-0.1915748031496063
21
0.7089291338582677
0
LINE
8
BLACK
6
CONTINUOUS
10
-0.1915748031496063
20
0.7089291338582677
11
-0.1923240157480315
21
0.705162559055118
0
LINE
8
BLACK
6
CONTINUOUS
10
-0.1923240157480315
20
0.705162559055118
11
-0.1944575984251969
21
0.7019694094488189
0
LINE
8
BLACK
6
CONTINUOUS
10
-0.1944575984251969
20
0.7019694094488189
11
-0.1976507480314961
21
0.6998358267716536
0
LINE
8
BLACK
6
CONTINUOUS
10
-0.1976507480314961
20
0.6998358267716536
11
-0.2014173228346457
21
0.6990866141732284
0
LINE
8
BLACK
6
CONTINUOUS
10
-0.2014173228346457
20
0.6990866141732284
11
-0.2329133858267717
21
0.6990866141732284
0
LINE
8
BLACK
6
CONTINUOUS
10
-0.2329133858267717
20
0.6990866141732284
11
-0.2366799606299212
21
0.6998358267716536
0
LINE
8
BLACK
6
CONTINUOUS
10
-0.2366799606299212
20
0.6998358267716536
11
-0.2398731102362205
21
0.7019694094488189
0
LINE
8
BLACK
6
CONTINUOUS
10
-0.2398731102362205
20
0.7019694094488189
11
-0.2420066929133858
21
0.705162559055118
0
LINE
8
BLACK
6
CONTINUOUS
10
-0.2420066929133858
20
0.705162559055118
11
-0.242755905511811
21
0.7089291338582677
0
LINE
8
BLACK
6
CONTINUOUS
10
-0.242755905511811
20
0.7089291338582677
11
-0.242755905511811
21
0.7561732283464567
0
LINE
8
BLACK
6
CONTINUOUS
10
-0.242755905511811
20
0.7561732283464567
11
-0.2420066929133858
21
0.7599398031496063
0
LINE
8
BLACK
6
CONTINUOUS
10
-0.2420066929133858
20
0.7599398031496063
11
-0.2398731102362205
21
0.7631329527559055
0
LINE
8
BLACK
6
CONTINUOUS
10
-0.2398731102362205
20
0.7631329527559055
11
-0.2366799606299212
21
0.7652665354330709
0
LINE
8
BLACK
6
CONTINUOUS
10
-0.2366799606299212
20
0.7652665354330709
11
-0.2329133858267717
21
0.7660157480314961
0
LINE
8
BLACK
6
CONTINUOUS
10
-0.2329133858267717
20
0.7660157480314961
11
-0.2014173228346457
21
0.7660157480314961
0
LINE
8
BLACK
6
CONTINUOUS
10
-0.2014173228346457
20
0.7660157480314961
11
-0.1976507480314961
21
0.7652665354330709
0
LINE
8
BLACK
6
CONTINUOUS
10
-0.4751833858267717
20
0.7548716535433071
11
-0.470733031496063
21
0.7523022440944882
0
LINE
8
BLACK
6
CONTINUOUS
10
-0.470733031496063
20
0.7523022440944882
11
-0.4670993307086614
21
0.7486685433070865
0
LINE
8
BLACK
6
CONTINUOUS
10
-0.4670993307086614
20
0.7486685433070865
11
-0.4645299212598425
21
0.7442181889763779
0
LINE
8
BLACK
6
CONTINUOUS
10
-0.4645299212598425
20
0.7442181889763779
11
-0.4631999212598425
21
0.7392544488188976
0
LINE
8
BLACK
6
CONTINUOUS
10
-0.4631999212598425
20
0.7392544488188976
11
-0.4631999212598425
21
0.7341156299212598
0
LINE
8
BLACK
6
CONTINUOUS
10
-0.4631999212598425
20
0.7341156299212598
11
-0.4645299212598425
21
0.7291518897637795
0
LINE
8
BLACK
6
CONTINUOUS
10
-0.4645299212598425
20
0.7291518897637795
11
-0.4670993307086614
21
0.7247015354330708
0
LINE
8
BLACK
6
CONTINUOUS
10
-0.4670993307086614
20
0.7247015354330708
11
-0.470733031496063
21
0.7210678346456693
0
LINE
8
BLACK
6
CONTINUOUS
10
-0.470733031496063
20
0.7210678346456693
11
-0.4751833858267717
21
0.7184984251968504
0
LINE
8
BLACK
6
CONTINUOUS
10
-0.4751833858267717
20
0.7184984251968504
11
-0.480147125984252
21
0.7171684251968504
0
LINE
8
BLACK
6
CONTINUOUS
10
-0.480147125984252
20
0.7171684251968504
11
-0.4852859448818898
21
0.7171684251968504
0
LINE
8
BLACK
6
CONTINUOUS
10
-0.4852859448818898
20
0.7171684251968504
11
-0.4902496850393701
21
0.7184984251968504
0
LINE
8
BLACK
6
CONTINUOUS
10
-0.4902496850393701
20
0.7184984251968504
11
-0.4947000393700787
21
0.7210678346456693
0
LINE
8
BLACK
6
CONTINUOUS
10
-0.4947000393700787
20
0.7210678346456693
11
-0.4983337401574803
21
0.7247015354330708
0
LINE
8
BLACK
6
CONTINUOUS
10
-0.4983337401574803
20
0.7247015354330708
11
-0.5009031496062992
21
0.7291518897637795
0
LINE
8
BLACK
6
CONTINUOUS
10
-0.5009031496062992
20
0.7291518897637795
11
-0.5022331496062992
21
0.7341156299212598
0
LINE
8
BLACK
6
CONTINUOUS
10
-0.5022331496062992
20
0.7341156299212598
11
-0.5022331496062992
21
0.7392544488188976
0
LINE
8
BLACK
6
CONTINUOUS
10
-0.5022331496062992
20
0.7392544488188976
11
-0.5009031496062992
21
0.7442181889763779
0
LINE
8
BLACK
6
CONTINUOUS
10
-0.5009031496062992
20
0.7442181889763779
11
-0.4983337401574803
21
0.7486685433070865
0
LINE
8
BLACK
6
CONTINUOUS
10
-0.4983337401574803
20
0.7486685433070865
11
-0.4947000393700787
21
0.7523022440944882
0
LINE
8
BLACK
6
CONTINUOUS
10
-0.4947000393700787
20
0.7523022440944882
11
-0.4902496850393701
21
0.7548716535433071
0
LINE
8
BLACK
6
CONTINUOUS
10
-0.4902496850393701
20
0.7548716535433071
11
-0.4852859448818898
21
0.756201653543307
0
LINE
8
BLACK
6
CONTINUOUS
10
-0.4852859448818898
20
0.756201653543307
11
-0.480147125984252
21
0.756201653543307
0
LINE
8
BLACK
6
CONTINUOUS
10
-0.480147125984252
20
0.756201653543307
11
-0.4751833858267717
21
0.7548716535433071
0
LINE
8
BLACK
6
CONTINUOUS
10
-0.6952362204724409
20
0.7375905511811024
11
-0.7552362204724409
21
0.7375905511811024
0
LINE
8
BLACK
6
CONTINUOUS
10
-0.7552362204724409
20
0.7375905511811024
11
-0.7552362204724409
21
0.7975905511811023
0
LINE
8
BLACK
6
CONTINUOUS
10
-0.7552362204724409
20
0.7975905511811023
11
-0.6952362204724409
21
0.7975905511811023
0
LINE
8
BLACK
6
CONTINUOUS
10
-0.6952362204724409
20
0.7975905511811023
11
-0.6952362204724409
21
0.7375905511811024
0
LINE
8
BLACK
6
CONTINUOUS
10
-0.595236220472441
20
0.7375905511811024
11
-0.6552362204724409
21
0.7375905511811024
0
LINE
8
BLACK
6
CONTINUOUS
10
-0.6552362204724409
20
0.7375905511811024
11
-0.6552362204724409
21
0.7975905511811023
0
LINE
8
BLACK
6
CONTINUOUS
10
-0.6552362204724409
20
0.7975905511811023
11
-0.595236220472441
21
0.7975905511811023
0
LINE
8
BLACK
6
CONTINUOUS
10
-0.595236220472441
20
0.7975905511811023
11
-0.595236220472441
21
0.7375905511811024
0
LINE
8
BLACK
6
CONTINUOUS
10
-0.0974538976377953
20
0.8723531496062992
11
-0.0942607480314961
21
0.8702195669291338
0
LINE
8
BLACK
6
CONTINUOUS
10
-0.0942607480314961
20
0.8702195669291338
11
-0.0921271653543307
21
0.8670264173228346
0
LINE
8
BLACK
6
CONTINUOUS
10
-0.0921271653543307
20
0.8670264173228346
11
-0.0913779527559055
21
0.863259842519685
0
LINE
8
BLACK
6
CONTINUOUS
10
-0.0913779527559055
20
0.863259842519685
11
-0.0913779527559055
21
0.8258582677165354
0
LINE
8
BLACK
6
CONTINUOUS
10
-0.0913779527559055
20
0.8258582677165354
11
-0.0921271653543307
21
0.8220916929133858
0
LINE
8
BLACK
6
CONTINUOUS
10
-0.0921271653543307
20
0.8220916929133858
11
-0.0942607480314961
21
0.8188985433070866
0
LINE
8
BLACK
6
CONTINUOUS
10
-0.0942607480314961
20
0.8188985433070866
11
-0.0974538976377953
21
0.8167649606299212
0
LINE
8
BLACK
6
CONTINUOUS
10
-0.0974538976377953
20
0.8167649606299212
11
-0.1012204724409449
21
0.816015748031496
0
LINE
8
BLACK
6
CONTINUOUS
10
-0.1012204724409449
20
0.816015748031496
11
-0.1209055118110236
21
0.816015748031496
0
LINE
8
BLACK
6
CONTINUOUS
10
-0.1209055118110236
20
0.816015748031496
11
-0.1246720866141732
21
0.8167649606299212
0
LINE
8
BLACK
6
CONTINUOUS
10
-0.1246720866141732
20
0.8167649606299212
11
-0.1278652362204724
21
0.8188985433070866
0
LINE
8
BLACK
6
CONTINUOUS
10
-0.1278652362204724
20
0.8188985433070866
11
-0.1299988188976378
21
0.8220916929133858
0
LINE
8
BLACK
6
CONTINUOUS
10
-0.1299988188976378
20
0.8220916929133858
11
-0.130748031496063
21
0.8258582677165354
0
LINE
8
BLACK
6
CONTINUOUS
10
-0.130748031496063
20
0.8258582677165354
11
-0.130748031496063
21
0.863259842519685
0
LINE
8
BLACK
6
CONTINUOUS
10
-0.130748031496063
20
0.863259842519685
11
-0.1299988188976378
21
0.8670264173228346
0
LINE
8
BLACK
6
CONTINUOUS
10
-0.1299988188976378
20
0.8670264173228346
11
-0.1278652362204724
21
0.8702195669291338
0
LINE
8
BLACK
6
CONTINUOUS
10
-0.1278652362204724
20
0.8702195669291338
11
-0.1246720866141732
21
0.8723531496062992
0
LINE
8
BLACK
6
CONTINUOUS
10
-0.1246720866141732
20
0.8723531496062992
11
-0.1209055118110236
21
0.8731023622047244
0
LINE
8
BLACK
6
CONTINUOUS
10
-0.1209055118110236
20
0.8731023622047244
11
-0.1012204724409449
21
0.8731023622047244
0
LINE
8
BLACK
6
CONTINUOUS
10
-0.1012204724409449
20
0.8731023622047244
11
-0.0974538976377953
21
0.8723531496062992
0
LINE
8
BLACK
6
CONTINUOUS
10
-0.0226507480314961
20
0.8723531496062992
11
-0.0194575984251968
21
0.8702195669291338
0
LINE
8
BLACK
6
CONTINUOUS
10
-0.0194575984251968
20
0.8702195669291338
11
-0.0173240157480315
21
0.8670264173228346
0
LINE
8
BLACK
6
CONTINUOUS
10
-0.0173240157480315
20
0.8670264173228346
11
-0.0165748031496063
21
0.863259842519685
0
LINE
8
BLACK
6
CONTINUOUS
10
-0.0165748031496063
20
0.863259842519685
11
-0.0165748031496063
21
0.8258582677165354
0
LINE
8
BLACK
6
CONTINUOUS
10
-0.0165748031496063
20
0.8258582677165354
11
-0.0173240157480315
21
0.8220916929133858
0
LINE
8
BLACK
6
CONTINUOUS
10
-0.0173240157480315
20
0.8220916929133858
11
-0.0194575984251968
21
0.8188985433070866
0
LINE
8
BLACK
6
CONTINUOUS
10
-0.0194575984251968
20
0.8188985433070866
11
-0.0226507480314961
21
0.8167649606299212
0
LINE
8
BLACK
6
CONTINUOUS
10
-0.0226507480314961
20
0.8167649606299212
11
-0.0264173228346457
21
0.816015748031496
0
LINE
8
BLACK
6
CONTINUOUS
10
-0.0264173228346457
20
0.816015748031496
11
-0.0461023622047244
21
0.816015748031496
0
LINE
8
BLACK
6
CONTINUOUS
10
-0.0461023622047244
20
0.816015748031496
11
-0.049868937007874
21
0.8167649606299212
0
LINE
8
BLACK
6
CONTINUOUS
10
-0.049868937007874
20
0.8167649606299212
11
-0.0530620866141732
21
0.8188985433070866
0
LINE
8
BLACK
6
CONTINUOUS
10
-0.0530620866141732
20
0.8188985433070866
11
-0.0551956692913386
21
0.8220916929133858
0
LINE
8
BLACK
6
CONTINUOUS
10
-0.0551956692913386
20
0.8220916929133858
11
-0.0559448818897638
21
0.8258582677165354
0
LINE
8
BLACK
6
CONTINUOUS
10
-0.0559448818897638
20
0.8258582677165354
11
-0.0559448818897638
21
0.863259842519685
0
LINE
8
BLACK
6
CONTINUOUS
10
-0.0559448818897638
20
0.863259842519685
11
-0.0551956692913386
21
0.8670264173228346
0
LINE
8
BLACK
6
CONTINUOUS
10
-0.0551956692913386
20
0.8670264173228346
11
-0.0530620866141732
21
0.8702195669291338
0
LINE
8
BLACK
6
CONTINUOUS
10
-0.0530620866141732
20
0.8702195669291338
11
-0.049868937007874
21
0.8723531496062992
0
LINE
8
BLACK
6
CONTINUOUS
10
-0.049868937007874
20
0.8723531496062992
11
-0.0461023622047244
21
0.8731023622047244
0
LINE
8
BLACK
6
CONTINUOUS
10
-0.0461023622047244
20
0.8731023622047244
11
-0.0264173228346457
21
0.8731023622047244
0
LINE
8
BLACK
6
CONTINUOUS
10
-0.0264173228346457
20
0.8731023622047244
11
-0.0226507480314961
21
0.8723531496062992
0
LINE
8
BLACK
6
CONTINUOUS
10
-0.6952362204724409
20
0.8375905511811024
11
-0.7552362204724409
21
0.8375905511811024
0
LINE
8
BLACK
6
CONTINUOUS
10
-0.7552362204724409
20
0.8375905511811024
11
-0.7552362204724409
21
0.8975905511811023
0
LINE
8
BLACK
6
CONTINUOUS
10
-0.7552362204724409
20
0.8975905511811023
11
-0.6952362204724409
21
0.8975905511811023
0
LINE
8
BLACK
6
CONTINUOUS
10
-0.6952362204724409
20
0.8975905511811023
11
-0.6952362204724409
21
0.8375905511811024
0
LINE
8
BLACK
6
CONTINUOUS
10
-0.595236220472441
20
0.8375905511811024
11
-0.6552362204724409
21
0.8375905511811024
0
LINE
8
BLACK
6
CONTINUOUS
10
-0.6552362204724409
20
0.8375905511811024
11
-0.6552362204724409
21
0.8975905511811023
0
LINE
8
BLACK
6
CONTINUOUS
10
-0.6552362204724409
20
0.8975905511811023
11
-0.595236220472441
21
0.8975905511811023
0
LINE
8
BLACK
6
CONTINUOUS
10
-0.595236220472441
20
0.8975905511811023
11
-0.595236220472441
21
0.8375905511811024
0
LINE
8
BLACK
6
CONTINUOUS
10
-0.4751833858267717
20
0.8946354330708661
11
-0.470733031496063
21
0.8920660236220472
0
LINE
8
BLACK
6
CONTINUOUS
10
-0.470733031496063
20
0.8920660236220472
11
-0.4670993307086614
21
0.8884323228346457
0
LINE
8
BLACK
6
CONTINUOUS
10
-0.4670993307086614
20
0.8884323228346457
11
-0.4645299212598425
21
0.883981968503937
0
LINE
8
BLACK
6
CONTINUOUS
10
-0.4645299212598425
20
0.883981968503937
11
-0.4631999212598425
21
0.8790182283464567
0
LINE
8
BLACK
6
CONTINUOUS
10
-0.4631999212598425
20
0.8790182283464567
11
-0.4631999212598425
21
0.8738794094488189
0
LINE
8
BLACK
6
CONTINUOUS
10
-0.4631999212598425
20
0.8738794094488189
11
-0.4645299212598425
21
0.8689156692913386
0
LINE
8
BLACK
6
CONTINUOUS
10
-0.4645299212598425
20
0.8689156692913386
11
-0.4670993307086614
21
0.8644653149606299
0
LINE
8
BLACK
6
CONTINUOUS
10
-0.4670993307086614
20
0.8644653149606299
11
-0.470733031496063
21
0.8608316141732283
0
LINE
8
BLACK
6
CONTINUOUS
10
-0.470733031496063
20
0.8608316141732283
11
-0.4751833858267717
21
0.8582622047244094
0
LINE
8
BLACK
6
CONTINUOUS
10
-0.4751833858267717
20
0.8582622047244094
11
-0.480147125984252
21
0.8569322047244095
0
LINE
8
BLACK
6
CONTINUOUS
10
-0.480147125984252
20
0.8569322047244095
11
-0.4852859448818898
21
0.8569322047244095
0
LINE
8
BLACK
6
CONTINUOUS
10
-0.4852859448818898
20
0.8569322047244095
11
-0.4902496850393701
21
0.8582622047244094
0
LINE
8
BLACK
6
CONTINUOUS
10
-0.4902496850393701
20
0.8582622047244094
11
-0.4947000393700787
21
0.8608316141732283
0
LINE
8
BLACK
6
CONTINUOUS
10
-0.4947000393700787
20
0.8608316141732283
11
-0.4983337401574803
21
0.8644653149606299
0
LINE
8
BLACK
6
CONTINUOUS
10
-0.4983337401574803
20
0.8644653149606299
11
-0.5009031496062992
21
0.8689156692913386
0
LINE
8
BLACK
6
CONTINUOUS
10
-0.5009031496062992
20
0.8689156692913386
11
-0.5022331496062992
21
0.8738794094488189
0
LINE
8
BLACK
6
CONTINUOUS
10
-0.5022331496062992
20
0.8738794094488189
11
-0.5022331496062992
21
0.8790182283464567
0
LINE
8
BLACK
6
CONTINUOUS
10
-0.5022331496062992
20
0.8790182283464567
11
-0.5009031496062992
21
0.883981968503937
0
LINE
8
BLACK
6
CONTINUOUS
10
-0.5009031496062992
20
0.883981968503937
11
-0.4983337401574803
21
0.8884323228346457
0
LINE
8
BLACK
6
CONTINUOUS
10
-0.4983337401574803
20
0.8884323228346457
11
-0.4947000393700787
21
0.8920660236220472
0
LINE
8
BLACK
6
CONTINUOUS
10
-0.4947000393700787
20
0.8920660236220472
11
-0.4902496850393701
21
0.8946354330708661
0
LINE
8
BLACK
6
CONTINUOUS
10
-0.4902496850393701
20
0.8946354330708661
11
-0.4852859448818898
21
0.8959654330708661
0
LINE
8
BLACK
6
CONTINUOUS
10
-0.4852859448818898
20
0.8959654330708661
11
-0.480147125984252
21
0.8959654330708661
0
LINE
8
BLACK
6
CONTINUOUS
10
-0.480147125984252
20
0.8959654330708661
11
-0.4751833858267717
21
0.8946354330708661
0
LINE
8
BLACK
6
CONTINUOUS
10
-1.7924668503937007
20
2.922911023622047
11
-1.7880164960629921
21
2.9203416141732284
0
LINE
8
BLACK
6
CONTINUOUS
10
-1.7880164960629921
20
2.9203416141732284
11
-1.7843827952755904
21
2.9167079133858267
0
LINE
8
BLACK
6
CONTINUOUS
10
-1.7843827952755904
20
2.9167079133858267
11
-1.7818133858267715
21
2.9122575590551181
0
LINE
8
BLACK
6
CONTINUOUS
10
-1.7818133858267715
20
2.9122575590551181
11
-1.7804833858267717
21
2.9072938188976378
0
LINE
8
BLACK
6
CONTINUOUS
10
-1.7804833858267717
20
2.9072938188976378
11
-1.7804833858267717
21
2.902155
0
LINE
8
BLACK
6
CONTINUOUS
10
-1.7804833858267717
20
2.902155
11
-1.7818133858267715
21
2.8971912598425198
0
LINE
8
BLACK
6
CONTINUOUS
10
-1.7818133858267715
20
2.8971912598425198
11
-1.7843827952755904
21
2.8927409055118112
0
LINE
8
BLACK
6
CONTINUOUS
10
-1.7843827952755904
20
2.8927409055118112
11
-1.7880164960629921
21
2.8891072047244095
0
LINE
8
BLACK
6
CONTINUOUS
10
-1.7880164960629921
20
2.8891072047244095
11
-1.7924668503937007
21
2.8865377952755904
0
LINE
8
BLACK
6
CONTINUOUS
10
-1.7924668503937007
20
2.8865377952755904
11
-1.7974305905511812
21
2.8852077952755906
0
LINE
8
BLACK
6
CONTINUOUS
10
-1.7974305905511812
20
2.8852077952755906
11
-1.8025694094488189
21
2.8852077952755906
0
LINE
8
BLACK
6
CONTINUOUS
10
-1.8025694094488189
20
2.8852077952755906
11
-1.8075331496062992
21
2.8865377952755904
0
LINE
8
BLACK
6
CONTINUOUS
10
-1.8075331496062992
20
2.8865377952755904
11
-1.8119835039370078
21
2.8891072047244095
0
LINE
8
BLACK
6
CONTINUOUS
10
-1.8119835039370078
20
2.8891072047244095
11
-1.8156172047244095
21
2.8927409055118112
0
LINE
8
BLACK
6
CONTINUOUS
10
-1.8156172047244095
20
2.8927409055118112
11
-1.8181866141732284
21
2.8971912598425198
0
LINE
8
BLACK
6
CONTINUOUS
10
-1.8181866141732284
20
2.8971912598425198
11
-1.8195166141732284
21
2.902155
0
LINE
8
BLACK
6
CONTINUOUS
10
-1.8195166141732284
20
2.902155
11
-1.8195166141732284
21
2.9072938188976378
0
LINE
8
BLACK
6
CONTINUOUS
10
-1.8195166141732284
20
2.9072938188976378
11
-1.8181866141732284
21
2.9122575590551181
0
LINE
8
BLACK
6
CONTINUOUS
10
-1.8181866141732284
20
2.9122575590551181
11
-1.8156172047244095
21
2.9167079133858267
0
LINE
8
BLACK
6
CONTINUOUS
10
-1.8156172047244095
20
2.9167079133858267
11
-1.8119835039370078
21
2.9203416141732284
0
LINE
8
BLACK
6
CONTINUOUS
10
-1.8119835039370078
20
2.9203416141732284
11
-1.8075331496062992
21
2.922911023622047
0
LINE
8
BLACK
6
CONTINUOUS
10
-1.8075331496062992
20
2.922911023622047
11
-1.8025694094488189
21
2.9242410236220473
0
LINE
8
BLACK
6
CONTINUOUS
10
-1.8025694094488189
20
2.9242410236220473
11
-1.7974305905511812
21
2.9242410236220473
0
LINE
8
BLACK
6
CONTINUOUS
10
-1.7974305905511812
20
2.9242410236220473
11
-1.7924668503937007
21
2.922911023622047
0
LINE
8
BLACK
6
CONTINUOUS
10
-1.8940506299212598
20
2.982137559055118
11
-1.8918781889763778
21
2.9799651181102362
0
LINE
8
BLACK
6
CONTINUOUS
10
-1.8918781889763778
20
2.9799651181102362
11
-1.8907024803149606
21
2.9771266929133859
0
LINE
8
BLACK
6
CONTINUOUS
10
-1.8907024803149606
20
2.9771266929133859
11
-1.8907024803149606
21
2.974054409448819
0
LINE
8
BLACK
6
CONTINUOUS
10
-1.8907024803149606
20
2.974054409448819
11
-1.8918781889763778
21
2.9712159842519683
0
LINE
8
BLACK
6
CONTINUOUS
10
-1.8918781889763778
20
2.9712159842519683
11
-1.8940506299212598
21
2.9690435433070865
0
LINE
8
BLACK
6
CONTINUOUS
10
-1.8940506299212598
20
2.9690435433070865
11
-1.8968890551181101
21
2.9678678346456691
0
LINE
8
BLACK
6
CONTINUOUS
10
-1.8968890551181101
20
2.9678678346456691
11
-1.899961338582677
21
2.9678678346456691
0
LINE
8
BLACK
6
CONTINUOUS
10
-1.899961338582677
20
2.9678678346456691
11
-1.9027997637795275
21
2.9690435433070865
0
LINE
8
BLACK
6
CONTINUOUS
10
-1.9027997637795275
20
2.9690435433070865
11
-1.9049722047244093
21
2.9712159842519683
0
LINE
8
BLACK
6
CONTINUOUS
10
-1.9049722047244093
20
2.9712159842519683
11
-1.9061479133858268
21
2.974054409448819
0
LINE
8
BLACK
6
CONTINUOUS
10
-1.9061479133858268
20
2.974054409448819
11
-1.9061479133858268
21
2.9771266929133859
0
LINE
8
BLACK
6
CONTINUOUS
10
-1.9061479133858268
20
2.9771266929133859
11
-1.9049722047244093
21
2.9799651181102362
0
LINE
8
BLACK
6
CONTINUOUS
10
-1.9049722047244093
20
2.9799651181102362
11
-1.9027997637795275
21
2.982137559055118
0
LINE
8
BLACK
6
CONTINUOUS
10
-1.9027997637795275
20
2.982137559055118
11
-1.899961338582677
21
2.9833132677165355
0
LINE
8
BLACK
6
CONTINUOUS
10
-1.899961338582677
20
2.9833132677165355
11
-1.8968890551181101
21
2.9833132677165355
0
LINE
8
BLACK
6
CONTINUOUS
10
-1.8968890551181101
20
2.9833132677165355
11
-1.8940506299212598
21
2.982137559055118
0
LINE
8
BLACK
6
CONTINUOUS
10
-2.2806558267716537
20
3.0961393700787401
11
-2.2762054724409446
21
3.0935699606299214
0
LINE
8
BLACK
6
CONTINUOUS
10
-2.2762054724409446
20
3.0935699606299214
11
-2.2725717716535434
21
3.0899362598425197
0
LINE
8
BLACK
6
CONTINUOUS
10
-2.2725717716535434
20
3.0899362598425197
11
-2.2700023622047243
21
3.0854859055118111
0
LINE
8
BLACK
6
CONTINUOUS
10
-2.2700023622047243
20
3.0854859055118111
11
-2.2686723622047245
21
3.0805221653543304
0
LINE
8
BLACK
6
CONTINUOUS
10
-2.2686723622047245
20
3.0805221653543304
11
-2.2686723622047245
21
3.0753833464566926
0
LINE
8
BLACK
6
CONTINUOUS
10
-2.2686723622047245
20
3.0753833464566926
11
-2.2700023622047243
21
3.0704196062992124
0
LINE
8
BLACK
6
CONTINUOUS
10
-2.2700023622047243
20
3.0704196062992124
11
-2.2725717716535434
21
3.0659692519685038
0
LINE
8
BLACK
6
CONTINUOUS
10
-2.2725717716535434
20
3.0659692519685038
11
-2.2762054724409446
21
3.0623355511811021
0
LINE
8
BLACK
6
CONTINUOUS
10
-2.2762054724409446
20
3.0623355511811021
11
-2.2806558267716537
21
3.0597661417322835
0
LINE
8
BLACK
6
CONTINUOUS
10
-2.2806558267716537
20
3.0597661417322835
11
-2.2856195669291339
21
3.0584361417322832
0
LINE
8
BLACK
6
CONTINUOUS
10
-2.2856195669291339
20
3.0584361417322832
11
-2.2907583858267717
21
3.0584361417322832
0
LINE
8
BLACK
6
CONTINUOUS
10
-2.2907583858267717
20
3.0584361417322832
11
-2.295722125984252
21
3.0597661417322835
0
LINE
8
BLACK
6
CONTINUOUS
10
-2.295722125984252
20
3.0597661417322835
11
-2.3001724803149606
21
3.0623355511811021
0
LINE
8
BLACK
6
CONTINUOUS
10
-2.3001724803149606
20
3.0623355511811021
11
-2.3038061811023622
21
3.0659692519685038
0
LINE
8
BLACK
6
CONTINUOUS
10
-2.3038061811023622
20
3.0659692519685038
11
-2.3063755905511809
21
3.0704196062992124
0
LINE
8
BLACK
6
CONTINUOUS
10
-2.3063755905511809
20
3.0704196062992124
11
-2.3077055905511812
21
3.0753833464566926
0
LINE
8
BLACK
6
CONTINUOUS
10
-2.3077055905511812
20
3.0753833464566926
11
-2.3077055905511812
21
3.0805221653543304
0
LINE
8
BLACK
6
CONTINUOUS
10
-2.3077055905511812
20
3.0805221653543304
11
-2.3063755905511809
21
3.0854859055118111
0
LINE
8
BLACK
6
CONTINUOUS
10
-2.3063755905511809
20
3.0854859055118111
11
-2.3038061811023622
21
3.0899362598425197
0
LINE
8
BLACK
6
CONTINUOUS
10
-2.3038061811023622
20
3.0899362598425197
11
-2.3001724803149606
21
3.0935699606299214
0
LINE
8
BLACK
6
CONTINUOUS
10
-2.3001724803149606
20
3.0935699606299214
11
-2.295722125984252
21
3.0961393700787401
0
LINE
8
BLACK
6
CONTINUOUS
10
-2.295722125984252
20
3.0961393700787401
11
-2.2907583858267717
21
3.0974693700787399
0
LINE
8
BLACK
6
CONTINUOUS
10
-2.2907583858267717
20
3.0974693700787399
11
-2.2856195669291339
21
3.0974693700787399
0
LINE
8
BLACK
6
CONTINUOUS
10
-2.2856195669291339
20
3.0974693700787399
11
-2.2806558267716537
21
3.0961393700787401
0
LINE
8
BLACK
6
CONTINUOUS
10
-1.9255466929133858
20
3.0963107874015749
11
-1.923374251968504
21
3.0941383464566927
0
LINE
8
BLACK
6
CONTINUOUS
10
-1.923374251968504
20
3.0941383464566927
11
-1.9221985433070865
21
3.0912999212598424
0
LINE
8
BLACK
6
CONTINUOUS
10
-1.9221985433070865
20
3.0912999212598424
11
-1.9221985433070865
21
3.0882276377952755
0
LINE
8
BLACK
6
CONTINUOUS
10
-1.9221985433070865
20
3.0882276377952755
11
-1.923374251968504
21
3.0853892125984252
0
LINE
8
BLACK
6
CONTINUOUS
10
-1.923374251968504
20
3.0853892125984252
11
-1.9255466929133858
21
3.083216771653543
0
LINE
8
BLACK
6
CONTINUOUS
10
-1.9255466929133858
20
3.083216771653543
11
-1.9283851181102363
21
3.082041062992126
0
LINE
8
BLACK
6
CONTINUOUS
10
-1.9283851181102363
20
3.082041062992126
11
-1.9314574015748032
21
3.082041062992126
0
LINE
8
BLACK
6
CONTINUOUS
10
-1.9314574015748032
20
3.082041062992126
11
-1.9342958267716535
21
3.083216771653543
0
LINE
8
BLACK
6
CONTINUOUS
10
-1.9342958267716535
20
3.083216771653543
11
-1.9364682677165355
21
3.0853892125984252
0
LINE
8
BLACK
6
CONTINUOUS
10
-1.9364682677165355
20
3.0853892125984252
11
-1.9376439763779527
21
3.0882276377952755
0
LINE
8
BLACK
6
CONTINUOUS
10
-1.9376439763779527
20
3.0882276377952755
11
-1.9376439763779527
21
3.0912999212598424
0
LINE
8
BLACK
6
CONTINUOUS
10
-1.9376439763779527
20
3.0912999212598424
11
-1.9364682677165355
21
3.0941383464566927
0
LINE
8
BLACK
6
CONTINUOUS
10
-1.9364682677165355
20
3.0941383464566927
11
-1.9342958267716535
21
3.0963107874015749
0
LINE
8
BLACK
6
CONTINUOUS
10
-1.9342958267716535
20
3.0963107874015749
11
-1.9314574015748032
21
3.097486496062992
0
LINE
8
BLACK
6
CONTINUOUS
10
-1.9314574015748032
20
3.097486496062992
11
-1.9283851181102363
21
3.097486496062992
0
LINE
8
BLACK
6
CONTINUOUS
10
-1.9283851181102363
20
3.097486496062992
11
-1.9255466929133858
21
3.0963107874015749
0
LINE
8
BLACK
6
CONTINUOUS
10
-1.8861766141732283
20
3.0963107874015749
11
-1.8840041732283463
21
3.0941383464566927
0
LINE
8
BLACK
6
CONTINUOUS
10
-1.8840041732283463
20
3.0941383464566927
11
-1.8828284645669291
21
3.0912999212598424
0
LINE
8
BLACK
6
CONTINUOUS
10
-1.8828284645669291
20
3.0912999212598424
11
-1.8828284645669291
21
3.0882276377952755
0
LINE
8
BLACK
6
CONTINUOUS
10
-1.8828284645669291
20
3.0882276377952755
11
-1.8840041732283463
21
3.0853892125984252
0
LINE
8
BLACK
6
CONTINUOUS
10
-1.8840041732283463
20
3.0853892125984252
11
-1.8861766141732283
21
3.083216771653543
0
LINE
8
BLACK
6
CONTINUOUS
10
-1.8861766141732283
20
3.083216771653543
11
-1.8890150393700786
21
3.082041062992126
0
LINE
8
BLACK
6
CONTINUOUS
10
-1.8890150393700786
20
3.082041062992126
11
-1.8920873228346455
21
3.082041062992126
0
LINE
8
BLACK
6
CONTINUOUS
10
-1.8920873228346455
20
3.082041062992126
11
-1.894925748031496
21
3.083216771653543
0
LINE
8
BLACK
6
CONTINUOUS
10
-1.894925748031496
20
3.083216771653543
11
-1.8970981889763778
21
3.0853892125984252
0
LINE
8
BLACK
6
CONTINUOUS
10
-1.8970981889763778
20
3.0853892125984252
11
-1.8982738976377953
21
3.0882276377952755
0
LINE
8
BLACK
6
CONTINUOUS
10
-1.8982738976377953
20
3.0882276377952755
11
-1.8982738976377953
21
3.0912999212598424
0
LINE
8
BLACK
6
CONTINUOUS
10
-1.8982738976377953
20
3.0912999212598424
11
-1.8970981889763778
21
3.0941383464566927
0
LINE
8
BLACK
6
CONTINUOUS
10
-1.8970981889763778
20
3.0941383464566927
11
-1.894925748031496
21
3.0963107874015749
0
LINE
8
BLACK
6
CONTINUOUS
10
-1.894925748031496
20
3.0963107874015749
11
-1.8920873228346455
21
3.097486496062992
0
LINE
8
BLACK
6
CONTINUOUS
10
-1.8920873228346455
20
3.097486496062992
11
-1.8890150393700786
21
3.097486496062992
0
LINE
8
BLACK
6
CONTINUOUS
10
-1.8890150393700786
20
3.097486496062992
11
-1.8861766141732283
21
3.0963107874015749
0
LINE
8
BLACK
6
CONTINUOUS
10
-1.8468065354330707
20
3.0963107874015749
11
-1.8446340944881889
21
3.0941383464566927
0
LINE
8
BLACK
6
CONTINUOUS
10
-1.8446340944881889
20
3.0941383464566927
11
-1.8434583858267717
21
3.0912999212598424
0
LINE
8
BLACK
6
CONTINUOUS
10
-1.8434583858267717
20
3.0912999212598424
11
-1.8434583858267717
21
3.0882276377952755
0
LINE
8
BLACK
6
CONTINUOUS
10
-1.8434583858267717
20
3.0882276377952755
11
-1.8446340944881889
21
3.0853892125984252
0
LINE
8
BLACK
6
CONTINUOUS
10
-1.8446340944881889
20
3.0853892125984252
11
-1.8468065354330707
21
3.083216771653543
0
LINE
8
BLACK
6
CONTINUOUS
10
-1.8468065354330707
20
3.083216771653543
11
-1.8496449606299212
21
3.082041062992126
0
LINE
8
BLACK
6
CONTINUOUS
10
-1.8496449606299212
20
3.082041062992126
11
-1.8527172440944881
21
3.082041062992126
0
LINE
8
BLACK
6
CONTINUOUS
10
-1.8527172440944881
20
3.082041062992126
11
-1.8555556692913386
21
3.083216771653543
0
LINE
8
BLACK
6
CONTINUOUS
10
-1.8555556692913386
20
3.083216771653543
11
-1.8577281102362204
21
3.0853892125984252
0
LINE
8
BLACK
6
CONTINUOUS
10
-1.8577281102362204
20
3.0853892125984252
11
-1.8589038188976377
21
3.0882276377952755
0
LINE
8
BLACK
6
CONTINUOUS
10
-1.8589038188976377
20
3.0882276377952755
11
-1.8589038188976377
21
3.0912999212598424
0
LINE
8
BLACK
6
CONTINUOUS
10
-1.8589038188976377
20
3.0912999212598424
11
-1.8577281102362204
21
3.0941383464566927
0
LINE
8
BLACK
6
CONTINUOUS
10
-1.8577281102362204
20
3.0941383464566927
11
-1.8555556692913386
21
3.0963107874015749
0
LINE
8
BLACK
6
CONTINUOUS
10
-1.8555556692913386
20
3.0963107874015749
11
-1.8527172440944881
21
3.097486496062992
0
LINE
8
BLACK
6
CONTINUOUS
10
-1.8527172440944881
20
3.097486496062992
11
-1.8496449606299212
21
3.097486496062992
0
LINE
8
BLACK
6
CONTINUOUS
10
-1.8496449606299212
20
3.097486496062992
11
-1.8468065354330707
21
3.0963107874015749
0
LINE
8
BLACK
6
CONTINUOUS
10
-1.8074364566929133
20
3.0963107874015749
11
-1.8052640157480315
21
3.0941383464566927
0
LINE
8
BLACK
6
CONTINUOUS
10
-1.8052640157480315
20
3.0941383464566927
11
-1.8040883070866141
21
3.0912999212598424
0
LINE
8
BLACK
6
CONTINUOUS
10
-1.8040883070866141
20
3.0912999212598424
11
-1.8040883070866141
21
3.0882276377952755
0
LINE
8
BLACK
6
CONTINUOUS
10
-1.8040883070866141
20
3.0882276377952755
11
-1.8052640157480315
21
3.0853892125984252
0
LINE
8
BLACK
6
CONTINUOUS
10
-1.8052640157480315
20
3.0853892125984252
11
-1.8074364566929133
21
3.083216771653543
0
LINE
8
BLACK
6
CONTINUOUS
10
-1.8074364566929133
20
3.083216771653543
11
-1.8102748818897638
21
3.082041062992126
0
LINE
8
BLACK
6
CONTINUOUS
10
-1.8102748818897638
20
3.082041062992126
11
-1.8133471653543307
21
3.082041062992126
0
LINE
8
BLACK
6
CONTINUOUS
10
-1.8133471653543307
20
3.082041062992126
11
-1.816185590551181
21
3.083216771653543
0
LINE
8
BLACK
6
CONTINUOUS
10
-1.816185590551181
20
3.083216771653543
11
-1.818358031496063
21
3.0853892125984252
0
LINE
8
BLACK
6
CONTINUOUS
10
-1.818358031496063
20
3.0853892125984252
11
-1.8195337401574803
21
3.0882276377952755
0
LINE
8
BLACK
6
CONTINUOUS
10
-1.8195337401574803
20
3.0882276377952755
11
-1.8195337401574803
21
3.0912999212598424
0
LINE
8
BLACK
6
CONTINUOUS
10
-1.8195337401574803
20
3.0912999212598424
11
-1.818358031496063
21
3.0941383464566927
0
LINE
8
BLACK
6
CONTINUOUS
10
-1.818358031496063
20
3.0941383464566927
11
-1.816185590551181
21
3.0963107874015749
0
LINE
8
BLACK
6
CONTINUOUS
10
-1.816185590551181
20
3.0963107874015749
11
-1.8133471653543307
21
3.097486496062992
0
LINE
8
BLACK
6
CONTINUOUS
10
-1.8133471653543307
20
3.097486496062992
11
-1.8102748818897638
21
3.097486496062992
0
LINE
8
BLACK
6
CONTINUOUS
10
-1.8102748818897638
20
3.097486496062992
11
-1.8074364566929133
21
3.0963107874015749
0
LINE
8
BLACK
6
CONTINUOUS
10
-1.7680663779527559
20
3.0963107874015749
11
-1.7658939370078739
21
3.0941383464566927
0
LINE
8
BLACK
6
CONTINUOUS
10
-1.7658939370078739
20
3.0941383464566927
11
-1.7647182283464566
21
3.0912999212598424
0
LINE
8
BLACK
6
CONTINUOUS
10
-1.7647182283464566
20
3.0912999212598424
11
-1.7647182283464566
21
3.0882276377952755
0
LINE
8
BLACK
6
CONTINUOUS
10
-1.7647182283464566
20
3.0882276377952755
11
-1.7658939370078739
21
3.0853892125984252
0
LINE
8
BLACK
6
CONTINUOUS
10
-1.7658939370078739
20
3.0853892125984252
11
-1.7680663779527559
21
3.083216771653543
0
LINE
8
BLACK
6
CONTINUOUS
10
-1.7680663779527559
20
3.083216771653543
11
-1.7709048031496062
21
3.082041062992126
0
LINE
8
BLACK
6
CONTINUOUS
10
-1.7709048031496062
20
3.082041062992126
11
-1.7739770866141731
21
3.082041062992126
0
LINE
8
BLACK
6
CONTINUOUS
10
-1.7739770866141731
20
3.082041062992126
11
-1.7768155118110236
21
3.083216771653543
0
LINE
8
BLACK
6
CONTINUOUS
10
-1.7768155118110236
20
3.083216771653543
11
-1.7789879527559054
21
3.0853892125984252
0
LINE
8
BLACK
6
CONTINUOUS
10
-1.7789879527559054
20
3.0853892125984252
11
-1.7801636614173229
21
3.0882276377952755
0
LINE
8
BLACK
6
CONTINUOUS
10
-1.7801636614173229
20
3.0882276377952755
11
-1.7801636614173229
21
3.0912999212598424
0
LINE
8
BLACK
6
CONTINUOUS
10
-1.7801636614173229
20
3.0912999212598424
11
-1.7789879527559054
21
3.0941383464566927
0
LINE
8
BLACK
6
CONTINUOUS
10
-1.7789879527559054
20
3.0941383464566927
11
-1.7768155118110236
21
3.0963107874015749
0
LINE
8
BLACK
6
CONTINUOUS
10
-1.7768155118110236
20
3.0963107874015749
11
-1.7739770866141731
21
3.097486496062992
0
LINE
8
BLACK
6
CONTINUOUS
10
-1.7739770866141731
20
3.097486496062992
11
-1.7709048031496062
21
3.097486496062992
0
LINE
8
BLACK
6
CONTINUOUS
10
-1.7709048031496062
20
3.097486496062992
11
-1.7680663779527559
21
3.0963107874015749
0
LINE
8
BLACK
6
CONTINUOUS
10
-2.0790899999999999
20
3.1002477952755907
11
-2.0769175590551181
21
3.0980753543307085
0
LINE
8
BLACK
6
CONTINUOUS
10
-2.0769175590551181
20
3.0980753543307085
11
-2.0757418503937006
21
3.0952369291338582
0
LINE
8
BLACK
6
CONTINUOUS
10
-2.0757418503937006
20
3.0952369291338582
11
-2.0757418503937006
21
3.0921646456692913
0
LINE
8
BLACK
6
CONTINUOUS
10
-2.0757418503937006
20
3.0921646456692913
11
-2.0769175590551181
21
3.089326220472441
0
LINE
8
BLACK
6
CONTINUOUS
10
-2.0769175590551181
20
3.089326220472441
11
-2.0790899999999999
21
3.0871537795275592
0
LINE
8
BLACK
6
CONTINUOUS
10
-2.0790899999999999
20
3.0871537795275592
11
-2.0819284251968502
21
3.0859780708661417
0
LINE
8
BLACK
6
CONTINUOUS
10
-2.0819284251968502
20
3.0859780708661417
11
-2.0850007086614171
21
3.0859780708661417
0
LINE
8
BLACK
6
CONTINUOUS
10
-2.0850007086614171
20
3.0859780708661417
11
-2.0878391338582678
21
3.0871537795275592
0
LINE
8
BLACK
6
CONTINUOUS
10
-2.0878391338582678
20
3.0871537795275592
11
-2.0900115748031496
21
3.089326220472441
0
LINE
8
BLACK
6
CONTINUOUS
10
-2.0900115748031496
20
3.089326220472441
11
-2.0911872834645671
21
3.0921646456692913
0
LINE
8
BLACK
6
CONTINUOUS
10
-2.0911872834645671
20
3.0921646456692913
11
-2.0911872834645671
21
3.0952369291338582
0
LINE
8
BLACK
6
CONTINUOUS
10
-2.0911872834645671
20
3.0952369291338582
11
-2.0900115748031496
21
3.0980753543307085
0
LINE
8
BLACK
6
CONTINUOUS
10
-2.0900115748031496
20
3.0980753543307085
11
-2.0878391338582678
21
3.1002477952755907
0
LINE
8
BLACK
6
CONTINUOUS
10
-2.0878391338582678
20
3.1002477952755907
11
-2.0850007086614171
21
3.1014235039370077
0
LINE
8
BLACK
6
CONTINUOUS
10
-2.0850007086614171
20
3.1014235039370077
11
-2.0819284251968502
21
3.1014235039370077
0
LINE
8
BLACK
6
CONTINUOUS
10
-2.0819284251968502
20
3.1014235039370077
11
-2.0790899999999999
21
3.1002477952755907
0
LINE
8
BLACK
6
CONTINUOUS
10
-2.0011372440944881
20
3.1396178740157481
11
-1.9989648031496063
21
3.1374454330708659
0
LINE
8
BLACK
6
CONTINUOUS
10
-1.9989648031496063
20
3.1374454330708659
11
-1.9977890944881889
21
3.1346070078740156
0
LINE
8
BLACK
6
CONTINUOUS
10
-1.9977890944881889
20
3.1346070078740156
11
-1.9977890944881889
21
3.1315347244094487
0
LINE
8
BLACK
6
CONTINUOUS
10
-1.9977890944881889
20
3.1315347244094487
11
-1.9989648031496063
21
3.1286962992125984
0
LINE
8
BLACK
6
CONTINUOUS
10
-1.9989648031496063
20
3.1286962992125984
11
-2.0011372440944881
21
3.1265238582677166
0
LINE
8
BLACK
6
CONTINUOUS
10
-2.0011372440944881
20
3.1265238582677166
11
-2.0039756692913384
21
3.1253481496062991
0
LINE
8
BLACK
6
CONTINUOUS
10
-2.0039756692913384
20
3.1253481496062991
11
-2.0070479527559053
21
3.1253481496062991
0
LINE
8
BLACK
6
CONTINUOUS
10
-2.0070479527559053
20
3.1253481496062991
11
-2.009886377952756
21
3.1265238582677166
0
LINE
8
BLACK
6
CONTINUOUS
10
-2.009886377952756
20
3.1265238582677166
11
-2.0120588188976378
21
3.1286962992125984
0
LINE
8
BLACK
6
CONTINUOUS
10
-2.0120588188976378
20
3.1286962992125984
11
-2.0132345275590549
21
3.1315347244094487
0
LINE
8
BLACK
6
CONTINUOUS
10
-2.0132345275590549
20
3.1315347244094487
11
-2.0132345275590549
21
3.1346070078740156
0
LINE
8
BLACK
6
CONTINUOUS
10
-2.0132345275590549
20
3.1346070078740156
11
-2.0120588188976378
21
3.1374454330708659
0
LINE
8
BLACK
6
CONTINUOUS
10
-2.0120588188976378
20
3.1374454330708659
11
-2.009886377952756
21
3.1396178740157481
0
LINE
8
BLACK
6
CONTINUOUS
10
-2.009886377952756
20
3.1396178740157481
11
-2.0070479527559053
21
3.1407935826771651
0
LINE
8
BLACK
6
CONTINUOUS
10
-2.0070479527559053
20
3.1407935826771651
11
-2.0039756692913384
21
3.1407935826771651
0
LINE
8
BLACK
6
CONTINUOUS
10
-2.0039756692913384
20
3.1407935826771651
11
-2.0011372440944881
21
3.1396178740157481
0
LINE
8
BLACK
6
CONTINUOUS
10
-1.7050742519685038
20
3.1435548818897638
11
-1.702901811023622
21
3.1413824409448816
0
LINE
8
BLACK
6
CONTINUOUS
10
-1.702901811023622
20
3.1413824409448816
11
-1.7017261023622048
21
3.1385440157480313
0
LINE
8
BLACK
6
CONTINUOUS
10
-1.7017261023622048
20
3.1385440157480313
11
-1.7017261023622048
21
3.1354717322834644
0
LINE
8
BLACK
6
CONTINUOUS
10
-1.7017261023622048
20
3.1354717322834644
11
-1.702901811023622
21
3.1326333070866141
0
LINE
8
BLACK
6
CONTINUOUS
10
-1.702901811023622
20
3.1326333070866141
11
-1.7050742519685038
21
3.1304608661417324
0
LINE
8
BLACK
6
CONTINUOUS
10
-1.7050742519685038
20
3.1304608661417324
11
-1.7079126771653543
21
3.1292851574803149
0
LINE
8
BLACK
6
CONTINUOUS
10
-1.7079126771653543
20
3.1292851574803149
11
-1.7109849606299212
21
3.1292851574803149
0
LINE
8
BLACK
6
CONTINUOUS
10
-1.7109849606299212
20
3.1292851574803149
11
-1.7138233858267715
21
3.1304608661417324
0
LINE
8
BLACK
6
CONTINUOUS
10
-1.7138233858267715
20
3.1304608661417324
11
-1.7159958267716535
21
3.1326333070866141
0
LINE
8
BLACK
6
CONTINUOUS
10
-1.7159958267716535
20
3.1326333070866141
11
-1.7171715354330708
21
3.1354717322834644
0
LINE
8
BLACK
6
CONTINUOUS
10
-1.7171715354330708
20
3.1354717322834644
11
-1.7171715354330708
21
3.1385440157480313
0
LINE
8
BLACK
6
CONTINUOUS
10
-1.7171715354330708
20
3.1385440157480313
11
-1.7159958267716535
21
3.1413824409448816
0
LINE
8
BLACK
6
CONTINUOUS
10
-1.7159958267716535
20
3.1413824409448816
11
-1.7138233858267715
21
3.1435548818897638
0
LINE
8
BLACK
6
CONTINUOUS
10
-1.7138233858267715
20
3.1435548818897638
11
-1.7109849606299212
21
3.1447305905511809
0
LINE
8
BLACK
6
CONTINUOUS
10
-1.7109849606299212
20
3.1447305905511809
11
-1.7079126771653543
21
3.1447305905511809
0
LINE
8
BLACK
6
CONTINUOUS
10
-1.7079126771653543
20
3.1447305905511809
11
-1.7050742519685038
21
3.1435548818897638
0
LINE
8
BLACK
6
CONTINUOUS
10
-2.138145118110236
20
3.1642241732283463
11
-2.1359726771653542
21
3.1620517322834645
0
LINE
8
BLACK
6
CONTINUOUS
10
-2.1359726771653542
20
3.1620517322834645
11
-2.1347969685039367
21
3.1592133070866142
0
LINE
8
BLACK
6
CONTINUOUS
10
-2.1347969685039367
20
3.1592133070866142
11
-2.1347969685039367
21
3.1561410236220473
0
LINE
8
BLACK
6
CONTINUOUS
10
-2.1347969685039367
20
3.1561410236220473
11
-2.1359726771653542
21
3.1533025984251966
0
LINE
8
BLACK
6
CONTINUOUS
10
-2.1359726771653542
20
3.1533025984251966
11
-2.138145118110236
21
3.1511301574803148
0
LINE
8
BLACK
6
CONTINUOUS
10
-2.138145118110236
20
3.1511301574803148
11
-2.1409835433070867
21
3.1499544488188977
0
LINE
8
BLACK
6
CONTINUOUS
10
-2.1409835433070867
20
3.1499544488188977
11
-2.1440558267716536
21
3.1499544488188977
0
LINE
8
BLACK
6
CONTINUOUS
10
-2.1440558267716536
20
3.1499544488188977
11
-2.1468942519685039
21
3.1511301574803148
0
LINE
8
BLACK
6
CONTINUOUS
10
-2.1468942519685039
20
3.1511301574803148
11
-2.1490666929133857
21
3.1533025984251966
0
LINE
8
BLACK
6
CONTINUOUS
10
-2.1490666929133857
20
3.1533025984251966
11
-2.1502424015748032
21
3.1561410236220473
0
LINE
8
BLACK
6
CONTINUOUS
10
-2.1502424015748032
20
3.1561410236220473
11
-2.1502424015748032
21
3.1592133070866142
0
LINE
8
BLACK
6
CONTINUOUS
10
-2.1502424015748032
20
3.1592133070866142
11
-2.1490666929133857
21
3.1620517322834645
0
LINE
8
BLACK
6
CONTINUOUS
10
-2.1490666929133857
20
3.1620517322834645
11
-2.1468942519685039
21
3.1642241732283463
0
LINE
8
BLACK
6
CONTINUOUS
10
-2.1468942519685039
20
3.1642241732283463
11
-2.1440558267716536
21
3.1653998818897637
0
LINE
8
BLACK
6
CONTINUOUS
10
-2.1440558267716536
20
3.1653998818897637
11
-2.1409835433070867
21
3.1653998818897637
0
LINE
8
BLACK
6
CONTINUOUS
10
-2.1409835433070867
20
3.1653998818897637
11
-2.138145118110236
21
3.1642241732283463
0
LINE
8
BLACK
6
CONTINUOUS
10
-2.4223881102362204
20
3.2103125984251966
11
-2.4179377559055117
21
3.2077431889763779
0
LINE
8
BLACK
6
CONTINUOUS
10
-2.4179377559055117
20
3.2077431889763779
11
-2.4143040551181101
21
3.2041094881889762
0
LINE
8
BLACK
6
CONTINUOUS
10
-2.4143040551181101
20
3.2041094881889762
11
-2.4117346456692914
21
3.1996591338582676
0
LINE
8
BLACK
6
CONTINUOUS
10
-2.4117346456692914
20
3.1996591338582676
11
-2.4104046456692911
21
3.1946953937007874
0
LINE
8
BLACK
6
CONTINUOUS
10
-2.4104046456692911
20
3.1946953937007874
11
-2.4104046456692911
21
3.1895565748031496
0
LINE
8
BLACK
6
CONTINUOUS
10
-2.4104046456692911
20
3.1895565748031496
11
-2.4117346456692914
21
3.1845928346456693
0
LINE
8
BLACK
6
CONTINUOUS
10
-2.4117346456692914
20
3.1845928346456693
11
-2.4143040551181101
21
3.1801424803149607
0
LINE
8
BLACK
6
CONTINUOUS
10
-2.4143040551181101
20
3.1801424803149607
11
-2.4179377559055117
21
3.1765087795275591
0
LINE
8
BLACK
6
CONTINUOUS
10
-2.4179377559055117
20
3.1765087795275591
11
-2.4223881102362204
21
3.1739393700787399
0
LINE
8
BLACK
6
CONTINUOUS
10
-2.4223881102362204
20
3.1739393700787399
11
-2.4273518503937006
21
3.1726093700787401
0
LINE
8
BLACK
6
CONTINUOUS
10
-2.4273518503937006
20
3.1726093700787401
11
-2.4324906692913384
21
3.1726093700787401
0
LINE
8
BLACK
6
CONTINUOUS
10
-2.4324906692913384
20
3.1726093700787401
11
-2.4374544094488186
21
3.1739393700787399
0
LINE
8
BLACK
6
CONTINUOUS
10
-2.4374544094488186
20
3.1739393700787399
11
-2.4419047637795277
21
3.1765087795275591
0
LINE
8
BLACK
6
CONTINUOUS
10
-2.4419047637795277
20
3.1765087795275591
11
-2.4455384645669289
21
3.1801424803149607
0
LINE
8
BLACK
6
CONTINUOUS
10
-2.4455384645669289
20
3.1801424803149607
11
-2.448107874015748
21
3.1845928346456693
0
LINE
8
BLACK
6
CONTINUOUS
10
-2.448107874015748
20
3.1845928346456693
11
-2.4494378740157479
21
3.1895565748031496
0
LINE
8
BLACK
6
CONTINUOUS
10
-2.4494378740157479
20
3.1895565748031496
11
-2.4494378740157479
21
3.1946953937007874
0
LINE
8
BLACK
6
CONTINUOUS
10
-2.4494378740157479
20
3.1946953937007874
11
-2.448107874015748
21
3.1996591338582676
0
LINE
8
BLACK
6
CONTINUOUS
10
-2.448107874015748
20
3.1996591338582676
11
-2.4455384645669289
21
3.2041094881889762
0
LINE
8
BLACK
6
CONTINUOUS
10
-2.4455384645669289
20
3.2041094881889762
11
-2.4419047637795277
21
3.2077431889763779
0
LINE
8
BLACK
6
CONTINUOUS
10
-2.4419047637795277
20
3.2077431889763779
11
-2.4374544094488186
21
3.2103125984251966
0
LINE
8
BLACK
6
CONTINUOUS
10
-2.4374544094488186
20
3.2103125984251966
11
-2.4324906692913384
21
3.2116425984251968
0
LINE
8
BLACK
6
CONTINUOUS
10
-2.4324906692913384
20
3.2116425984251968
11
-2.4273518503937006
21
3.2116425984251968
0
LINE
8
BLACK
6
CONTINUOUS
10
-2.4273518503937006
20
3.2116425984251968
11
-2.4223881102362204
21
3.2103125984251966
0
LINE
8
BLACK
6
CONTINUOUS
10
-2.3121518897637796
20
3.2378716535433072
11
-2.307701535433071
21
3.2353022440944881
0
LINE
8
BLACK
6
CONTINUOUS
10
-2.307701535433071
20
3.2353022440944881
11
-2.3040678346456693
21
3.2316685433070864
0
LINE
8
BLACK
6
CONTINUOUS
10
-2.3040678346456693
20
3.2316685433070864
11
-2.3014984251968502
21
3.2272181889763778
0
LINE
8
BLACK
6
CONTINUOUS
10
-2.3014984251968502
20
3.2272181889763778
11
-2.3001684251968504
21
3.2222544488188976
0
LINE
8
BLACK
6
CONTINUOUS
10
-2.3001684251968504
20
3.2222544488188976
11
-2.3001684251968504
21
3.2171156299212598
0
LINE
8
BLACK
6
CONTINUOUS
10
-2.3001684251968504
20
3.2171156299212598
11
-2.3014984251968502
21
3.2121518897637795
0
LINE
8
BLACK
6
CONTINUOUS
10
-2.3014984251968502
20
3.2121518897637795
11
-2.3040678346456693
21
3.2077015354330709
0
LINE
8
BLACK
6
CONTINUOUS
10
-2.3040678346456693
20
3.2077015354330709
11
-2.307701535433071
21
3.2040678346456692
0
LINE
8
BLACK
6
CONTINUOUS
10
-2.307701535433071
20
3.2040678346456692
11
-2.3121518897637796
21
3.2014984251968501
0
LINE
8
BLACK
6
CONTINUOUS
10
-2.3121518897637796
20
3.2014984251968501
11
-2.3171156299212599
21
3.2001684251968503
0
LINE
8
BLACK
6
CONTINUOUS
10
-2.3171156299212599
20
3.2001684251968503
11
-2.3222544488188976
21
3.2001684251968503
0
LINE
8
BLACK
6
CONTINUOUS
10
-2.3222544488188976
20
3.2001684251968503
11
-2.3272181889763779
21
3.2014984251968501
0
LINE
8
BLACK
6
CONTINUOUS
10
-2.3272181889763779
20
3.2014984251968501
11
-2.3316685433070865
21
3.2040678346456692
0
LINE
8
BLACK
6
CONTINUOUS
10
-2.3316685433070865
20
3.2040678346456692
11
-2.3353022440944882
21
3.2077015354330709
0
LINE
8
BLACK
6
CONTINUOUS
10
-2.3353022440944882
20
3.2077015354330709
11
-2.3378716535433068
21
3.2121518897637795
0
LINE
8
BLACK
6
CONTINUOUS
10
-2.3378716535433068
20
3.2121518897637795
11
-2.3392016535433071
21
3.2171156299212598
0
LINE
8
BLACK
6
CONTINUOUS
10
-2.3392016535433071
20
3.2171156299212598
11
-2.3392016535433071
21
3.2222544488188976
0
LINE
8
BLACK
6
CONTINUOUS
10
-2.3392016535433071
20
3.2222544488188976
11
-2.3378716535433068
21
3.2272181889763778
0
LINE
8
BLACK
6
CONTINUOUS
10
-2.3378716535433068
20
3.2272181889763778
11
-2.3353022440944882
21
3.2316685433070864
0
LINE
8
BLACK
6
CONTINUOUS
10
-2.3353022440944882
20
3.2316685433070864
11
-2.3316685433070865
21
3.2353022440944881
0
LINE
8
BLACK
6
CONTINUOUS
10
-2.3316685433070865
20
3.2353022440944881
11
-2.3272181889763779
21
3.2378716535433072
0
LINE
8
BLACK
6
CONTINUOUS
10
-2.3272181889763779
20
3.2378716535433072
11
-2.3222544488188976
21
3.239201653543307
0
LINE
8
BLACK
6
CONTINUOUS
10
-2.3222544488188976
20
3.239201653543307
11
-2.3171156299212599
21
3.239201653543307
0
LINE
8
BLACK
6
CONTINUOUS
10
-2.3171156299212599
20
3.239201653543307
11
-2.3121518897637796
21
3.2378716535433072
0
LINE
8
BLACK
6
CONTINUOUS
10
-1.9137356692913385
20
3.2616651181102361
11
-1.9115632283464568
21
3.2594926771653543
0
LINE
8
BLACK
6
CONTINUOUS
10
-1.9115632283464568
20
3.2594926771653543
11
-1.9103875196850393
21
3.256654251968504
0
LINE
8
BLACK
6
CONTINUOUS
10
-1.9103875196850393
20
3.256654251968504
11
-1.9103875196850393
21
3.2535819685039371
0
LINE
8
BLACK
6
CONTINUOUS
10
-1.9103875196850393
20
3.2535819685039371
11
-1.9115632283464568
21
3.2507435433070864
0
LINE
8
BLACK
6
CONTINUOUS
10
-1.9115632283464568
20
3.2507435433070864
11
-1.9137356692913385
21
3.2485711023622046
0
LINE
8
BLACK
6
CONTINUOUS
10
-1.9137356692913385
20
3.2485711023622046
11
-1.9165740944881888
21
3.2473953937007871
0
LINE
8
BLACK
6
CONTINUOUS
10
-1.9165740944881888
20
3.2473953937007871
11
-1.9196463779527559
21
3.2473953937007871
0
LINE
8
BLACK
6
CONTINUOUS
10
-1.9196463779527559
20
3.2473953937007871
11
-1.9224848031496062
21
3.2485711023622046
0
LINE
8
BLACK
6
CONTINUOUS
10
-1.9224848031496062
20
3.2485711023622046
11
-1.9246572440944882
21
3.2507435433070864
0
LINE
8
BLACK
6
CONTINUOUS
10
-1.9246572440944882
20
3.2507435433070864
11
-1.9258329527559055
21
3.2535819685039371
0
LINE
8
BLACK
6
CONTINUOUS
10
-1.9258329527559055
20
3.2535819685039371
11
-1.9258329527559055
21
3.256654251968504
0
LINE
8
BLACK
6
CONTINUOUS
10
-1.9258329527559055
20
3.256654251968504
11
-1.9246572440944882
21
3.2594926771653543
0
LINE
8
BLACK
6
CONTINUOUS
10
-1.9246572440944882
20
3.2594926771653543
11
-1.9224848031496062
21
3.2616651181102361
0
LINE
8
BLACK
6
CONTINUOUS
10
-1.9224848031496062
20
3.2616651181102361
11
-1.9196463779527559
21
3.2628408267716535
0
LINE
8
BLACK
6
CONTINUOUS
10
-1.9196463779527559
20
3.2628408267716535
11
-1.9165740944881888
21
3.2628408267716535
0
LINE
8
BLACK
6
CONTINUOUS
10
-1.9165740944881888
20
3.2628408267716535
11
-1.9137356692913385
21
3.2616651181102361
0
LINE
8
BLACK
6
CONTINUOUS
10
-1.7956254330708661
20
3.2616651181102361
11
-1.7934529921259843
21
3.2594926771653543
0
LINE
8
BLACK
6
CONTINUOUS
10
-1.7934529921259843
20
3.2594926771653543
11
-1.7922772834645668
21
3.256654251968504
0
LINE
8
BLACK
6
CONTINUOUS
10
-1.7922772834645668
20
3.256654251968504
11
-1.7922772834645668
21
3.2535819685039371
0
LINE
8
BLACK
6
CONTINUOUS
10
-1.7922772834645668
20
3.2535819685039371
11
-1.7934529921259843
21
3.2507435433070864
0
LINE
8
BLACK
6
CONTINUOUS
10
-1.7934529921259843
20
3.2507435433070864
11
-1.7956254330708661
21
3.2485711023622046
0
LINE
8
BLACK
6
CONTINUOUS
10
-1.7956254330708661
20
3.2485711023622046
11
-1.7984638582677166
21
3.2473953937007871
0
LINE
8
BLACK
6
CONTINUOUS
10
-1.7984638582677166
20
3.2473953937007871
11
-1.8015361417322835
21
3.2473953937007871
0
LINE
8
BLACK
6
CONTINUOUS
10
-1.8015361417322835
20
3.2473953937007871
11
-1.8043745669291338
21
3.2485711023622046
0
LINE
8
BLACK
6
CONTINUOUS
10
-1.8043745669291338
20
3.2485711023622046
11
-1.8065470078740158
21
3.2507435433070864
0
LINE
8
BLACK
6
CONTINUOUS
10
-1.8065470078740158
20
3.2507435433070864
11
-1.807722716535433
21
3.2535819685039371
0
LINE
8
BLACK
6
CONTINUOUS
10
-1.807722716535433
20
3.2535819685039371
11
-1.807722716535433
21
3.256654251968504
0
LINE
8
BLACK
6
CONTINUOUS
10
-1.807722716535433
20
3.256654251968504
11
-1.8065470078740158
21
3.2594926771653543
0
LINE
8
BLACK
6
CONTINUOUS
10
-1.8065470078740158
20
3.2594926771653543
11
-1.8043745669291338
21
3.2616651181102361
0
LINE
8
BLACK
6
CONTINUOUS
10
-1.8043745669291338
20
3.2616651181102361
11
-1.8015361417322835
21
3.2628408267716535
0
LINE
8
BLACK
6
CONTINUOUS
10
-1.8015361417322835
20
3.2628408267716535
11
-1.7984638582677166
21
3.2628408267716535
0
LINE
8
BLACK
6
CONTINUOUS
10
-1.7984638582677166
20
3.2628408267716535
11
-1.7956254330708661
21
3.2616651181102361
0
LINE
8
BLACK
6
CONTINUOUS
10
-2.1391293700787402
20
3.2756414960629923
11
-2.1369569291338584
21
3.27346905511811
0
LINE
8
BLACK
6
CONTINUOUS
10
-2.1369569291338584
20
3.27346905511811
11
-2.1357812204724409
21
3.2706306299212597
0
LINE
8
BLACK
6
CONTINUOUS
10
-2.1357812204724409
20
3.2706306299212597
11
-2.1357812204724409
21
3.2675583464566929
0
LINE
8
BLACK
6
CONTINUOUS
10
-2.1357812204724409
20
3.2675583464566929
11
-2.1369569291338584
21
3.2647199212598426
0
LINE
8
BLACK
6
CONTINUOUS
10
-2.1369569291338584
20
3.2647199212598426
11
-2.1391293700787402
21
3.2625474803149603
0
LINE
8
BLACK
6
CONTINUOUS
10
-2.1391293700787402
20
3.2625474803149603
11
-2.1419677952755904
21
3.2613717716535433
0
LINE
8
BLACK
6
CONTINUOUS
10
-2.1419677952755904
20
3.2613717716535433
11
-2.1450400787401573
21
3.2613717716535433
0
LINE
8
BLACK
6
CONTINUOUS
10
-2.1450400787401573
20
3.2613717716535433
11
-2.1478785039370076
21
3.2625474803149603
0
LINE
8
BLACK
6
CONTINUOUS
10
-2.1478785039370076
20
3.2625474803149603
11
-2.1500509448818899
21
3.2647199212598426
0
LINE
8
BLACK
6
CONTINUOUS
10
-2.1500509448818899
20
3.2647199212598426
11
-2.1512266535433069
21
3.2675583464566929
0
LINE
8
BLACK
6
CONTINUOUS
10
-2.1512266535433069
20
3.2675583464566929
11
-2.1512266535433069
21
3.2706306299212597
0
LINE
8
BLACK
6
CONTINUOUS
10
-2.1512266535433069
20
3.2706306299212597
11
-2.1500509448818899
21
3.27346905511811
0
LINE
8
BLACK
6
CONTINUOUS
10
-2.1500509448818899
20
3.27346905511811
11
-2.1478785039370076
21
3.2756414960629923
0
LINE
8
BLACK
6
CONTINUOUS
10
-2.1478785039370076
20
3.2756414960629923
11
-2.1450400787401573
21
3.2768172047244093
0
LINE
8
BLACK
6
CONTINUOUS
10
-2.1450400787401573
20
3.2768172047244093
11
-2.1419677952755904
21
3.2768172047244093
0
LINE
8
BLACK
6
CONTINUOUS
10
-2.1419677952755904
20
3.2768172047244093
11
-2.1391293700787402
21
3.2756414960629923
0
LINE
8
BLACK
6
CONTINUOUS
10
-2.2759403937007874
20
3.277413149606299
11
-2.2737679527559056
21
3.2752407086614173
0
LINE
8
BLACK
6
CONTINUOUS
10
-2.2737679527559056
20
3.2752407086614173
11
-2.2725922440944881
21
3.272402283464567
0
LINE
8
BLACK
6
CONTINUOUS
10
-2.2725922440944881
20
3.272402283464567
11
-2.2725922440944881
21
3.2693300000000001
0
LINE
8
BLACK
6
CONTINUOUS
10
-2.2725922440944881
20
3.2693300000000001
11
-2.2737679527559056
21
3.2664915748031493
0
LINE
8
BLACK
6
CONTINUOUS
10
-2.2737679527559056
20
3.2664915748031493
11
-2.2759403937007874
21
3.2643191338582676
0
LINE
8
BLACK
6
CONTINUOUS
10
-2.2759403937007874
20
3.2643191338582676
11
-2.2787788188976377
21
3.2631434251968505
0
LINE
8
BLACK
6
CONTINUOUS
10
-2.2787788188976377
20
3.2631434251968505
11
-2.2818511023622046
21
3.2631434251968505
0
LINE
8
BLACK
6
CONTINUOUS
10
-2.2818511023622046
20
3.2631434251968505
11
-2.2846895275590549
21
3.2643191338582676
0
LINE
8
BLACK
6
CONTINUOUS
10
-2.2846895275590549
20
3.2643191338582676
11
-2.2868619685039371
21
3.2664915748031493
0
LINE
8
BLACK
6
CONTINUOUS
10
-2.2868619685039371
20
3.2664915748031493
11
-2.2880376771653541
21
3.2693300000000001
0
LINE
8
BLACK
6
CONTINUOUS
10
-2.2880376771653541
20
3.2693300000000001
11
-2.2880376771653541
21
3.272402283464567
0
LINE
8
BLACK
6
CONTINUOUS
10
-2.2880376771653541
20
3.272402283464567
11
-2.2868619685039371
21
3.2752407086614173
0
LINE
8
BLACK
6
CONTINUOUS
10
-2.2868619685039371
20
3.2752407086614173
11
-2.2846895275590549
21
3.277413149606299
0
LINE
8
BLACK
6
CONTINUOUS
10
-2.2846895275590549
20
3.277413149606299
11
-2.2818511023622046
21
3.2785888582677165
0
LINE
8
BLACK
6
CONTINUOUS
10
-2.2818511023622046
20
3.2785888582677165
11
-2.2787788188976377
21
3.2785888582677165
0
LINE
8
BLACK
6
CONTINUOUS
10
-2.2787788188976377
20
3.2785888582677165
11
-2.2759403937007874
21
3.277413149606299
0
LINE
8
BLACK
6
CONTINUOUS
10
-1.7877514173228346
20
3.293161181102362
11
-1.7855789763779528
21
3.2909887401574802
0
LINE
8
BLACK
6
CONTINUOUS
10
-1.7855789763779528
20
3.2909887401574802
11
-1.7844032677165353
21
3.2881503149606299
0
LINE
8
BLACK
6
CONTINUOUS
10
-1.7844032677165353
20
3.2881503149606299
11
-1.7844032677165353
21
3.285078031496063
0
LINE
8
BLACK
6
CONTINUOUS
10
-1.7844032677165353
20
3.285078031496063
11
-1.7855789763779528
21
3.2822396062992127
0
LINE
8
BLACK
6
CONTINUOUS
10
-1.7855789763779528
20
3.2822396062992127
11
-1.7877514173228346
21
3.2800671653543305
0
LINE
8
BLACK
6
CONTINUOUS
10
-1.7877514173228346
20
3.2800671653543305
11
-1.7905898425196849
21
3.2788914566929135
0
LINE
8
BLACK
6
CONTINUOUS
10
-1.7905898425196849
20
3.2788914566929135
11
-1.793662125984252
21
3.2788914566929135
0
LINE
8
BLACK
6
CONTINUOUS
10
-1.793662125984252
20
3.2788914566929135
11
-1.7965005511811023
21
3.2800671653543305
0
LINE
8
BLACK
6
CONTINUOUS
10
-1.7965005511811023
20
3.2800671653543305
11
-1.7986729921259843
21
3.2822396062992127
0
LINE
8
BLACK
6
CONTINUOUS
10
-1.7986729921259843
20
3.2822396062992127
11
-1.7998487007874016
21
3.285078031496063
0
LINE
8
BLACK
6
CONTINUOUS
10
-1.7998487007874016
20
3.285078031496063
11
-1.7998487007874016
21
3.2881503149606299
0
LINE
8
BLACK
6
CONTINUOUS
10
-1.7998487007874016
20
3.2881503149606299
11
-1.7986729921259843
21
3.2909887401574802
0
LINE
8
BLACK
6
CONTINUOUS
10
-1.7986729921259843
20
3.2909887401574802
11
-1.7965005511811023
21
3.293161181102362
0
LINE
8
BLACK
6
CONTINUOUS
10
-1.7965005511811023
20
3.293161181102362
11
-1.793662125984252
21
3.2943368897637795
0
LINE
8
BLACK
6
CONTINUOUS
10
-1.793662125984252
20
3.2943368897637795
11
-1.7905898425196849
21
3.2943368897637795
0
LINE
8
BLACK
6
CONTINUOUS
10
-1.7905898425196849
20
3.2943368897637795
11
-1.7877514173228346
21
3.293161181102362
0
LINE
8
BLACK
6
CONTINUOUS
10
-1.9255466929133858
20
3.3128462204724407
11
-1.923374251968504
21
3.3106737795275589
0
LINE
8
BLACK
6
CONTINUOUS
10
-1.923374251968504
20
3.3106737795275589
11
-1.9221985433070865
21
3.3078353543307086
0
LINE
8
BLACK
6
CONTINUOUS
10
-1.9221985433070865
20
3.3078353543307086
11
-1.9221985433070865
21
3.3047630708661417
0
LINE
8
BLACK
6
CONTINUOUS
10
-1.9221985433070865
20
3.3047630708661417
11
-1.923374251968504
21
3.3019246456692914
0
LINE
8
BLACK
6
CONTINUOUS
10
-1.923374251968504
20
3.3019246456692914
11
-1.9255466929133858
21
3.2997522047244092
0
LINE
8
BLACK
6
CONTINUOUS
10
-1.9255466929133858
20
3.2997522047244092
11
-1.9283851181102363
21
3.2985764960629922
0
LINE
8
BLACK
6
CONTINUOUS
10
-1.9283851181102363
20
3.2985764960629922
11
-1.9314574015748032
21
3.2985764960629922
0
LINE
8
BLACK
6
CONTINUOUS
10
-1.9314574015748032
20
3.2985764960629922
11
-1.9342958267716535
21
3.2997522047244092
0
LINE
8
BLACK
6
CONTINUOUS
10
-1.9342958267716535
20
3.2997522047244092
11
-1.9364682677165355
21
3.3019246456692914
0
LINE
8
BLACK
6
CONTINUOUS
10
-1.9364682677165355
20
3.3019246456692914
11
-1.9376439763779527
21
3.3047630708661417
0
LINE
8
BLACK
6
CONTINUOUS
10
-1.9376439763779527
20
3.3047630708661417
11
-1.9376439763779527
21
3.3078353543307086
0
LINE
8
BLACK
6
CONTINUOUS
10
-1.9376439763779527
20
3.3078353543307086
11
-1.9364682677165355
21
3.3106737795275589
0
LINE
8
BLACK
6
CONTINUOUS
10
-1.9364682677165355
20
3.3106737795275589
11
-1.9342958267716535
21
3.3128462204724407
0
LINE
8
BLACK
6
CONTINUOUS
10
-1.9342958267716535
20
3.3128462204724407
11
-1.9314574015748032
21
3.3140219291338582
0
LINE
8
BLACK
6
CONTINUOUS
10
-1.9314574015748032
20
3.3140219291338582
11
-1.9283851181102363
21
3.3140219291338582
0
LINE
8
BLACK
6
CONTINUOUS
10
-1.9283851181102363
20
3.3140219291338582
11
-1.9255466929133858
21
3.3128462204724407
0
LINE
8
BLACK
6
CONTINUOUS
10
-1.7877514173228346
20
3.3325312598425194
11
-1.7855789763779528
21
3.3303588188976376
0
LINE
8
BLACK
6
CONTINUOUS
10
-1.7855789763779528
20
3.3303588188976376
11
-1.7844032677165353
21
3.3275203937007873
0
LINE
8
BLACK
6
CONTINUOUS
10
-1.7844032677165353
20
3.3275203937007873
11
-1.7844032677165353
21
3.3244481102362204
0
LINE
8
BLACK
6
CONTINUOUS
10
-1.7844032677165353
20
3.3244481102362204
11
-1.7855789763779528
21
3.3216096850393702
0
LINE
8
BLACK
6
CONTINUOUS
10
-1.7855789763779528
20
3.3216096850393702
11
-1.7877514173228346
21
3.3194372440944879
0
LINE
8
BLACK
6
CONTINUOUS
10
-1.7877514173228346
20
3.3194372440944879
11
-1.7905898425196849
21
3.3182615354330709
0
LINE
8
BLACK
6
CONTINUOUS
10
-1.7905898425196849
20
3.3182615354330709
11
-1.793662125984252
21
3.3182615354330709
0
LINE
8
BLACK
6
CONTINUOUS
10
-1.793662125984252
20
3.3182615354330709
11
-1.7965005511811023
21
3.3194372440944879
0
LINE
8
BLACK
6
CONTINUOUS
10
-1.7965005511811023
20
3.3194372440944879
11
-1.7986729921259843
21
3.3216096850393702
0
LINE
8
BLACK
6
CONTINUOUS
10
-1.7986729921259843
20
3.3216096850393702
11
-1.7998487007874016
21
3.3244481102362204
0
LINE
8
BLACK
6
CONTINUOUS
10
-1.7998487007874016
20
3.3244481102362204
11
-1.7998487007874016
21
3.3275203937007873
0
LINE
8
BLACK
6
CONTINUOUS
10
-1.7998487007874016
20
3.3275203937007873
11
-1.7986729921259843
21
3.3303588188976376
0
LINE
8
BLACK
6
CONTINUOUS
10
-1.7986729921259843
20
3.3303588188976376
11
-1.7965005511811023
21
3.3325312598425194
0
LINE
8
BLACK
6
CONTINUOUS
10
-1.7965005511811023
20
3.3325312598425194
11
-1.793662125984252
21
3.3337069685039369
0
LINE
8
BLACK
6
CONTINUOUS
10
-1.793662125984252
20
3.3337069685039369
11
-1.7905898425196849
21
3.3337069685039369
0
LINE
8
BLACK
6
CONTINUOUS
10
-1.7905898425196849
20
3.3337069685039369
11
-1.7877514173228346
21
3.3325312598425194
0
LINE
8
BLACK
6
CONTINUOUS
10
-2.2995624409448818
20
3.36009031496063
11
-2.29739
21
3.3579178740157478
0
LINE
8
BLACK
6
CONTINUOUS
10
-2.29739
20
3.3579178740157478
11
-2.2962142913385826
21
3.3550794488188975
0
LINE
8
BLACK
6
CONTINUOUS
10
-2.2962142913385826
20
3.3550794488188975
11
-2.2962142913385826
21
3.3520071653543306
0
LINE
8
BLACK
6
CONTINUOUS
10
-2.2962142913385826
20
3.3520071653543306
11
-2.29739
21
3.3491687401574803
0
LINE
8
BLACK
6
CONTINUOUS
10
-2.29739
20
3.3491687401574803
11
-2.2995624409448818
21
3.3469962992125986
0
LINE
8
BLACK
6
CONTINUOUS
10
-2.2995624409448818
20
3.3469962992125986
11
-2.3024008661417321
21
3.3458205905511811
0
LINE
8
BLACK
6
CONTINUOUS
10
-2.3024008661417321
20
3.3458205905511811
11
-2.305473149606299
21
3.3458205905511811
0
LINE
8
BLACK
6
CONTINUOUS
10
-2.305473149606299
20
3.3458205905511811
11
-2.3083115748031497
21
3.3469962992125986
0
LINE
8
BLACK
6
CONTINUOUS
10
-2.3083115748031497
20
3.3469962992125986
11
-2.3104840157480315
21
3.3491687401574803
0
LINE
8
BLACK
6
CONTINUOUS
10
-2.3104840157480315
20
3.3491687401574803
11
-2.3116597244094486
21
3.3520071653543306
0
LINE
8
BLACK
6
CONTINUOUS
10
-2.3116597244094486
20
3.3520071653543306
11
-2.3116597244094486
21
3.3550794488188975
0
LINE
8
BLACK
6
CONTINUOUS
10
-2.3116597244094486
20
3.3550794488188975
11
-2.3104840157480315
21
3.3579178740157478
0
LINE
8
BLACK
6
CONTINUOUS
10
-2.3104840157480315
20
3.3579178740157478
11
-2.3083115748031497
21
3.36009031496063
0
LINE
8
BLACK
6
CONTINUOUS
10
-2.3083115748031497
20
3.36009031496063
11
-2.305473149606299
21
3.3612660236220471
0
LINE
8
BLACK
6
CONTINUOUS
10
-2.305473149606299
20
3.3612660236220471
11
-2.3024008661417321
21
3.3612660236220471
0
LINE
8
BLACK
6
CONTINUOUS
10
-2.3024008661417321
20
3.3612660236220471
11
-2.2995624409448818
21
3.36009031496063
0
LINE
8
BLACK
6
CONTINUOUS
10
-2.2326333070866142
20
3.3640273228346458
11
-2.2304608661417324
21
3.3618548818897636
0
LINE
8
BLACK
6
CONTINUOUS
10
-2.2304608661417324
20
3.3618548818897636
11
-2.229285157480315
21
3.3590164566929133
0
LINE
8
BLACK
6
CONTINUOUS
10
-2.229285157480315
20
3.3590164566929133
11
-2.229285157480315
21
3.3559441732283464
0
LINE
8
BLACK
6
CONTINUOUS
10
-2.229285157480315
20
3.3559441732283464
11
-2.2304608661417324
21
3.3531057480314961
0
LINE
8
BLACK
6
CONTINUOUS
10
-2.2304608661417324
20
3.3531057480314961
11
-2.2326333070866142
21
3.3509333070866143
0
LINE
8
BLACK
6
CONTINUOUS
10
-2.2326333070866142
20
3.3509333070866143
11
-2.2354717322834645
21
3.3497575984251968
0
LINE
8
BLACK
6
CONTINUOUS
10
-2.2354717322834645
20
3.3497575984251968
11
-2.2385440157480314
21
3.3497575984251968
0
LINE
8
BLACK
6
CONTINUOUS
10
-2.2385440157480314
20
3.3497575984251968
11
-2.2413824409448817
21
3.3509333070866143
0
LINE
8
BLACK
6
CONTINUOUS
10
-2.2413824409448817
20
3.3509333070866143
11
-2.2435548818897639
21
3.3531057480314961
0
LINE
8
BLACK
6
CONTINUOUS
10
-2.2435548818897639
20
3.3531057480314961
11
-2.244730590551181
21
3.3559441732283464
0
LINE
8
BLACK
6
CONTINUOUS
10
-2.244730590551181
20
3.3559441732283464
11
-2.244730590551181
21
3.3590164566929133
0
LINE
8
BLACK
6
CONTINUOUS
10
-2.244730590551181
20
3.3590164566929133
11
-2.2435548818897639
21
3.3618548818897636
0
LINE
8
BLACK
6
CONTINUOUS
10
-2.2435548818897639
20
3.3618548818897636
11
-2.2413824409448817
21
3.3640273228346458
0
LINE
8
BLACK
6
CONTINUOUS
10
-2.2413824409448817
20
3.3640273228346458
11
-2.2385440157480314
21
3.3652030314960628
0
LINE
8
BLACK
6
CONTINUOUS
10
-2.2385440157480314
20
3.3652030314960628
11
-2.2354717322834645
21
3.3652030314960628
0
LINE
8
BLACK
6
CONTINUOUS
10
-2.2354717322834645
20
3.3652030314960628
11
-2.2326333070866142
21
3.3640273228346458
0
LINE
8
BLACK
6
CONTINUOUS
10
-2.1617671653543304
20
3.3640273228346458
11
-2.1595947244094487
21
3.3618548818897636
0
LINE
8
BLACK
6
CONTINUOUS
10
-2.1595947244094487
20
3.3618548818897636
11
-2.1584190157480316
21
3.3590164566929133
0
LINE
8
BLACK
6
CONTINUOUS
10
-2.1584190157480316
20
3.3590164566929133
11
-2.1584190157480316
21
3.3559441732283464
0
LINE
8
BLACK
6
CONTINUOUS
10
-2.1584190157480316
20
3.3559441732283464
11
-2.1595947244094487
21
3.3531057480314961
0
LINE
8
BLACK
6
CONTINUOUS
10
-2.1595947244094487
20
3.3531057480314961
11
-2.1617671653543304
21
3.3509333070866143
0
LINE
8
BLACK
6
CONTINUOUS
10
-2.1617671653543304
20
3.3509333070866143
11
-2.1646055905511812
21
3.3497575984251968
0
LINE
8
BLACK
6
CONTINUOUS
10
-2.1646055905511812
20
3.3497575984251968
11
-2.1676778740157481
21
3.3497575984251968
0
LINE
8
BLACK
6
CONTINUOUS
10
-2.1676778740157481
20
3.3497575984251968
11
-2.1705162992125984
21
3.3509333070866143
0
LINE
8
BLACK
6
CONTINUOUS
10
-2.1705162992125984
20
3.3509333070866143
11
-2.1726887401574801
21
3.3531057480314961
0
LINE
8
BLACK
6
CONTINUOUS
10
-2.1726887401574801
20
3.3531057480314961
11
-2.1738644488188976
21
3.3559441732283464
0
LINE
8
BLACK
6
CONTINUOUS
10
-2.1738644488188976
20
3.3559441732283464
11
-2.1738644488188976
21
3.3590164566929133
0
LINE
8
BLACK
6
CONTINUOUS
10
-2.1738644488188976
20
3.3590164566929133
11
-2.1726887401574801
21
3.3618548818897636
0
LINE
8
BLACK
6
CONTINUOUS
10
-2.1726887401574801
20
3.3618548818897636
11
-2.1705162992125984
21
3.3640273228346458
0
LINE
8
BLACK
6
CONTINUOUS
10
-2.1705162992125984
20
3.3640273228346458
11
-2.1676778740157481
21
3.3652030314960628
0
LINE
8
BLACK
6
CONTINUOUS
10
-2.1676778740157481
20
3.3652030314960628
11
-2.1646055905511812
21
3.3652030314960628
0
LINE
8
BLACK
6
CONTINUOUS
10
-2.1646055905511812
20
3.3652030314960628
11
-2.1617671653543304
21
3.3640273228346458
0
LINE
8
BLACK
6
CONTINUOUS
10
-1.9452317322834645
20
3.3640273228346458
11
-1.9430592913385827
21
3.3618548818897636
0
LINE
8
BLACK
6
CONTINUOUS
10
-1.9430592913385827
20
3.3618548818897636
11
-1.9418835826771652
21
3.3590164566929133
0
LINE
8
BLACK
6
CONTINUOUS
10
-1.9418835826771652
20
3.3590164566929133
11
-1.9418835826771652
21
3.3559441732283464
0
LINE
8
BLACK
6
CONTINUOUS
10
-1.9418835826771652
20
3.3559441732283464
11
-1.9430592913385827
21
3.3531057480314961
0
LINE
8
BLACK
6
CONTINUOUS
10
-1.9430592913385827
20
3.3531057480314961
11
-1.9452317322834645
21
3.3509333070866143
0
LINE
8
BLACK
6
CONTINUOUS
10
-1.9452317322834645
20
3.3509333070866143
11
-1.948070157480315
21
3.3497575984251968
0
LINE
8
BLACK
6
CONTINUOUS
10
-1.948070157480315
20
3.3497575984251968
11
-1.9511424409448819
21
3.3497575984251968
0
LINE
8
BLACK
6
CONTINUOUS
10
-1.9511424409448819
20
3.3497575984251968
11
-1.9539808661417322
21
3.3509333070866143
0
LINE
8
BLACK
6
CONTINUOUS
10
-1.9539808661417322
20
3.3509333070866143
11
-1.9561533070866142
21
3.3531057480314961
0
LINE
8
BLACK
6
CONTINUOUS
10
-1.9561533070866142
20
3.3531057480314961
11
-1.9573290157480314
21
3.3559441732283464
0
LINE
8
BLACK
6
CONTINUOUS
10
-1.9573290157480314
20
3.3559441732283464
11
-1.9573290157480314
21
3.3590164566929133
0
LINE
8
BLACK
6
CONTINUOUS
10
-1.9573290157480314
20
3.3590164566929133
11
-1.9561533070866142
21
3.3618548818897636
0
LINE
8
BLACK
6
CONTINUOUS
10
-1.9561533070866142
20
3.3618548818897636
11
-1.9539808661417322
21
3.3640273228346458
0
LINE
8
BLACK
6
CONTINUOUS
10
-1.9539808661417322
20
3.3640273228346458
11
-1.9511424409448819
21
3.3652030314960628
0
LINE
8
BLACK
6
CONTINUOUS
10
-1.9511424409448819
20
3.3652030314960628
11
-1.948070157480315
21
3.3652030314960628
0
LINE
8
BLACK
6
CONTINUOUS
10
-1.948070157480315
20
3.3652030314960628
11
-1.9452317322834645
21
3.3640273228346458
0
LINE
8
BLACK
6
CONTINUOUS
10
-1.7877514173228346
20
3.3719013385826773
11
-1.7855789763779528
21
3.369728897637795
0
LINE
8
BLACK
6
CONTINUOUS
10
-1.7855789763779528
20
3.369728897637795
11
-1.7844032677165353
21
3.3668904724409447
0
LINE
8
BLACK
6
CONTINUOUS
10
-1.7844032677165353
20
3.3668904724409447
11
-1.7844032677165353
21
3.3638181889763779
0
LINE
8
BLACK
6
CONTINUOUS
10
-1.7844032677165353
20
3.3638181889763779
11
-1.7855789763779528
21
3.3609797637795276
0
LINE
8
BLACK
6
CONTINUOUS
10
-1.7855789763779528
20
3.3609797637795276
11
-1.7877514173228346
21
3.3588073228346458
0
LINE
8
BLACK
6
CONTINUOUS
10
-1.7877514173228346
20
3.3588073228346458
11
-1.7905898425196849
21
3.3576316141732283
0
LINE
8
BLACK
6
CONTINUOUS
10
-1.7905898425196849
20
3.3576316141732283
11
-1.793662125984252
21
3.3576316141732283
0
LINE
8
BLACK
6
CONTINUOUS
10
-1.793662125984252
20
3.3576316141732283
11
-1.7965005511811023
21
3.3588073228346458
0
LINE
8
BLACK
6
CONTINUOUS
10
-1.7965005511811023
20
3.3588073228346458
11
-1.7986729921259843
21
3.3609797637795276
0
LINE
8
BLACK
6
CONTINUOUS
10
-1.7986729921259843
20
3.3609797637795276
11
-1.7998487007874016
21
3.3638181889763779
0
LINE
8
BLACK
6
CONTINUOUS
10
-1.7998487007874016
20
3.3638181889763779
11
-1.7998487007874016
21
3.3668904724409447
0
LINE
8
BLACK
6
CONTINUOUS
10
-1.7998487007874016
20
3.3668904724409447
11
-1.7986729921259843
21
3.369728897637795
0
LINE
8
BLACK
6
CONTINUOUS
10
-1.7986729921259843
20
3.369728897637795
11
-1.7965005511811023
21
3.3719013385826773
0
LINE
8
BLACK
6
CONTINUOUS
10
-1.7965005511811023
20
3.3719013385826773
11
-1.793662125984252
21
3.3730770472440943
0
LINE
8
BLACK
6
CONTINUOUS
10
-1.793662125984252
20
3.3730770472440943
11
-1.7905898425196849
21
3.3730770472440943
0
LINE
8
BLACK
6
CONTINUOUS
10
-1.7905898425196849
20
3.3730770472440943
11
-1.7877514173228346
21
3.3719013385826773
0
LINE
8
BLACK
6
CONTINUOUS
10
-2.1076333070866142
20
3.380236023622047
11
-2.1054608661417324
21
3.3780635826771652
0
LINE
8
BLACK
6
CONTINUOUS
10
-2.1054608661417324
20
3.3780635826771652
11
-2.104285157480315
21
3.3752251574803149
0
LINE
8
BLACK
6
CONTINUOUS
10
-2.104285157480315
20
3.3752251574803149
11
-2.104285157480315
21
3.372152874015748
0
LINE
8
BLACK
6
CONTINUOUS
10
-2.104285157480315
20
3.372152874015748
11
-2.1054608661417324
21
3.3693144488188977
0
LINE
8
BLACK
6
CONTINUOUS
10
-2.1054608661417324
20
3.3693144488188977
11
-2.1076333070866142
21
3.3671420078740155
0
LINE
8
BLACK
6
CONTINUOUS
10
-2.1076333070866142
20
3.3671420078740155
11
-2.1104717322834645
21
3.3659662992125985
0
LINE
8
BLACK
6
CONTINUOUS
10
-2.1104717322834645
20
3.3659662992125985
11
-2.1135440157480314
21
3.3659662992125985
0
LINE
8
BLACK
6
CONTINUOUS
10
-2.1135440157480314
20
3.3659662992125985
11
-2.1163824409448817
21
3.3671420078740155
0
LINE
8
BLACK
6
CONTINUOUS
10
-2.1163824409448817
20
3.3671420078740155
11
-2.1185548818897639
21
3.3693144488188977
0
LINE
8
BLACK
6
CONTINUOUS
10
-2.1185548818897639
20
3.3693144488188977
11
-2.119730590551181
21
3.372152874015748
0
LINE
8
BLACK
6
CONTINUOUS
10
-2.119730590551181
20
3.372152874015748
11
-2.119730590551181
21
3.3752251574803149
0
LINE
8
BLACK
6
CONTINUOUS
10
-2.119730590551181
20
3.3752251574803149
11
-2.1185548818897639
21
3.3780635826771652
0
LINE
8
BLACK
6
CONTINUOUS
10
-2.1185548818897639
20
3.3780635826771652
11
-2.1163824409448817
21
3.380236023622047
0
LINE
8
BLACK
6
CONTINUOUS
10
-2.1163824409448817
20
3.380236023622047
11
-2.1135440157480314
21
3.3814117322834645
0
LINE
8
BLACK
6
CONTINUOUS
10
-2.1135440157480314
20
3.3814117322834645
11
-2.1104717322834645
21
3.3814117322834645
0
LINE
8
BLACK
6
CONTINUOUS
10
-2.1104717322834645
20
3.3814117322834645
11
-2.1076333070866142
21
3.380236023622047
0
LINE
8
BLACK
6
CONTINUOUS
10
-2.2326333070866142
20
3.4112714173228347
11
-2.2304608661417324
21
3.4090989763779529
0
LINE
8
BLACK
6
CONTINUOUS
10
-2.2304608661417324
20
3.4090989763779529
11
-2.229285157480315
21
3.4062605511811022
0
LINE
8
BLACK
6
CONTINUOUS
10
-2.229285157480315
20
3.4062605511811022
11
-2.229285157480315
21
3.4031882677165353
0
LINE
8
BLACK
6
CONTINUOUS
10
-2.229285157480315
20
3.4031882677165353
11
-2.2304608661417324
21
3.400349842519685
0
LINE
8
BLACK
6
CONTINUOUS
10
-2.2304608661417324
20
3.400349842519685
11
-2.2326333070866142
21
3.3981774015748032
0
LINE
8
BLACK
6
CONTINUOUS
10
-2.2326333070866142
20
3.3981774015748032
11
-2.2354717322834645
21
3.3970016929133857
0
LINE
8
BLACK
6
CONTINUOUS
10
-2.2354717322834645
20
3.3970016929133857
11
-2.2385440157480314
21
3.3970016929133857
0
LINE
8
BLACK
6
CONTINUOUS
10
-2.2385440157480314
20
3.3970016929133857
11
-2.2413824409448817
21
3.3981774015748032
0
LINE
8
BLACK
6
CONTINUOUS
10
-2.2413824409448817
20
3.3981774015748032
11
-2.2435548818897639
21
3.400349842519685
0
LINE
8
BLACK
6
CONTINUOUS
10
-2.2435548818897639
20
3.400349842519685
11
-2.244730590551181
21
3.4031882677165353
0
LINE
8
BLACK
6
CONTINUOUS
10
-2.244730590551181
20
3.4031882677165353
11
-2.244730590551181
21
3.4062605511811022
0
LINE
8
BLACK
6
CONTINUOUS
10
-2.244730590551181
20
3.4062605511811022
11
-2.2435548818897639
21
3.4090989763779529
0
LINE
8
BLACK
6
CONTINUOUS
10
-2.2435548818897639
20
3.4090989763779529
11
-2.2413824409448817
21
3.4112714173228347
0
LINE
8
BLACK
6
CONTINUOUS
10
-2.2413824409448817
20
3.4112714173228347
11
-2.2385440157480314
21
3.4124471259842517
0
LINE
8
BLACK
6
CONTINUOUS
10
-2.2385440157480314
20
3.4124471259842517
11
-2.2354717322834645
21
3.4124471259842517
0
LINE
8
BLACK
6
CONTINUOUS
10
-2.2354717322834645
20
3.4124471259842517
11
-2.2326333070866142
21
3.4112714173228347
0
LINE
8
BLACK
6
CONTINUOUS
10
-1.8153104724409448
20
3.4191454330708662
11
-1.813138031496063
21
3.4169729921259844
0
LINE
8
BLACK
6
CONTINUOUS
10
-1.813138031496063
20
3.4169729921259844
11
-1.8119623228346455
21
3.4141345669291336
0
LINE
8
BLACK
6
CONTINUOUS
10
-1.8119623228346455
20
3.4141345669291336
11
-1.8119623228346455
21
3.4110622834645667
0
LINE
8
BLACK
6
CONTINUOUS
10
-1.8119623228346455
20
3.4110622834645667
11
-1.813138031496063
21
3.4082238582677165
0
LINE
8
BLACK
6
CONTINUOUS
10
-1.813138031496063
20
3.4082238582677165
11
-1.8153104724409448
21
3.4060514173228347
0
LINE
8
BLACK
6
CONTINUOUS
10
-1.8153104724409448
20
3.4060514173228347
11
-1.8181488976377953
21
3.4048757086614172
0
LINE
8
BLACK
6
CONTINUOUS
10
-1.8181488976377953
20
3.4048757086614172
11
-1.8212211811023622
21
3.4048757086614172
0
LINE
8
BLACK
6
CONTINUOUS
10
-1.8212211811023622
20
3.4048757086614172
11
-1.8240596062992125
21
3.4060514173228347
0
LINE
8
BLACK
6
CONTINUOUS
10
-1.8240596062992125
20
3.4060514173228347
11
-1.8262320472440945
21
3.4082238582677165
0
LINE
8
BLACK
6
CONTINUOUS
10
-1.8262320472440945
20
3.4082238582677165
11
-1.8274077559055117
21
3.4110622834645667
0
LINE
8
BLACK
6
CONTINUOUS
10
-1.8274077559055117
20
3.4110622834645667
11
-1.8274077559055117
21
3.4141345669291336
0
LINE
8
BLACK
6
CONTINUOUS
10
-1.8274077559055117
20
3.4141345669291336
11
-1.8262320472440945
21
3.4169729921259844
0
LINE
8
BLACK
6
CONTINUOUS
10
-1.8262320472440945
20
3.4169729921259844
11
-1.8240596062992125
21
3.4191454330708662
0
LINE
8
BLACK
6
CONTINUOUS
10
-1.8240596062992125
20
3.4191454330708662
11
-1.8212211811023622
21
3.4203211417322832
0
LINE
8
BLACK
6
CONTINUOUS
10
-1.8212211811023622
20
3.4203211417322832
11
-1.8181488976377953
21
3.4203211417322832
0
LINE
8
BLACK
6
CONTINUOUS
10
-1.8181488976377953
20
3.4203211417322832
11
-1.8153104724409448
21
3.4191454330708662
0
LINE
8
BLACK
6
CONTINUOUS
10
-1.9294837007874015
20
3.4270194488188976
11
-1.9273112598425197
21
3.4248470078740159
0
LINE
8
BLACK
6
CONTINUOUS
10
-1.9273112598425197
20
3.4248470078740159
11
-1.9261355511811022
21
3.4220085826771651
0
LINE
8
BLACK
6
CONTINUOUS
10
-1.9261355511811022
20
3.4220085826771651
11
-1.9261355511811022
21
3.4189362992125982
0
LINE
8
BLACK
6
CONTINUOUS
10
-1.9261355511811022
20
3.4189362992125982
11
-1.9273112598425197
21
3.4160978740157479
0
LINE
8
BLACK
6
CONTINUOUS
10
-1.9273112598425197
20
3.4160978740157479
11
-1.9294837007874015
21
3.4139254330708662
0
LINE
8
BLACK
6
CONTINUOUS
10
-1.9294837007874015
20
3.4139254330708662
11
-1.932322125984252
21
3.4127497244094487
0
LINE
8
BLACK
6
CONTINUOUS
10
-1.932322125984252
20
3.4127497244094487
11
-1.9353944094488189
21
3.4127497244094487
0
LINE
8
BLACK
6
CONTINUOUS
10
-1.9353944094488189
20
3.4127497244094487
11
-1.9382328346456692
21
3.4139254330708662
0
LINE
8
BLACK
6
CONTINUOUS
10
-1.9382328346456692
20
3.4139254330708662
11
-1.9404052755905512
21
3.4160978740157479
0
LINE
8
BLACK
6
CONTINUOUS
10
-1.9404052755905512
20
3.4160978740157479
11
-1.9415809842519685
21
3.4189362992125982
0
LINE
8
BLACK
6
CONTINUOUS
10
-1.9415809842519685
20
3.4189362992125982
11
-1.9415809842519685
21
3.4220085826771651
0
LINE
8
BLACK
6
CONTINUOUS
10
-1.9415809842519685
20
3.4220085826771651
11
-1.9404052755905512
21
3.4248470078740159
0
LINE
8
BLACK
6
CONTINUOUS
10
-1.9404052755905512
20
3.4248470078740159
11
-1.9382328346456692
21
3.4270194488188976
0
LINE
8
BLACK
6
CONTINUOUS
10
-1.9382328346456692
20
3.4270194488188976
11
-1.9353944094488189
21
3.4281951574803147
0
LINE
8
BLACK
6
CONTINUOUS
10
-1.9353944094488189
20
3.4281951574803147
11
-1.932322125984252
21
3.4281951574803147
0
LINE
8
BLACK
6
CONTINUOUS
10
-1.932322125984252
20
3.4281951574803147
11
-1.9294837007874015
21
3.4270194488188976
0
LINE
8
BLACK
6
CONTINUOUS
10
-1.937357716535433
20
3.482137559055118
11
-1.9351852755905512
21
3.4799651181102362
0
LINE
8
BLACK
6
CONTINUOUS
10
-1.9351852755905512
20
3.4799651181102362
11
-1.9340095669291337
21
3.4771266929133859
0
LINE
8
BLACK
6
CONTINUOUS
10
-1.9340095669291337
20
3.4771266929133859
11
-1.9340095669291337
21
3.4740544094488186
0
LINE
8
BLACK
6
CONTINUOUS
10
-1.9340095669291337
20
3.4740544094488186
11
-1.9351852755905512
21
3.4712159842519683
0
LINE
8
BLACK
6
CONTINUOUS
10
-1.9351852755905512
20
3.4712159842519683
11
-1.937357716535433
21
3.4690435433070865
0
LINE
8
BLACK
6
CONTINUOUS
10
-1.937357716535433
20
3.4690435433070865
11
-1.9387795275590551
21
3.4684546456692913
0
LINE
8
BLACK
6
CONTINUOUS
10
-1.9387795275590551
20
3.4684546456692913
11
-1.9387795275590551
21
3.4650025984251966
0
LINE
8
BLACK
6
CONTINUOUS
10
-1.9387795275590551
20
3.4650025984251966
11
-1.9090131496062992
21
3.4352362204724409
0
LINE
8
BLACK
6
CONTINUOUS
10
-1.9090131496062992
20
3.4352362204724409
11
-1.8076028740157479
21
3.4352362204724409
0
LINE
8
BLACK
6
CONTINUOUS
10
-1.8076028740157479
20
3.4352362204724409
11
-1.8063755905511811
21
3.4398166141732283
0
LINE
8
BLACK
6
CONTINUOUS
10
-1.8063755905511811
20
3.4398166141732283
11
-1.8038061811023622
21
3.4442669685039369
0
LINE
8
BLACK
6
CONTINUOUS
10
-1.8038061811023622
20
3.4442669685039369
11
-1.8001724803149606
21
3.4479006692913385
0
LINE
8
BLACK
6
CONTINUOUS
10
-1.8001724803149606
20
3.4479006692913385
11
-1.795722125984252
21
3.4504700787401572
0
LINE
8
BLACK
6
CONTINUOUS
10
-1.795722125984252
20
3.4504700787401572
11
-1.7907583858267717
21
3.4518000787401575
0
LINE
8
BLACK
6
CONTINUOUS
10
-1.7907583858267717
20
3.4518000787401575
11
-1.7856195669291339
21
3.4518000787401575
0
LINE
8
BLACK
6
CONTINUOUS
10
-1.7856195669291339
20
3.4518000787401575
11
-1.7806558267716535
21
3.4504700787401572
0
LINE
8
BLACK
6
CONTINUOUS
10
-1.7806558267716535
20
3.4504700787401572
11
-1.7762054724409448
21
3.4479006692913385
0
LINE
8
BLACK
6
CONTINUOUS
10
-1.7762054724409448
20
3.4479006692913385
11
-1.7725717716535432
21
3.4442669685039369
0
LINE
8
BLACK
6
CONTINUOUS
10
-1.7725717716535432
20
3.4442669685039369
11
-1.7700023622047243
21
3.4398166141732283
0
LINE
8
BLACK
6
CONTINUOUS
10
-1.7700023622047243
20
3.4398166141732283
11
-1.7686723622047245
21
3.434852874015748
0
LINE
8
BLACK
6
CONTINUOUS
10
-1.7686723622047245
20
3.434852874015748
11
-1.7686723622047245
21
3.4297140551181102
0
LINE
8
BLACK
6
CONTINUOUS
10
-1.7686723622047245
20
3.4297140551181102
11
-1.7700023622047243
21
3.42475031496063
0
LINE
8
BLACK
6
CONTINUOUS
10
-1.7700023622047243
20
3.42475031496063
11
-1.7725717716535432
21
3.4202999606299214
0
LINE
8
BLACK
6
CONTINUOUS
10
-1.7725717716535432
20
3.4202999606299214
11
-1.7762054724409448
21
3.4166662598425197
0
LINE
8
BLACK
6
CONTINUOUS
10
-1.7762054724409448
20
3.4166662598425197
11
-1.7806558267716535
21
3.4140968503937006
0
LINE
8
BLACK
6
CONTINUOUS
10
-1.7806558267716535
20
3.4140968503937006
11
-1.7856195669291339
21
3.4127668503937008
0
LINE
8
BLACK
6
CONTINUOUS
10
-1.7856195669291339
20
3.4127668503937008
11
-1.7907583858267717
21
3.4127668503937008
0
LINE
8
BLACK
6
CONTINUOUS
10
-1.7907583858267717
20
3.4127668503937008
11
-1.795722125984252
21
3.4140968503937006
0
LINE
8
BLACK
6
CONTINUOUS
10
-1.795722125984252
20
3.4140968503937006
11
-1.8001724803149606
21
3.4166662598425197
0
LINE
8
BLACK
6
CONTINUOUS
10
-1.8001724803149606
20
3.4166662598425197
11
-1.8038061811023622
21
3.4202999606299214
0
LINE
8
BLACK
6
CONTINUOUS
10
-1.8038061811023622
20
3.4202999606299214
11
-1.8063755905511811
21
3.42475031496063
0
LINE
8
BLACK
6
CONTINUOUS
10
-1.8063755905511811
20
3.42475031496063
11
-1.8076028740157479
21
3.4293307086614173
0
LINE
8
BLACK
6
CONTINUOUS
10
-1.8076028740157479
20
3.4293307086614173
11
-1.9102362204724408
21
3.4293307086614173
0
LINE
8
BLACK
6
CONTINUOUS
10
-1.9102362204724408
20
3.4293307086614173
11
-1.9108122834645669
21
3.4293874409448817
0
LINE
8
BLACK
6
CONTINUOUS
10
-1.9108122834645669
20
3.4293874409448817
11
-1.9111240551181101
21
3.4295165748031495
0
LINE
8
BLACK
6
CONTINUOUS
10
-1.9111240551181101
20
3.4295165748031495
11
-1.9118766929133857
21
3.429828307086614
0
LINE
8
BLACK
6
CONTINUOUS
10
-1.9118766929133857
20
3.429828307086614
11
-1.9123241338582677
21
3.4301955511811024
0
LINE
8
BLACK
6
CONTINUOUS
10
-1.9123241338582677
20
3.4301955511811024
11
-1.9438201968503936
21
3.4616916141732283
0
LINE
8
BLACK
6
CONTINUOUS
10
-1.9438201968503936
20
3.4616916141732283
11
-1.9441874015748031
21
3.4621390551181102
0
LINE
8
BLACK
6
CONTINUOUS
10
-1.9441874015748031
20
3.4621390551181102
11
-1.9446283070866142
21
3.4632035039370077
0
LINE
8
BLACK
6
CONTINUOUS
10
-1.9446283070866142
20
3.4632035039370077
11
-1.9446850393700787
21
3.4637795275590548
0
LINE
8
BLACK
6
CONTINUOUS
10
-1.9446850393700787
20
3.4637795275590548
11
-1.9446850393700787
21
3.4684546456692913
0
LINE
8
BLACK
6
CONTINUOUS
10
-1.9446850393700787
20
3.4684546456692913
11
-1.9461068503937007
21
3.4690435433070865
0
LINE
8
BLACK
6
CONTINUOUS
10
-1.9461068503937007
20
3.4690435433070865
11
-1.9482792913385827
21
3.4712159842519683
0
LINE
8
BLACK
6
CONTINUOUS
10
-1.9482792913385827
20
3.4712159842519683
11
-1.9494549999999999
21
3.4740544094488186
0
LINE
8
BLACK
6
CONTINUOUS
10
-1.9494549999999999
20
3.4740544094488186
11
-1.9494549999999999
21
3.4771266929133859
0
LINE
8
BLACK
6
CONTINUOUS
10
-1.9494549999999999
20
3.4771266929133859
11
-1.9482792913385827
21
3.4799651181102362
0
LINE
8
BLACK
6
CONTINUOUS
10
-1.9482792913385827
20
3.4799651181102362
11
-1.9461068503937007
21
3.482137559055118
0
LINE
8
BLACK
6
CONTINUOUS
10
-1.9461068503937007
20
3.482137559055118
11
-1.9432684251968504
21
3.4833132677165355
0
LINE
8
BLACK
6
CONTINUOUS
10
-1.9432684251968504
20
3.4833132677165355
11
-1.9401961417322835
21
3.4833132677165355
0
LINE
8
BLACK
6
CONTINUOUS
10
-1.9401961417322835
20
3.4833132677165355
11
-1.937357716535433
21
3.482137559055118
0
LINE
8
BLACK
6
CONTINUOUS
10
-1.8192474803149605
20
3.4703265354330708
11
-1.8170750393700787
21
3.468154094488189
0
LINE
8
BLACK
6
CONTINUOUS
10
-1.8170750393700787
20
3.468154094488189
11
-1.8158993307086613
21
3.4653156692913387
0
LINE
8
BLACK
6
CONTINUOUS
10
-1.8158993307086613
20
3.4653156692913387
11
-1.8158993307086613
21
3.4622433858267714
0
LINE
8
BLACK
6
CONTINUOUS
10
-1.8158993307086613
20
3.4622433858267714
11
-1.8170750393700787
21
3.4594049606299211
0
LINE
8
BLACK
6
CONTINUOUS
10
-1.8170750393700787
20
3.4594049606299211
11
-1.8192474803149605
21
3.4572325196850393
0
LINE
8
BLACK
6
CONTINUOUS
10
-1.8192474803149605
20
3.4572325196850393
11
-1.822085905511811
21
3.4560568110236218
0
LINE
8
BLACK
6
CONTINUOUS
10
-1.822085905511811
20
3.4560568110236218
11
-1.8251581889763779
21
3.4560568110236218
0
LINE
8
BLACK
6
CONTINUOUS
10
-1.8251581889763779
20
3.4560568110236218
11
-1.8279966141732282
21
3.4572325196850393
0
LINE
8
BLACK
6
CONTINUOUS
10
-1.8279966141732282
20
3.4572325196850393
11
-1.8301690551181102
21
3.4594049606299211
0
LINE
8
BLACK
6
CONTINUOUS
10
-1.8301690551181102
20
3.4594049606299211
11
-1.8313447637795275
21
3.4622433858267714
0
LINE
8
BLACK
6
CONTINUOUS
10
-1.8313447637795275
20
3.4622433858267714
11
-1.8313447637795275
21
3.4653156692913387
0
LINE
8
BLACK
6
CONTINUOUS
10
-1.8313447637795275
20
3.4653156692913387
11
-1.8301690551181102
21
3.468154094488189
0
LINE
8
BLACK
6
CONTINUOUS
10
-1.8301690551181102
20
3.468154094488189
11
-1.8279966141732282
21
3.4703265354330708
0
LINE
8
BLACK
6
CONTINUOUS
10
-1.8279966141732282
20
3.4703265354330708
11
-1.8251581889763779
21
3.4715022440944883
0
LINE
8
BLACK
6
CONTINUOUS
10
-1.8251581889763779
20
3.4715022440944883
11
-1.822085905511811
21
3.4715022440944883
0
LINE
8
BLACK
6
CONTINUOUS
10
-1.822085905511811
20
3.4715022440944883
11
-1.8192474803149605
21
3.4703265354330708
0
LINE
8
BLACK
6
CONTINUOUS
10
-2.1657041732283462
20
3.4860745669291338
11
-2.1635317322834644
21
3.483902125984252
0
LINE
8
BLACK
6
CONTINUOUS
10
-2.1635317322834644
20
3.483902125984252
11
-2.1623560236220474
21
3.4810637007874017
0
LINE
8
BLACK
6
CONTINUOUS
10
-2.1623560236220474
20
3.4810637007874017
11
-2.1623560236220474
21
3.4779914173228348
0
LINE
8
BLACK
6
CONTINUOUS
10
-2.1623560236220474
20
3.4779914173228348
11
-2.1635317322834644
21
3.4751529921259841
0
LINE
8
BLACK
6
CONTINUOUS
10
-2.1635317322834644
20
3.4751529921259841
11
-2.1657041732283462
21
3.4729805511811023
0
LINE
8
BLACK
6
CONTINUOUS
10
-2.1657041732283462
20
3.4729805511811023
11
-2.1685425984251969
21
3.4718048425196848
0
LINE
8
BLACK
6
CONTINUOUS
10
-2.1685425984251969
20
3.4718048425196848
11
-2.1716148818897638
21
3.4718048425196848
0
LINE
8
BLACK
6
CONTINUOUS
10
-2.1716148818897638
20
3.4718048425196848
11
-2.1744533070866141
21
3.4729805511811023
0
LINE
8
BLACK
6
CONTINUOUS
10
-2.1744533070866141
20
3.4729805511811023
11
-2.1766257480314959
21
3.4751529921259841
0
LINE
8
BLACK
6
CONTINUOUS
10
-2.1766257480314959
20
3.4751529921259841
11
-2.1778014566929134
21
3.4779914173228348
0
LINE
8
BLACK
6
CONTINUOUS
10
-2.1778014566929134
20
3.4779914173228348
11
-2.1778014566929134
21
3.4810637007874017
0
LINE
8
BLACK
6
CONTINUOUS
10
-2.1778014566929134
20
3.4810637007874017
11
-2.1766257480314959
21
3.483902125984252
0
LINE
8
BLACK
6
CONTINUOUS
10
-2.1766257480314959
20
3.483902125984252
11
-2.1744533070866141
21
3.4860745669291338
0
LINE
8
BLACK
6
CONTINUOUS
10
-2.1744533070866141
20
3.4860745669291338
11
-2.1716148818897638
21
3.4872502755905512
0
LINE
8
BLACK
6
CONTINUOUS
10
-2.1716148818897638
20
3.4872502755905512
11
-2.1685425984251969
21
3.4872502755905512
0
LINE
8
BLACK
6
CONTINUOUS
10
-2.1685425984251969
20
3.4872502755905512
11
-2.1657041732283462
21
3.4860745669291338
0
LINE
8
BLACK
6
CONTINUOUS
10
-1.9019246456692913
20
3.5175706299212597
11
-1.8997522047244093
21
3.5153981889763779
0
LINE
8
BLACK
6
CONTINUOUS
10
-1.8997522047244093
20
3.5153981889763779
11
-1.8985764960629921
21
3.5125597637795276
0
LINE
8
BLACK
6
CONTINUOUS
10
-1.8985764960629921
20
3.5125597637795276
11
-1.8985764960629921
21
3.5094874803149607
0
LINE
8
BLACK
6
CONTINUOUS
10
-1.8985764960629921
20
3.5094874803149607
11
-1.8997522047244093
21
3.50664905511811
0
LINE
8
BLACK
6
CONTINUOUS
10
-1.8997522047244093
20
3.50664905511811
11
-1.9019246456692913
21
3.5044766141732282
0
LINE
8
BLACK
6
CONTINUOUS
10
-1.9019246456692913
20
3.5044766141732282
11
-1.9047630708661416
21
3.5033009055118107
0
LINE
8
BLACK
6
CONTINUOUS
10
-1.9047630708661416
20
3.5033009055118107
11
-1.9078353543307087
21
3.5033009055118107
0
LINE
8
BLACK
6
CONTINUOUS
10
-1.9078353543307087
20
3.5033009055118107
11
-1.910673779527559
21
3.5044766141732282
0
LINE
8
BLACK
6
CONTINUOUS
10
-1.910673779527559
20
3.5044766141732282
11
-1.9128462204724408
21
3.50664905511811
0
LINE
8
BLACK
6
CONTINUOUS
10
-1.9128462204724408
20
3.50664905511811
11
-1.9140219291338583
21
3.5094874803149607
0
LINE
8
BLACK
6
CONTINUOUS
10
-1.9140219291338583
20
3.5094874803149607
11
-1.9140219291338583
21
3.5125597637795276
0
LINE
8
BLACK
6
CONTINUOUS
10
-1.9140219291338583
20
3.5125597637795276
11
-1.9128462204724408
21
3.5153981889763779
0
LINE
8
BLACK
6
CONTINUOUS
10
-1.9128462204724408
20
3.5153981889763779
11
-1.910673779527559
21
3.5175706299212597
0
LINE
8
BLACK
6
CONTINUOUS
10
-1.910673779527559
20
3.5175706299212597
11
-1.9078353543307087
21
3.5187463385826772
0
LINE
8
BLACK
6
CONTINUOUS
10
-1.9078353543307087
20
3.5187463385826772
11
-1.9047630708661416
21
3.5187463385826772
0
LINE
8
BLACK
6
CONTINUOUS
10
-1.9047630708661416
20
3.5187463385826772
11
-1.9019246456692913
21
3.5175706299212597
0
LINE
8
BLACK
6
CONTINUOUS
10
-1.8074364566929133
20
3.5175706299212597
11
-1.8052640157480315
21
3.5153981889763779
0
LINE
8
BLACK
6
CONTINUOUS
10
-1.8052640157480315
20
3.5153981889763779
11
-1.8040883070866141
21
3.5125597637795276
0
LINE
8
BLACK
6
CONTINUOUS
10
-1.8040883070866141
20
3.5125597637795276
11
-1.8040883070866141
21
3.5094874803149607
0
LINE
8
BLACK
6
CONTINUOUS
10
-1.8040883070866141
20
3.5094874803149607
11
-1.8052640157480315
21
3.50664905511811
0
LINE
8
BLACK
6
CONTINUOUS
10
-1.8052640157480315
20
3.50664905511811
11
-1.8074364566929133
21
3.5044766141732282
0
LINE
8
BLACK
6
CONTINUOUS
10
-1.8074364566929133
20
3.5044766141732282
11
-1.8102748818897638
21
3.5033009055118107
0
LINE
8
BLACK
6
CONTINUOUS
10
-1.8102748818897638
20
3.5033009055118107
11
-1.8133471653543307
21
3.5033009055118107
0
LINE
8
BLACK
6
CONTINUOUS
10
-1.8133471653543307
20
3.5033009055118107
11
-1.816185590551181
21
3.5044766141732282
0
LINE
8
BLACK
6
CONTINUOUS
10
-1.816185590551181
20
3.5044766141732282
11
-1.818358031496063
21
3.50664905511811
0
LINE
8
BLACK
6
CONTINUOUS
10
-1.818358031496063
20
3.50664905511811
11
-1.8195337401574803
21
3.5094874803149607
0
LINE
8
BLACK
6
CONTINUOUS
10
-1.8195337401574803
20
3.5094874803149607
11
-1.8195337401574803
21
3.5125597637795276
0
LINE
8
BLACK
6
CONTINUOUS
10
-1.8195337401574803
20
3.5125597637795276
11
-1.818358031496063
21
3.5153981889763779
0
LINE
8
BLACK
6
CONTINUOUS
10
-1.818358031496063
20
3.5153981889763779
11
-1.816185590551181
21
3.5175706299212597
0
LINE
8
BLACK
6
CONTINUOUS
10
-1.816185590551181
20
3.5175706299212597
11
-1.8133471653543307
21
3.5187463385826772
0
LINE
8
BLACK
6
CONTINUOUS
10
-1.8133471653543307
20
3.5187463385826772
11
-1.8102748818897638
21
3.5187463385826772
0
LINE
8
BLACK
6
CONTINUOUS
10
-1.8102748818897638
20
3.5187463385826772
11
-1.8074364566929133
21
3.5175706299212597
0
LINE
8
BLACK
6
CONTINUOUS
10
-2.0869640157480314
20
3.5608777165354328
11
-2.0847915748031496
21
3.5587052755905511
0
LINE
8
BLACK
6
CONTINUOUS
10
-2.0847915748031496
20
3.5587052755905511
11
-2.0836158661417321
21
3.5558668503937008
0
LINE
8
BLACK
6
CONTINUOUS
10
-2.0836158661417321
20
3.5558668503937008
11
-2.0836158661417321
21
3.5527945669291339
0
LINE
8
BLACK
6
CONTINUOUS
10
-2.0836158661417321
20
3.5527945669291339
11
-2.0847915748031496
21
3.5499561417322836
0
LINE
8
BLACK
6
CONTINUOUS
10
-2.0847915748031496
20
3.5499561417322836
11
-2.0869640157480314
21
3.5477837007874014
0
LINE
8
BLACK
6
CONTINUOUS
10
-2.0869640157480314
20
3.5477837007874014
11
-2.0898024409448817
21
3.5466079921259843
0
LINE
8
BLACK
6
CONTINUOUS
10
-2.0898024409448817
20
3.5466079921259843
11
-2.0928747244094486
21
3.5466079921259843
0
LINE
8
BLACK
6
CONTINUOUS
10
-2.0928747244094486
20
3.5466079921259843
11
-2.0957131496062993
21
3.5477837007874014
0
LINE
8
BLACK
6
CONTINUOUS
10
-2.0957131496062993
20
3.5477837007874014
11
-2.0978855905511811
21
3.5499561417322836
0
LINE
8
BLACK
6
CONTINUOUS
10
-2.0978855905511811
20
3.5499561417322836
11
-2.0990612992125985
21
3.5527945669291339
0
LINE
8
BLACK
6
CONTINUOUS
10
-2.0990612992125985
20
3.5527945669291339
11
-2.0990612992125985
21
3.5558668503937008
0
LINE
8
BLACK
6
CONTINUOUS
10
-2.0990612992125985
20
3.5558668503937008
11
-2.0978855905511811
21
3.5587052755905511
0
LINE
8
BLACK
6
CONTINUOUS
10
-2.0978855905511811
20
3.5587052755905511
11
-2.0957131496062993
21
3.5608777165354328
0
LINE
8
BLACK
6
CONTINUOUS
10
-2.0957131496062993
20
3.5608777165354328
11
-2.0928747244094486
21
3.5620534251968503
0
LINE
8
BLACK
6
CONTINUOUS
10
-2.0928747244094486
20
3.5620534251968503
11
-2.0898024409448817
21
3.5620534251968503
0
LINE
8
BLACK
6
CONTINUOUS
10
-2.0898024409448817
20
3.5620534251968503
11
-2.0869640157480314
21
3.5608777165354328
0
LINE
8
BLACK
6
CONTINUOUS
10
-2.2286962992125985
20
3.5726887401574801
11
-2.2265238582677167
21
3.5705162992125983
0
LINE
8
BLACK
6
CONTINUOUS
10
-2.2265238582677167
20
3.5705162992125983
11
-2.2253481496062992
21
3.567677874015748
0
LINE
8
BLACK
6
CONTINUOUS
10
-2.2253481496062992
20
3.567677874015748
11
-2.2253481496062992
21
3.5646055905511811
0
LINE
8
BLACK
6
CONTINUOUS
10
-2.2253481496062992
20
3.5646055905511811
11
-2.2265238582677167
21
3.5617671653543308
0
LINE
8
BLACK
6
CONTINUOUS
10
-2.2265238582677167
20
3.5617671653543308
11
-2.2286962992125985
21
3.5595947244094486
0
LINE
8
BLACK
6
CONTINUOUS
10
-2.2286962992125985
20
3.5595947244094486
11
-2.2315347244094488
21
3.5584190157480315
0
LINE
8
BLACK
6
CONTINUOUS
10
-2.2315347244094488
20
3.5584190157480315
11
-2.2346070078740157
21
3.5584190157480315
0
LINE
8
BLACK
6
CONTINUOUS
10
-2.2346070078740157
20
3.5584190157480315
11
-2.237445433070866
21
3.5595947244094486
0
LINE
8
BLACK
6
CONTINUOUS
10
-2.237445433070866
20
3.5595947244094486
11
-2.2396178740157482
21
3.5617671653543308
0
LINE
8
BLACK
6
CONTINUOUS
10
-2.2396178740157482
20
3.5617671653543308
11
-2.2407935826771652
21
3.5646055905511811
0
LINE
8
BLACK
6
CONTINUOUS
10
-2.2407935826771652
20
3.5646055905511811
11
-2.2407935826771652
21
3.567677874015748
0
LINE
8
BLACK
6
CONTINUOUS
10
-2.2407935826771652
20
3.567677874015748
11
-2.2396178740157482
21
3.5705162992125983
0
LINE
8
BLACK
6
CONTINUOUS
10
-2.2396178740157482
20
3.5705162992125983
11
-2.237445433070866
21
3.5726887401574801
0
LINE
8
BLACK
6
CONTINUOUS
10
-2.237445433070866
20
3.5726887401574801
11
-2.2346070078740157
21
3.5738644488188975
0
LINE
8
BLACK
6
CONTINUOUS
10
-2.2346070078740157
20
3.5738644488188975
11
-2.2315347244094488
21
3.5738644488188975
0
LINE
8
BLACK
6
CONTINUOUS
10
-2.2315347244094488
20
3.5738644488188975
11
-2.2286962992125985
21
3.5726887401574801
0
LINE
8
BLACK
6
CONTINUOUS
10
-1.7601923622047244
20
3.5844997637795273
11
-1.7580199212598424
21
3.5823273228346455
0
LINE
8
BLACK
6
CONTINUOUS
10
-1.7580199212598424
20
3.5823273228346455
11
-1.7568442125984252
21
3.5794888976377952
0
LINE
8
BLACK
6
CONTINUOUS
10
-1.7568442125984252
20
3.5794888976377952
11
-1.7568442125984252
21
3.5764166141732283
0
LINE
8
BLACK
6
CONTINUOUS
10
-1.7568442125984252
20
3.5764166141732283
11
-1.7580199212598424
21
3.573578188976378
0
LINE
8
BLACK
6
CONTINUOUS
10
-1.7580199212598424
20
3.573578188976378
11
-1.7601923622047244
21
3.5714057480314958
0
LINE
8
BLACK
6
CONTINUOUS
10
-1.7601923622047244
20
3.5714057480314958
11
-1.7630307874015747
21
3.5702300393700788
0
LINE
8
BLACK
6
CONTINUOUS
10
-1.7630307874015747
20
3.5702300393700788
11
-1.7661030708661416
21
3.5702300393700788
0
LINE
8
BLACK
6
CONTINUOUS
10
-1.7661030708661416
20
3.5702300393700788
11
-1.7689414960629921
21
3.5714057480314958
0
LINE
8
BLACK
6
CONTINUOUS
10
-1.7689414960629921
20
3.5714057480314958
11
-1.7711139370078739
21
3.573578188976378
0
LINE
8
BLACK
6
CONTINUOUS
10
-1.7711139370078739
20
3.573578188976378
11
-1.7722896456692914
21
3.5764166141732283
0
LINE
8
BLACK
6
CONTINUOUS
10
-1.7722896456692914
20
3.5764166141732283
11
-1.7722896456692914
21
3.5794888976377952
0
LINE
8
BLACK
6
CONTINUOUS
10
-1.7722896456692914
20
3.5794888976377952
11
-1.7711139370078739
21
3.5823273228346455
0
LINE
8
BLACK
6
CONTINUOUS
10
-1.7711139370078739
20
3.5823273228346455
11
-1.7689414960629921
21
3.5844997637795273
0
LINE
8
BLACK
6
CONTINUOUS
10
-1.7689414960629921
20
3.5844997637795273
11
-1.7661030708661416
21
3.5856754724409448
0
LINE
8
BLACK
6
CONTINUOUS
10
-1.7661030708661416
20
3.5856754724409448
11
-1.7630307874015747
21
3.5856754724409448
0
LINE
8
BLACK
6
CONTINUOUS
10
-1.7630307874015747
20
3.5856754724409448
11
-1.7601923622047244
21
3.5844997637795273
0
LINE
8
BLACK
6
CONTINUOUS
10
-1.9806648031496064
20
3.588436771653543
11
-1.9784923622047244
21
3.5862643307086612
0
LINE
8
BLACK
6
CONTINUOUS
10
-1.9784923622047244
20
3.5862643307086612
11
-1.9773166535433071
21
3.5834259055118109
0
LINE
8
BLACK
6
CONTINUOUS
10
-1.9773166535433071
20
3.5834259055118109
11
-1.9773166535433071
21
3.5803536220472441
0
LINE
8
BLACK
6
CONTINUOUS
10
-1.9773166535433071
20
3.5803536220472441
11
-1.9784923622047244
21
3.5775151968503938
0
LINE
8
BLACK
6
CONTINUOUS
10
-1.9784923622047244
20
3.5775151968503938
11
-1.9806648031496064
21
3.5753427559055115
0
LINE
8
BLACK
6
CONTINUOUS
10
-1.9806648031496064
20
3.5753427559055115
11
-1.9835032283464566
21
3.5741670472440945
0
LINE
8
BLACK
6
CONTINUOUS
10
-1.9835032283464566
20
3.5741670472440945
11
-1.9865755118110235
21
3.5741670472440945
0
LINE
8
BLACK
6
CONTINUOUS
10
-1.9865755118110235
20
3.5741670472440945
11
-1.9894139370078741
21
3.5753427559055115
0
LINE
8
BLACK
6
CONTINUOUS
10
-1.9894139370078741
20
3.5753427559055115
11
-1.9915863779527558
21
3.5775151968503938
0
LINE
8
BLACK
6
CONTINUOUS
10
-1.9915863779527558
20
3.5775151968503938
11
-1.9927620866141731
21
3.5803536220472441
0
LINE
8
BLACK
6
CONTINUOUS
10
-1.9927620866141731
20
3.5803536220472441
11
-1.9927620866141731
21
3.5834259055118109
0
LINE
8
BLACK
6
CONTINUOUS
10
-1.9927620866141731
20
3.5834259055118109
11
-1.9915863779527558
21
3.5862643307086612
0
LINE
8
BLACK
6
CONTINUOUS
10
-1.9915863779527558
20
3.5862643307086612
11
-1.9894139370078741
21
3.588436771653543
0
LINE
8
BLACK
6
CONTINUOUS
10
-1.9894139370078741
20
3.588436771653543
11
-1.9865755118110235
21
3.5896124803149605
0
LINE
8
BLACK
6
CONTINUOUS
10
-1.9865755118110235
20
3.5896124803149605
11
-1.9835032283464566
21
3.5896124803149605
0
LINE
8
BLACK
6
CONTINUOUS
10
-1.9835032283464566
20
3.5896124803149605
11
-1.9806648031496064
21
3.588436771653543
0
LINE
8
BLACK
6
CONTINUOUS
10
-1.9491687401574802
20
3.588436771653543
11
-1.9469962992125984
21
3.5862643307086612
0
LINE
8
BLACK
6
CONTINUOUS
10
-1.9469962992125984
20
3.5862643307086612
11
-1.945820590551181
21
3.5834259055118109
0
LINE
8
BLACK
6
CONTINUOUS
10
-1.945820590551181
20
3.5834259055118109
11
-1.945820590551181
21
3.5803536220472441
0
LINE
8
BLACK
6
CONTINUOUS
10
-1.945820590551181
20
3.5803536220472441
11
-1.9469962992125984
21
3.5775151968503938
0
LINE
8
BLACK
6
CONTINUOUS
10
-1.9469962992125984
20
3.5775151968503938
11
-1.9491687401574802
21
3.5753427559055115
0
LINE
8
BLACK
6
CONTINUOUS
10
-1.9491687401574802
20
3.5753427559055115
11
-1.9520071653543307
21
3.5741670472440945
0
LINE
8
BLACK
6
CONTINUOUS
10
-1.9520071653543307
20
3.5741670472440945
11
-1.9550794488188976
21
3.5741670472440945
0
LINE
8
BLACK
6
CONTINUOUS
10
-1.9550794488188976
20
3.5741670472440945
11
-1.9579178740157479
21
3.5753427559055115
0
LINE
8
BLACK
6
CONTINUOUS
10
-1.9579178740157479
20
3.5753427559055115
11
-1.9600903149606299
21
3.5775151968503938
0
LINE
8
BLACK
6
CONTINUOUS
10
-1.9600903149606299
20
3.5775151968503938
11
-1.9612660236220472
21
3.5803536220472441
0
LINE
8
BLACK
6
CONTINUOUS
10
-1.9612660236220472
20
3.5803536220472441
11
-1.9612660236220472
21
3.5834259055118109
0
LINE
8
BLACK
6
CONTINUOUS
10
-1.9612660236220472
20
3.5834259055118109
11
-1.9600903149606299
21
3.5862643307086612
0
LINE
8
BLACK
6
CONTINUOUS
10
-1.9600903149606299
20
3.5862643307086612
11
-1.9579178740157479
21
3.588436771653543
0
LINE
8
BLACK
6
CONTINUOUS
10
-1.9579178740157479
20
3.588436771653543
11
-1.9550794488188976
21
3.5896124803149605
0
LINE
8
BLACK
6
CONTINUOUS
10
-1.9550794488188976
20
3.5896124803149605
11
-1.9520071653543307
21
3.5896124803149605
0
LINE
8
BLACK
6
CONTINUOUS
10
-1.9520071653543307
20
3.5896124803149605
11
-1.9491687401574802
21
3.588436771653543
0
LINE
8
BLACK
6
CONTINUOUS
10
-1.9097986614173228
20
3.588436771653543
11
-1.9076262204724408
21
3.5862643307086612
0
LINE
8
BLACK
6
CONTINUOUS
10
-1.9076262204724408
20
3.5862643307086612
11
-1.9064505118110235
21
3.5834259055118109
0
LINE
8
BLACK
6
CONTINUOUS
10
-1.9064505118110235
20
3.5834259055118109
11
-1.9064505118110235
21
3.5803536220472441
0
LINE
8
BLACK
6
CONTINUOUS
10
-1.9064505118110235
20
3.5803536220472441
11
-1.9076262204724408
21
3.5775151968503938
0
LINE
8
BLACK
6
CONTINUOUS
10
-1.9076262204724408
20
3.5775151968503938
11
-1.9097986614173228
21
3.5753427559055115
0
LINE
8
BLACK
6
CONTINUOUS
10
-1.9097986614173228
20
3.5753427559055115
11
-1.9126370866141731
21
3.5741670472440945
0
LINE
8
BLACK
6
CONTINUOUS
10
-1.9126370866141731
20
3.5741670472440945
11
-1.9157093700787402
21
3.5741670472440945
0
LINE
8
BLACK
6
CONTINUOUS
10
-1.9157093700787402
20
3.5741670472440945
11
-1.9185477952755905
21
3.5753427559055115
0
LINE
8
BLACK
6
CONTINUOUS
10
-1.9185477952755905
20
3.5753427559055115
11
-1.9207202362204725
21
3.5775151968503938
0
LINE
8
BLACK
6
CONTINUOUS
10
-1.9207202362204725
20
3.5775151968503938
11
-1.9218959448818898
21
3.5803536220472441
0
LINE
8
BLACK
6
CONTINUOUS
10
-1.9218959448818898
20
3.5803536220472441
11
-1.9218959448818898
21
3.5834259055118109
0
LINE
8
BLACK
6
CONTINUOUS
10
-1.9218959448818898
20
3.5834259055118109
11
-1.9207202362204725
21
3.5862643307086612
0
LINE
8
BLACK
6
CONTINUOUS
10
-1.9207202362204725
20
3.5862643307086612
11
-1.9185477952755905
21
3.588436771653543
0
LINE
8
BLACK
6
CONTINUOUS
10
-1.9185477952755905
20
3.588436771653543
11
-1.9157093700787402
21
3.5896124803149605
0
LINE
8
BLACK
6
CONTINUOUS
10
-1.9157093700787402
20
3.5896124803149605
11
-1.9126370866141731
21
3.5896124803149605
0
LINE
8
BLACK
6
CONTINUOUS
10
-1.9126370866141731
20
3.5896124803149605
11
-1.9097986614173228
21
3.588436771653543
0
LINE
8
BLACK
6
CONTINUOUS
10
-1.8625545669291339
20
3.588436771653543
11
-1.8603821259842519
21
3.5862643307086612
0
LINE
8
BLACK
6
CONTINUOUS
10
-1.8603821259842519
20
3.5862643307086612
11
-1.8592064173228346
21
3.5834259055118109
0
LINE
8
BLACK
6
CONTINUOUS
10
-1.8592064173228346
20
3.5834259055118109
11
-1.8592064173228346
21
3.5803536220472441
0
LINE
8
BLACK
6
CONTINUOUS
10
-1.8592064173228346
20
3.5803536220472441
11
-1.8603821259842519
21
3.5775151968503938
0
LINE
8
BLACK
6
CONTINUOUS
10
-1.8603821259842519
20
3.5775151968503938
11
-1.8625545669291339
21
3.5753427559055115
0
LINE
8
BLACK
6
CONTINUOUS
10
-1.8625545669291339
20
3.5753427559055115
11
-1.8653929921259842
21
3.5741670472440945
0
LINE
8
BLACK
6
CONTINUOUS
10
-1.8653929921259842
20
3.5741670472440945
11
-1.8684652755905511
21
3.5741670472440945
0
LINE
8
BLACK
6
CONTINUOUS
10
-1.8684652755905511
20
3.5741670472440945
11
-1.8713037007874016
21
3.5753427559055115
0
LINE
8
BLACK
6
CONTINUOUS
10
-1.8713037007874016
20
3.5753427559055115
11
-1.8734761417322834
21
3.5775151968503938
0
LINE
8
BLACK
6
CONTINUOUS
10
-1.8734761417322834
20
3.5775151968503938
11
-1.8746518503937006
21
3.5803536220472441
0
LINE
8
BLACK
6
CONTINUOUS
10
-1.8746518503937006
20
3.5803536220472441
11
-1.8746518503937006
21
3.5834259055118109
0
LINE
8
BLACK
6
CONTINUOUS
10
-1.8746518503937006
20
3.5834259055118109
11
-1.8734761417322834
21
3.5862643307086612
0
LINE
8
BLACK
6
CONTINUOUS
10
-1.8734761417322834
20
3.5862643307086612
11
-1.8713037007874016
21
3.588436771653543
0
LINE
8
BLACK
6
CONTINUOUS
10
-1.8713037007874016
20
3.588436771653543
11
-1.8684652755905511
21
3.5896124803149605
0
LINE
8
BLACK
6
CONTINUOUS
10
-1.8684652755905511
20
3.5896124803149605
11
-1.8653929921259842
21
3.5896124803149605
0
LINE
8
BLACK
6
CONTINUOUS
10
-1.8653929921259842
20
3.5896124803149605
11
-1.8625545669291339
21
3.588436771653543
0
LINE
8
BLACK
6
CONTINUOUS
10
-2.2288965748031497
20
3.6238251968503938
11
-2.2267241338582675
21
3.6216527559055116
0
LINE
8
BLACK
6
CONTINUOUS
10
-2.2267241338582675
20
3.6216527559055116
11
-2.2255484251968505
21
3.6188143307086613
0
LINE
8
BLACK
6
CONTINUOUS
10
-2.2255484251968505
20
3.6188143307086613
11
-2.2255484251968505
21
3.6157420472440944
0
LINE
8
BLACK
6
CONTINUOUS
10
-2.2255484251968505
20
3.6157420472440944
11
-2.2267241338582675
21
3.6129036220472441
0
LINE
8
BLACK
6
CONTINUOUS
10
-2.2267241338582675
20
3.6129036220472441
11
-2.2288965748031497
21
3.6107311811023619
0
LINE
8
BLACK
6
CONTINUOUS
10
-2.2288965748031497
20
3.6107311811023619
11
-2.231735
21
3.6095554724409449
0
LINE
8
BLACK
6
CONTINUOUS
10
-2.231735
20
3.6095554724409449
11
-2.2348072834645669
21
3.6095554724409449
0
LINE
8
BLACK
6
CONTINUOUS
10
-2.2348072834645669
20
3.6095554724409449
11
-2.2376457086614172
21
3.6107311811023619
0
LINE
8
BLACK
6
CONTINUOUS
10
-2.2376457086614172
20
3.6107311811023619
11
-2.239818149606299
21
3.6129036220472441
0
LINE
8
BLACK
6
CONTINUOUS
10
-2.239818149606299
20
3.6129036220472441
11
-2.2409938582677165
21
3.6157420472440944
0
LINE
8
BLACK
6
CONTINUOUS
10
-2.2409938582677165
20
3.6157420472440944
11
-2.2409938582677165
21
3.6188143307086613
0
LINE
8
BLACK
6
CONTINUOUS
10
-2.2409938582677165
20
3.6188143307086613
11
-2.239818149606299
21
3.6216527559055116
0
LINE
8
BLACK
6
CONTINUOUS
10
-2.239818149606299
20
3.6216527559055116
11
-2.2376457086614172
21
3.6238251968503938
0
LINE
8
BLACK
6
CONTINUOUS
10
-2.2376457086614172
20
3.6238251968503938
11
-2.2348072834645669
21
3.6250009055118109
0
LINE
8
BLACK
6
CONTINUOUS
10
-2.2348072834645669
20
3.6250009055118109
11
-2.231735
21
3.6250009055118109
0
LINE
8
BLACK
6
CONTINUOUS
10
-2.231735
20
3.6250009055118109
11
-2.2288965748031497
21
3.6238251968503938
0
LINE
8
BLACK
6
CONTINUOUS
10
-2.3397109448818898
20
3.6473204724409447
11
-2.3352605905511812
21
3.644751062992126
0
LINE
8
BLACK
6
CONTINUOUS
10
-2.3352605905511812
20
3.644751062992126
11
-2.3316268897637795
21
3.6411173622047244
0
LINE
8
BLACK
6
CONTINUOUS
10
-2.3316268897637795
20
3.6411173622047244
11
-2.3290574803149604
21
3.6366670078740158
0
LINE
8
BLACK
6
CONTINUOUS
10
-2.3290574803149604
20
3.6366670078740158
11
-2.3277274803149606
21
3.6317032677165355
0
LINE
8
BLACK
6
CONTINUOUS
10
-2.3277274803149606
20
3.6317032677165355
11
-2.3277274803149606
21
3.6265644488188977
0
LINE
8
BLACK
6
CONTINUOUS
10
-2.3277274803149606
20
3.6265644488188977
11
-2.3290574803149604
21
3.621600708661417
0
LINE
8
BLACK
6
CONTINUOUS
10
-2.3290574803149604
20
3.621600708661417
11
-2.3316268897637795
21
3.6171503543307084
0
LINE
8
BLACK
6
CONTINUOUS
10
-2.3316268897637795
20
3.6171503543307084
11
-2.3352605905511812
21
3.6135166535433072
0
LINE
8
BLACK
6
CONTINUOUS
10
-2.3352605905511812
20
3.6135166535433072
11
-2.3397109448818898
21
3.6109472440944881
0
LINE
8
BLACK
6
CONTINUOUS
10
-2.3397109448818898
20
3.6109472440944881
11
-2.34467468503937
21
3.6096172440944883
0
LINE
8
BLACK
6
CONTINUOUS
10
-2.34467468503937
20
3.6096172440944883
11
-2.3498135039370078
21
3.6096172440944883
0
LINE
8
BLACK
6
CONTINUOUS
10
-2.3498135039370078
20
3.6096172440944883
11
-2.3547772440944881
21
3.6109472440944881
0
LINE
8
BLACK
6
CONTINUOUS
10
-2.3547772440944881
20
3.6109472440944881
11
-2.3592275984251967
21
3.6135166535433072
0
LINE
8
BLACK
6
CONTINUOUS
10
-2.3592275984251967
20
3.6135166535433072
11
-2.3628612992125984
21
3.6171503543307084
0
LINE
8
BLACK
6
CONTINUOUS
10
-2.3628612992125984
20
3.6171503543307084
11
-2.3654307086614175
21
3.621600708661417
0
LINE
8
BLACK
6
CONTINUOUS
10
-2.3654307086614175
20
3.621600708661417
11
-2.3667607086614173
21
3.6265644488188977
0
LINE
8
BLACK
6
CONTINUOUS
10
-2.3667607086614173
20
3.6265644488188977
11
-2.3667607086614173
21
3.6317032677165355
0
LINE
8
BLACK
6
CONTINUOUS
10
-2.3667607086614173
20
3.6317032677165355
11
-2.3654307086614175
21
3.6366670078740158
0
LINE
8
BLACK
6
CONTINUOUS
10
-2.3654307086614175
20
3.6366670078740158
11
-2.3628612992125984
21
3.6411173622047244
0
LINE
8
BLACK
6
CONTINUOUS
10
-2.3628612992125984
20
3.6411173622047244
11
-2.3592275984251967
21
3.644751062992126
0
LINE
8
BLACK
6
CONTINUOUS
10
-2.3592275984251967
20
3.644751062992126
11
-2.3547772440944881
21
3.6473204724409447
0
LINE
8
BLACK
6
CONTINUOUS
10
-2.3547772440944881
20
3.6473204724409447
11
-2.3498135039370078
21
3.648650472440945
0
LINE
8
BLACK
6
CONTINUOUS
10
-2.3498135039370078
20
3.648650472440945
11
-2.34467468503937
21
3.648650472440945
0
LINE
8
BLACK
6
CONTINUOUS
10
-2.34467468503937
20
3.648650472440945
11
-2.3397109448818898
21
3.6473204724409447
0
LINE
8
BLACK
6
CONTINUOUS
10
-2.1066490551181101
20
3.6317438582677166
11
-2.1044766141732283
21
3.6295714173228344
0
LINE
8
BLACK
6
CONTINUOUS
10
-2.1044766141732283
20
3.6295714173228344
11
-2.1033009055118108
21
3.6267329921259841
0
LINE
8
BLACK
6
CONTINUOUS
10
-2.1033009055118108
20
3.6267329921259841
11
-2.1033009055118108
21
3.6236607086614172
0
LINE
8
BLACK
6
CONTINUOUS
10
-2.1033009055118108
20
3.6236607086614172
11
-2.1044766141732283
21
3.6208222834645669
0
LINE
8
BLACK
6
CONTINUOUS
10
-2.1044766141732283
20
3.6208222834645669
11
-2.1066490551181101
21
3.6186498425196851
0
LINE
8
BLACK
6
CONTINUOUS
10
-2.1066490551181101
20
3.6186498425196851
11
-2.1094874803149604
21
3.6174741338582677
0
LINE
8
BLACK
6
CONTINUOUS
10
-2.1094874803149604
20
3.6174741338582677
11
-2.1125597637795277
21
3.6174741338582677
0
LINE
8
BLACK
6
CONTINUOUS
10
-2.1125597637795277
20
3.6174741338582677
11
-2.115398188976378
21
3.6186498425196851
0
LINE
8
BLACK
6
CONTINUOUS
10
-2.115398188976378
20
3.6186498425196851
11
-2.1175706299212598
21
3.6208222834645669
0
LINE
8
BLACK
6
CONTINUOUS
10
-2.1175706299212598
20
3.6208222834645669
11
-2.1187463385826772
21
3.6236607086614172
0
LINE
8
BLACK
6
CONTINUOUS
10
-2.1187463385826772
20
3.6236607086614172
11
-2.1187463385826772
21
3.6267329921259841
0
LINE
8
BLACK
6
CONTINUOUS
10
-2.1187463385826772
20
3.6267329921259841
11
-2.1175706299212598
21
3.6295714173228344
0
LINE
8
BLACK
6
CONTINUOUS
10
-2.1175706299212598
20
3.6295714173228344
11
-2.115398188976378
21
3.6317438582677166
0
LINE
8
BLACK
6
CONTINUOUS
10
-2.115398188976378
20
3.6317438582677166
11
-2.1125597637795277
21
3.6329195669291336
0
LINE
8
BLACK
6
CONTINUOUS
10
-2.1125597637795277
20
3.6329195669291336
11
-2.1094874803149604
21
3.6329195669291336
0
LINE
8
BLACK
6
CONTINUOUS
10
-2.1094874803149604
20
3.6329195669291336
11
-2.1066490551181101
21
3.6317438582677166
0
LINE
8
BLACK
6
CONTINUOUS
10
-2.0279088976377952
20
3.6317438582677166
11
-2.0257364566929135
21
3.6295714173228344
0
LINE
8
BLACK
6
CONTINUOUS
10
-2.0257364566929135
20
3.6295714173228344
11
-2.024560748031496
21
3.6267329921259841
0
LINE
8
BLACK
6
CONTINUOUS
10
-2.024560748031496
20
3.6267329921259841
11
-2.024560748031496
21
3.6236607086614172
0
LINE
8
BLACK
6
CONTINUOUS
10
-2.024560748031496
20
3.6236607086614172
11
-2.0257364566929135
21
3.6208222834645669
0
LINE
8
BLACK
6
CONTINUOUS
10
-2.0257364566929135
20
3.6208222834645669
11
-2.0279088976377952
21
3.6186498425196851
0
LINE
8
BLACK
6
CONTINUOUS
10
-2.0279088976377952
20
3.6186498425196851
11
-2.0307473228346455
21
3.6174741338582677
0
LINE
8
BLACK
6
CONTINUOUS
10
-2.0307473228346455
20
3.6174741338582677
11
-2.0338196062992124
21
3.6174741338582677
0
LINE
8
BLACK
6
CONTINUOUS
10
-2.0338196062992124
20
3.6174741338582677
11
-2.0366580314960627
21
3.6186498425196851
0
LINE
8
BLACK
6
CONTINUOUS
10
-2.0366580314960627
20
3.6186498425196851
11
-2.038830472440945
21
3.6208222834645669
0
LINE
8
BLACK
6
CONTINUOUS
10
-2.038830472440945
20
3.6208222834645669
11
-2.040006181102362
21
3.6236607086614172
0
LINE
8
BLACK
6
CONTINUOUS
10
-2.040006181102362
20
3.6236607086614172
11
-2.040006181102362
21
3.6267329921259841
0
LINE
8
BLACK
6
CONTINUOUS
10
-2.040006181102362
20
3.6267329921259841
11
-2.038830472440945
21
3.6295714173228344
0
LINE
8
BLACK
6
CONTINUOUS
10
-2.038830472440945
20
3.6295714173228344
11
-2.0366580314960627
21
3.6317438582677166
0
LINE
8
BLACK
6
CONTINUOUS
10
-2.0366580314960627
20
3.6317438582677166
11
-2.0338196062992124
21
3.6329195669291336
0
LINE
8
BLACK
6
CONTINUOUS
10
-2.0338196062992124
20
3.6329195669291336
11
-2.0307473228346455
21
3.6329195669291336
0
LINE
8
BLACK
6
CONTINUOUS
10
-2.0307473228346455
20
3.6329195669291336
11
-2.0279088976377952
21
3.6317438582677166
0
LINE
8
BLACK
6
CONTINUOUS
10
-1.9491687401574802
20
3.6317438582677166
11
-1.9469962992125984
21
3.6295714173228344
0
LINE
8
BLACK
6
CONTINUOUS
10
-1.9469962992125984
20
3.6295714173228344
11
-1.945820590551181
21
3.6267329921259841
0
LINE
8
BLACK
6
CONTINUOUS
10
-1.945820590551181
20
3.6267329921259841
11
-1.945820590551181
21
3.6236607086614172
0
LINE
8
BLACK
6
CONTINUOUS
10
-1.945820590551181
20
3.6236607086614172
11
-1.9469962992125984
21
3.6208222834645669
0
LINE
8
BLACK
6
CONTINUOUS
10
-1.9469962992125984
20
3.6208222834645669
11
-1.9491687401574802
21
3.6186498425196851
0
LINE
8
BLACK
6
CONTINUOUS
10
-1.9491687401574802
20
3.6186498425196851
11
-1.9520071653543307
21
3.6174741338582677
0
LINE
8
BLACK
6
CONTINUOUS
10
-1.9520071653543307
20
3.6174741338582677
11
-1.9550794488188976
21
3.6174741338582677
0
LINE
8
BLACK
6
CONTINUOUS
10
-1.9550794488188976
20
3.6174741338582677
11
-1.9579178740157479
21
3.6186498425196851
0
LINE
8
BLACK
6
CONTINUOUS
10
-1.9579178740157479
20
3.6186498425196851
11
-1.9600903149606299
21
3.6208222834645669
0
LINE
8
BLACK
6
CONTINUOUS
10
-1.9600903149606299
20
3.6208222834645669
11
-1.9612660236220472
21
3.6236607086614172
0
LINE
8
BLACK
6
CONTINUOUS
10
-1.9612660236220472
20
3.6236607086614172
11
-1.9612660236220472
21
3.6267329921259841
0
LINE
8
BLACK
6
CONTINUOUS
10
-1.9612660236220472
20
3.6267329921259841
11
-1.9600903149606299
21
3.6295714173228344
0
LINE
8
BLACK
6
CONTINUOUS
10
-1.9600903149606299
20
3.6295714173228344
11
-1.9579178740157479
21
3.6317438582677166
0
LINE
8
BLACK
6
CONTINUOUS
10
-1.9579178740157479
20
3.6317438582677166
11
-1.9550794488188976
21
3.6329195669291336
0
LINE
8
BLACK
6
CONTINUOUS
10
-1.9550794488188976
20
3.6329195669291336
11
-1.9520071653543307
21
3.6329195669291336
0
LINE
8
BLACK
6
CONTINUOUS
10
-1.9520071653543307
20
3.6329195669291336
11
-1.9491687401574802
21
3.6317438582677166
0
LINE
8
BLACK
6
CONTINUOUS
10
-1.8231844881889763
20
3.6317438582677166
11
-1.8210120472440945
21
3.6295714173228344
0
LINE
8
BLACK
6
CONTINUOUS
10
-1.8210120472440945
20
3.6295714173228344
11
-1.819836338582677
21
3.6267329921259841
0
LINE
8
BLACK
6
CONTINUOUS
10
-1.819836338582677
20
3.6267329921259841
11
-1.819836338582677
21
3.6236607086614172
0
LINE
8
BLACK
6
CONTINUOUS
10
-1.819836338582677
20
3.6236607086614172
11
-1.8210120472440945
21
3.6208222834645669
0
LINE
8
BLACK
6
CONTINUOUS
10
-1.8210120472440945
20
3.6208222834645669
11
-1.8231844881889763
21
3.6186498425196851
0
LINE
8
BLACK
6
CONTINUOUS
10
-1.8231844881889763
20
3.6186498425196851
11
-1.8260229133858268
21
3.6174741338582677
0
LINE
8
BLACK
6
CONTINUOUS
10
-1.8260229133858268
20
3.6174741338582677
11
-1.8290951968503937
21
3.6174741338582677
0
LINE
8
BLACK
6
CONTINUOUS
10
-1.8290951968503937
20
3.6174741338582677
11
-1.831933622047244
21
3.6186498425196851
0
LINE
8
BLACK
6
CONTINUOUS
10
-1.831933622047244
20
3.6186498425196851
11
-1.834106062992126
21
3.6208222834645669
0
LINE
8
BLACK
6
CONTINUOUS
10
-1.834106062992126
20
3.6208222834645669
11
-1.8352817716535432
21
3.6236607086614172
0
LINE
8
BLACK
6
CONTINUOUS
10
-1.8352817716535432
20
3.6236607086614172
11
-1.8352817716535432
21
3.6267329921259841
0
LINE
8
BLACK
6
CONTINUOUS
10
-1.8352817716535432
20
3.6267329921259841
11
-1.834106062992126
21
3.6295714173228344
0
LINE
8
BLACK
6
CONTINUOUS
10
-1.834106062992126
20
3.6295714173228344
11
-1.831933622047244
21
3.6317438582677166
0
LINE
8
BLACK
6
CONTINUOUS
10
-1.831933622047244
20
3.6317438582677166
11
-1.8290951968503937
21
3.6329195669291336
0
LINE
8
BLACK
6
CONTINUOUS
10
-1.8290951968503937
20
3.6329195669291336
11
-1.8260229133858268
21
3.6329195669291336
0
LINE
8
BLACK
6
CONTINUOUS
10
-1.8260229133858268
20
3.6329195669291336
11
-1.8231844881889763
21
3.6317438582677166
0
LINE
8
BLACK
6
CONTINUOUS
10
-1.9097986614173228
20
3.6474918897637796
11
-1.9076262204724408
21
3.6453194488188974
0
LINE
8
BLACK
6
CONTINUOUS
10
-1.9076262204724408
20
3.6453194488188974
11
-1.9064505118110235
21
3.6424810236220471
0
LINE
8
BLACK
6
CONTINUOUS
10
-1.9064505118110235
20
3.6424810236220471
11
-1.9064505118110235
21
3.6394087401574802
0
LINE
8
BLACK
6
CONTINUOUS
10
-1.9064505118110235
20
3.6394087401574802
11
-1.9076262204724408
21
3.6365703149606299
0
LINE
8
BLACK
6
CONTINUOUS
10
-1.9076262204724408
20
3.6365703149606299
11
-1.9097986614173228
21
3.6343978740157481
0
LINE
8
BLACK
6
CONTINUOUS
10
-1.9097986614173228
20
3.6343978740157481
11
-1.9126370866141731
21
3.6332221653543306
0
LINE
8
BLACK
6
CONTINUOUS
10
-1.9126370866141731
20
3.6332221653543306
11
-1.9157093700787402
21
3.6332221653543306
0
LINE
8
BLACK
6
CONTINUOUS
10
-1.9157093700787402
20
3.6332221653543306
11
-1.9185477952755905
21
3.6343978740157481
0
LINE
8
BLACK
6
CONTINUOUS
10
-1.9185477952755905
20
3.6343978740157481
11
-1.9207202362204725
21
3.6365703149606299
0
LINE
8
BLACK
6
CONTINUOUS
10
-1.9207202362204725
20
3.6365703149606299
11
-1.9218959448818898
21
3.6394087401574802
0
LINE
8
BLACK
6
CONTINUOUS
10
-1.9218959448818898
20
3.6394087401574802
11
-1.9218959448818898
21
3.6424810236220471
0
LINE
8
BLACK
6
CONTINUOUS
10
-1.9218959448818898
20
3.6424810236220471
11
-1.9207202362204725
21
3.6453194488188974
0
LINE
8
BLACK
6
CONTINUOUS
10
-1.9207202362204725
20
3.6453194488188974
11
-1.9185477952755905
21
3.6474918897637796
0
LINE
8
BLACK
6
CONTINUOUS
10
-1.9185477952755905
20
3.6474918897637796
11
-1.9157093700787402
21
3.6486675984251966
0
LINE
8
BLACK
6
CONTINUOUS
10
-1.9157093700787402
20
3.6486675984251966
11
-1.9126370866141731
21
3.6486675984251966
0
LINE
8
BLACK
6
CONTINUOUS
10
-1.9126370866141731
20
3.6486675984251966
11
-1.9097986614173228
21
3.6474918897637796
0
LINE
8
BLACK
6
CONTINUOUS
10
-2.1499561417322832
20
3.6632399212598425
11
-2.1477837007874014
21
3.6610674803149608
0
LINE
8
BLACK
6
CONTINUOUS
10
-2.1477837007874014
20
3.6610674803149608
11
-2.1466079921259844
21
3.65822905511811
0
LINE
8
BLACK
6
CONTINUOUS
10
-2.1466079921259844
20
3.65822905511811
11
-2.1466079921259844
21
3.6551567716535431
0
LINE
8
BLACK
6
CONTINUOUS
10
-2.1466079921259844
20
3.6551567716535431
11
-2.1477837007874014
21
3.6523183464566928
0
LINE
8
BLACK
6
CONTINUOUS
10
-2.1477837007874014
20
3.6523183464566928
11
-2.1499561417322832
21
3.6501459055118111
0
LINE
8
BLACK
6
CONTINUOUS
10
-2.1499561417322832
20
3.6501459055118111
11
-2.152794566929134
21
3.6489701968503936
0
LINE
8
BLACK
6
CONTINUOUS
10
-2.152794566929134
20
3.6489701968503936
11
-2.1558668503937009
21
3.6489701968503936
0
LINE
8
BLACK
6
CONTINUOUS
10
-2.1558668503937009
20
3.6489701968503936
11
-2.1587052755905511
21
3.6501459055118111
0
LINE
8
BLACK
6
CONTINUOUS
10
-2.1587052755905511
20
3.6501459055118111
11
-2.1608777165354329
21
3.6523183464566928
0
LINE
8
BLACK
6
CONTINUOUS
10
-2.1608777165354329
20
3.6523183464566928
11
-2.1620534251968504
21
3.6551567716535431
0
LINE
8
BLACK
6
CONTINUOUS
10
-2.1620534251968504
20
3.6551567716535431
11
-2.1620534251968504
21
3.65822905511811
0
LINE
8
BLACK
6
CONTINUOUS
10
-2.1620534251968504
20
3.65822905511811
11
-2.1608777165354329
21
3.6610674803149608
0
LINE
8
BLACK
6
CONTINUOUS
10
-2.1608777165354329
20
3.6610674803149608
11
-2.1587052755905511
21
3.6632399212598425
0
LINE
8
BLACK
6
CONTINUOUS
10
-2.1587052755905511
20
3.6632399212598425
11
-2.1558668503937009
21
3.6644156299212596
0
LINE
8
BLACK
6
CONTINUOUS
10
-2.1558668503937009
20
3.6644156299212596
11
-2.152794566929134
21
3.6644156299212596
0
LINE
8
BLACK
6
CONTINUOUS
10
-2.152794566929134
20
3.6644156299212596
11
-2.1499561417322832
21
3.6632399212598425
0
LINE
8
BLACK
6
CONTINUOUS
10
-2.0594049606299212
20
3.671113937007874
11
-2.0572325196850394
21
3.6689414960629922
0
LINE
8
BLACK
6
CONTINUOUS
10
-2.0572325196850394
20
3.6689414960629922
11
-2.0560568110236219
21
3.6661030708661415
0
LINE
8
BLACK
6
CONTINUOUS
10
-2.0560568110236219
20
3.6661030708661415
11
-2.0560568110236219
21
3.6630307874015746
0
LINE
8
BLACK
6
CONTINUOUS
10
-2.0560568110236219
20
3.6630307874015746
11
-2.0572325196850394
21
3.6601923622047243
0
LINE
8
BLACK
6
CONTINUOUS
10
-2.0572325196850394
20
3.6601923622047243
11
-2.0594049606299212
21
3.6580199212598425
0
LINE
8
BLACK
6
CONTINUOUS
10
-2.0594049606299212
20
3.6580199212598425
11
-2.0622433858267715
21
3.6568442125984251
0
LINE
8
BLACK
6
CONTINUOUS
10
-2.0622433858267715
20
3.6568442125984251
11
-2.0653156692913384
21
3.6568442125984251
0
LINE
8
BLACK
6
CONTINUOUS
10
-2.0653156692913384
20
3.6568442125984251
11
-2.0681540944881891
21
3.6580199212598425
0
LINE
8
BLACK
6
CONTINUOUS
10
-2.0681540944881891
20
3.6580199212598425
11
-2.0703265354330709
21
3.6601923622047243
0
LINE
8
BLACK
6
CONTINUOUS
10
-2.0703265354330709
20
3.6601923622047243
11
-2.0715022440944884
21
3.6630307874015746
0
LINE
8
BLACK
6
CONTINUOUS
10
-2.0715022440944884
20
3.6630307874015746
11
-2.0715022440944884
21
3.6661030708661415
0
LINE
8
BLACK
6
CONTINUOUS
10
-2.0715022440944884
20
3.6661030708661415
11
-2.0703265354330709
21
3.6689414960629922
0
LINE
8
BLACK
6
CONTINUOUS
10
-2.0703265354330709
20
3.6689414960629922
11
-2.0681540944881891
21
3.671113937007874
0
LINE
8
BLACK
6
CONTINUOUS
10
-2.0681540944881891
20
3.671113937007874
11
-2.0653156692913384
21
3.6722896456692911
0
LINE
8
BLACK
6
CONTINUOUS
10
-2.0653156692913384
20
3.6722896456692911
11
-2.0622433858267715
21
3.6722896456692911
0
LINE
8
BLACK
6
CONTINUOUS
10
-2.0622433858267715
20
3.6722896456692911
11
-2.0594049606299212
21
3.671113937007874
0
LINE
8
BLACK
6
CONTINUOUS
10
-2.0175137401574803
20
3.7697912992125984
11
-2.0095817716535431
21
3.7672140551181101
0
LINE
8
BLACK
6
CONTINUOUS
10
-2.0095817716535431
20
3.7672140551181101
11
-2.0021506692913387
21
3.7634277165354328
0
LINE
8
BLACK
6
CONTINUOUS
10
-2.0021506692913387
20
3.7634277165354328
11
-1.9954033464566929
21
3.7585255118110235
0
LINE
8
BLACK
6
CONTINUOUS
10
-1.9954033464566929
20
3.7585255118110235
11
-1.9895059842519685
21
3.752628149606299
0
LINE
8
BLACK
6
CONTINUOUS
10
-1.9895059842519685
20
3.752628149606299
11
-1.9846037795275591
21
3.7458808267716535
0
LINE
8
BLACK
6
CONTINUOUS
10
-1.9846037795275591
20
3.7458808267716535
11
-1.9808174409448818
21
3.7384497244094486
0
LINE
8
BLACK
6
CONTINUOUS
10
-1.9808174409448818
20
3.7384497244094486
11
-1.9782401968503938
21
3.7305177559055118
0
LINE
8
BLACK
6
CONTINUOUS
10
-1.9782401968503938
20
3.7305177559055118
11
-1.9769355118110237
21
3.7222803149606301
0
LINE
8
BLACK
6
CONTINUOUS
10
-1.9769355118110237
20
3.7222803149606301
11
-1.9769355118110237
21
3.713940157480315
0
LINE
8
BLACK
6
CONTINUOUS
10
-1.9769355118110237
20
3.713940157480315
11
-1.9782401968503938
21
3.7057027165354328
0
LINE
8
BLACK
6
CONTINUOUS
10
-1.9782401968503938
20
3.7057027165354328
11
-1.9808174409448818
21
3.6977707480314961
0
LINE
8
BLACK
6
CONTINUOUS
10
-1.9808174409448818
20
3.6977707480314961
11
-1.9846037795275591
21
3.6903396456692912
0
LINE
8
BLACK
6
CONTINUOUS
10
-1.9846037795275591
20
3.6903396456692912
11
-1.9895059842519685
21
3.6835923228346457
0
LINE
8
BLACK
6
CONTINUOUS
10
-1.9895059842519685
20
3.6835923228346457
11
-1.9954033464566929
21
3.6776949606299212
0
LINE
8
BLACK
6
CONTINUOUS
10
-1.9954033464566929
20
3.6776949606299212
11
-2.0021506692913387
21
3.6727927559055118
0
LINE
8
BLACK
6
CONTINUOUS
10
-2.0021506692913387
20
3.6727927559055118
11
-2.0095817716535431
21
3.6690064173228345
0
LINE
8
BLACK
6
CONTINUOUS
10
-2.0095817716535431
20
3.6690064173228345
11
-2.0175137401574803
21
3.6664291732283463
0
LINE
8
BLACK
6
CONTINUOUS
10
-2.0175137401574803
20
3.6664291732283463
11
-2.0257511811023621
21
3.6651244881889764
0
LINE
8
BLACK
6
CONTINUOUS
10
-2.0257511811023621
20
3.6651244881889764
11
-2.0340913385826771
21
3.6651244881889764
0
LINE
8
BLACK
6
CONTINUOUS
10
-2.0340913385826771
20
3.6651244881889764
11
-2.0423287795275589
21
3.6664291732283463
0
LINE
8
BLACK
6
CONTINUOUS
10
-2.0423287795275589
20
3.6664291732283463
11
-2.050260748031496
21
3.6690064173228345
0
LINE
8
BLACK
6
CONTINUOUS
10
-2.050260748031496
20
3.6690064173228345
11
-2.0576918503937009
21
3.6727927559055118
0
LINE
8
BLACK
6
CONTINUOUS
10
-2.0576918503937009
20
3.6727927559055118
11
-2.0644391732283465
21
3.6776949606299212
0
LINE
8
BLACK
6
CONTINUOUS
10
-2.0644391732283465
20
3.6776949606299212
11
-2.0703365354330709
21
3.6835923228346457
0
LINE
8
BLACK
6
CONTINUOUS
10
-2.0703365354330709
20
3.6835923228346457
11
-2.0752387401574803
21
3.6903396456692912
0
LINE
8
BLACK
6
CONTINUOUS
10
-2.0752387401574803
20
3.6903396456692912
11
-2.0790250787401576
21
3.6977707480314961
0
LINE
8
BLACK
6
CONTINUOUS
10
-2.0790250787401576
20
3.6977707480314961
11
-2.0816023228346454
21
3.7057027165354328
0
LINE
8
BLACK
6
CONTINUOUS
10
-2.0816023228346454
20
3.7057027165354328
11
-2.0829070078740157
21
3.713940157480315
0
LINE
8
BLACK
6
CONTINUOUS
10
-2.0829070078740157
20
3.713940157480315
11
-2.0829070078740157
21
3.7222803149606301
0
LINE
8
BLACK
6
CONTINUOUS
10
-2.0829070078740157
20
3.7222803149606301
11
-2.0816023228346454
21
3.7305177559055118
0
LINE
8
BLACK
6
CONTINUOUS
10
-2.0816023228346454
20
3.7305177559055118
11
-2.0790250787401576
21
3.7384497244094486
0
LINE
8
BLACK
6
CONTINUOUS
10
-2.0790250787401576
20
3.7384497244094486
11
-2.0752387401574803
21
3.7458808267716535
0
LINE
8
BLACK
6
CONTINUOUS
10
-2.0752387401574803
20
3.7458808267716535
11
-2.0703365354330709
21
3.752628149606299
0
LINE
8
BLACK
6
CONTINUOUS
10
-2.0703365354330709
20
3.752628149606299
11
-2.0644391732283465
21
3.7585255118110235
0
LINE
8
BLACK
6
CONTINUOUS
10
-2.0644391732283465
20
3.7585255118110235
11
-2.0576918503937009
21
3.7634277165354328
0
LINE
8
BLACK
6
CONTINUOUS
10
-2.0576918503937009
20
3.7634277165354328
11
-2.050260748031496
21
3.7672140551181101
0
LINE
8
BLACK
6
CONTINUOUS
10
-2.050260748031496
20
3.7672140551181101
11
-2.0423287795275589
21
3.7697912992125984
0
LINE
8
BLACK
6
CONTINUOUS
10
-2.0423287795275589
20
3.7697912992125984
11
-2.0340913385826771
21
3.7710959842519682
0
LINE
8
BLACK
6
CONTINUOUS
10
-2.0340913385826771
20
3.7710959842519682
11
-2.0257511811023621
21
3.7710959842519682
0
LINE
8
BLACK
6
CONTINUOUS
10
-2.0257511811023621
20
3.7710959842519682
11
-2.0175137401574803
21
3.7697912992125984
0
LINE
8
BLACK
6
CONTINUOUS
10
-1.8175137401574804
20
3.7697912992125984
11
-1.8095817716535432
21
3.7672140551181101
0
LINE
8
BLACK
6
CONTINUOUS
10
-1.8095817716535432
20
3.7672140551181101
11
-1.8021506692913385
21
3.7634277165354328
0
LINE
8
BLACK
6
CONTINUOUS
10
-1.8021506692913385
20
3.7634277165354328
11
-1.795403346456693
21
3.7585255118110235
0
LINE
8
BLACK
6
CONTINUOUS
10
-1.795403346456693
20
3.7585255118110235
11
-1.7895059842519685
21
3.752628149606299
0
LINE
8
BLACK
6
CONTINUOUS
10
-1.7895059842519685
20
3.752628149606299
11
-1.7846037795275591
21
3.7458808267716535
0
LINE
8
BLACK
6
CONTINUOUS
10
-1.7846037795275591
20
3.7458808267716535
11
-1.7808174409448818
21
3.7384497244094486
0
LINE
8
BLACK
6
CONTINUOUS
10
-1.7808174409448818
20
3.7384497244094486
11
-1.7782401968503936
21
3.7305177559055118
0
LINE
8
BLACK
6
CONTINUOUS
10
-1.7782401968503936
20
3.7305177559055118
11
-1.7769355118110235
21
3.7222803149606301
0
LINE
8
BLACK
6
CONTINUOUS
10
-1.7769355118110235
20
3.7222803149606301
11
-1.7769355118110235
21
3.713940157480315
0
LINE
8
BLACK
6
CONTINUOUS
10
-1.7769355118110235
20
3.713940157480315
11
-1.7782401968503936
21
3.7057027165354328
0
LINE
8
BLACK
6
CONTINUOUS
10
-1.7782401968503936
20
3.7057027165354328
11
-1.7808174409448818
21
3.6977707480314961
0
LINE
8
BLACK
6
CONTINUOUS
10
-1.7808174409448818
20
3.6977707480314961
11
-1.7846037795275591
21
3.6903396456692912
0
LINE
8
BLACK
6
CONTINUOUS
10
-1.7846037795275591
20
3.6903396456692912
11
-1.7895059842519685
21
3.6835923228346457
0
LINE
8
BLACK
6
CONTINUOUS
10
-1.7895059842519685
20
3.6835923228346457
11
-1.795403346456693
21
3.6776949606299212
0
LINE
8
BLACK
6
CONTINUOUS
10
-1.795403346456693
20
3.6776949606299212
11
-1.8021506692913385
21
3.6727927559055118
0
LINE
8
BLACK
6
CONTINUOUS
10
-1.8021506692913385
20
3.6727927559055118
11
-1.8095817716535432
21
3.6690064173228345
0
LINE
8
BLACK
6
CONTINUOUS
10
-1.8095817716535432
20
3.6690064173228345
11
-1.8175137401574804
21
3.6664291732283463
0
LINE
8
BLACK
6
CONTINUOUS
10
-1.8175137401574804
20
3.6664291732283463
11
-1.8257511811023621
21
3.6651244881889764
0
LINE
8
BLACK
6
CONTINUOUS
10
-1.8257511811023621
20
3.6651244881889764
11
-1.8340913385826771
21
3.6651244881889764
0
LINE
8
BLACK
6
CONTINUOUS
10
-1.8340913385826771
20
3.6651244881889764
11
-1.8423287795275589
21
3.6664291732283463
0
LINE
8
BLACK
6
CONTINUOUS
10
-1.8423287795275589
20
3.6664291732283463
11
-1.8502607480314961
21
3.6690064173228345
0
LINE
8
BLACK
6
CONTINUOUS
10
-1.8502607480314961
20
3.6690064173228345
11
-1.8576918503937008
21
3.6727927559055118
0
LINE
8
BLACK
6
CONTINUOUS
10
-1.8576918503937008
20
3.6727927559055118
11
-1.8644391732283465
21
3.6776949606299212
0
LINE
8
BLACK
6
CONTINUOUS
10
-1.8644391732283465
20
3.6776949606299212
11
-1.8703365354330708
21
3.6835923228346457
0
LINE
8
BLACK
6
CONTINUOUS
10
-1.8703365354330708
20
3.6835923228346457
11
-1.8752387401574804
21
3.6903396456692912
0
LINE
8
BLACK
6
CONTINUOUS
10
-1.8752387401574804
20
3.6903396456692912
11
-1.8790250787401575
21
3.6977707480314961
0
LINE
8
BLACK
6
CONTINUOUS
10
-1.8790250787401575
20
3.6977707480314961
11
-1.8816023228346457
21
3.7057027165354328
0
LINE
8
BLACK
6
CONTINUOUS
10
-1.8816023228346457
20
3.7057027165354328
11
-1.8829070078740158
21
3.713940157480315
0
LINE
8
BLACK
6
CONTINUOUS
10
-1.8829070078740158
20
3.713940157480315
11
-1.8829070078740158
21
3.7222803149606301
0
LINE
8
BLACK
6
CONTINUOUS
10
-1.8829070078740158
20
3.7222803149606301
11
-1.8816023228346457
21
3.7305177559055118
0
LINE
8
BLACK
6
CONTINUOUS
10
-1.8816023228346457
20
3.7305177559055118
11
-1.8790250787401575
21
3.7384497244094486
0
LINE
8
BLACK
6
CONTINUOUS
10
-1.8790250787401575
20
3.7384497244094486
11
-1.8752387401574804
21
3.7458808267716535
0
LINE
8
BLACK
6
CONTINUOUS
10
-1.8752387401574804
20
3.7458808267716535
11
-1.8703365354330708
21
3.752628149606299
0
LINE
8
BLACK
6
CONTINUOUS
10
-1.8703365354330708
20
3.752628149606299
11
-1.8644391732283465
21
3.7585255118110235
0
LINE
8
BLACK
6
CONTINUOUS
10
-1.8644391732283465
20
3.7585255118110235
11
-1.8576918503937008
21
3.7634277165354328
0
LINE
8
BLACK
6
CONTINUOUS
10
-1.8576918503937008
20
3.7634277165354328
11
-1.8502607480314961
21
3.7672140551181101
0
LINE
8
BLACK
6
CONTINUOUS
10
-1.8502607480314961
20
3.7672140551181101
11
-1.8423287795275589
21
3.7697912992125984
0
LINE
8
BLACK
6
CONTINUOUS
10
-1.8423287795275589
20
3.7697912992125984
11
-1.8340913385826771
21
3.7710959842519682
0
LINE
8
BLACK
6
CONTINUOUS
10
-1.8340913385826771
20
3.7710959842519682
11
-1.8257511811023621
21
3.7710959842519682
0
LINE
8
BLACK
6
CONTINUOUS
10
-1.8257511811023621
20
3.7710959842519682
11
-1.8175137401574804
21
3.7697912992125984
0
LINE
8
BLACK
6
CONTINUOUS
10
-1.9491687401574802
20
3.7104840157480314
11
-1.9469962992125984
21
3.7083115748031497
0
LINE
8
BLACK
6
CONTINUOUS
10
-1.9469962992125984
20
3.7083115748031497
11
-1.945820590551181
21
3.7054731496062989
0
LINE
8
BLACK
6
CONTINUOUS
10
-1.945820590551181
20
3.7054731496062989
11
-1.945820590551181
21
3.702400866141732
0
LINE
8
BLACK
6
CONTINUOUS
10
-1.945820590551181
20
3.702400866141732
11
-1.9469962992125984
21
3.6995624409448817
0
LINE
8
BLACK
6
CONTINUOUS
10
-1.9469962992125984
20
3.6995624409448817
11
-1.9491687401574802
21
3.69739
0
LINE
8
BLACK
6
CONTINUOUS
10
-1.9491687401574802
20
3.69739
11
-1.9520071653543307
21
3.6962142913385825
0
LINE
8
BLACK
6
CONTINUOUS
10
-1.9520071653543307
20
3.6962142913385825
11
-1.9550794488188976
21
3.6962142913385825
0
LINE
8
BLACK
6
CONTINUOUS
10
-1.9550794488188976
20
3.6962142913385825
11
-1.9579178740157479
21
3.69739
0
LINE
8
BLACK
6
CONTINUOUS
10
-1.9579178740157479
20
3.69739
11
-1.9600903149606299
21
3.6995624409448817
0
LINE
8
BLACK
6
CONTINUOUS
10
-1.9600903149606299
20
3.6995624409448817
11
-1.9612660236220472
21
3.702400866141732
0
LINE
8
BLACK
6
CONTINUOUS
10
-1.9612660236220472
20
3.702400866141732
11
-1.9612660236220472
21
3.7054731496062989
0
LINE
8
BLACK
6
CONTINUOUS
10
-1.9612660236220472
20
3.7054731496062989
11
-1.9600903149606299
21
3.7083115748031497
0
LINE
8
BLACK
6
CONTINUOUS
10
-1.9600903149606299
20
3.7083115748031497
11
-1.9579178740157479
21
3.7104840157480314
0
LINE
8
BLACK
6
CONTINUOUS
10
-1.9579178740157479
20
3.7104840157480314
11
-1.9550794488188976
21
3.7116597244094489
0
LINE
8
BLACK
6
CONTINUOUS
10
-1.9550794488188976
20
3.7116597244094489
11
-1.9520071653543307
21
3.7116597244094489
0
LINE
8
BLACK
6
CONTINUOUS
10
-1.9520071653543307
20
3.7116597244094489
11
-1.9491687401574802
21
3.7104840157480314
0
LINE
8
BLACK
6
CONTINUOUS
10
-1.9097986614173228
20
3.7104840157480314
11
-1.9076262204724408
21
3.7083115748031497
0
LINE
8
BLACK
6
CONTINUOUS
10
-1.9076262204724408
20
3.7083115748031497
11
-1.9064505118110235
21
3.7054731496062989
0
LINE
8
BLACK
6
CONTINUOUS
10
-1.9064505118110235
20
3.7054731496062989
11
-1.9064505118110235
21
3.702400866141732
0
LINE
8
BLACK
6
CONTINUOUS
10
-1.9064505118110235
20
3.702400866141732
11
-1.9076262204724408
21
3.6995624409448817
0
LINE
8
BLACK
6
CONTINUOUS
10
-1.9076262204724408
20
3.6995624409448817
11
-1.9097986614173228
21
3.69739
0
LINE
8
BLACK
6
CONTINUOUS
10
-1.9097986614173228
20
3.69739
11
-1.9126370866141731
21
3.6962142913385825
0
LINE
8
BLACK
6
CONTINUOUS
10
-1.9126370866141731
20
3.6962142913385825
11
-1.9157093700787402
21
3.6962142913385825
0
LINE
8
BLACK
6
CONTINUOUS
10
-1.9157093700787402
20
3.6962142913385825
11
-1.9185477952755905
21
3.69739
0
LINE
8
BLACK
6
CONTINUOUS
10
-1.9185477952755905
20
3.69739
11
-1.9207202362204725
21
3.6995624409448817
0
LINE
8
BLACK
6
CONTINUOUS
10
-1.9207202362204725
20
3.6995624409448817
11
-1.9218959448818898
21
3.702400866141732
0
LINE
8
BLACK
6
CONTINUOUS
10
-1.9218959448818898
20
3.702400866141732
11
-1.9218959448818898
21
3.7054731496062989
0
LINE
8
BLACK
6
CONTINUOUS
10
-1.9218959448818898
20
3.7054731496062989
11
-1.9207202362204725
21
3.7083115748031497
0
LINE
8
BLACK
6
CONTINUOUS
10
-1.9207202362204725
20
3.7083115748031497
11
-1.9185477952755905
21
3.7104840157480314
0
LINE
8
BLACK
6
CONTINUOUS
10
-1.9185477952755905
20
3.7104840157480314
11
-1.9157093700787402
21
3.7116597244094489
0
LINE
8
BLACK
6
CONTINUOUS
10
-1.9157093700787402
20
3.7116597244094489
11
-1.9126370866141731
21
3.7116597244094489
0
LINE
8
BLACK
6
CONTINUOUS
10
-1.9126370866141731
20
3.7116597244094489
11
-1.9097986614173228
21
3.7104840157480314
0
LINE
8
BLACK
6
CONTINUOUS
10
-1.7601923622047244
20
3.7104840157480314
11
-1.7580199212598424
21
3.7083115748031497
0
LINE
8
BLACK
6
CONTINUOUS
10
-1.7580199212598424
20
3.7083115748031497
11
-1.7568442125984252
21
3.7054731496062989
0
LINE
8
BLACK
6
CONTINUOUS
10
-1.7568442125984252
20
3.7054731496062989
11
-1.7568442125984252
21
3.702400866141732
0
LINE
8
BLACK
6
CONTINUOUS
10
-1.7568442125984252
20
3.702400866141732
11
-1.7580199212598424
21
3.6995624409448817
0
LINE
8
BLACK
6
CONTINUOUS
10
-1.7580199212598424
20
3.6995624409448817
11
-1.7601923622047244
21
3.69739
0
LINE
8
BLACK
6
CONTINUOUS
10
-1.7601923622047244
20
3.69739
11
-1.7630307874015747
21
3.6962142913385825
0
LINE
8
BLACK
6
CONTINUOUS
10
-1.7630307874015747
20
3.6962142913385825
11
-1.7661030708661416
21
3.6962142913385825
0
LINE
8
BLACK
6
CONTINUOUS
10
-1.7661030708661416
20
3.6962142913385825
11
-1.7689414960629921
21
3.69739
0
LINE
8
BLACK
6
CONTINUOUS
10
-1.7689414960629921
20
3.69739
11
-1.7711139370078739
21
3.6995624409448817
0
LINE
8
BLACK
6
CONTINUOUS
10
-1.7711139370078739
20
3.6995624409448817
11
-1.7722896456692914
21
3.702400866141732
0
LINE
8
BLACK
6
CONTINUOUS
10
-1.7722896456692914
20
3.702400866141732
11
-1.7722896456692914
21
3.7054731496062989
0
LINE
8
BLACK
6
CONTINUOUS
10
-1.7722896456692914
20
3.7054731496062989
11
-1.7711139370078739
21
3.7083115748031497
0
LINE
8
BLACK
6
CONTINUOUS
10
-1.7711139370078739
20
3.7083115748031497
11
-1.7689414960629921
21
3.7104840157480314
0
LINE
8
BLACK
6
CONTINUOUS
10
-1.7689414960629921
20
3.7104840157480314
11
-1.7661030708661416
21
3.7116597244094489
0
LINE
8
BLACK
6
CONTINUOUS
10
-1.7661030708661416
20
3.7116597244094489
11
-1.7630307874015747
21
3.7116597244094489
0
LINE
8
BLACK
6
CONTINUOUS
10
-1.7630307874015747
20
3.7116597244094489
11
-1.7601923622047244
21
3.7104840157480314
0
LINE
8
BLACK
6
CONTINUOUS
10
-2.516097874015748
20
3.7341060629921259
11
-2.5139254330708662
21
3.7319336220472441
0
LINE
8
BLACK
6
CONTINUOUS
10
-2.5139254330708662
20
3.7319336220472441
11
-2.5127497244094488
21
3.7290951968503938
0
LINE
8
BLACK
6
CONTINUOUS
10
-2.5127497244094488
20
3.7290951968503938
11
-2.5127497244094488
21
3.7260229133858265
0
LINE
8
BLACK
6
CONTINUOUS
10
-2.5127497244094488
20
3.7260229133858265
11
-2.5139254330708662
21
3.7231844881889762
0
LINE
8
BLACK
6
CONTINUOUS
10
-2.5139254330708662
20
3.7231844881889762
11
-2.516097874015748
21
3.7210120472440944
0
LINE
8
BLACK
6
CONTINUOUS
10
-2.516097874015748
20
3.7210120472440944
11
-2.5189362992125983
21
3.7198363385826769
0
LINE
8
BLACK
6
CONTINUOUS
10
-2.5189362992125983
20
3.7198363385826769
11
-2.5220085826771652
21
3.7198363385826769
0
LINE
8
BLACK
6
CONTINUOUS
10
-2.5220085826771652
20
3.7198363385826769
11
-2.5248470078740155
21
3.7210120472440944
0
LINE
8
BLACK
6
CONTINUOUS
10
-2.5248470078740155
20
3.7210120472440944
11
-2.5270194488188977
21
3.7231844881889762
0
LINE
8
BLACK
6
CONTINUOUS
10
-2.5270194488188977
20
3.7231844881889762
11
-2.5281951574803148
21
3.7260229133858265
0
LINE
8
BLACK
6
CONTINUOUS
10
-2.5281951574803148
20
3.7260229133858265
11
-2.5281951574803148
21
3.7290951968503938
0
LINE
8
BLACK
6
CONTINUOUS
10
-2.5281951574803148
20
3.7290951968503938
11
-2.5270194488188977
21
3.7319336220472441
0
LINE
8
BLACK
6
CONTINUOUS
10
-2.5270194488188977
20
3.7319336220472441
11
-2.5248470078740155
21
3.7341060629921259
0
LINE
8
BLACK
6
CONTINUOUS
10
-2.5248470078740155
20
3.7341060629921259
11
-2.5220085826771652
21
3.7352817716535434
0
LINE
8
BLACK
6
CONTINUOUS
10
-2.5220085826771652
20
3.7352817716535434
11
-2.5189362992125983
21
3.7352817716535434
0
LINE
8
BLACK
6
CONTINUOUS
10
-2.5189362992125983
20
3.7352817716535434
11
-2.516097874015748
21
3.7341060629921259
0
LINE
8
BLACK
6
CONTINUOUS
10
-2.153893149606299
20
3.7537911023622046
11
-2.1517207086614172
21
3.7516186614173228
0
LINE
8
BLACK
6
CONTINUOUS
10
-2.1517207086614172
20
3.7516186614173228
11
-2.1505450000000002
21
3.7487802362204725
0
LINE
8
BLACK
6
CONTINUOUS
10
-2.1505450000000002
20
3.7487802362204725
11
-2.1505450000000002
21
3.7457079527559056
0
LINE
8
BLACK
6
CONTINUOUS
10
-2.1505450000000002
20
3.7457079527559056
11
-2.1517207086614172
21
3.7428695275590549
0
LINE
8
BLACK
6
CONTINUOUS
10
-2.1517207086614172
20
3.7428695275590549
11
-2.153893149606299
21
3.7406970866141731
0
LINE
8
BLACK
6
CONTINUOUS
10
-2.153893149606299
20
3.7406970866141731
11
-2.1567315748031497
21
3.7395213779527556
0
LINE
8
BLACK
6
CONTINUOUS
10
-2.1567315748031497
20
3.7395213779527556
11
-2.1598038582677166
21
3.7395213779527556
0
LINE
8
BLACK
6
CONTINUOUS
10
-2.1598038582677166
20
3.7395213779527556
11
-2.1626422834645669
21
3.7406970866141731
0
LINE
8
BLACK
6
CONTINUOUS
10
-2.1626422834645669
20
3.7406970866141731
11
-2.1648147244094487
21
3.7428695275590549
0
LINE
8
BLACK
6
CONTINUOUS
10
-2.1648147244094487
20
3.7428695275590549
11
-2.1659904330708661
21
3.7457079527559056
0
LINE
8
BLACK
6
CONTINUOUS
10
-2.1659904330708661
20
3.7457079527559056
11
-2.1659904330708661
21
3.7487802362204725
0
LINE
8
BLACK
6
CONTINUOUS
10
-2.1659904330708661
20
3.7487802362204725
11
-2.1648147244094487
21
3.7516186614173228
0
LINE
8
BLACK
6
CONTINUOUS
10
-2.1648147244094487
20
3.7516186614173228
11
-2.1626422834645669
21
3.7537911023622046
0
LINE
8
BLACK
6
CONTINUOUS
10
-2.1626422834645669
20
3.7537911023622046
11
-2.1598038582677166
21
3.7549668110236221
0
LINE
8
BLACK
6
CONTINUOUS
10
-2.1598038582677166
20
3.7549668110236221
11
-2.1567315748031497
21
3.7549668110236221
0
LINE
8
BLACK
6
CONTINUOUS
10
-2.1567315748031497
20
3.7549668110236221
11
-2.153893149606299
21
3.7537911023622046
0
LINE
8
BLACK
6
CONTINUOUS
10
-1.7562553543307087
20
3.7734761417322833
11
-1.7540829133858267
21
3.7713037007874015
0
LINE
8
BLACK
6
CONTINUOUS
10
-1.7540829133858267
20
3.7713037007874015
11
-1.7529072047244094
21
3.7684652755905512
0
LINE
8
BLACK
6
CONTINUOUS
10
-1.7529072047244094
20
3.7684652755905512
11
-1.7529072047244094
21
3.7653929921259843
0
LINE
8
BLACK
6
CONTINUOUS
10
-1.7529072047244094
20
3.7653929921259843
11
-1.7540829133858267
21
3.7625545669291336
0
LINE
8
BLACK
6
CONTINUOUS
10
-1.7540829133858267
20
3.7625545669291336
11
-1.7562553543307087
21
3.7603821259842518
0
LINE
8
BLACK
6
CONTINUOUS
10
-1.7562553543307087
20
3.7603821259842518
11
-1.759093779527559
21
3.7592064173228348
0
LINE
8
BLACK
6
CONTINUOUS
10
-1.759093779527559
20
3.7592064173228348
11
-1.7621660629921259
21
3.7592064173228348
0
LINE
8
BLACK
6
CONTINUOUS
10
-1.7621660629921259
20
3.7592064173228348
11
-1.7650044881889764
21
3.7603821259842518
0
LINE
8
BLACK
6
CONTINUOUS
10
-1.7650044881889764
20
3.7603821259842518
11
-1.7671769291338582
21
3.7625545669291336
0
LINE
8
BLACK
6
CONTINUOUS
10
-1.7671769291338582
20
3.7625545669291336
11
-1.7683526377952756
21
3.7653929921259843
0
LINE
8
BLACK
6
CONTINUOUS
10
-1.7683526377952756
20
3.7653929921259843
11
-1.7683526377952756
21
3.7684652755905512
0
LINE
8
BLACK
6
CONTINUOUS
10
-1.7683526377952756
20
3.7684652755905512
11
-1.7671769291338582
21
3.7713037007874015
0
LINE
8
BLACK
6
CONTINUOUS
10
-1.7671769291338582
20
3.7713037007874015
11
-1.7650044881889764
21
3.7734761417322833
0
LINE
8
BLACK
6
CONTINUOUS
10
-1.7650044881889764
20
3.7734761417322833
11
-1.7621660629921259
21
3.7746518503937008
0
LINE
8
BLACK
6
CONTINUOUS
10
-1.7621660629921259
20
3.7746518503937008
11
-1.759093779527559
21
3.7746518503937008
0
LINE
8
BLACK
6
CONTINUOUS
10
-1.759093779527559
20
3.7746518503937008
11
-1.7562553543307087
21
3.7734761417322833
0
LINE
8
BLACK
6
CONTINUOUS
10
-1.9184327952755904
20
3.8659630708661417
11
-1.9110884251968503
21
3.8635767322834647
0
LINE
8
BLACK
6
CONTINUOUS
10
-1.9110884251968503
20
3.8635767322834647
11
-1.9042077559055117
21
3.860070866141732
0
LINE
8
BLACK
6
CONTINUOUS
10
-1.9042077559055117
20
3.860070866141732
11
-1.8979602362204724
21
3.8555317716535433
0
LINE
8
BLACK
6
CONTINUOUS
10
-1.8979602362204724
20
3.8555317716535433
11
-1.8924997244094488
21
3.8500712598425197
0
LINE
8
BLACK
6
CONTINUOUS
10
-1.8924997244094488
20
3.8500712598425197
11
-1.8879606299212599
21
3.8438237401574802
0
LINE
8
BLACK
6
CONTINUOUS
10
-1.8879606299212599
20
3.8438237401574802
11
-1.8844547637795275
21
3.8369430708661416
0
LINE
8
BLACK
6
CONTINUOUS
10
-1.8844547637795275
20
3.8369430708661416
11
-1.8820684251968502
21
3.8295987007874013
0
LINE
8
BLACK
6
CONTINUOUS
10
-1.8820684251968502
20
3.8295987007874013
11
-1.8808603543307085
21
3.8219714173228345
0
LINE
8
BLACK
6
CONTINUOUS
10
-1.8808603543307085
20
3.8219714173228345
11
-1.8808603543307085
21
3.8142490551181103
0
LINE
8
BLACK
6
CONTINUOUS
10
-1.8808603543307085
20
3.8142490551181103
11
-1.8820684251968502
21
3.8066217716535431
0
LINE
8
BLACK
6
CONTINUOUS
10
-1.8820684251968502
20
3.8066217716535431
11
-1.8844547637795275
21
3.7992774015748032
0
LINE
8
BLACK
6
CONTINUOUS
10
-1.8844547637795275
20
3.7992774015748032
11
-1.8879606299212599
21
3.7923967322834646
0
LINE
8
BLACK
6
CONTINUOUS
10
-1.8879606299212599
20
3.7923967322834646
11
-1.8924997244094488
21
3.7861492125984251
0
LINE
8
BLACK
6
CONTINUOUS
10
-1.8924997244094488
20
3.7861492125984251
11
-1.8979602362204724
21
3.7806887007874015
0
LINE
8
BLACK
6
CONTINUOUS
10
-1.8979602362204724
20
3.7806887007874015
11
-1.9042077559055117
21
3.7761496062992124
0
LINE
8
BLACK
6
CONTINUOUS
10
-1.9042077559055117
20
3.7761496062992124
11
-1.9110884251968503
21
3.7726437401574802
0
LINE
8
BLACK
6
CONTINUOUS
10
-1.9110884251968503
20
3.7726437401574802
11
-1.9184327952755904
21
3.7702574015748032
0
LINE
8
BLACK
6
CONTINUOUS
10
-1.9184327952755904
20
3.7702574015748032
11
-1.9260600787401574
21
3.7690493307086612
0
LINE
8
BLACK
6
CONTINUOUS
10
-1.9260600787401574
20
3.7690493307086612
11
-1.9337824409448818
21
3.7690493307086612
0
LINE
8
BLACK
6
CONTINUOUS
10
-1.9337824409448818
20
3.7690493307086612
11
-1.9414097244094488
21
3.7702574015748032
0
LINE
8
BLACK
6
CONTINUOUS
10
-1.9414097244094488
20
3.7702574015748032
11
-1.9487540944881889
21
3.7726437401574802
0
LINE
8
BLACK
6
CONTINUOUS
10
-1.9487540944881889
20
3.7726437401574802
11
-1.9556347637795275
21
3.7761496062992124
0
LINE
8
BLACK
6
CONTINUOUS
10
-1.9556347637795275
20
3.7761496062992124
11
-1.9618822834645668
21
3.7806887007874015
0
LINE
8
BLACK
6
CONTINUOUS
10
-1.9618822834645668
20
3.7806887007874015
11
-1.9673427952755904
21
3.7861492125984251
0
LINE
8
BLACK
6
CONTINUOUS
10
-1.9673427952755904
20
3.7861492125984251
11
-1.9718818897637795
21
3.7923967322834646
0
LINE
8
BLACK
6
CONTINUOUS
10
-1.9718818897637795
20
3.7923967322834646
11
-1.9753877559055117
21
3.7992774015748032
0
LINE
8
BLACK
6
CONTINUOUS
10
-1.9753877559055117
20
3.7992774015748032
11
-1.977774094488189
21
3.8066217716535431
0
LINE
8
BLACK
6
CONTINUOUS
10
-1.977774094488189
20
3.8066217716535431
11
-1.9789821653543307
21
3.8142490551181103
0
LINE
8
BLACK
6
CONTINUOUS
10
-1.9789821653543307
20
3.8142490551181103
11
-1.9789821653543307
21
3.8219714173228345
0
LINE
8
BLACK
6
CONTINUOUS
10
-1.9789821653543307
20
3.8219714173228345
11
-1.977774094488189
21
3.8295987007874013
0
LINE
8
BLACK
6
CONTINUOUS
10
-1.977774094488189
20
3.8295987007874013
11
-1.9753877559055117
21
3.8369430708661416
0
LINE
8
BLACK
6
CONTINUOUS
10
-1.9753877559055117
20
3.8369430708661416
11
-1.9718818897637795
21
3.8438237401574802
0
LINE
8
BLACK
6
CONTINUOUS
10
-1.9718818897637795
20
3.8438237401574802
11
-1.9673427952755904
21
3.8500712598425197
0
LINE
8
BLACK
6
CONTINUOUS
10
-1.9673427952755904
20
3.8500712598425197
11
-1.9618822834645668
21
3.8555317716535433
0
LINE
8
BLACK
6
CONTINUOUS
10
-1.9618822834645668
20
3.8555317716535433
11
-1.9556347637795275
21
3.860070866141732
0
LINE
8
BLACK
6
CONTINUOUS
10
-1.9556347637795275
20
3.860070866141732
11
-1.9487540944881889
21
3.8635767322834647
0
LINE
8
BLACK
6
CONTINUOUS
10
-1.9487540944881889
20
3.8635767322834647
11
-1.9414097244094488
21
3.8659630708661417
0
LINE
8
BLACK
6
CONTINUOUS
10
-1.9414097244094488
20
3.8659630708661417
11
-1.9337824409448818
21
3.8671711417322832
0
LINE
8
BLACK
6
CONTINUOUS
10
-1.9337824409448818
20
3.8671711417322832
11
-1.9260600787401574
21
3.8671711417322832
0
LINE
8
BLACK
6
CONTINUOUS
10
-1.9260600787401574
20
3.8671711417322832
11
-1.9184327952755904
21
3.8659630708661417
0
LINE
8
BLACK
6
CONTINUOUS
10
-2.1066490551181101
20
3.7892241732283463
11
-2.1044766141732283
21
3.7870517322834645
0
LINE
8
BLACK
6
CONTINUOUS
10
-2.1044766141732283
20
3.7870517322834645
11
-2.1033009055118108
21
3.7842133070866142
0
LINE
8
BLACK
6
CONTINUOUS
10
-2.1033009055118108
20
3.7842133070866142
11
-2.1033009055118108
21
3.7811410236220473
0
LINE
8
BLACK
6
CONTINUOUS
10
-2.1033009055118108
20
3.7811410236220473
11
-2.1044766141732283
21
3.7783025984251966
0
LINE
8
BLACK
6
CONTINUOUS
10
-2.1044766141732283
20
3.7783025984251966
11
-2.1066490551181101
21
3.7761301574803148
0
LINE
8
BLACK
6
CONTINUOUS
10
-2.1066490551181101
20
3.7761301574803148
11
-2.1094874803149604
21
3.7749544488188977
0
LINE
8
BLACK
6
CONTINUOUS
10
-2.1094874803149604
20
3.7749544488188977
11
-2.1125597637795277
21
3.7749544488188977
0
LINE
8
BLACK
6
CONTINUOUS
10
-2.1125597637795277
20
3.7749544488188977
11
-2.115398188976378
21
3.7761301574803148
0
LINE
8
BLACK
6
CONTINUOUS
10
-2.115398188976378
20
3.7761301574803148
11
-2.1175706299212598
21
3.7783025984251966
0
LINE
8
BLACK
6
CONTINUOUS
10
-2.1175706299212598
20
3.7783025984251966
11
-2.1187463385826772
21
3.7811410236220473
0
LINE
8
BLACK
6
CONTINUOUS
10
-2.1187463385826772
20
3.7811410236220473
11
-2.1187463385826772
21
3.7842133070866142
0
LINE
8
BLACK
6
CONTINUOUS
10
-2.1187463385826772
20
3.7842133070866142
11
-2.1175706299212598
21
3.7870517322834645
0
LINE
8
BLACK
6
CONTINUOUS
10
-2.1175706299212598
20
3.7870517322834645
11
-2.115398188976378
21
3.7892241732283463
0
LINE
8
BLACK
6
CONTINUOUS
10
-2.115398188976378
20
3.7892241732283463
11
-2.1125597637795277
21
3.7903998818897637
0
LINE
8
BLACK
6
CONTINUOUS
10
-2.1125597637795277
20
3.7903998818897637
11
-2.1094874803149604
21
3.7903998818897637
0
LINE
8
BLACK
6
CONTINUOUS
10
-2.1094874803149604
20
3.7903998818897637
11
-2.1066490551181101
21
3.7892241732283463
0
LINE
8
BLACK
6
CONTINUOUS
10
-2.031845905511811
20
3.7892241732283463
11
-2.0296734645669292
21
3.7870517322834645
0
LINE
8
BLACK
6
CONTINUOUS
10
-2.0296734645669292
20
3.7870517322834645
11
-2.0284977559055117
21
3.7842133070866142
0
LINE
8
BLACK
6
CONTINUOUS
10
-2.0284977559055117
20
3.7842133070866142
11
-2.0284977559055117
21
3.7811410236220473
0
LINE
8
BLACK
6
CONTINUOUS
10
-2.0284977559055117
20
3.7811410236220473
11
-2.0296734645669292
21
3.7783025984251966
0
LINE
8
BLACK
6
CONTINUOUS
10
-2.0296734645669292
20
3.7783025984251966
11
-2.031845905511811
21
3.7761301574803148
0
LINE
8
BLACK
6
CONTINUOUS
10
-2.031845905511811
20
3.7761301574803148
11
-2.0346843307086613
21
3.7749544488188977
0
LINE
8
BLACK
6
CONTINUOUS
10
-2.0346843307086613
20
3.7749544488188977
11
-2.0377566141732282
21
3.7749544488188977
0
LINE
8
BLACK
6
CONTINUOUS
10
-2.0377566141732282
20
3.7749544488188977
11
-2.0405950393700789
21
3.7761301574803148
0
LINE
8
BLACK
6
CONTINUOUS
10
-2.0405950393700789
20
3.7761301574803148
11
-2.0427674803149607
21
3.7783025984251966
0
LINE
8
BLACK
6
CONTINUOUS
10
-2.0427674803149607
20
3.7783025984251966
11
-2.0439431889763777
21
3.7811410236220473
0
LINE
8
BLACK
6
CONTINUOUS
10
-2.0439431889763777
20
3.7811410236220473
11
-2.0439431889763777
21
3.7842133070866142
0
LINE
8
BLACK
6
CONTINUOUS
10
-2.0439431889763777
20
3.7842133070866142
11
-2.0427674803149607
21
3.7870517322834645
0
LINE
8
BLACK
6
CONTINUOUS
10
-2.0427674803149607
20
3.7870517322834645
11
-2.0405950393700789
21
3.7892241732283463
0
LINE
8
BLACK
6
CONTINUOUS
10
-2.0405950393700789
20
3.7892241732283463
11
-2.0377566141732282
21
3.7903998818897637
0
LINE
8
BLACK
6
CONTINUOUS
10
-2.0377566141732282
20
3.7903998818897637
11
-2.0346843307086613
21
3.7903998818897637
0
LINE
8
BLACK
6
CONTINUOUS
10
-2.0346843307086613
20
3.7903998818897637
11
-2.031845905511811
21
3.7892241732283463
0
LINE
8
BLACK
6
CONTINUOUS
10
-2.3357739370078741
20
3.8126748031496063
11
-2.3313235826771654
21
3.8101053937007872
0
LINE
8
BLACK
6
CONTINUOUS
10
-2.3313235826771654
20
3.8101053937007872
11
-2.3276898818897638
21
3.8064716929133859
0
LINE
8
BLACK
6
CONTINUOUS
10
-2.3276898818897638
20
3.8064716929133859
11
-2.3251204724409447
21
3.8020213385826769
0
LINE
8
BLACK
6
CONTINUOUS
10
-2.3251204724409447
20
3.8020213385826769
11
-2.3237904724409448
21
3.7970575984251966
0
LINE
8
BLACK
6
CONTINUOUS
10
-2.3237904724409448
20
3.7970575984251966
11
-2.3237904724409448
21
3.7919187795275588
0
LINE
8
BLACK
6
CONTINUOUS
10
-2.3237904724409448
20
3.7919187795275588
11
-2.3251204724409447
21
3.7869550393700786
0
LINE
8
BLACK
6
CONTINUOUS
10
-2.3251204724409447
20
3.7869550393700786
11
-2.3276898818897638
21
3.78250468503937
0
LINE
8
BLACK
6
CONTINUOUS
10
-2.3276898818897638
20
3.78250468503937
11
-2.3313235826771654
21
3.7788709842519683
0
LINE
8
BLACK
6
CONTINUOUS
10
-2.3313235826771654
20
3.7788709842519683
11
-2.3357739370078741
21
3.7763015748031497
0
LINE
8
BLACK
6
CONTINUOUS
10
-2.3357739370078741
20
3.7763015748031497
11
-2.3407376771653543
21
3.7749715748031494
0
LINE
8
BLACK
6
CONTINUOUS
10
-2.3407376771653543
20
3.7749715748031494
11
-2.3458764960629921
21
3.7749715748031494
0
LINE
8
BLACK
6
CONTINUOUS
10
-2.3458764960629921
20
3.7749715748031494
11
-2.3508402362204723
21
3.7763015748031497
0
LINE
8
BLACK
6
CONTINUOUS
10
-2.3508402362204723
20
3.7763015748031497
11
-2.355290590551181
21
3.7788709842519683
0
LINE
8
BLACK
6
CONTINUOUS
10
-2.355290590551181
20
3.7788709842519683
11
-2.3589242913385826
21
3.78250468503937
0
LINE
8
BLACK
6
CONTINUOUS
10
-2.3589242913385826
20
3.78250468503937
11
-2.3614937007874017
21
3.7869550393700786
0
LINE
8
BLACK
6
CONTINUOUS
10
-2.3614937007874017
20
3.7869550393700786
11
-2.3628237007874016
21
3.7919187795275588
0
LINE
8
BLACK
6
CONTINUOUS
10
-2.3628237007874016
20
3.7919187795275588
11
-2.3628237007874016
21
3.7970575984251966
0
LINE
8
BLACK
6
CONTINUOUS
10
-2.3628237007874016
20
3.7970575984251966
11
-2.3614937007874017
21
3.8020213385826769
0
LINE
8
BLACK
6
CONTINUOUS
10
-2.3614937007874017
20
3.8020213385826769
11
-2.3589242913385826
21
3.8064716929133859
0
LINE
8
BLACK
6
CONTINUOUS
10
-2.3589242913385826
20
3.8064716929133859
11
-2.355290590551181
21
3.8101053937007872
0
LINE
8
BLACK
6
CONTINUOUS
10
-2.355290590551181
20
3.8101053937007872
11
-2.3508402362204723
21
3.8126748031496063
0
LINE
8
BLACK
6
CONTINUOUS
10
-2.3508402362204723
20
3.8126748031496063
11
-2.3458764960629921
21
3.8140048031496061
0
LINE
8
BLACK
6
CONTINUOUS
10
-2.3458764960629921
20
3.8140048031496061
11
-2.3407376771653543
21
3.8140048031496061
0
LINE
8
BLACK
6
CONTINUOUS
10
-2.3407376771653543
20
3.8140048031496061
11
-2.3357739370078741
21
3.8126748031496063
0
LINE
8
BLACK
6
CONTINUOUS
10
-1.7562553543307087
20
3.8364682677165352
11
-1.7540829133858267
21
3.8342958267716534
0
LINE
8
BLACK
6
CONTINUOUS
10
-1.7540829133858267
20
3.8342958267716534
11
-1.7529072047244094
21
3.8314574015748031
0
LINE
8
BLACK
6
CONTINUOUS
10
-1.7529072047244094
20
3.8314574015748031
11
-1.7529072047244094
21
3.8283851181102362
0
LINE
8
BLACK
6
CONTINUOUS
10
-1.7529072047244094
20
3.8283851181102362
11
-1.7540829133858267
21
3.8255466929133859
0
LINE
8
BLACK
6
CONTINUOUS
10
-1.7540829133858267
20
3.8255466929133859
11
-1.7562553543307087
21
3.8233742519685037
0
LINE
8
BLACK
6
CONTINUOUS
10
-1.7562553543307087
20
3.8233742519685037
11
-1.759093779527559
21
3.8221985433070866
0
LINE
8
BLACK
6
CONTINUOUS
10
-1.759093779527559
20
3.8221985433070866
11
-1.7621660629921259
21
3.8221985433070866
0
LINE
8
BLACK
6
CONTINUOUS
10
-1.7621660629921259
20
3.8221985433070866
11
-1.7650044881889764
21
3.8233742519685037
0
LINE
8
BLACK
6
CONTINUOUS
10
-1.7650044881889764
20
3.8233742519685037
11
-1.7671769291338582
21
3.8255466929133859
0
LINE
8
BLACK
6
CONTINUOUS
10
-1.7671769291338582
20
3.8255466929133859
11
-1.7683526377952756
21
3.8283851181102362
0
LINE
8
BLACK
6
CONTINUOUS
10
-1.7683526377952756
20
3.8283851181102362
11
-1.7683526377952756
21
3.8314574015748031
0
LINE
8
BLACK
6
CONTINUOUS
10
-1.7683526377952756
20
3.8314574015748031
11
-1.7671769291338582
21
3.8342958267716534
0
LINE
8
BLACK
6
CONTINUOUS
10
-1.7671769291338582
20
3.8342958267716534
11
-1.7650044881889764
21
3.8364682677165352
0
LINE
8
BLACK
6
CONTINUOUS
10
-1.7650044881889764
20
3.8364682677165352
11
-1.7621660629921259
21
3.8376439763779526
0
LINE
8
BLACK
6
CONTINUOUS
10
-1.7621660629921259
20
3.8376439763779526
11
-1.759093779527559
21
3.8376439763779526
0
LINE
8
BLACK
6
CONTINUOUS
10
-1.759093779527559
20
3.8376439763779526
11
-1.7562553543307087
21
3.8364682677165352
0
LINE
8
BLACK
6
CONTINUOUS
10
-1.8507435433070867
20
3.8679643307086615
11
-1.8485711023622047
21
3.8657918897637793
0
LINE
8
BLACK
6
CONTINUOUS
10
-1.8485711023622047
20
3.8657918897637793
11
-1.8473953937007874
21
3.862953464566929
0
LINE
8
BLACK
6
CONTINUOUS
10
-1.8473953937007874
20
3.862953464566929
11
-1.8473953937007874
21
3.8598811811023621
0
LINE
8
BLACK
6
CONTINUOUS
10
-1.8473953937007874
20
3.8598811811023621
11
-1.8485711023622047
21
3.8570427559055118
0
LINE
8
BLACK
6
CONTINUOUS
10
-1.8485711023622047
20
3.8570427559055118
11
-1.8507435433070867
21
3.85487031496063
0
LINE
8
BLACK
6
CONTINUOUS
10
-1.8507435433070867
20
3.85487031496063
11
-1.853581968503937
21
3.8536946062992126
0
LINE
8
BLACK
6
CONTINUOUS
10
-1.853581968503937
20
3.8536946062992126
11
-1.8566542519685039
21
3.8536946062992126
0
LINE
8
BLACK
6
CONTINUOUS
10
-1.8566542519685039
20
3.8536946062992126
11
-1.8594926771653544
21
3.85487031496063
0
LINE
8
BLACK
6
CONTINUOUS
10
-1.8594926771653544
20
3.85487031496063
11
-1.8616651181102362
21
3.8570427559055118
0
LINE
8
BLACK
6
CONTINUOUS
10
-1.8616651181102362
20
3.8570427559055118
11
-1.8628408267716534
21
3.8598811811023621
0
LINE
8
BLACK
6
CONTINUOUS
10
-1.8628408267716534
20
3.8598811811023621
11
-1.8628408267716534
21
3.862953464566929
0
LINE
8
BLACK
6
CONTINUOUS
10
-1.8628408267716534
20
3.862953464566929
11
-1.8616651181102362
21
3.8657918897637793
0
LINE
8
BLACK
6
CONTINUOUS
10
-1.8616651181102362
20
3.8657918897637793
11
-1.8594926771653544
21
3.8679643307086615
0
LINE
8
BLACK
6
CONTINUOUS
10
-1.8594926771653544
20
3.8679643307086615
11
-1.8566542519685039
21
3.8691400393700786
0
LINE
8
BLACK
6
CONTINUOUS
10
-1.8566542519685039
20
3.8691400393700786
11
-1.853581968503937
21
3.8691400393700786
0
LINE
8
BLACK
6
CONTINUOUS
10
-1.853581968503937
20
3.8691400393700786
11
-1.8507435433070867
21
3.8679643307086615
0
LINE
8
BLACK
6
CONTINUOUS
10
-2.3357739370078741
20
3.8953519685039368
11
-2.3313235826771654
21
3.8927825590551182
0
LINE
8
BLACK
6
CONTINUOUS
10
-2.3313235826771654
20
3.8927825590551182
11
-2.3276898818897638
21
3.8891488582677165
0
LINE
8
BLACK
6
CONTINUOUS
10
-2.3276898818897638
20
3.8891488582677165
11
-2.3251204724409447
21
3.8846985039370079
0
LINE
8
BLACK
6
CONTINUOUS
10
-2.3251204724409447
20
3.8846985039370079
11
-2.3237904724409448
21
3.8797347637795276
0
LINE
8
BLACK
6
CONTINUOUS
10
-2.3237904724409448
20
3.8797347637795276
11
-2.3237904724409448
21
3.8745959448818899
0
LINE
8
BLACK
6
CONTINUOUS
10
-2.3237904724409448
20
3.8745959448818899
11
-2.3251204724409447
21
3.8696322047244092
0
LINE
8
BLACK
6
CONTINUOUS
10
-2.3251204724409447
20
3.8696322047244092
11
-2.3276898818897638
21
3.8651818503937005
0
LINE
8
BLACK
6
CONTINUOUS
10
-2.3276898818897638
20
3.8651818503937005
11
-2.3313235826771654
21
3.8615481496062993
0
LINE
8
BLACK
6
CONTINUOUS
10
-2.3313235826771654
20
3.8615481496062993
11
-2.3357739370078741
21
3.8589787401574802
0
LINE
8
BLACK
6
CONTINUOUS
10
-2.3357739370078741
20
3.8589787401574802
11
-2.3407376771653543
21
3.8576487401574804
0
LINE
8
BLACK
6
CONTINUOUS
10
-2.3407376771653543
20
3.8576487401574804
11
-2.3458764960629921
21
3.8576487401574804
0
LINE
8
BLACK
6
CONTINUOUS
10
-2.3458764960629921
20
3.8576487401574804
11
-2.3508402362204723
21
3.8589787401574802
0
LINE
8
BLACK
6
CONTINUOUS
10
-2.3508402362204723
20
3.8589787401574802
11
-2.355290590551181
21
3.8615481496062993
0
LINE
8
BLACK
6
CONTINUOUS
10
-2.355290590551181
20
3.8615481496062993
11
-2.3589242913385826
21
3.8651818503937005
0
LINE
8
BLACK
6
CONTINUOUS
10
-2.3589242913385826
20
3.8651818503937005
11
-2.3614937007874017
21
3.8696322047244092
0
LINE
8
BLACK
6
CONTINUOUS
10
-2.3614937007874017
20
3.8696322047244092
11
-2.3628237007874016
21
3.8745959448818899
0
LINE
8
BLACK
6
CONTINUOUS
10
-2.3628237007874016
20
3.8745959448818899
11
-2.3628237007874016
21
3.8797347637795276
0
LINE
8
BLACK
6
CONTINUOUS
10
-2.3628237007874016
20
3.8797347637795276
11
-2.3614937007874017
21
3.8846985039370079
0
LINE
8
BLACK
6
CONTINUOUS
10
-2.3614937007874017
20
3.8846985039370079
11
-2.3589242913385826
21
3.8891488582677165
0
LINE
8
BLACK
6
CONTINUOUS
10
-2.3589242913385826
20
3.8891488582677165
11
-2.355290590551181
21
3.8927825590551182
0
LINE
8
BLACK
6
CONTINUOUS
10
-2.355290590551181
20
3.8927825590551182
11
-2.3508402362204723
21
3.8953519685039368
0
LINE
8
BLACK
6
CONTINUOUS
10
-2.3508402362204723
20
3.8953519685039368
11
-2.3458764960629921
21
3.8966819685039371
0
LINE
8
BLACK
6
CONTINUOUS
10
-2.3458764960629921
20
3.8966819685039371
11
-2.3407376771653543
21
3.8966819685039371
0
LINE
8
BLACK
6
CONTINUOUS
10
-2.3407376771653543
20
3.8966819685039371
11
-2.3357739370078741
21
3.8953519685039368
0
LINE
8
BLACK
6
CONTINUOUS
10
-2.0175137401574803
20
3.9697912992125985
11
-2.0095817716535431
21
3.9672140551181103
0
LINE
8
BLACK
6
CONTINUOUS
10
-2.0095817716535431
20
3.9672140551181103
11
-2.0021506692913387
21
3.963427716535433
0
LINE
8
BLACK
6
CONTINUOUS
10
-2.0021506692913387
20
3.963427716535433
11
-1.9954033464566929
21
3.9585255118110236
0
LINE
8
BLACK
6
CONTINUOUS
10
-1.9954033464566929
20
3.9585255118110236
11
-1.9895059842519685
21
3.9526281496062992
0
LINE
8
BLACK
6
CONTINUOUS
10
-1.9895059842519685
20
3.9526281496062992
11
-1.9846037795275591
21
3.9458808267716536
0
LINE
8
BLACK
6
CONTINUOUS
10
-1.9846037795275591
20
3.9458808267716536
11
-1.9808174409448818
21
3.9384497244094487
0
LINE
8
BLACK
6
CONTINUOUS
10
-1.9808174409448818
20
3.9384497244094487
11
-1.9782401968503938
21
3.9305177559055116
0
LINE
8
BLACK
6
CONTINUOUS
10
-1.9782401968503938
20
3.9305177559055116
11
-1.9769355118110237
21
3.9222803149606298
0
LINE
8
BLACK
6
CONTINUOUS
10
-1.9769355118110237
20
3.9222803149606298
11
-1.9769355118110237
21
3.9139401574803148
0
LINE
8
BLACK
6
CONTINUOUS
10
-1.9769355118110237
20
3.9139401574803148
11
-1.9782401968503938
21
3.905702716535433
0
LINE
8
BLACK
6
CONTINUOUS
10
-1.9782401968503938
20
3.905702716535433
11
-1.9808174409448818
21
3.8977707480314958
0
LINE
8
BLACK
6
CONTINUOUS
10
-1.9808174409448818
20
3.8977707480314958
11
-1.9846037795275591
21
3.8903396456692914
0
LINE
8
BLACK
6
CONTINUOUS
10
-1.9846037795275591
20
3.8903396456692914
11
-1.9895059842519685
21
3.8835923228346454
0
LINE
8
BLACK
6
CONTINUOUS
10
-1.9895059842519685
20
3.8835923228346454
11
-1.9954033464566929
21
3.8776949606299214
0
LINE
8
BLACK
6
CONTINUOUS
10
-1.9954033464566929
20
3.8776949606299214
11
-2.0021506692913387
21
3.8727927559055115
0
LINE
8
BLACK
6
CONTINUOUS
10
-2.0021506692913387
20
3.8727927559055115
11
-2.0095817716535431
21
3.8690064173228347
0
LINE
8
BLACK
6
CONTINUOUS
10
-2.0095817716535431
20
3.8690064173228347
11
-2.0175137401574803
21
3.8664291732283464
0
LINE
8
BLACK
6
CONTINUOUS
10
-2.0175137401574803
20
3.8664291732283464
11
-2.0257511811023621
21
3.8651244881889761
0
LINE
8
BLACK
6
CONTINUOUS
10
-2.0257511811023621
20
3.8651244881889761
11
-2.0340913385826771
21
3.8651244881889761
0
LINE
8
BLACK
6
CONTINUOUS
10
-2.0340913385826771
20
3.8651244881889761
11
-2.0423287795275589
21
3.8664291732283464
0
LINE
8
BLACK
6
CONTINUOUS
10
-2.0423287795275589
20
3.8664291732283464
11
-2.050260748031496
21
3.8690064173228347
0
LINE
8
BLACK
6
CONTINUOUS
10
-2.050260748031496
20
3.8690064173228347
11
-2.0576918503937009
21
3.8727927559055115
0
LINE
8
BLACK
6
CONTINUOUS
10
-2.0576918503937009
20
3.8727927559055115
11
-2.0644391732283465
21
3.8776949606299214
0
LINE
8
BLACK
6
CONTINUOUS
10
-2.0644391732283465
20
3.8776949606299214
11
-2.0703365354330709
21
3.8835923228346454
0
LINE
8
BLACK
6
CONTINUOUS
10
-2.0703365354330709
20
3.8835923228346454
11
-2.0752387401574803
21
3.8903396456692914
0
LINE
8
BLACK
6
CONTINUOUS
10
-2.0752387401574803
20
3.8903396456692914
11
-2.0790250787401576
21
3.8977707480314958
0
LINE
8
BLACK
6
CONTINUOUS
10
-2.0790250787401576
20
3.8977707480314958
11
-2.0816023228346454
21
3.905702716535433
0
LINE
8
BLACK
6
CONTINUOUS
10
-2.0816023228346454
20
3.905702716535433
11
-2.0829070078740157
21
3.9139401574803148
0
LINE
8
BLACK
6
CONTINUOUS
10
-2.0829070078740157
20
3.9139401574803148
11
-2.0829070078740157
21
3.9222803149606298
0
LINE
8
BLACK
6
CONTINUOUS
10
-2.0829070078740157
20
3.9222803149606298
11
-2.0816023228346454
21
3.9305177559055116
0
LINE
8
BLACK
6
CONTINUOUS
10
-2.0816023228346454
20
3.9305177559055116
11
-2.0790250787401576
21
3.9384497244094487
0
LINE
8
BLACK
6
CONTINUOUS
10
-2.0790250787401576
20
3.9384497244094487
11
-2.0752387401574803
21
3.9458808267716536
0
LINE
8
BLACK
6
CONTINUOUS
10
-2.0752387401574803
20
3.9458808267716536
11
-2.0703365354330709
21
3.9526281496062992
0
LINE
8
BLACK
6
CONTINUOUS
10
-2.0703365354330709
20
3.9526281496062992
11
-2.0644391732283465
21
3.9585255118110236
0
LINE
8
BLACK
6
CONTINUOUS
10
-2.0644391732283465
20
3.9585255118110236
11
-2.0576918503937009
21
3.963427716535433
0
LINE
8
BLACK
6
CONTINUOUS
10
-2.0576918503937009
20
3.963427716535433
11
-2.050260748031496
21
3.9672140551181103
0
LINE
8
BLACK
6
CONTINUOUS
10
-2.050260748031496
20
3.9672140551181103
11
-2.0423287795275589
21
3.9697912992125985
0
LINE
8
BLACK
6
CONTINUOUS
10
-2.0423287795275589
20
3.9697912992125985
11
-2.0340913385826771
21
3.9710959842519684
0
LINE
8
BLACK
6
CONTINUOUS
10
-2.0340913385826771
20
3.9710959842519684
11
-2.0257511811023621
21
3.9710959842519684
0
LINE
8
BLACK
6
CONTINUOUS
10
-2.0257511811023621
20
3.9710959842519684
11
-2.0175137401574803
21
3.9697912992125985
0
LINE
8
BLACK
6
CONTINUOUS
10
-1.8175137401574804
20
3.9697912992125985
11
-1.8095817716535432
21
3.9672140551181103
0
LINE
8
BLACK
6
CONTINUOUS
10
-1.8095817716535432
20
3.9672140551181103
11
-1.8021506692913385
21
3.963427716535433
0
LINE
8
BLACK
6
CONTINUOUS
10
-1.8021506692913385
20
3.963427716535433
11
-1.795403346456693
21
3.9585255118110236
0
LINE
8
BLACK
6
CONTINUOUS
10
-1.795403346456693
20
3.9585255118110236
11
-1.7895059842519685
21
3.9526281496062992
0
LINE
8
BLACK
6
CONTINUOUS
10
-1.7895059842519685
20
3.9526281496062992
11
-1.7846037795275591
21
3.9458808267716536
0
LINE
8
BLACK
6
CONTINUOUS
10
-1.7846037795275591
20
3.9458808267716536
11
-1.7808174409448818
21
3.9384497244094487
0
LINE
8
BLACK
6
CONTINUOUS
10
-1.7808174409448818
20
3.9384497244094487
11
-1.7782401968503936
21
3.9305177559055116
0
LINE
8
BLACK
6
CONTINUOUS
10
-1.7782401968503936
20
3.9305177559055116
11
-1.7769355118110235
21
3.9222803149606298
0
LINE
8
BLACK
6
CONTINUOUS
10
-1.7769355118110235
20
3.9222803149606298
11
-1.7769355118110235
21
3.9139401574803148
0
LINE
8
BLACK
6
CONTINUOUS
10
-1.7769355118110235
20
3.9139401574803148
11
-1.7782401968503936
21
3.905702716535433
0
LINE
8
BLACK
6
CONTINUOUS
10
-1.7782401968503936
20
3.905702716535433
11
-1.7808174409448818
21
3.8977707480314958
0
LINE
8
BLACK
6
CONTINUOUS
10
-1.7808174409448818
20
3.8977707480314958
11
-1.7846037795275591
21
3.8903396456692914
0
LINE
8
BLACK
6
CONTINUOUS
10
-1.7846037795275591
20
3.8903396456692914
11
-1.7895059842519685
21
3.8835923228346454
0
LINE
8
BLACK
6
CONTINUOUS
10
-1.7895059842519685
20
3.8835923228346454
11
-1.795403346456693
21
3.8776949606299214
0
LINE
8
BLACK
6
CONTINUOUS
10
-1.795403346456693
20
3.8776949606299214
11
-1.8021506692913385
21
3.8727927559055115
0
LINE
8
BLACK
6
CONTINUOUS
10
-1.8021506692913385
20
3.8727927559055115
11
-1.8095817716535432
21
3.8690064173228347
0
LINE
8
BLACK
6
CONTINUOUS
10
-1.8095817716535432
20
3.8690064173228347
11
-1.8175137401574804
21
3.8664291732283464
0
LINE
8
BLACK
6
CONTINUOUS
10
-1.8175137401574804
20
3.8664291732283464
11
-1.8257511811023621
21
3.8651244881889761
0
LINE
8
BLACK
6
CONTINUOUS
10
-1.8257511811023621
20
3.8651244881889761
11
-1.8340913385826771
21
3.8651244881889761
0
LINE
8
BLACK
6
CONTINUOUS
10
-1.8340913385826771
20
3.8651244881889761
11
-1.8423287795275589
21
3.8664291732283464
0
LINE
8
BLACK
6
CONTINUOUS
10
-1.8423287795275589
20
3.8664291732283464
11
-1.8502607480314961
21
3.8690064173228347
0
LINE
8
BLACK
6
CONTINUOUS
10
-1.8502607480314961
20
3.8690064173228347
11
-1.8576918503937008
21
3.8727927559055115
0
LINE
8
BLACK
6
CONTINUOUS
10
-1.8576918503937008
20
3.8727927559055115
11
-1.8644391732283465
21
3.8776949606299214
0
LINE
8
BLACK
6
CONTINUOUS
10
-1.8644391732283465
20
3.8776949606299214
11
-1.8703365354330708
21
3.8835923228346454
0
LINE
8
BLACK
6
CONTINUOUS
10
-1.8703365354330708
20
3.8835923228346454
11
-1.8752387401574804
21
3.8903396456692914
0
LINE
8
BLACK
6
CONTINUOUS
10
-1.8752387401574804
20
3.8903396456692914
11
-1.8790250787401575
21
3.8977707480314958
0
LINE
8
BLACK
6
CONTINUOUS
10
-1.8790250787401575
20
3.8977707480314958
11
-1.8816023228346457
21
3.905702716535433
0
LINE
8
BLACK
6
CONTINUOUS
10
-1.8816023228346457
20
3.905702716535433
11
-1.8829070078740158
21
3.9139401574803148
0
LINE
8
BLACK
6
CONTINUOUS
10
-1.8829070078740158
20
3.9139401574803148
11
-1.8829070078740158
21
3.9222803149606298
0
LINE
8
BLACK
6
CONTINUOUS
10
-1.8829070078740158
20
3.9222803149606298
11
-1.8816023228346457
21
3.9305177559055116
0
LINE
8
BLACK
6
CONTINUOUS
10
-1.8816023228346457
20
3.9305177559055116
11
-1.8790250787401575
21
3.9384497244094487
0
LINE
8
BLACK
6
CONTINUOUS
10
-1.8790250787401575
20
3.9384497244094487
11
-1.8752387401574804
21
3.9458808267716536
0
LINE
8
BLACK
6
CONTINUOUS
10
-1.8752387401574804
20
3.9458808267716536
11
-1.8703365354330708
21
3.9526281496062992
0
LINE
8
BLACK
6
CONTINUOUS
10
-1.8703365354330708
20
3.9526281496062992
11
-1.8644391732283465
21
3.9585255118110236
0
LINE
8
BLACK
6
CONTINUOUS
10
-1.8644391732283465
20
3.9585255118110236
11
-1.8576918503937008
21
3.963427716535433
0
LINE
8
BLACK
6
CONTINUOUS
10
-1.8576918503937008
20
3.963427716535433
11
-1.8502607480314961
21
3.9672140551181103
0
LINE
8
BLACK
6
CONTINUOUS
10
-1.8502607480314961
20
3.9672140551181103
11
-1.8423287795275589
21
3.9697912992125985
0
LINE
8
BLACK
6
CONTINUOUS
10
-1.8423287795275589
20
3.9697912992125985
11
-1.8340913385826771
21
3.9710959842519684
0
LINE
8
BLACK
6
CONTINUOUS
10
-1.8340913385826771
20
3.9710959842519684
11
-1.8257511811023621
21
3.9710959842519684
0
LINE
8
BLACK
6
CONTINUOUS
10
-1.8257511811023621
20
3.9710959842519684
11
-1.8175137401574804
21
3.9697912992125985
0
CIRCLE
8
BLACK
10
2.
20
0.4
40
0.0068897637795276
0
CIRCLE
8
BLACK
10
0.4
20
2.
40
0.0068897637795276
0
CIRCLE
8
BLACK
10
0.4
20
0.4
40
0.0068897637795276
0
CIRCLE
8
BLACK
10
-0.725236220472441
20
0.8675905511811023
40
0.0068897637795276
0
CIRCLE
8
BLACK
10
-0.625236220472441
20
0.8675905511811023
40
0.0068897637795276
0
CIRCLE
8
BLACK
10
-0.725236220472441
20
0.7675905511811023
40
0.0068897637795276
0
CIRCLE
8
BLACK
10
-0.625236220472441
20
0.7675905511811023
40
0.0068897637795276
0
CIRCLE
8
BLACK
10
-0.725236220472441
20
0.6675905511811023
40
0.0068897637795276
0
CIRCLE
8
BLACK
10
-0.625236220472441
20
0.6675905511811023
40
0.0068897637795276
0
CIRCLE
8
BLACK
10
-1.9299212598425197
20
3.8181102362204724
40
0.0068897637795276
0
CIRCLE
8
BLACK
10
-1.8299212598425196
20
3.9181102362204725
40
0.0068897637795276
0
CIRCLE
8
BLACK
10
-2.0299212598425198
20
3.9181102362204725
40
0.0068897637795276
0
CIRCLE
8
BLACK
10
-1.8299212598425196
20
3.7181102362204723
40
0.0068897637795276
0
CIRCLE
8
BLACK
10
-2.0299212598425198
20
3.7181102362204723
40
0.0068897637795276
0
CIRCLE
8
BLACK
10
2.
20
2.
40
0.0068897637795276
0
CIRCLE
8
BLACK
10
-1.7094488188976378
20
3.1370078740157479
40
0.0059055118110236
0
CIRCLE
8
BLACK
10
-1.9496062992125984
20
3.3574803149606298
40
0.0059055118110236
0
CIRCLE
8
BLACK
10
-1.9850393700787401
20
3.5818897637795275
40
0.0059055118110236
0
CIRCLE
8
BLACK
10
-2.0055118110236219
20
3.1330708661417321
40
0.0059055118110236
0
CIRCLE
8
BLACK
10
-2.2803149606299211
20
3.2708661417322835
40
0.0059055118110236
0
CIRCLE
8
BLACK
10
-2.1700787401574804
20
3.4795275590551182
40
0.0059055118110236
0
CIRCLE
8
BLACK
10
-2.2332711417322835
20
3.6172781889763779
40
0.0059055118110236
0
CIRCLE
8
BLACK
10
-2.237007874015748
20
3.4047244094488187
40
0.0059055118110236
0
CIRCLE
8
BLACK
10
-1.8551181102362204
20
3.8614173228346456
40
0.0059055118110236
0
CIRCLE
8
BLACK
10
-1.9181102362204725
20
3.2551181102362206
40
0.0059055118110236
0
CIRCLE
8
BLACK
10
-2.237007874015748
20
3.3574803149606298
40
0.0059055118110236
0
CIRCLE
8
BLACK
10
-2.1110236220472443
20
3.7826771653543307
40
0.0059055118110236
0
CIRCLE
8
BLACK
10
-1.7921259842519686
20
3.3653543307086613
40
0.0059055118110236
0
CIRCLE
8
BLACK
10
-1.9338582677165355
20
3.4204724409448817
40
0.0059055118110236
0
CIRCLE
8
BLACK
10
-1.9535433070866142
20
3.6251968503937007
40
0.0059055118110236
0
CIRCLE
8
BLACK
10
-2.1661417322834646
20
3.3574803149606298
40
0.0059055118110236
0
CIRCLE
8
BLACK
10
-2.0362204724409447
20
3.7826771653543307
40
0.0059055118110236
0
CIRCLE
8
BLACK
10
-1.7724409448818896
20
3.089763779527559
40
0.0059055118110236
0
CIRCLE
8
BLACK
10
-1.9299212598425197
20
3.089763779527559
40
0.0059055118110236
0
CIRCLE
8
BLACK
10
-1.8905511811023621
20
3.089763779527559
40
0.0059055118110236
0
CIRCLE
8
BLACK
10
-1.8196850393700787
20
3.4125984251968502
40
0.0059055118110236
0
CIRCLE
8
BLACK
10
-2.3039370078740156
20
3.3535433070866141
40
0.0059055118110236
0
CIRCLE
8
BLACK
10
-1.7606299212598424
20
3.8299212598425196
40
0.0059055118110236
0
CIRCLE
8
BLACK
10
-1.7606299212598424
20
3.7669291338582678
40
0.0059055118110236
0
CIRCLE
8
BLACK
10
-1.8
20
3.2551181102362206
40
0.0059055118110236
0
CIRCLE
8
BLACK
10
-1.9141732283464568
20
3.7039370078740155
40
0.0059055118110236
0
CIRCLE
8
BLACK
10
-1.9062992125984251
20
3.5110236220472442
40
0.0059055118110236
0
CIRCLE
8
BLACK
10
-1.9141732283464568
20
3.6409448818897636
40
0.0059055118110236
0
CIRCLE
8
BLACK
10
-1.8511811023622047
20
3.089763779527559
40
0.0059055118110236
0
CIRCLE
8
BLACK
10
-1.7645669291338582
20
3.7039370078740155
40
0.0059055118110236
0
CIRCLE
8
BLACK
10
-1.9535433070866142
20
3.5818897637795275
40
0.0059055118110236
0
CIRCLE
8
BLACK
10
-1.9299212598425197
20
3.3062992125984252
40
0.0059055118110236
0
CIRCLE
8
BLACK
10
-1.8669291338582676
20
3.5818897637795275
40
0.0059055118110236
0
CIRCLE
8
BLACK
10
-2.1110236220472443
20
3.6251968503937007
40
0.0059055118110236
0
CIRCLE
8
BLACK
10
-2.0637795275590549
20
3.6645669291338581
40
0.0059055118110236
0
CIRCLE
8
BLACK
10
-1.8275590551181102
20
3.6251968503937007
40
0.0059055118110236
0
CIRCLE
8
BLACK
10
-1.9535433070866142
20
3.7039370078740155
40
0.0059055118110236
0
CIRCLE
8
BLACK
10
-1.7921259842519686
20
3.2866141732283465
40
0.0059055118110236
0
CIRCLE
8
BLACK
10
-1.8118110236220473
20
3.5110236220472442
40
0.0059055118110236
0
CIRCLE
8
BLACK
10
-2.032283464566929
20
3.6251968503937007
40
0.0059055118110236
0
CIRCLE
8
BLACK
10
-2.5204724409448818
20
3.7275590551181104
40
0.0059055118110236
0
CIRCLE
8
BLACK
10
-1.7921259842519686
20
3.3259842519685039
40
0.0059055118110236
0
CIRCLE
8
BLACK
10
-1.8236220472440945
20
3.4637795275590548
40
0.0059055118110236
0
CIRCLE
8
BLACK
10
-2.2330708661417322
20
3.5661417322834645
40
0.0059055118110236
0
CIRCLE
8
BLACK
10
-1.9141732283464568
20
3.5818897637795275
40
0.0059055118110236
0
CIRCLE
8
BLACK
10
-1.7645669291338582
20
3.5779527559055118
40
0.0059055118110236
0
CIRCLE
8
BLACK
10
-1.8984251968503936
20
2.9755905511811025
40
0.0059055118110236
0
CIRCLE
8
BLACK
10
-1.8118110236220473
20
3.089763779527559
40
0.0059055118110236
0
CIRCLE
8
BLACK
10
-2.0834645669291336
20
3.0937007874015747
40
0.0059055118110236
0
CIRCLE
8
BLACK
10
-2.1582677165354331
20
3.7472440944881891
40
0.0059055118110236
0
CIRCLE
8
BLACK
10
-2.343307086614173
20
3.794488188976378
40
0.0059055118110236
0
CIRCLE
8
BLACK
10
-1.8
20
2.9047244094488187
40
0.0059055118110236
0
CIRCLE
8
BLACK
10
-2.343307086614173
20
3.8771653543307085
40
0.0059055118110236
0
CIRCLE
8
BLACK
10
-2.4299212598425197
20
3.1921259842519683
40
0.0059055118110236
0
CIRCLE
8
BLACK
10
-2.3196850393700785
20
3.2196850393700789
40
0.0059055118110236
0
CIRCLE
8
BLACK
10
-1.9417322834645669
20
3.4755905511811025
40
0.0059055118110236
0
CIRCLE
8
BLACK
10
-2.0913385826771651
20
3.5543307086614173
40
0.0059055118110236
0
CIRCLE
8
BLACK
10
-2.3472440944881887
20
3.6291338582677164
40
0.0059055118110236
0
CIRCLE
8
BLACK
10
-2.1425196850393702
20
3.1576771653543307
40
0.0059055118110236
0
CIRCLE
8
BLACK
10
-2.2881889763779526
20
3.0779527559055118
40
0.0059055118110236
0
CIRCLE
8
BLACK
10
-2.1435039370078739
20
3.2690944881889763
40
0.0059055118110236
0
CIRCLE
8
BLACK
10
-2.112007874015748
20
3.3736890157480315
40
0.0059055118110236
0
CIRCLE
8
BLACK
10
-2.1543307086614174
20
3.6566929133858266
40
0.0059055118110236
0
CIRCLE
8
WHITE
10
-1.7094488188976378
20
3.1370078740157479
40
0.0059055118110236
0
CIRCLE
8
WHITE
10
-1.9496062992125984
20
3.3574803149606298
40
0.0059055118110236
0
CIRCLE
8
WHITE
10
-1.9850393700787401
20
3.5818897637795275
40
0.0059055118110236
0
CIRCLE
8
WHITE
10
-2.0055118110236219
20
3.1330708661417321
40
0.0059055118110236
0
CIRCLE
8
WHITE
10
-2.2803149606299211
20
3.2708661417322835
40
0.0059055118110236
0
CIRCLE
8
WHITE
10
-2.1700787401574804
20
3.4795275590551182
40
0.0059055118110236
0
CIRCLE
8
WHITE
10
-2.2332711417322835
20
3.6172781889763779
40
0.0059055118110236
0
CIRCLE
8
WHITE
10
-2.237007874015748
20
3.4047244094488187
40
0.0059055118110236
0
CIRCLE
8
WHITE
10
-1.8551181102362204
20
3.8614173228346456
40
0.0059055118110236
0
CIRCLE
8
WHITE
10
-1.9181102362204725
20
3.2551181102362206
40
0.0059055118110236
0
CIRCLE
8
WHITE
10
-2.237007874015748
20
3.3574803149606298
40
0.0059055118110236
0
CIRCLE
8
WHITE
10
-2.1110236220472443
20
3.7826771653543307
40
0.0059055118110236
0
CIRCLE
8
WHITE
10
-1.7921259842519686
20
3.3653543307086613
40
0.0059055118110236
0
CIRCLE
8
WHITE
10
-1.9338582677165355
20
3.4204724409448817
40
0.0059055118110236
0
CIRCLE
8
WHITE
10
-1.9535433070866142
20
3.6251968503937007
40
0.0059055118110236
0
CIRCLE
8
WHITE
10
-2.1661417322834646
20
3.3574803149606298
40
0.0059055118110236
0
CIRCLE
8
WHITE
10
-2.0362204724409447
20
3.7826771653543307
40
0.0059055118110236
0
CIRCLE
8
WHITE
10
-1.7724409448818896
20
3.089763779527559
40
0.0059055118110236
0
CIRCLE
8
WHITE
10
-1.9299212598425197
20
3.089763779527559
40
0.0059055118110236
0
CIRCLE
8
WHITE
10
-1.8905511811023621
20
3.089763779527559
40
0.0059055118110236
0
CIRCLE
8
WHITE
10
-1.8196850393700787
20
3.4125984251968502
40
0.0059055118110236
0
CIRCLE
8
WHITE
10
-2.3039370078740156
20
3.3535433070866141
40
0.0059055118110236
0
CIRCLE
8
WHITE
10
-1.7606299212598424
20
3.8299212598425196
40
0.0059055118110236
0
CIRCLE
8
WHITE
10
-1.7606299212598424
20
3.7669291338582678
40
0.0059055118110236
0
CIRCLE
8
WHITE
10
-1.8
20
3.2551181102362206
40
0.0059055118110236
0
CIRCLE
8
WHITE
10
-1.9141732283464568
20
3.7039370078740155
40
0.0059055118110236
0
CIRCLE
8
WHITE
10
-1.9062992125984251
20
3.5110236220472442
40
0.0059055118110236
0
CIRCLE
8
WHITE
10
-1.9141732283464568
20
3.6409448818897636
40
0.0059055118110236
0
CIRCLE
8
WHITE
10
-1.8511811023622047
20
3.089763779527559
40
0.0059055118110236
0
CIRCLE
8
WHITE
10
-1.7645669291338582
20
3.7039370078740155
40
0.0059055118110236
0
CIRCLE
8
WHITE
10
-1.9535433070866142
20
3.5818897637795275
40
0.0059055118110236
0
CIRCLE
8
WHITE
10
-1.9299212598425197
20
3.3062992125984252
40
0.0059055118110236
0
CIRCLE
8
WHITE
10
-1.8669291338582676
20
3.5818897637795275
40
0.0059055118110236
0
CIRCLE
8
WHITE
10
-2.1110236220472443
20
3.6251968503937007
40
0.0059055118110236
0
CIRCLE
8
WHITE
10
-2.0637795275590549
20
3.6645669291338581
40
0.0059055118110236
0
CIRCLE
8
WHITE
10
-1.8275590551181102
20
3.6251968503937007
40
0.0059055118110236
0
CIRCLE
8
WHITE
10
-1.9535433070866142
20
3.7039370078740155
40
0.0059055118110236
0
CIRCLE
8
WHITE
10
-1.7921259842519686
20
3.2866141732283465
40
0.0059055118110236
0
CIRCLE
8
WHITE
10
-1.8118110236220473
20
3.5110236220472442
40
0.0059055118110236
0
CIRCLE
8
WHITE
10
-2.032283464566929
20
3.6251968503937007
40
0.0059055118110236
0
CIRCLE
8
WHITE
10
-2.5204724409448818
20
3.7275590551181104
40
0.0059055118110236
0
CIRCLE
8
WHITE
10
-1.7921259842519686
20
3.3259842519685039
40
0.0059055118110236
0
CIRCLE
8
WHITE
10
-1.8236220472440945
20
3.4637795275590548
40
0.0059055118110236
0
CIRCLE
8
WHITE
10
-2.2330708661417322
20
3.5661417322834645
40
0.0059055118110236
0
CIRCLE
8
WHITE
10
-1.9141732283464568
20
3.5818897637795275
40
0.0059055118110236
0
CIRCLE
8
WHITE
10
-1.7645669291338582
20
3.5779527559055118
40
0.0059055118110236
0
CIRCLE
8
WHITE
10
-1.8984251968503936
20
2.9755905511811025
40
0.0059055118110236
0
CIRCLE
8
WHITE
10
-1.8118110236220473
20
3.089763779527559
40
0.0059055118110236
0
CIRCLE
8
WHITE
10
-2.0834645669291336
20
3.0937007874015747
40
0.0059055118110236
0
CIRCLE
8
WHITE
10
-2.1582677165354331
20
3.7472440944881891
40
0.0059055118110236
0
CIRCLE
8
WHITE
10
-2.343307086614173
20
3.794488188976378
40
0.0059055118110236
0
CIRCLE
8
WHITE
10
-1.8
20
2.9047244094488187
40
0.0059055118110236
0
CIRCLE
8
WHITE
10
-2.343307086614173
20
3.8771653543307085
40
0.0059055118110236
0
CIRCLE
8
WHITE
10
-2.4299212598425197
20
3.1921259842519683
40
0.0059055118110236
0
CIRCLE
8
WHITE
10
-2.3196850393700785
20
3.2196850393700789
40
0.0059055118110236
0
CIRCLE
8
WHITE
10
-1.9417322834645669
20
3.4755905511811025
40
0.0059055118110236
0
CIRCLE
8
WHITE
10
-2.0913385826771651
20
3.5543307086614173
40
0.0059055118110236
0
CIRCLE
8
WHITE
10
-2.3472440944881887
20
3.6291338582677164
40
0.0059055118110236
0
CIRCLE
8
WHITE
10
-2.1425196850393702
20
3.1576771653543307
40
0.0059055118110236
0
CIRCLE
8
WHITE
10
-2.2881889763779526
20
3.0779527559055118
40
0.0059055118110236
0
CIRCLE
8
WHITE
10
-2.1435039370078739
20
3.2690944881889763
40
0.0059055118110236
0
CIRCLE
8
WHITE
10
-2.112007874015748
20
3.3736890157480315
40
0.0059055118110236
0
CIRCLE
8
WHITE
10
-2.1543307086614174
20
3.6566929133858266
40
0.0059055118110236
0
CIRCLE
8
WHITE
10
2.
20
0.4
40
0.0068897637795276
0
CIRCLE
8
WHITE
10
0.4
20
2.
40
0.0068897637795276
0
CIRCLE
8
WHITE
10
0.4
20
0.4
40
0.0068897637795276
0
CIRCLE
8
WHITE
10
-0.725236220472441
20
0.8675905511811023
40
0.0068897637795276
0
CIRCLE
8
WHITE
10
-0.625236220472441
20
0.8675905511811023
40
0.0068897637795276
0
CIRCLE
8
WHITE
10
-0.725236220472441
20
0.7675905511811023
40
0.0068897637795276
0
CIRCLE
8
WHITE
10
-0.625236220472441
20
0.7675905511811023
40
0.0068897637795276
0
CIRCLE
8
WHITE
10
-0.725236220472441
20
0.6675905511811023
40
0.0068897637795276
0
CIRCLE
8
WHITE
10
-0.625236220472441
20
0.6675905511811023
40
0.0068897637795276
0
CIRCLE
8
WHITE
10
-1.9299212598425197
20
3.8181102362204724
40
0.0068897637795276
0
CIRCLE
8
WHITE
10
-1.8299212598425196
20
3.9181102362204725
40
0.0068897637795276
0
CIRCLE
8
WHITE
10
-2.0299212598425198
20
3.9181102362204725
40
0.0068897637795276
0
CIRCLE
8
WHITE
10
-1.8299212598425196
20
3.7181102362204723
40
0.0068897637795276
0
CIRCLE
8
WHITE
10
-2.0299212598425198
20
3.7181102362204723
40
0.0068897637795276
0
CIRCLE
8
WHITE
10
2.
20
2.
40
0.0068897637795276
  0
ENDSEC
  0
EOF
