  0
SECTION
  2
HEADER
  9
$ANGBASE
  50
0.0
  9
$ANGDIR
  70
1
  9
$MEASUREMENT
  70
0
  0
ENDSEC
  0
SECTION
  2
TABLES
  0
TABLE
  2
LTYPE
  70
4
  0
LTYPE
  5
40F
  2
CONTINUOUS
  70
0
  3
Solid line
  72
65
  73
0
  40
0.0
  0
LTYPE
  5
410
  2
DASHDOT
 70
0
  3
Dash Dot ____ _ ____ _
 72
65
 73
4
 40
2.0
 49
1.25
 49
-0.25
 49
0.25
 49
-0.25
  0
LTYPE
  5
411
  2
DASHED
 70
0
  3
Dashed __ __ __ __ __
 72
65
 73
2
 40
0.75
 49
0.5
 49
-0.25
  0
LTYPE
  5
43B
  2
DOTTED
 70
0
  3
Dotted .  .  .  .
 72
65
 73
2
 40
0.2
 49
0.0
 49
-0.2
  0
ENDTAB
  0
TABLE
  2
STYLE
  70
4
  0
STYLE
  2
KICAD
  70
0
  40
0
  41
1
  42
1
  50
0
  71
0
  3
isocp.shx
  0
STYLE
  2
KICADB
  70
0
  40
0
  41
1
  42
1
  50
0
  71
0
  3
isocp.shx
  0
STYLE
  2
KICADI
  70
0
  40
0
  41
1
  42
1
  50
15
  71
0
  3
isocp.shx
  0
STYLE
  2
KICADBI
  70
0
  40
0
  41
1
  42
1
  50
15
  71
0
  3
isocp.shx
  0
ENDTAB
  0
TABLE
  2
LAYER
  70
1
  0
LAYER
  2
BLACK
  70
0
  62
7
  6
CONTINUOUS
  0
ENDTAB
  0
ENDSEC
  0
SECTION
  2
ENTITIES
0
LINE
8
BLACK
6
CONTINUOUS
10
0.4197842125984252
20
0.5164414566929134
11
0.432697125984252
21
0.5134941732283465
0
LINE
8
BLACK
6
CONTINUOUS
10
0.432697125984252
20
0.5134941732283465
11
0.4451988188976378
21
0.5091196456692914
0
LINE
8
BLACK
6
CONTINUOUS
10
0.4451988188976378
20
0.5091196456692914
11
0.4571321653543307
21
0.5033728346456693
0
LINE
8
BLACK
6
CONTINUOUS
10
0.4571321653543307
20
0.5033728346456693
11
0.4683470078740157
21
0.4963261023622047
0
LINE
8
BLACK
6
CONTINUOUS
10
0.4683470078740157
20
0.4963261023622047
11
0.4787023622047244
21
0.4880679527559055
0
LINE
8
BLACK
6
CONTINUOUS
10
0.4787023622047244
20
0.4880679527559055
11
0.4880679527559055
21
0.4787023622047244
0
LINE
8
BLACK
6
CONTINUOUS
10
0.4880679527559055
20
0.4787023622047244
11
0.4963261023622047
21
0.4683470078740157
0
LINE
8
BLACK
6
CONTINUOUS
10
0.4963261023622047
20
0.4683470078740157
11
0.5033728346456693
21
0.4571321653543307
0
LINE
8
BLACK
6
CONTINUOUS
10
0.5033728346456693
20
0.4571321653543307
11
0.5091196456692914
21
0.4451988188976378
0
LINE
8
BLACK
6
CONTINUOUS
10
0.5091196456692914
20
0.4451988188976378
11
0.5134941732283465
21
0.432697125984252
0
LINE
8
BLACK
6
CONTINUOUS
10
0.5134941732283465
20
0.432697125984252
11
0.5164414566929134
21
0.4197842125984252
0
LINE
8
BLACK
6
CONTINUOUS
10
0.5164414566929134
20
0.4197842125984252
11
0.5179244094488189
21
0.4066224803149606
0
LINE
8
BLACK
6
CONTINUOUS
10
0.5179244094488189
20
0.4066224803149606
11
0.5179244094488189
21
0.3933775196850394
0
LINE
8
BLACK
6
CONTINUOUS
10
0.5179244094488189
20
0.3933775196850394
11
0.5164414566929134
21
0.3802157874015748
0
LINE
8
BLACK
6
CONTINUOUS
10
0.5164414566929134
20
0.3802157874015748
11
0.5134941732283465
21
0.367302874015748
0
LINE
8
BLACK
6
CONTINUOUS
10
0.5134941732283465
20
0.367302874015748
11
0.5091196456692914
21
0.3548011811023622
0
LINE
8
BLACK
6
CONTINUOUS
10
0.5091196456692914
20
0.3548011811023622
11
0.5033728346456693
21
0.3428678346456693
0
LINE
8
BLACK
6
CONTINUOUS
10
0.5033728346456693
20
0.3428678346456693
11
0.4963261023622047
21
0.3316529921259843
0
LINE
8
BLACK
6
CONTINUOUS
10
0.4963261023622047
20
0.3316529921259843
11
0.4880679527559055
21
0.3212976377952756
0
LINE
8
BLACK
6
CONTINUOUS
10
0.4880679527559055
20
0.3212976377952756
11
0.4787023622047244
21
0.3119320472440945
0
LINE
8
BLACK
6
CONTINUOUS
10
0.4787023622047244
20
0.3119320472440945
11
0.4683470078740157
21
0.3036738976377953
0
LINE
8
BLACK
6
CONTINUOUS
10
0.4683470078740157
20
0.3036738976377953
11
0.4571321653543307
21
0.2966271653543307
0
LINE
8
BLACK
6
CONTINUOUS
10
0.4571321653543307
20
0.2966271653543307
11
0.4451988188976378
21
0.2908803543307086
0
LINE
8
BLACK
6
CONTINUOUS
10
0.4451988188976378
20
0.2908803543307086
11
0.432697125984252
21
0.2865058267716535
0
LINE
8
BLACK
6
CONTINUOUS
10
0.432697125984252
20
0.2865058267716535
11
0.4197842125984252
21
0.2835585433070866
0
LINE
8
BLACK
6
CONTINUOUS
10
0.4197842125984252
20
0.2835585433070866
11
0.4066224803149606
21
0.2820755905511811
0
LINE
8
BLACK
6
CONTINUOUS
10
0.4066224803149606
20
0.2820755905511811
11
0.3933775196850394
21
0.2820755905511811
0
LINE
8
BLACK
6
CONTINUOUS
10
0.3933775196850394
20
0.2820755905511811
11
0.3802157874015748
21
0.2835585433070866
0
LINE
8
BLACK
6
CONTINUOUS
10
0.3802157874015748
20
0.2835585433070866
11
0.367302874015748
21
0.2865058267716535
0
LINE
8
BLACK
6
CONTINUOUS
10
0.367302874015748
20
0.2865058267716535
11
0.3548011811023622
21
0.2908803543307086
0
LINE
8
BLACK
6
CONTINUOUS
10
0.3548011811023622
20
0.2908803543307086
11
0.3428678346456693
21
0.2966271653543307
0
LINE
8
BLACK
6
CONTINUOUS
10
0.3428678346456693
20
0.2966271653543307
11
0.3316529921259843
21
0.3036738976377953
0
LINE
8
BLACK
6
CONTINUOUS
10
0.3316529921259843
20
0.3036738976377953
11
0.3212976377952756
21
0.3119320472440945
0
LINE
8
BLACK
6
CONTINUOUS
10
0.3212976377952756
20
0.3119320472440945
11
0.3119320472440945
21
0.3212976377952756
0
LINE
8
BLACK
6
CONTINUOUS
10
0.3119320472440945
20
0.3212976377952756
11
0.3036738976377953
21
0.3316529921259843
0
LINE
8
BLACK
6
CONTINUOUS
10
0.3036738976377953
20
0.3316529921259843
11
0.2966271653543307
21
0.3428678346456693
0
LINE
8
BLACK
6
CONTINUOUS
10
0.2966271653543307
20
0.3428678346456693
11
0.2908803543307086
21
0.3548011811023622
0
LINE
8
BLACK
6
CONTINUOUS
10
0.2908803543307086
20
0.3548011811023622
11
0.2865058267716535
21
0.367302874015748
0
LINE
8
BLACK
6
CONTINUOUS
10
0.2865058267716535
20
0.367302874015748
11
0.2835585433070866
21
0.3802157874015748
0
LINE
8
BLACK
6
CONTINUOUS
10
0.2835585433070866
20
0.3802157874015748
11
0.2820755905511811
21
0.3933775196850394
0
LINE
8
BLACK
6
CONTINUOUS
10
0.2820755905511811
20
0.3933775196850394
11
0.2820755905511811
21
0.4066224803149606
0
LINE
8
BLACK
6
CONTINUOUS
10
0.2820755905511811
20
0.4066224803149606
11
0.2835585433070866
21
0.4197842125984252
0
LINE
8
BLACK
6
CONTINUOUS
10
0.2835585433070866
20
0.4197842125984252
11
0.2865058267716535
21
0.432697125984252
0
LINE
8
BLACK
6
CONTINUOUS
10
0.2865058267716535
20
0.432697125984252
11
0.2908803543307086
21
0.4451988188976378
0
LINE
8
BLACK
6
CONTINUOUS
10
0.2908803543307086
20
0.4451988188976378
11
0.2966271653543307
21
0.4571321653543307
0
LINE
8
BLACK
6
CONTINUOUS
10
0.2966271653543307
20
0.4571321653543307
11
0.3036738976377953
21
0.4683470078740157
0
LINE
8
BLACK
6
CONTINUOUS
10
0.3036738976377953
20
0.4683470078740157
11
0.3119320472440945
21
0.4787023622047244
0
LINE
8
BLACK
6
CONTINUOUS
10
0.3119320472440945
20
0.4787023622047244
11
0.3212976377952756
21
0.4880679527559055
0
LINE
8
BLACK
6
CONTINUOUS
10
0.3212976377952756
20
0.4880679527559055
11
0.3316529921259843
21
0.4963261023622047
0
LINE
8
BLACK
6
CONTINUOUS
10
0.3316529921259843
20
0.4963261023622047
11
0.3428678346456693
21
0.5033728346456693
0
LINE
8
BLACK
6
CONTINUOUS
10
0.3428678346456693
20
0.5033728346456693
11
0.3548011811023622
21
0.5091196456692914
0
LINE
8
BLACK
6
CONTINUOUS
10
0.3548011811023622
20
0.5091196456692914
11
0.367302874015748
21
0.5134941732283465
0
LINE
8
BLACK
6
CONTINUOUS
10
0.367302874015748
20
0.5134941732283465
11
0.3802157874015748
21
0.5164414566929134
0
LINE
8
BLACK
6
CONTINUOUS
10
0.3802157874015748
20
0.5164414566929134
11
0.3933775196850394
21
0.5179244094488189
0
LINE
8
BLACK
6
CONTINUOUS
10
0.3933775196850394
20
0.5179244094488189
11
0.4066224803149606
21
0.5179244094488189
0
LINE
8
BLACK
6
CONTINUOUS
10
0.4066224803149606
20
0.5179244094488189
11
0.4197842125984252
21
0.5164414566929134
0
LINE
8
BLACK
6
CONTINUOUS
10
2.0197842125984251
20
0.5164414566929134
11
2.0326971259842521
21
0.5134941732283465
0
LINE
8
BLACK
6
CONTINUOUS
10
2.0326971259842521
20
0.5134941732283465
11
2.0451988188976378
21
0.5091196456692914
0
LINE
8
BLACK
6
CONTINUOUS
10
2.0451988188976378
20
0.5091196456692914
11
2.0571321653543309
21
0.5033728346456693
0
LINE
8
BLACK
6
CONTINUOUS
10
2.0571321653543309
20
0.5033728346456693
11
2.0683470078740158
21
0.4963261023622047
0
LINE
8
BLACK
6
CONTINUOUS
10
2.0683470078740158
20
0.4963261023622047
11
2.0787023622047243
21
0.4880679527559055
0
LINE
8
BLACK
6
CONTINUOUS
10
2.0787023622047243
20
0.4880679527559055
11
2.0880679527559054
21
0.4787023622047244
0
LINE
8
BLACK
6
CONTINUOUS
10
2.0880679527559054
20
0.4787023622047244
11
2.0963261023622048
21
0.4683470078740157
0
LINE
8
BLACK
6
CONTINUOUS
10
2.0963261023622048
20
0.4683470078740157
11
2.1033728346456693
21
0.4571321653543307
0
LINE
8
BLACK
6
CONTINUOUS
10
2.1033728346456693
20
0.4571321653543307
11
2.1091196456692911
21
0.4451988188976378
0
LINE
8
BLACK
6
CONTINUOUS
10
2.1091196456692911
20
0.4451988188976378
11
2.1134941732283465
21
0.432697125984252
0
LINE
8
BLACK
6
CONTINUOUS
10
2.1134941732283465
20
0.432697125984252
11
2.1164414566929133
21
0.4197842125984252
0
LINE
8
BLACK
6
CONTINUOUS
10
2.1164414566929133
20
0.4197842125984252
11
2.1179244094488188
21
0.4066224803149606
0
LINE
8
BLACK
6
CONTINUOUS
10
2.1179244094488188
20
0.4066224803149606
11
2.1179244094488188
21
0.3933775196850394
0
LINE
8
BLACK
6
CONTINUOUS
10
2.1179244094488188
20
0.3933775196850394
11
2.1164414566929133
21
0.3802157874015748
0
LINE
8
BLACK
6
CONTINUOUS
10
2.1164414566929133
20
0.3802157874015748
11
2.1134941732283465
21
0.367302874015748
0
LINE
8
BLACK
6
CONTINUOUS
10
2.1134941732283465
20
0.367302874015748
11
2.1091196456692911
21
0.3548011811023622
0
LINE
8
BLACK
6
CONTINUOUS
10
2.1091196456692911
20
0.3548011811023622
11
2.1033728346456693
21
0.3428678346456693
0
LINE
8
BLACK
6
CONTINUOUS
10
2.1033728346456693
20
0.3428678346456693
11
2.0963261023622048
21
0.3316529921259843
0
LINE
8
BLACK
6
CONTINUOUS
10
2.0963261023622048
20
0.3316529921259843
11
2.0880679527559054
21
0.3212976377952756
0
LINE
8
BLACK
6
CONTINUOUS
10
2.0880679527559054
20
0.3212976377952756
11
2.0787023622047243
21
0.3119320472440945
0
LINE
8
BLACK
6
CONTINUOUS
10
2.0787023622047243
20
0.3119320472440945
11
2.0683470078740158
21
0.3036738976377953
0
LINE
8
BLACK
6
CONTINUOUS
10
2.0683470078740158
20
0.3036738976377953
11
2.0571321653543309
21
0.2966271653543307
0
LINE
8
BLACK
6
CONTINUOUS
10
2.0571321653543309
20
0.2966271653543307
11
2.0451988188976378
21
0.2908803543307086
0
LINE
8
BLACK
6
CONTINUOUS
10
2.0451988188976378
20
0.2908803543307086
11
2.0326971259842521
21
0.2865058267716535
0
LINE
8
BLACK
6
CONTINUOUS
10
2.0326971259842521
20
0.2865058267716535
11
2.0197842125984251
21
0.2835585433070866
0
LINE
8
BLACK
6
CONTINUOUS
10
2.0197842125984251
20
0.2835585433070866
11
2.0066224803149604
21
0.2820755905511811
0
LINE
8
BLACK
6
CONTINUOUS
10
2.0066224803149604
20
0.2820755905511811
11
1.9933775196850394
21
0.2820755905511811
0
LINE
8
BLACK
6
CONTINUOUS
10
1.9933775196850394
20
0.2820755905511811
11
1.9802157874015747
21
0.2835585433070866
0
LINE
8
BLACK
6
CONTINUOUS
10
1.9802157874015747
20
0.2835585433070866
11
1.9673028740157479
21
0.2865058267716535
0
LINE
8
BLACK
6
CONTINUOUS
10
1.9673028740157479
20
0.2865058267716535
11
1.9548011811023622
21
0.2908803543307086
0
LINE
8
BLACK
6
CONTINUOUS
10
1.9548011811023622
20
0.2908803543307086
11
1.9428678346456691
21
0.2966271653543307
0
LINE
8
BLACK
6
CONTINUOUS
10
1.9428678346456691
20
0.2966271653543307
11
1.9316529921259842
21
0.3036738976377953
0
LINE
8
BLACK
6
CONTINUOUS
10
1.9316529921259842
20
0.3036738976377953
11
1.9212976377952755
21
0.3119320472440945
0
LINE
8
BLACK
6
CONTINUOUS
10
1.9212976377952755
20
0.3119320472440945
11
1.9119320472440944
21
0.3212976377952756
0
LINE
8
BLACK
6
CONTINUOUS
10
1.9119320472440944
20
0.3212976377952756
11
1.9036738976377952
21
0.3316529921259843
0
LINE
8
BLACK
6
CONTINUOUS
10
1.9036738976377952
20
0.3316529921259843
11
1.8966271653543307
21
0.3428678346456693
0
LINE
8
BLACK
6
CONTINUOUS
10
1.8966271653543307
20
0.3428678346456693
11
1.8908803543307087
21
0.3548011811023622
0
LINE
8
BLACK
6
CONTINUOUS
10
1.8908803543307087
20
0.3548011811023622
11
1.8865058267716535
21
0.367302874015748
0
LINE
8
BLACK
6
CONTINUOUS
10
1.8865058267716535
20
0.367302874015748
11
1.8835585433070865
21
0.3802157874015748
0
LINE
8
BLACK
6
CONTINUOUS
10
1.8835585433070865
20
0.3802157874015748
11
1.882075590551181
21
0.3933775196850394
0
LINE
8
BLACK
6
CONTINUOUS
10
1.882075590551181
20
0.3933775196850394
11
1.882075590551181
21
0.4066224803149606
0
LINE
8
BLACK
6
CONTINUOUS
10
1.882075590551181
20
0.4066224803149606
11
1.8835585433070865
21
0.4197842125984252
0
LINE
8
BLACK
6
CONTINUOUS
10
1.8835585433070865
20
0.4197842125984252
11
1.8865058267716535
21
0.432697125984252
0
LINE
8
BLACK
6
CONTINUOUS
10
1.8865058267716535
20
0.432697125984252
11
1.8908803543307087
21
0.4451988188976378
0
LINE
8
BLACK
6
CONTINUOUS
10
1.8908803543307087
20
0.4451988188976378
11
1.8966271653543307
21
0.4571321653543307
0
LINE
8
BLACK
6
CONTINUOUS
10
1.8966271653543307
20
0.4571321653543307
11
1.9036738976377952
21
0.4683470078740157
0
LINE
8
BLACK
6
CONTINUOUS
10
1.9036738976377952
20
0.4683470078740157
11
1.9119320472440944
21
0.4787023622047244
0
LINE
8
BLACK
6
CONTINUOUS
10
1.9119320472440944
20
0.4787023622047244
11
1.9212976377952755
21
0.4880679527559055
0
LINE
8
BLACK
6
CONTINUOUS
10
1.9212976377952755
20
0.4880679527559055
11
1.9316529921259842
21
0.4963261023622047
0
LINE
8
BLACK
6
CONTINUOUS
10
1.9316529921259842
20
0.4963261023622047
11
1.9428678346456691
21
0.5033728346456693
0
LINE
8
BLACK
6
CONTINUOUS
10
1.9428678346456691
20
0.5033728346456693
11
1.9548011811023622
21
0.5091196456692914
0
LINE
8
BLACK
6
CONTINUOUS
10
1.9548011811023622
20
0.5091196456692914
11
1.9673028740157479
21
0.5134941732283465
0
LINE
8
BLACK
6
CONTINUOUS
10
1.9673028740157479
20
0.5134941732283465
11
1.9802157874015747
21
0.5164414566929134
0
LINE
8
BLACK
6
CONTINUOUS
10
1.9802157874015747
20
0.5164414566929134
11
1.9933775196850394
21
0.5179244094488189
0
LINE
8
BLACK
6
CONTINUOUS
10
1.9933775196850394
20
0.5179244094488189
11
2.0066224803149604
21
0.5179244094488189
0
LINE
8
BLACK
6
CONTINUOUS
10
2.0066224803149604
20
0.5179244094488189
11
2.0197842125984251
21
0.5164414566929134
0
LINE
8
BLACK
6
CONTINUOUS
10
-0.6952362204724409
20
0.6375905511811023
11
-0.7552362204724409
21
0.6375905511811023
0
LINE
8
BLACK
6
CONTINUOUS
10
-0.7552362204724409
20
0.6375905511811023
11
-0.7552362204724409
21
0.6975905511811024
0
LINE
8
BLACK
6
CONTINUOUS
10
-0.7552362204724409
20
0.6975905511811024
11
-0.6952362204724409
21
0.6975905511811024
0
LINE
8
BLACK
6
CONTINUOUS
10
-0.6952362204724409
20
0.6975905511811024
11
-0.6952362204724409
21
0.6375905511811023
0
LINE
8
BLACK
6
CONTINUOUS
10
-0.595236220472441
20
0.6375905511811023
11
-0.6552362204724409
21
0.6375905511811023
0
LINE
8
BLACK
6
CONTINUOUS
10
-0.6552362204724409
20
0.6375905511811023
11
-0.6552362204724409
21
0.6975905511811024
0
LINE
8
BLACK
6
CONTINUOUS
10
-0.6552362204724409
20
0.6975905511811024
11
-0.595236220472441
21
0.6975905511811024
0
LINE
8
BLACK
6
CONTINUOUS
10
-0.595236220472441
20
0.6975905511811024
11
-0.595236220472441
21
0.6375905511811023
0
LINE
8
BLACK
6
CONTINUOUS
10
-0.6952362204724409
20
0.7375905511811024
11
-0.7552362204724409
21
0.7375905511811024
0
LINE
8
BLACK
6
CONTINUOUS
10
-0.7552362204724409
20
0.7375905511811024
11
-0.7552362204724409
21
0.7975905511811023
0
LINE
8
BLACK
6
CONTINUOUS
10
-0.7552362204724409
20
0.7975905511811023
11
-0.6952362204724409
21
0.7975905511811023
0
LINE
8
BLACK
6
CONTINUOUS
10
-0.6952362204724409
20
0.7975905511811023
11
-0.6952362204724409
21
0.7375905511811024
0
LINE
8
BLACK
6
CONTINUOUS
10
-0.595236220472441
20
0.7375905511811024
11
-0.6552362204724409
21
0.7375905511811024
0
LINE
8
BLACK
6
CONTINUOUS
10
-0.6552362204724409
20
0.7375905511811024
11
-0.6552362204724409
21
0.7975905511811023
0
LINE
8
BLACK
6
CONTINUOUS
10
-0.6552362204724409
20
0.7975905511811023
11
-0.595236220472441
21
0.7975905511811023
0
LINE
8
BLACK
6
CONTINUOUS
10
-0.595236220472441
20
0.7975905511811023
11
-0.595236220472441
21
0.7375905511811024
0
LINE
8
BLACK
6
CONTINUOUS
10
-0.6952362204724409
20
0.8375905511811024
11
-0.7552362204724409
21
0.8375905511811024
0
LINE
8
BLACK
6
CONTINUOUS
10
-0.7552362204724409
20
0.8375905511811024
11
-0.7552362204724409
21
0.8975905511811023
0
LINE
8
BLACK
6
CONTINUOUS
10
-0.7552362204724409
20
0.8975905511811023
11
-0.6952362204724409
21
0.8975905511811023
0
LINE
8
BLACK
6
CONTINUOUS
10
-0.6952362204724409
20
0.8975905511811023
11
-0.6952362204724409
21
0.8375905511811024
0
LINE
8
BLACK
6
CONTINUOUS
10
-0.595236220472441
20
0.8375905511811024
11
-0.6552362204724409
21
0.8375905511811024
0
LINE
8
BLACK
6
CONTINUOUS
10
-0.6552362204724409
20
0.8375905511811024
11
-0.6552362204724409
21
0.8975905511811023
0
LINE
8
BLACK
6
CONTINUOUS
10
-0.6552362204724409
20
0.8975905511811023
11
-0.595236220472441
21
0.8975905511811023
0
LINE
8
BLACK
6
CONTINUOUS
10
-0.595236220472441
20
0.8975905511811023
11
-0.595236220472441
21
0.8375905511811024
0
LINE
8
BLACK
6
CONTINUOUS
10
0.4197842125984252
20
2.1164414566929133
11
0.432697125984252
21
2.1134941732283465
0
LINE
8
BLACK
6
CONTINUOUS
10
0.432697125984252
20
2.1134941732283465
11
0.4451988188976378
21
2.1091196456692911
0
LINE
8
BLACK
6
CONTINUOUS
10
0.4451988188976378
20
2.1091196456692911
11
0.4571321653543307
21
2.1033728346456693
0
LINE
8
BLACK
6
CONTINUOUS
10
0.4571321653543307
20
2.1033728346456693
11
0.4683470078740157
21
2.0963261023622048
0
LINE
8
BLACK
6
CONTINUOUS
10
0.4683470078740157
20
2.0963261023622048
11
0.4787023622047244
21
2.0880679527559054
0
LINE
8
BLACK
6
CONTINUOUS
10
0.4787023622047244
20
2.0880679527559054
11
0.4880679527559055
21
2.0787023622047243
0
LINE
8
BLACK
6
CONTINUOUS
10
0.4880679527559055
20
2.0787023622047243
11
0.4963261023622047
21
2.0683470078740158
0
LINE
8
BLACK
6
CONTINUOUS
10
0.4963261023622047
20
2.0683470078740158
11
0.5033728346456693
21
2.0571321653543309
0
LINE
8
BLACK
6
CONTINUOUS
10
0.5033728346456693
20
2.0571321653543309
11
0.5091196456692914
21
2.0451988188976378
0
LINE
8
BLACK
6
CONTINUOUS
10
0.5091196456692914
20
2.0451988188976378
11
0.5134941732283465
21
2.0326971259842521
0
LINE
8
BLACK
6
CONTINUOUS
10
0.5134941732283465
20
2.0326971259842521
11
0.5164414566929134
21
2.0197842125984251
0
LINE
8
BLACK
6
CONTINUOUS
10
0.5164414566929134
20
2.0197842125984251
11
0.5179244094488189
21
2.0066224803149604
0
LINE
8
BLACK
6
CONTINUOUS
10
0.5179244094488189
20
2.0066224803149604
11
0.5179244094488189
21
1.9933775196850394
0
LINE
8
BLACK
6
CONTINUOUS
10
0.5179244094488189
20
1.9933775196850394
11
0.5164414566929134
21
1.9802157874015747
0
LINE
8
BLACK
6
CONTINUOUS
10
0.5164414566929134
20
1.9802157874015747
11
0.5134941732283465
21
1.9673028740157479
0
LINE
8
BLACK
6
CONTINUOUS
10
0.5134941732283465
20
1.9673028740157479
11
0.5091196456692914
21
1.9548011811023622
0
LINE
8
BLACK
6
CONTINUOUS
10
0.5091196456692914
20
1.9548011811023622
11
0.5033728346456693
21
1.9428678346456691
0
LINE
8
BLACK
6
CONTINUOUS
10
0.5033728346456693
20
1.9428678346456691
11
0.4963261023622047
21
1.9316529921259842
0
LINE
8
BLACK
6
CONTINUOUS
10
0.4963261023622047
20
1.9316529921259842
11
0.4880679527559055
21
1.9212976377952755
0
LINE
8
BLACK
6
CONTINUOUS
10
0.4880679527559055
20
1.9212976377952755
11
0.4787023622047244
21
1.9119320472440944
0
LINE
8
BLACK
6
CONTINUOUS
10
0.4787023622047244
20
1.9119320472440944
11
0.4683470078740157
21
1.9036738976377952
0
LINE
8
BLACK
6
CONTINUOUS
10
0.4683470078740157
20
1.9036738976377952
11
0.4571321653543307
21
1.8966271653543307
0
LINE
8
BLACK
6
CONTINUOUS
10
0.4571321653543307
20
1.8966271653543307
11
0.4451988188976378
21
1.8908803543307087
0
LINE
8
BLACK
6
CONTINUOUS
10
0.4451988188976378
20
1.8908803543307087
11
0.432697125984252
21
1.8865058267716535
0
LINE
8
BLACK
6
CONTINUOUS
10
0.432697125984252
20
1.8865058267716535
11
0.4197842125984252
21
1.8835585433070865
0
LINE
8
BLACK
6
CONTINUOUS
10
0.4197842125984252
20
1.8835585433070865
11
0.4066224803149606
21
1.882075590551181
0
LINE
8
BLACK
6
CONTINUOUS
10
0.4066224803149606
20
1.882075590551181
11
0.3933775196850394
21
1.882075590551181
0
LINE
8
BLACK
6
CONTINUOUS
10
0.3933775196850394
20
1.882075590551181
11
0.3802157874015748
21
1.8835585433070865
0
LINE
8
BLACK
6
CONTINUOUS
10
0.3802157874015748
20
1.8835585433070865
11
0.367302874015748
21
1.8865058267716535
0
LINE
8
BLACK
6
CONTINUOUS
10
0.367302874015748
20
1.8865058267716535
11
0.3548011811023622
21
1.8908803543307087
0
LINE
8
BLACK
6
CONTINUOUS
10
0.3548011811023622
20
1.8908803543307087
11
0.3428678346456693
21
1.8966271653543307
0
LINE
8
BLACK
6
CONTINUOUS
10
0.3428678346456693
20
1.8966271653543307
11
0.3316529921259843
21
1.9036738976377952
0
LINE
8
BLACK
6
CONTINUOUS
10
0.3316529921259843
20
1.9036738976377952
11
0.3212976377952756
21
1.9119320472440944
0
LINE
8
BLACK
6
CONTINUOUS
10
0.3212976377952756
20
1.9119320472440944
11
0.3119320472440945
21
1.9212976377952755
0
LINE
8
BLACK
6
CONTINUOUS
10
0.3119320472440945
20
1.9212976377952755
11
0.3036738976377953
21
1.9316529921259842
0
LINE
8
BLACK
6
CONTINUOUS
10
0.3036738976377953
20
1.9316529921259842
11
0.2966271653543307
21
1.9428678346456691
0
LINE
8
BLACK
6
CONTINUOUS
10
0.2966271653543307
20
1.9428678346456691
11
0.2908803543307086
21
1.9548011811023622
0
LINE
8
BLACK
6
CONTINUOUS
10
0.2908803543307086
20
1.9548011811023622
11
0.2865058267716535
21
1.9673028740157479
0
LINE
8
BLACK
6
CONTINUOUS
10
0.2865058267716535
20
1.9673028740157479
11
0.2835585433070866
21
1.9802157874015747
0
LINE
8
BLACK
6
CONTINUOUS
10
0.2835585433070866
20
1.9802157874015747
11
0.2820755905511811
21
1.9933775196850394
0
LINE
8
BLACK
6
CONTINUOUS
10
0.2820755905511811
20
1.9933775196850394
11
0.2820755905511811
21
2.0066224803149604
0
LINE
8
BLACK
6
CONTINUOUS
10
0.2820755905511811
20
2.0066224803149604
11
0.2835585433070866
21
2.0197842125984251
0
LINE
8
BLACK
6
CONTINUOUS
10
0.2835585433070866
20
2.0197842125984251
11
0.2865058267716535
21
2.0326971259842521
0
LINE
8
BLACK
6
CONTINUOUS
10
0.2865058267716535
20
2.0326971259842521
11
0.2908803543307086
21
2.0451988188976378
0
LINE
8
BLACK
6
CONTINUOUS
10
0.2908803543307086
20
2.0451988188976378
11
0.2966271653543307
21
2.0571321653543309
0
LINE
8
BLACK
6
CONTINUOUS
10
0.2966271653543307
20
2.0571321653543309
11
0.3036738976377953
21
2.0683470078740158
0
LINE
8
BLACK
6
CONTINUOUS
10
0.3036738976377953
20
2.0683470078740158
11
0.3119320472440945
21
2.0787023622047243
0
LINE
8
BLACK
6
CONTINUOUS
10
0.3119320472440945
20
2.0787023622047243
11
0.3212976377952756
21
2.0880679527559054
0
LINE
8
BLACK
6
CONTINUOUS
10
0.3212976377952756
20
2.0880679527559054
11
0.3316529921259843
21
2.0963261023622048
0
LINE
8
BLACK
6
CONTINUOUS
10
0.3316529921259843
20
2.0963261023622048
11
0.3428678346456693
21
2.1033728346456693
0
LINE
8
BLACK
6
CONTINUOUS
10
0.3428678346456693
20
2.1033728346456693
11
0.3548011811023622
21
2.1091196456692911
0
LINE
8
BLACK
6
CONTINUOUS
10
0.3548011811023622
20
2.1091196456692911
11
0.367302874015748
21
2.1134941732283465
0
LINE
8
BLACK
6
CONTINUOUS
10
0.367302874015748
20
2.1134941732283465
11
0.3802157874015748
21
2.1164414566929133
0
LINE
8
BLACK
6
CONTINUOUS
10
0.3802157874015748
20
2.1164414566929133
11
0.3933775196850394
21
2.1179244094488188
0
LINE
8
BLACK
6
CONTINUOUS
10
0.3933775196850394
20
2.1179244094488188
11
0.4066224803149606
21
2.1179244094488188
0
LINE
8
BLACK
6
CONTINUOUS
10
0.4066224803149606
20
2.1179244094488188
11
0.4197842125984252
21
2.1164414566929133
0
LINE
8
BLACK
6
CONTINUOUS
10
2.0197842125984251
20
2.1164414566929133
11
2.0326971259842521
21
2.1134941732283465
0
LINE
8
BLACK
6
CONTINUOUS
10
2.0326971259842521
20
2.1134941732283465
11
2.0451988188976378
21
2.1091196456692911
0
LINE
8
BLACK
6
CONTINUOUS
10
2.0451988188976378
20
2.1091196456692911
11
2.0571321653543309
21
2.1033728346456693
0
LINE
8
BLACK
6
CONTINUOUS
10
2.0571321653543309
20
2.1033728346456693
11
2.0683470078740158
21
2.0963261023622048
0
LINE
8
BLACK
6
CONTINUOUS
10
2.0683470078740158
20
2.0963261023622048
11
2.0787023622047243
21
2.0880679527559054
0
LINE
8
BLACK
6
CONTINUOUS
10
2.0787023622047243
20
2.0880679527559054
11
2.0880679527559054
21
2.0787023622047243
0
LINE
8
BLACK
6
CONTINUOUS
10
2.0880679527559054
20
2.0787023622047243
11
2.0963261023622048
21
2.0683470078740158
0
LINE
8
BLACK
6
CONTINUOUS
10
2.0963261023622048
20
2.0683470078740158
11
2.1033728346456693
21
2.0571321653543309
0
LINE
8
BLACK
6
CONTINUOUS
10
2.1033728346456693
20
2.0571321653543309
11
2.1091196456692911
21
2.0451988188976378
0
LINE
8
BLACK
6
CONTINUOUS
10
2.1091196456692911
20
2.0451988188976378
11
2.1134941732283465
21
2.0326971259842521
0
LINE
8
BLACK
6
CONTINUOUS
10
2.1134941732283465
20
2.0326971259842521
11
2.1164414566929133
21
2.0197842125984251
0
LINE
8
BLACK
6
CONTINUOUS
10
2.1164414566929133
20
2.0197842125984251
11
2.1179244094488188
21
2.0066224803149604
0
LINE
8
BLACK
6
CONTINUOUS
10
2.1179244094488188
20
2.0066224803149604
11
2.1179244094488188
21
1.9933775196850394
0
LINE
8
BLACK
6
CONTINUOUS
10
2.1179244094488188
20
1.9933775196850394
11
2.1164414566929133
21
1.9802157874015747
0
LINE
8
BLACK
6
CONTINUOUS
10
2.1164414566929133
20
1.9802157874015747
11
2.1134941732283465
21
1.9673028740157479
0
LINE
8
BLACK
6
CONTINUOUS
10
2.1134941732283465
20
1.9673028740157479
11
2.1091196456692911
21
1.9548011811023622
0
LINE
8
BLACK
6
CONTINUOUS
10
2.1091196456692911
20
1.9548011811023622
11
2.1033728346456693
21
1.9428678346456691
0
LINE
8
BLACK
6
CONTINUOUS
10
2.1033728346456693
20
1.9428678346456691
11
2.0963261023622048
21
1.9316529921259842
0
LINE
8
BLACK
6
CONTINUOUS
10
2.0963261023622048
20
1.9316529921259842
11
2.0880679527559054
21
1.9212976377952755
0
LINE
8
BLACK
6
CONTINUOUS
10
2.0880679527559054
20
1.9212976377952755
11
2.0787023622047243
21
1.9119320472440944
0
LINE
8
BLACK
6
CONTINUOUS
10
2.0787023622047243
20
1.9119320472440944
11
2.0683470078740158
21
1.9036738976377952
0
LINE
8
BLACK
6
CONTINUOUS
10
2.0683470078740158
20
1.9036738976377952
11
2.0571321653543309
21
1.8966271653543307
0
LINE
8
BLACK
6
CONTINUOUS
10
2.0571321653543309
20
1.8966271653543307
11
2.0451988188976378
21
1.8908803543307087
0
LINE
8
BLACK
6
CONTINUOUS
10
2.0451988188976378
20
1.8908803543307087
11
2.0326971259842521
21
1.8865058267716535
0
LINE
8
BLACK
6
CONTINUOUS
10
2.0326971259842521
20
1.8865058267716535
11
2.0197842125984251
21
1.8835585433070865
0
LINE
8
BLACK
6
CONTINUOUS
10
2.0197842125984251
20
1.8835585433070865
11
2.0066224803149604
21
1.882075590551181
0
LINE
8
BLACK
6
CONTINUOUS
10
2.0066224803149604
20
1.882075590551181
11
1.9933775196850394
21
1.882075590551181
0
LINE
8
BLACK
6
CONTINUOUS
10
1.9933775196850394
20
1.882075590551181
11
1.9802157874015747
21
1.8835585433070865
0
LINE
8
BLACK
6
CONTINUOUS
10
1.9802157874015747
20
1.8835585433070865
11
1.9673028740157479
21
1.8865058267716535
0
LINE
8
BLACK
6
CONTINUOUS
10
1.9673028740157479
20
1.8865058267716535
11
1.9548011811023622
21
1.8908803543307087
0
LINE
8
BLACK
6
CONTINUOUS
10
1.9548011811023622
20
1.8908803543307087
11
1.9428678346456691
21
1.8966271653543307
0
LINE
8
BLACK
6
CONTINUOUS
10
1.9428678346456691
20
1.8966271653543307
11
1.9316529921259842
21
1.9036738976377952
0
LINE
8
BLACK
6
CONTINUOUS
10
1.9316529921259842
20
1.9036738976377952
11
1.9212976377952755
21
1.9119320472440944
0
LINE
8
BLACK
6
CONTINUOUS
10
1.9212976377952755
20
1.9119320472440944
11
1.9119320472440944
21
1.9212976377952755
0
LINE
8
BLACK
6
CONTINUOUS
10
1.9119320472440944
20
1.9212976377952755
11
1.9036738976377952
21
1.9316529921259842
0
LINE
8
BLACK
6
CONTINUOUS
10
1.9036738976377952
20
1.9316529921259842
11
1.8966271653543307
21
1.9428678346456691
0
LINE
8
BLACK
6
CONTINUOUS
10
1.8966271653543307
20
1.9428678346456691
11
1.8908803543307087
21
1.9548011811023622
0
LINE
8
BLACK
6
CONTINUOUS
10
1.8908803543307087
20
1.9548011811023622
11
1.8865058267716535
21
1.9673028740157479
0
LINE
8
BLACK
6
CONTINUOUS
10
1.8865058267716535
20
1.9673028740157479
11
1.8835585433070865
21
1.9802157874015747
0
LINE
8
BLACK
6
CONTINUOUS
10
1.8835585433070865
20
1.9802157874015747
11
1.882075590551181
21
1.9933775196850394
0
LINE
8
BLACK
6
CONTINUOUS
10
1.882075590551181
20
1.9933775196850394
11
1.882075590551181
21
2.0066224803149604
0
LINE
8
BLACK
6
CONTINUOUS
10
1.882075590551181
20
2.0066224803149604
11
1.8835585433070865
21
2.0197842125984251
0
LINE
8
BLACK
6
CONTINUOUS
10
1.8835585433070865
20
2.0197842125984251
11
1.8865058267716535
21
2.0326971259842521
0
LINE
8
BLACK
6
CONTINUOUS
10
1.8865058267716535
20
2.0326971259842521
11
1.8908803543307087
21
2.0451988188976378
0
LINE
8
BLACK
6
CONTINUOUS
10
1.8908803543307087
20
2.0451988188976378
11
1.8966271653543307
21
2.0571321653543309
0
LINE
8
BLACK
6
CONTINUOUS
10
1.8966271653543307
20
2.0571321653543309
11
1.9036738976377952
21
2.0683470078740158
0
LINE
8
BLACK
6
CONTINUOUS
10
1.9036738976377952
20
2.0683470078740158
11
1.9119320472440944
21
2.0787023622047243
0
LINE
8
BLACK
6
CONTINUOUS
10
1.9119320472440944
20
2.0787023622047243
11
1.9212976377952755
21
2.0880679527559054
0
LINE
8
BLACK
6
CONTINUOUS
10
1.9212976377952755
20
2.0880679527559054
11
1.9316529921259842
21
2.0963261023622048
0
LINE
8
BLACK
6
CONTINUOUS
10
1.9316529921259842
20
2.0963261023622048
11
1.9428678346456691
21
2.1033728346456693
0
LINE
8
BLACK
6
CONTINUOUS
10
1.9428678346456691
20
2.1033728346456693
11
1.9548011811023622
21
2.1091196456692911
0
LINE
8
BLACK
6
CONTINUOUS
10
1.9548011811023622
20
2.1091196456692911
11
1.9673028740157479
21
2.1134941732283465
0
LINE
8
BLACK
6
CONTINUOUS
10
1.9673028740157479
20
2.1134941732283465
11
1.9802157874015747
21
2.1164414566929133
0
LINE
8
BLACK
6
CONTINUOUS
10
1.9802157874015747
20
2.1164414566929133
11
1.9933775196850394
21
2.1179244094488188
0
LINE
8
BLACK
6
CONTINUOUS
10
1.9933775196850394
20
2.1179244094488188
11
2.0066224803149604
21
2.1179244094488188
0
LINE
8
BLACK
6
CONTINUOUS
10
2.0066224803149604
20
2.1179244094488188
11
2.0197842125984251
21
2.1164414566929133
0
LINE
8
BLACK
6
CONTINUOUS
10
-1.8324148818897636
20
2.9169182677165355
11
-1.830690590551181
21
2.9157661023622046
0
LINE
8
BLACK
6
CONTINUOUS
10
-1.830690590551181
20
2.9157661023622046
11
-1.8295384251968503
21
2.9140418110236221
0
LINE
8
BLACK
6
CONTINUOUS
10
-1.8295384251968503
20
2.9140418110236221
11
-1.8291338582677166
21
2.9120078740157478
0
LINE
8
BLACK
6
CONTINUOUS
10
-1.8291338582677166
20
2.9120078740157478
11
-1.8291338582677166
21
2.8974409448818896
0
LINE
8
BLACK
6
CONTINUOUS
10
-1.8291338582677166
20
2.8974409448818896
11
-1.8295384251968503
21
2.8954070078740157
0
LINE
8
BLACK
6
CONTINUOUS
10
-1.8295384251968503
20
2.8954070078740157
11
-1.830690590551181
21
2.8936827165354329
0
LINE
8
BLACK
6
CONTINUOUS
10
-1.830690590551181
20
2.8936827165354329
11
-1.8324148818897636
21
2.8925305511811024
0
LINE
8
BLACK
6
CONTINUOUS
10
-1.8324148818897636
20
2.8925305511811024
11
-1.8344488188976378
21
2.8921259842519684
0
LINE
8
BLACK
6
CONTINUOUS
10
-1.8344488188976378
20
2.8921259842519684
11
-1.8450787401574802
21
2.8921259842519684
0
LINE
8
BLACK
6
CONTINUOUS
10
-1.8450787401574802
20
2.8921259842519684
11
-1.8471126771653543
21
2.8925305511811024
0
LINE
8
BLACK
6
CONTINUOUS
10
-1.8471126771653543
20
2.8925305511811024
11
-1.848836968503937
21
2.8936827165354329
0
LINE
8
BLACK
6
CONTINUOUS
10
-1.848836968503937
20
2.8936827165354329
11
-1.8499891338582677
21
2.8954070078740157
0
LINE
8
BLACK
6
CONTINUOUS
10
-1.8499891338582677
20
2.8954070078740157
11
-1.8503937007874016
21
2.8974409448818896
0
LINE
8
BLACK
6
CONTINUOUS
10
-1.8503937007874016
20
2.8974409448818896
11
-1.8503937007874016
21
2.9120078740157478
0
LINE
8
BLACK
6
CONTINUOUS
10
-1.8503937007874016
20
2.9120078740157478
11
-1.8499891338582677
21
2.9140418110236221
0
LINE
8
BLACK
6
CONTINUOUS
10
-1.8499891338582677
20
2.9140418110236221
11
-1.848836968503937
21
2.9157661023622046
0
LINE
8
BLACK
6
CONTINUOUS
10
-1.848836968503937
20
2.9157661023622046
11
-1.8471126771653543
21
2.9169182677165355
0
LINE
8
BLACK
6
CONTINUOUS
10
-1.8471126771653543
20
2.9169182677165355
11
-1.8450787401574802
21
2.9173228346456694
0
LINE
8
BLACK
6
CONTINUOUS
10
-1.8450787401574802
20
2.9173228346456694
11
-1.8344488188976378
21
2.9173228346456694
0
LINE
8
BLACK
6
CONTINUOUS
10
-1.8344488188976378
20
2.9173228346456694
11
-1.8324148818897636
21
2.9169182677165355
0
LINE
8
BLACK
6
CONTINUOUS
10
-1.7922574015748032
20
2.9169182677165355
11
-1.7905331102362205
21
2.9157661023622046
0
LINE
8
BLACK
6
CONTINUOUS
10
-1.7905331102362205
20
2.9157661023622046
11
-1.7893809448818898
21
2.9140418110236221
0
LINE
8
BLACK
6
CONTINUOUS
10
-1.7893809448818898
20
2.9140418110236221
11
-1.7889763779527559
21
2.9120078740157478
0
LINE
8
BLACK
6
CONTINUOUS
10
-1.7889763779527559
20
2.9120078740157478
11
-1.7889763779527559
21
2.8974409448818896
0
LINE
8
BLACK
6
CONTINUOUS
10
-1.7889763779527559
20
2.8974409448818896
11
-1.7893809448818898
21
2.8954070078740157
0
LINE
8
BLACK
6
CONTINUOUS
10
-1.7893809448818898
20
2.8954070078740157
11
-1.7905331102362205
21
2.8936827165354329
0
LINE
8
BLACK
6
CONTINUOUS
10
-1.7905331102362205
20
2.8936827165354329
11
-1.7922574015748032
21
2.8925305511811024
0
LINE
8
BLACK
6
CONTINUOUS
10
-1.7922574015748032
20
2.8925305511811024
11
-1.7942913385826771
21
2.8921259842519684
0
LINE
8
BLACK
6
CONTINUOUS
10
-1.7942913385826771
20
2.8921259842519684
11
-1.8049212598425197
21
2.8921259842519684
0
LINE
8
BLACK
6
CONTINUOUS
10
-1.8049212598425197
20
2.8921259842519684
11
-1.8069551968503936
21
2.8925305511811024
0
LINE
8
BLACK
6
CONTINUOUS
10
-1.8069551968503936
20
2.8925305511811024
11
-1.8086794881889763
21
2.8936827165354329
0
LINE
8
BLACK
6
CONTINUOUS
10
-1.8086794881889763
20
2.8936827165354329
11
-1.809831653543307
21
2.8954070078740157
0
LINE
8
BLACK
6
CONTINUOUS
10
-1.809831653543307
20
2.8954070078740157
11
-1.8102362204724409
21
2.8974409448818896
0
LINE
8
BLACK
6
CONTINUOUS
10
-1.8102362204724409
20
2.8974409448818896
11
-1.8102362204724409
21
2.9120078740157478
0
LINE
8
BLACK
6
CONTINUOUS
10
-1.8102362204724409
20
2.9120078740157478
11
-1.809831653543307
21
2.9140418110236221
0
LINE
8
BLACK
6
CONTINUOUS
10
-1.809831653543307
20
2.9140418110236221
11
-1.8086794881889763
21
2.9157661023622046
0
LINE
8
BLACK
6
CONTINUOUS
10
-1.8086794881889763
20
2.9157661023622046
11
-1.8069551968503936
21
2.9169182677165355
0
LINE
8
BLACK
6
CONTINUOUS
10
-1.8069551968503936
20
2.9169182677165355
11
-1.8049212598425197
21
2.9173228346456694
0
LINE
8
BLACK
6
CONTINUOUS
10
-1.8049212598425197
20
2.9173228346456694
11
-1.7942913385826771
21
2.9173228346456694
0
LINE
8
BLACK
6
CONTINUOUS
10
-1.7942913385826771
20
2.9173228346456694
11
-1.7922574015748032
21
2.9169182677165355
0
LINE
8
BLACK
6
CONTINUOUS
10
-1.8919973228346456
20
3.0067869291338583
11
-1.8907200393700787
21
3.0059335039370079
0
LINE
8
BLACK
6
CONTINUOUS
10
-1.8907200393700787
20
3.0059335039370079
11
-1.8898666141732283
21
3.004656220472441
0
LINE
8
BLACK
6
CONTINUOUS
10
-1.8898666141732283
20
3.004656220472441
11
-1.8895669291338582
21
3.0031496062992127
0
LINE
8
BLACK
6
CONTINUOUS
10
-1.8895669291338582
20
3.0031496062992127
11
-1.8895669291338582
21
2.9470472440944881
0
LINE
8
BLACK
6
CONTINUOUS
10
-1.8895669291338582
20
2.9470472440944881
11
-1.8898666141732283
21
2.9455406299212599
0
LINE
8
BLACK
6
CONTINUOUS
10
-1.8898666141732283
20
2.9455406299212599
11
-1.8907200393700787
21
2.944263346456693
0
LINE
8
BLACK
6
CONTINUOUS
10
-1.8907200393700787
20
2.944263346456693
11
-1.8919973228346456
21
2.9434099212598426
0
LINE
8
BLACK
6
CONTINUOUS
10
-1.8919973228346456
20
2.9434099212598426
11
-1.8935039370078739
21
2.9431102362204724
0
LINE
8
BLACK
6
CONTINUOUS
10
-1.8935039370078739
20
2.9431102362204724
11
-1.9013779527559054
21
2.9431102362204724
0
LINE
8
BLACK
6
CONTINUOUS
10
-1.9013779527559054
20
2.9431102362204724
11
-1.9028845669291339
21
2.9434099212598426
0
LINE
8
BLACK
6
CONTINUOUS
10
-1.9028845669291339
20
2.9434099212598426
11
-1.9041618503937008
21
2.944263346456693
0
LINE
8
BLACK
6
CONTINUOUS
10
-1.9041618503937008
20
2.944263346456693
11
-1.9050152755905512
21
2.9455406299212599
0
LINE
8
BLACK
6
CONTINUOUS
10
-1.9050152755905512
20
2.9455406299212599
11
-1.9053149606299211
21
2.9470472440944881
0
LINE
8
BLACK
6
CONTINUOUS
10
-1.9053149606299211
20
2.9470472440944881
11
-1.9053149606299211
21
3.0031496062992127
0
LINE
8
BLACK
6
CONTINUOUS
10
-1.9053149606299211
20
3.0031496062992127
11
-1.9050152755905512
21
3.004656220472441
0
LINE
8
BLACK
6
CONTINUOUS
10
-1.9050152755905512
20
3.004656220472441
11
-1.9041618503937008
21
3.0059335039370079
0
LINE
8
BLACK
6
CONTINUOUS
10
-1.9041618503937008
20
3.0059335039370079
11
-1.9028845669291339
21
3.0067869291338583
0
LINE
8
BLACK
6
CONTINUOUS
10
-1.9028845669291339
20
3.0067869291338583
11
-1.9013779527559054
21
3.0070866141732284
0
LINE
8
BLACK
6
CONTINUOUS
10
-1.9013779527559054
20
3.0070866141732284
11
-1.8935039370078739
21
3.0070866141732284
0
LINE
8
BLACK
6
CONTINUOUS
10
-1.8935039370078739
20
3.0070866141732284
11
-1.8919973228346456
21
3.0067869291338583
0
LINE
8
BLACK
6
CONTINUOUS
10
-1.8664067716535433
20
3.0067869291338583
11
-1.8651294881889764
21
3.0059335039370079
0
LINE
8
BLACK
6
CONTINUOUS
10
-1.8651294881889764
20
3.0059335039370079
11
-1.864276062992126
21
3.004656220472441
0
LINE
8
BLACK
6
CONTINUOUS
10
-1.864276062992126
20
3.004656220472441
11
-1.8639763779527558
21
3.0031496062992127
0
LINE
8
BLACK
6
CONTINUOUS
10
-1.8639763779527558
20
3.0031496062992127
11
-1.8639763779527558
21
2.9470472440944881
0
LINE
8
BLACK
6
CONTINUOUS
10
-1.8639763779527558
20
2.9470472440944881
11
-1.864276062992126
21
2.9455406299212599
0
LINE
8
BLACK
6
CONTINUOUS
10
-1.864276062992126
20
2.9455406299212599
11
-1.8651294881889764
21
2.944263346456693
0
LINE
8
BLACK
6
CONTINUOUS
10
-1.8651294881889764
20
2.944263346456693
11
-1.8664067716535433
21
2.9434099212598426
0
LINE
8
BLACK
6
CONTINUOUS
10
-1.8664067716535433
20
2.9434099212598426
11
-1.8679133858267716
21
2.9431102362204724
0
LINE
8
BLACK
6
CONTINUOUS
10
-1.8679133858267716
20
2.9431102362204724
11
-1.8757874015748031
21
2.9431102362204724
0
LINE
8
BLACK
6
CONTINUOUS
10
-1.8757874015748031
20
2.9431102362204724
11
-1.8772940157480316
21
2.9434099212598426
0
LINE
8
BLACK
6
CONTINUOUS
10
-1.8772940157480316
20
2.9434099212598426
11
-1.8785712992125985
21
2.944263346456693
0
LINE
8
BLACK
6
CONTINUOUS
10
-1.8785712992125985
20
2.944263346456693
11
-1.8794247244094489
21
2.9455406299212599
0
LINE
8
BLACK
6
CONTINUOUS
10
-1.8794247244094489
20
2.9455406299212599
11
-1.8797244094488188
21
2.9470472440944881
0
LINE
8
BLACK
6
CONTINUOUS
10
-1.8797244094488188
20
2.9470472440944881
11
-1.8797244094488188
21
3.0031496062992127
0
LINE
8
BLACK
6
CONTINUOUS
10
-1.8797244094488188
20
3.0031496062992127
11
-1.8794247244094489
21
3.004656220472441
0
LINE
8
BLACK
6
CONTINUOUS
10
-1.8794247244094489
20
3.004656220472441
11
-1.8785712992125985
21
3.0059335039370079
0
LINE
8
BLACK
6
CONTINUOUS
10
-1.8785712992125985
20
3.0059335039370079
11
-1.8772940157480316
21
3.0067869291338583
0
LINE
8
BLACK
6
CONTINUOUS
10
-1.8772940157480316
20
3.0067869291338583
11
-1.8757874015748031
21
3.0070866141732284
0
LINE
8
BLACK
6
CONTINUOUS
10
-1.8757874015748031
20
3.0070866141732284
11
-1.8679133858267716
21
3.0070866141732284
0
LINE
8
BLACK
6
CONTINUOUS
10
-1.8679133858267716
20
3.0070866141732284
11
-1.8664067716535433
21
3.0067869291338583
0
LINE
8
BLACK
6
CONTINUOUS
10
-1.840816220472441
20
3.0067869291338583
11
-1.8395389370078741
21
3.0059335039370079
0
LINE
8
BLACK
6
CONTINUOUS
10
-1.8395389370078741
20
3.0059335039370079
11
-1.8386855118110237
21
3.004656220472441
0
LINE
8
BLACK
6
CONTINUOUS
10
-1.8386855118110237
20
3.004656220472441
11
-1.8383858267716535
21
3.0031496062992127
0
LINE
8
BLACK
6
CONTINUOUS
10
-1.8383858267716535
20
3.0031496062992127
11
-1.8383858267716535
21
2.9470472440944881
0
LINE
8
BLACK
6
CONTINUOUS
10
-1.8383858267716535
20
2.9470472440944881
11
-1.8386855118110237
21
2.9455406299212599
0
LINE
8
BLACK
6
CONTINUOUS
10
-1.8386855118110237
20
2.9455406299212599
11
-1.8395389370078741
21
2.944263346456693
0
LINE
8
BLACK
6
CONTINUOUS
10
-1.8395389370078741
20
2.944263346456693
11
-1.840816220472441
21
2.9434099212598426
0
LINE
8
BLACK
6
CONTINUOUS
10
-1.840816220472441
20
2.9434099212598426
11
-1.8423228346456693
21
2.9431102362204724
0
LINE
8
BLACK
6
CONTINUOUS
10
-1.8423228346456693
20
2.9431102362204724
11
-1.8501968503937007
21
2.9431102362204724
0
LINE
8
BLACK
6
CONTINUOUS
10
-1.8501968503937007
20
2.9431102362204724
11
-1.851703464566929
21
2.9434099212598426
0
LINE
8
BLACK
6
CONTINUOUS
10
-1.851703464566929
20
2.9434099212598426
11
-1.8529807480314959
21
2.944263346456693
0
LINE
8
BLACK
6
CONTINUOUS
10
-1.8529807480314959
20
2.944263346456693
11
-1.8538341732283463
21
2.9455406299212599
0
LINE
8
BLACK
6
CONTINUOUS
10
-1.8538341732283463
20
2.9455406299212599
11
-1.8541338582677165
21
2.9470472440944881
0
LINE
8
BLACK
6
CONTINUOUS
10
-1.8541338582677165
20
2.9470472440944881
11
-1.8541338582677165
21
3.0031496062992127
0
LINE
8
BLACK
6
CONTINUOUS
10
-1.8541338582677165
20
3.0031496062992127
11
-1.8538341732283463
21
3.004656220472441
0
LINE
8
BLACK
6
CONTINUOUS
10
-1.8538341732283463
20
3.004656220472441
11
-1.8529807480314959
21
3.0059335039370079
0
LINE
8
BLACK
6
CONTINUOUS
10
-1.8529807480314959
20
3.0059335039370079
11
-1.851703464566929
21
3.0067869291338583
0
LINE
8
BLACK
6
CONTINUOUS
10
-1.851703464566929
20
3.0067869291338583
11
-1.8501968503937007
21
3.0070866141732284
0
LINE
8
BLACK
6
CONTINUOUS
10
-1.8501968503937007
20
3.0070866141732284
11
-1.8423228346456693
21
3.0070866141732284
0
LINE
8
BLACK
6
CONTINUOUS
10
-1.8423228346456693
20
3.0070866141732284
11
-1.840816220472441
21
3.0067869291338583
0
LINE
8
BLACK
6
CONTINUOUS
10
-1.8152256692913384
20
3.0067869291338583
11
-1.8139483858267715
21
3.0059335039370079
0
LINE
8
BLACK
6
CONTINUOUS
10
-1.8139483858267715
20
3.0059335039370079
11
-1.8130949606299211
21
3.004656220472441
0
LINE
8
BLACK
6
CONTINUOUS
10
-1.8130949606299211
20
3.004656220472441
11
-1.8127952755905512
21
3.0031496062992127
0
LINE
8
BLACK
6
CONTINUOUS
10
-1.8127952755905512
20
3.0031496062992127
11
-1.8127952755905512
21
2.9470472440944881
0
LINE
8
BLACK
6
CONTINUOUS
10
-1.8127952755905512
20
2.9470472440944881
11
-1.8130949606299211
21
2.9455406299212599
0
LINE
8
BLACK
6
CONTINUOUS
10
-1.8130949606299211
20
2.9455406299212599
11
-1.8139483858267715
21
2.944263346456693
0
LINE
8
BLACK
6
CONTINUOUS
10
-1.8139483858267715
20
2.944263346456693
11
-1.8152256692913384
21
2.9434099212598426
0
LINE
8
BLACK
6
CONTINUOUS
10
-1.8152256692913384
20
2.9434099212598426
11
-1.8167322834645669
21
2.9431102362204724
0
LINE
8
BLACK
6
CONTINUOUS
10
-1.8167322834645669
20
2.9431102362204724
11
-1.8246062992125984
21
2.9431102362204724
0
LINE
8
BLACK
6
CONTINUOUS
10
-1.8246062992125984
20
2.9431102362204724
11
-1.8261129133858267
21
2.9434099212598426
0
LINE
8
BLACK
6
CONTINUOUS
10
-1.8261129133858267
20
2.9434099212598426
11
-1.8273901968503936
21
2.944263346456693
0
LINE
8
BLACK
6
CONTINUOUS
10
-1.8273901968503936
20
2.944263346456693
11
-1.828243622047244
21
2.9455406299212599
0
LINE
8
BLACK
6
CONTINUOUS
10
-1.828243622047244
20
2.9455406299212599
11
-1.8285433070866142
21
2.9470472440944881
0
LINE
8
BLACK
6
CONTINUOUS
10
-1.8285433070866142
20
2.9470472440944881
11
-1.8285433070866142
21
3.0031496062992127
0
LINE
8
BLACK
6
CONTINUOUS
10
-1.8285433070866142
20
3.0031496062992127
11
-1.828243622047244
21
3.004656220472441
0
LINE
8
BLACK
6
CONTINUOUS
10
-1.828243622047244
20
3.004656220472441
11
-1.8273901968503936
21
3.0059335039370079
0
LINE
8
BLACK
6
CONTINUOUS
10
-1.8273901968503936
20
3.0059335039370079
11
-1.8261129133858267
21
3.0067869291338583
0
LINE
8
BLACK
6
CONTINUOUS
10
-1.8261129133858267
20
3.0067869291338583
11
-1.8246062992125984
21
3.0070866141732284
0
LINE
8
BLACK
6
CONTINUOUS
10
-1.8246062992125984
20
3.0070866141732284
11
-1.8167322834645669
21
3.0070866141732284
0
LINE
8
BLACK
6
CONTINUOUS
10
-1.8167322834645669
20
3.0070866141732284
11
-1.8152256692913384
21
3.0067869291338583
0
LINE
8
BLACK
6
CONTINUOUS
10
-2.2114173228346456
20
3.0671259842519683
11
-2.2291338582677165
21
3.0671259842519683
0
LINE
8
BLACK
6
CONTINUOUS
10
-2.2291338582677165
20
3.0671259842519683
11
-2.2291338582677165
21
3.1242125984251969
0
LINE
8
BLACK
6
CONTINUOUS
10
-2.2291338582677165
20
3.1242125984251969
11
-2.2114173228346456
21
3.1242125984251969
0
LINE
8
BLACK
6
CONTINUOUS
10
-2.2114173228346456
20
3.1242125984251969
11
-2.2114173228346456
21
3.0671259842519683
0
LINE
8
BLACK
6
CONTINUOUS
10
-2.1858267716535433
20
3.0671259842519683
11
-2.2035433070866142
21
3.0671259842519683
0
LINE
8
BLACK
6
CONTINUOUS
10
-2.2035433070866142
20
3.0671259842519683
11
-2.2035433070866142
21
3.1242125984251969
0
LINE
8
BLACK
6
CONTINUOUS
10
-2.2035433070866142
20
3.1242125984251969
11
-2.1858267716535433
21
3.1242125984251969
0
LINE
8
BLACK
6
CONTINUOUS
10
-2.1858267716535433
20
3.1242125984251969
11
-2.1858267716535433
21
3.0671259842519683
0
LINE
8
BLACK
6
CONTINUOUS
10
-2.160236220472441
20
3.0671259842519683
11
-2.1779527559055119
21
3.0671259842519683
0
LINE
8
BLACK
6
CONTINUOUS
10
-2.1779527559055119
20
3.0671259842519683
11
-2.1779527559055119
21
3.1242125984251969
0
LINE
8
BLACK
6
CONTINUOUS
10
-2.1779527559055119
20
3.1242125984251969
11
-2.160236220472441
21
3.1242125984251969
0
LINE
8
BLACK
6
CONTINUOUS
10
-2.160236220472441
20
3.1242125984251969
11
-2.160236220472441
21
3.0671259842519683
0
LINE
8
BLACK
6
CONTINUOUS
10
-2.1346456692913387
20
3.0671259842519683
11
-2.1523622047244095
21
3.0671259842519683
0
LINE
8
BLACK
6
CONTINUOUS
10
-2.1523622047244095
20
3.0671259842519683
11
-2.1523622047244095
21
3.1242125984251969
0
LINE
8
BLACK
6
CONTINUOUS
10
-2.1523622047244095
20
3.1242125984251969
11
-2.1346456692913387
21
3.1242125984251969
0
LINE
8
BLACK
6
CONTINUOUS
10
-2.1346456692913387
20
3.1242125984251969
11
-2.1346456692913387
21
3.0671259842519683
0
LINE
8
BLACK
6
CONTINUOUS
10
-2.0741471653543306
20
3.1035324409448819
11
-2.0724228740157478
21
3.102380275590551
0
LINE
8
BLACK
6
CONTINUOUS
10
-2.0724228740157478
20
3.102380275590551
11
-2.0712707086614173
21
3.1006559842519685
0
LINE
8
BLACK
6
CONTINUOUS
10
-2.0712707086614173
20
3.1006559842519685
11
-2.0708661417322833
21
3.0986220472440946
0
LINE
8
BLACK
6
CONTINUOUS
10
-2.0708661417322833
20
3.0986220472440946
11
-2.0708661417322833
21
3.0879921259842518
0
LINE
8
BLACK
6
CONTINUOUS
10
-2.0708661417322833
20
3.0879921259842518
11
-2.0712707086614173
21
3.0859581889763779
0
LINE
8
BLACK
6
CONTINUOUS
10
-2.0712707086614173
20
3.0859581889763779
11
-2.0724228740157478
21
3.084233897637795
0
LINE
8
BLACK
6
CONTINUOUS
10
-2.0724228740157478
20
3.084233897637795
11
-2.0741471653543306
21
3.0830817322834645
0
LINE
8
BLACK
6
CONTINUOUS
10
-2.0741471653543306
20
3.0830817322834645
11
-2.0761811023622045
21
3.0826771653543306
0
LINE
8
BLACK
6
CONTINUOUS
10
-2.0761811023622045
20
3.0826771653543306
11
-2.0907480314960631
21
3.0826771653543306
0
LINE
8
BLACK
6
CONTINUOUS
10
-2.0907480314960631
20
3.0826771653543306
11
-2.0927819685039371
21
3.0830817322834645
0
LINE
8
BLACK
6
CONTINUOUS
10
-2.0927819685039371
20
3.0830817322834645
11
-2.0945062598425195
21
3.084233897637795
0
LINE
8
BLACK
6
CONTINUOUS
10
-2.0945062598425195
20
3.084233897637795
11
-2.0956584251968504
21
3.0859581889763779
0
LINE
8
BLACK
6
CONTINUOUS
10
-2.0956584251968504
20
3.0859581889763779
11
-2.0960629921259843
21
3.0879921259842518
0
LINE
8
BLACK
6
CONTINUOUS
10
-2.0960629921259843
20
3.0879921259842518
11
-2.0960629921259843
21
3.0986220472440946
0
LINE
8
BLACK
6
CONTINUOUS
10
-2.0960629921259843
20
3.0986220472440946
11
-2.0956584251968504
21
3.1006559842519685
0
LINE
8
BLACK
6
CONTINUOUS
10
-2.0956584251968504
20
3.1006559842519685
11
-2.0945062598425195
21
3.102380275590551
0
LINE
8
BLACK
6
CONTINUOUS
10
-2.0945062598425195
20
3.102380275590551
11
-2.0927819685039371
21
3.1035324409448819
0
LINE
8
BLACK
6
CONTINUOUS
10
-2.0927819685039371
20
3.1035324409448819
11
-2.0907480314960631
21
3.1039370078740158
0
LINE
8
BLACK
6
CONTINUOUS
10
-2.0907480314960631
20
3.1039370078740158
11
-2.0761811023622045
21
3.1039370078740158
0
LINE
8
BLACK
6
CONTINUOUS
10
-2.0761811023622045
20
3.1039370078740158
11
-2.0741471653543306
21
3.1035324409448819
0
LINE
8
BLACK
6
CONTINUOUS
10
-1.8919973228346456
20
3.1731255118110235
11
-1.8907200393700787
21
3.1722720866141731
0
LINE
8
BLACK
6
CONTINUOUS
10
-1.8907200393700787
20
3.1722720866141731
11
-1.8898666141732283
21
3.1709948031496062
0
LINE
8
BLACK
6
CONTINUOUS
10
-1.8898666141732283
20
3.1709948031496062
11
-1.8895669291338582
21
3.169488188976378
0
LINE
8
BLACK
6
CONTINUOUS
10
-1.8895669291338582
20
3.169488188976378
11
-1.8895669291338582
21
3.1133858267716534
0
LINE
8
BLACK
6
CONTINUOUS
10
-1.8895669291338582
20
3.1133858267716534
11
-1.8898666141732283
21
3.1118792125984251
0
LINE
8
BLACK
6
CONTINUOUS
10
-1.8898666141732283
20
3.1118792125984251
11
-1.8907200393700787
21
3.1106019291338582
0
LINE
8
BLACK
6
CONTINUOUS
10
-1.8907200393700787
20
3.1106019291338582
11
-1.8919973228346456
21
3.1097485039370079
0
LINE
8
BLACK
6
CONTINUOUS
10
-1.8919973228346456
20
3.1097485039370079
11
-1.8935039370078739
21
3.1094488188976377
0
LINE
8
BLACK
6
CONTINUOUS
10
-1.8935039370078739
20
3.1094488188976377
11
-1.9013779527559054
21
3.1094488188976377
0
LINE
8
BLACK
6
CONTINUOUS
10
-1.9013779527559054
20
3.1094488188976377
11
-1.9028845669291339
21
3.1097485039370079
0
LINE
8
BLACK
6
CONTINUOUS
10
-1.9028845669291339
20
3.1097485039370079
11
-1.9041618503937008
21
3.1106019291338582
0
LINE
8
BLACK
6
CONTINUOUS
10
-1.9041618503937008
20
3.1106019291338582
11
-1.9050152755905512
21
3.1118792125984251
0
LINE
8
BLACK
6
CONTINUOUS
10
-1.9050152755905512
20
3.1118792125984251
11
-1.9053149606299211
21
3.1133858267716534
0
LINE
8
BLACK
6
CONTINUOUS
10
-1.9053149606299211
20
3.1133858267716534
11
-1.9053149606299211
21
3.169488188976378
0
LINE
8
BLACK
6
CONTINUOUS
10
-1.9053149606299211
20
3.169488188976378
11
-1.9050152755905512
21
3.1709948031496062
0
LINE
8
BLACK
6
CONTINUOUS
10
-1.9050152755905512
20
3.1709948031496062
11
-1.9041618503937008
21
3.1722720866141731
0
LINE
8
BLACK
6
CONTINUOUS
10
-1.9041618503937008
20
3.1722720866141731
11
-1.9028845669291339
21
3.1731255118110235
0
LINE
8
BLACK
6
CONTINUOUS
10
-1.9028845669291339
20
3.1731255118110235
11
-1.9013779527559054
21
3.1734251968503937
0
LINE
8
BLACK
6
CONTINUOUS
10
-1.9013779527559054
20
3.1734251968503937
11
-1.8935039370078739
21
3.1734251968503937
0
LINE
8
BLACK
6
CONTINUOUS
10
-1.8935039370078739
20
3.1734251968503937
11
-1.8919973228346456
21
3.1731255118110235
0
LINE
8
BLACK
6
CONTINUOUS
10
-1.8664067716535433
20
3.1731255118110235
11
-1.8651294881889764
21
3.1722720866141731
0
LINE
8
BLACK
6
CONTINUOUS
10
-1.8651294881889764
20
3.1722720866141731
11
-1.864276062992126
21
3.1709948031496062
0
LINE
8
BLACK
6
CONTINUOUS
10
-1.864276062992126
20
3.1709948031496062
11
-1.8639763779527558
21
3.169488188976378
0
LINE
8
BLACK
6
CONTINUOUS
10
-1.8639763779527558
20
3.169488188976378
11
-1.8639763779527558
21
3.1133858267716534
0
LINE
8
BLACK
6
CONTINUOUS
10
-1.8639763779527558
20
3.1133858267716534
11
-1.864276062992126
21
3.1118792125984251
0
LINE
8
BLACK
6
CONTINUOUS
10
-1.864276062992126
20
3.1118792125984251
11
-1.8651294881889764
21
3.1106019291338582
0
LINE
8
BLACK
6
CONTINUOUS
10
-1.8651294881889764
20
3.1106019291338582
11
-1.8664067716535433
21
3.1097485039370079
0
LINE
8
BLACK
6
CONTINUOUS
10
-1.8664067716535433
20
3.1097485039370079
11
-1.8679133858267716
21
3.1094488188976377
0
LINE
8
BLACK
6
CONTINUOUS
10
-1.8679133858267716
20
3.1094488188976377
11
-1.8757874015748031
21
3.1094488188976377
0
LINE
8
BLACK
6
CONTINUOUS
10
-1.8757874015748031
20
3.1094488188976377
11
-1.8772940157480316
21
3.1097485039370079
0
LINE
8
BLACK
6
CONTINUOUS
10
-1.8772940157480316
20
3.1097485039370079
11
-1.8785712992125985
21
3.1106019291338582
0
LINE
8
BLACK
6
CONTINUOUS
10
-1.8785712992125985
20
3.1106019291338582
11
-1.8794247244094489
21
3.1118792125984251
0
LINE
8
BLACK
6
CONTINUOUS
10
-1.8794247244094489
20
3.1118792125984251
11
-1.8797244094488188
21
3.1133858267716534
0
LINE
8
BLACK
6
CONTINUOUS
10
-1.8797244094488188
20
3.1133858267716534
11
-1.8797244094488188
21
3.169488188976378
0
LINE
8
BLACK
6
CONTINUOUS
10
-1.8797244094488188
20
3.169488188976378
11
-1.8794247244094489
21
3.1709948031496062
0
LINE
8
BLACK
6
CONTINUOUS
10
-1.8794247244094489
20
3.1709948031496062
11
-1.8785712992125985
21
3.1722720866141731
0
LINE
8
BLACK
6
CONTINUOUS
10
-1.8785712992125985
20
3.1722720866141731
11
-1.8772940157480316
21
3.1731255118110235
0
LINE
8
BLACK
6
CONTINUOUS
10
-1.8772940157480316
20
3.1731255118110235
11
-1.8757874015748031
21
3.1734251968503937
0
LINE
8
BLACK
6
CONTINUOUS
10
-1.8757874015748031
20
3.1734251968503937
11
-1.8679133858267716
21
3.1734251968503937
0
LINE
8
BLACK
6
CONTINUOUS
10
-1.8679133858267716
20
3.1734251968503937
11
-1.8664067716535433
21
3.1731255118110235
0
LINE
8
BLACK
6
CONTINUOUS
10
-1.840816220472441
20
3.1731255118110235
11
-1.8395389370078741
21
3.1722720866141731
0
LINE
8
BLACK
6
CONTINUOUS
10
-1.8395389370078741
20
3.1722720866141731
11
-1.8386855118110237
21
3.1709948031496062
0
LINE
8
BLACK
6
CONTINUOUS
10
-1.8386855118110237
20
3.1709948031496062
11
-1.8383858267716535
21
3.169488188976378
0
LINE
8
BLACK
6
CONTINUOUS
10
-1.8383858267716535
20
3.169488188976378
11
-1.8383858267716535
21
3.1133858267716534
0
LINE
8
BLACK
6
CONTINUOUS
10
-1.8383858267716535
20
3.1133858267716534
11
-1.8386855118110237
21
3.1118792125984251
0
LINE
8
BLACK
6
CONTINUOUS
10
-1.8386855118110237
20
3.1118792125984251
11
-1.8395389370078741
21
3.1106019291338582
0
LINE
8
BLACK
6
CONTINUOUS
10
-1.8395389370078741
20
3.1106019291338582
11
-1.840816220472441
21
3.1097485039370079
0
LINE
8
BLACK
6
CONTINUOUS
10
-1.840816220472441
20
3.1097485039370079
11
-1.8423228346456693
21
3.1094488188976377
0
LINE
8
BLACK
6
CONTINUOUS
10
-1.8423228346456693
20
3.1094488188976377
11
-1.8501968503937007
21
3.1094488188976377
0
LINE
8
BLACK
6
CONTINUOUS
10
-1.8501968503937007
20
3.1094488188976377
11
-1.851703464566929
21
3.1097485039370079
0
LINE
8
BLACK
6
CONTINUOUS
10
-1.851703464566929
20
3.1097485039370079
11
-1.8529807480314959
21
3.1106019291338582
0
LINE
8
BLACK
6
CONTINUOUS
10
-1.8529807480314959
20
3.1106019291338582
11
-1.8538341732283463
21
3.1118792125984251
0
LINE
8
BLACK
6
CONTINUOUS
10
-1.8538341732283463
20
3.1118792125984251
11
-1.8541338582677165
21
3.1133858267716534
0
LINE
8
BLACK
6
CONTINUOUS
10
-1.8541338582677165
20
3.1133858267716534
11
-1.8541338582677165
21
3.169488188976378
0
LINE
8
BLACK
6
CONTINUOUS
10
-1.8541338582677165
20
3.169488188976378
11
-1.8538341732283463
21
3.1709948031496062
0
LINE
8
BLACK
6
CONTINUOUS
10
-1.8538341732283463
20
3.1709948031496062
11
-1.8529807480314959
21
3.1722720866141731
0
LINE
8
BLACK
6
CONTINUOUS
10
-1.8529807480314959
20
3.1722720866141731
11
-1.851703464566929
21
3.1731255118110235
0
LINE
8
BLACK
6
CONTINUOUS
10
-1.851703464566929
20
3.1731255118110235
11
-1.8501968503937007
21
3.1734251968503937
0
LINE
8
BLACK
6
CONTINUOUS
10
-1.8501968503937007
20
3.1734251968503937
11
-1.8423228346456693
21
3.1734251968503937
0
LINE
8
BLACK
6
CONTINUOUS
10
-1.8423228346456693
20
3.1734251968503937
11
-1.840816220472441
21
3.1731255118110235
0
LINE
8
BLACK
6
CONTINUOUS
10
-1.8152256692913384
20
3.1731255118110235
11
-1.8139483858267715
21
3.1722720866141731
0
LINE
8
BLACK
6
CONTINUOUS
10
-1.8139483858267715
20
3.1722720866141731
11
-1.8130949606299211
21
3.1709948031496062
0
LINE
8
BLACK
6
CONTINUOUS
10
-1.8130949606299211
20
3.1709948031496062
11
-1.8127952755905512
21
3.169488188976378
0
LINE
8
BLACK
6
CONTINUOUS
10
-1.8127952755905512
20
3.169488188976378
11
-1.8127952755905512
21
3.1133858267716534
0
LINE
8
BLACK
6
CONTINUOUS
10
-1.8127952755905512
20
3.1133858267716534
11
-1.8130949606299211
21
3.1118792125984251
0
LINE
8
BLACK
6
CONTINUOUS
10
-1.8130949606299211
20
3.1118792125984251
11
-1.8139483858267715
21
3.1106019291338582
0
LINE
8
BLACK
6
CONTINUOUS
10
-1.8139483858267715
20
3.1106019291338582
11
-1.8152256692913384
21
3.1097485039370079
0
LINE
8
BLACK
6
CONTINUOUS
10
-1.8152256692913384
20
3.1097485039370079
11
-1.8167322834645669
21
3.1094488188976377
0
LINE
8
BLACK
6
CONTINUOUS
10
-1.8167322834645669
20
3.1094488188976377
11
-1.8246062992125984
21
3.1094488188976377
0
LINE
8
BLACK
6
CONTINUOUS
10
-1.8246062992125984
20
3.1094488188976377
11
-1.8261129133858267
21
3.1097485039370079
0
LINE
8
BLACK
6
CONTINUOUS
10
-1.8261129133858267
20
3.1097485039370079
11
-1.8273901968503936
21
3.1106019291338582
0
LINE
8
BLACK
6
CONTINUOUS
10
-1.8273901968503936
20
3.1106019291338582
11
-1.828243622047244
21
3.1118792125984251
0
LINE
8
BLACK
6
CONTINUOUS
10
-1.828243622047244
20
3.1118792125984251
11
-1.8285433070866142
21
3.1133858267716534
0
LINE
8
BLACK
6
CONTINUOUS
10
-1.8285433070866142
20
3.1133858267716534
11
-1.8285433070866142
21
3.169488188976378
0
LINE
8
BLACK
6
CONTINUOUS
10
-1.8285433070866142
20
3.169488188976378
11
-1.828243622047244
21
3.1709948031496062
0
LINE
8
BLACK
6
CONTINUOUS
10
-1.828243622047244
20
3.1709948031496062
11
-1.8273901968503936
21
3.1722720866141731
0
LINE
8
BLACK
6
CONTINUOUS
10
-1.8273901968503936
20
3.1722720866141731
11
-1.8261129133858267
21
3.1731255118110235
0
LINE
8
BLACK
6
CONTINUOUS
10
-1.8261129133858267
20
3.1731255118110235
11
-1.8246062992125984
21
3.1734251968503937
0
LINE
8
BLACK
6
CONTINUOUS
10
-1.8246062992125984
20
3.1734251968503937
11
-1.8167322834645669
21
3.1734251968503937
0
LINE
8
BLACK
6
CONTINUOUS
10
-1.8167322834645669
20
3.1734251968503937
11
-1.8152256692913384
21
3.1731255118110235
0
LINE
8
BLACK
6
CONTINUOUS
10
-2.0356859842519683
20
3.1448560236220473
11
-2.0338978346456691
21
3.143661220472441
0
LINE
8
BLACK
6
CONTINUOUS
10
-2.0338978346456691
20
3.143661220472441
11
-2.0327030314960628
21
3.1418730708661418
0
LINE
8
BLACK
6
CONTINUOUS
10
-2.0327030314960628
20
3.1418730708661418
11
-2.032283464566929
21
3.1397637795275588
0
LINE
8
BLACK
6
CONTINUOUS
10
-2.032283464566929
20
3.1397637795275588
11
-2.032283464566929
21
3.1263779527559055
0
LINE
8
BLACK
6
CONTINUOUS
10
-2.032283464566929
20
3.1263779527559055
11
-2.0327030314960628
21
3.124268661417323
0
LINE
8
BLACK
6
CONTINUOUS
10
-2.0327030314960628
20
3.124268661417323
11
-2.0338978346456691
21
3.1224805118110237
0
LINE
8
BLACK
6
CONTINUOUS
10
-2.0338978346456691
20
3.1224805118110237
11
-2.0356859842519683
21
3.1212857086614174
0
LINE
8
BLACK
6
CONTINUOUS
10
-2.0356859842519683
20
3.1212857086614174
11
-2.0377952755905513
21
3.1208661417322836
0
LINE
8
BLACK
6
CONTINUOUS
10
-2.0377952755905513
20
3.1208661417322836
11
-2.048818897637795
21
3.1208661417322836
0
LINE
8
BLACK
6
CONTINUOUS
10
-2.048818897637795
20
3.1208661417322836
11
-2.050928188976378
21
3.1212857086614174
0
LINE
8
BLACK
6
CONTINUOUS
10
-2.050928188976378
20
3.1212857086614174
11
-2.0527163385826772
21
3.1224805118110237
0
LINE
8
BLACK
6
CONTINUOUS
10
-2.0527163385826772
20
3.1224805118110237
11
-2.0539111417322835
21
3.124268661417323
0
LINE
8
BLACK
6
CONTINUOUS
10
-2.0539111417322835
20
3.124268661417323
11
-2.0543307086614173
21
3.1263779527559055
0
LINE
8
BLACK
6
CONTINUOUS
10
-2.0543307086614173
20
3.1263779527559055
11
-2.0543307086614173
21
3.1397637795275588
0
LINE
8
BLACK
6
CONTINUOUS
10
-2.0543307086614173
20
3.1397637795275588
11
-2.0539111417322835
21
3.1418730708661418
0
LINE
8
BLACK
6
CONTINUOUS
10
-2.0539111417322835
20
3.1418730708661418
11
-2.0527163385826772
21
3.143661220472441
0
LINE
8
BLACK
6
CONTINUOUS
10
-2.0527163385826772
20
3.143661220472441
11
-2.050928188976378
21
3.1448560236220473
0
LINE
8
BLACK
6
CONTINUOUS
10
-2.050928188976378
20
3.1448560236220473
11
-2.048818897637795
21
3.1452755905511811
0
LINE
8
BLACK
6
CONTINUOUS
10
-2.048818897637795
20
3.1452755905511811
11
-2.0377952755905513
21
3.1452755905511811
0
LINE
8
BLACK
6
CONTINUOUS
10
-2.0377952755905513
20
3.1452755905511811
11
-2.0356859842519683
21
3.1448560236220473
0
LINE
8
BLACK
6
CONTINUOUS
10
-1.9978907086614173
20
3.1448560236220473
11
-1.996102559055118
21
3.143661220472441
0
LINE
8
BLACK
6
CONTINUOUS
10
-1.996102559055118
20
3.143661220472441
11
-1.9949077559055117
21
3.1418730708661418
0
LINE
8
BLACK
6
CONTINUOUS
10
-1.9949077559055117
20
3.1418730708661418
11
-1.9944881889763779
21
3.1397637795275588
0
LINE
8
BLACK
6
CONTINUOUS
10
-1.9944881889763779
20
3.1397637795275588
11
-1.9944881889763779
21
3.1263779527559055
0
LINE
8
BLACK
6
CONTINUOUS
10
-1.9944881889763779
20
3.1263779527559055
11
-1.9949077559055117
21
3.124268661417323
0
LINE
8
BLACK
6
CONTINUOUS
10
-1.9949077559055117
20
3.124268661417323
11
-1.996102559055118
21
3.1224805118110237
0
LINE
8
BLACK
6
CONTINUOUS
10
-1.996102559055118
20
3.1224805118110237
11
-1.9978907086614173
21
3.1212857086614174
0
LINE
8
BLACK
6
CONTINUOUS
10
-1.9978907086614173
20
3.1212857086614174
11
-2.
21
3.1208661417322836
0
LINE
8
BLACK
6
CONTINUOUS
10
-2.
20
3.1208661417322836
11
-2.0110236220472442
21
3.1208661417322836
0
LINE
8
BLACK
6
CONTINUOUS
10
-2.0110236220472442
20
3.1208661417322836
11
-2.0131329133858267
21
3.1212857086614174
0
LINE
8
BLACK
6
CONTINUOUS
10
-2.0131329133858267
20
3.1212857086614174
11
-2.0149210629921259
21
3.1224805118110237
0
LINE
8
BLACK
6
CONTINUOUS
10
-2.0149210629921259
20
3.1224805118110237
11
-2.0161158661417322
21
3.124268661417323
0
LINE
8
BLACK
6
CONTINUOUS
10
-2.0161158661417322
20
3.124268661417323
11
-2.016535433070866
21
3.1263779527559055
0
LINE
8
BLACK
6
CONTINUOUS
10
-2.016535433070866
20
3.1263779527559055
11
-2.016535433070866
21
3.1397637795275588
0
LINE
8
BLACK
6
CONTINUOUS
10
-2.016535433070866
20
3.1397637795275588
11
-2.0161158661417322
21
3.1418730708661418
0
LINE
8
BLACK
6
CONTINUOUS
10
-2.0161158661417322
20
3.1418730708661418
11
-2.0149210629921259
21
3.143661220472441
0
LINE
8
BLACK
6
CONTINUOUS
10
-2.0149210629921259
20
3.143661220472441
11
-2.0131329133858267
21
3.1448560236220473
0
LINE
8
BLACK
6
CONTINUOUS
10
-2.0131329133858267
20
3.1448560236220473
11
-2.0110236220472442
21
3.1452755905511811
0
LINE
8
BLACK
6
CONTINUOUS
10
-2.0110236220472442
20
3.1452755905511811
11
-2.
21
3.1452755905511811
0
LINE
8
BLACK
6
CONTINUOUS
10
-2.
20
3.1452755905511811
11
-1.9978907086614173
21
3.1448560236220473
0
LINE
8
BLACK
6
CONTINUOUS
10
-2.0741471653543306
20
3.1436899212598424
11
-2.0724228740157478
21
3.1425377559055119
0
LINE
8
BLACK
6
CONTINUOUS
10
-2.0724228740157478
20
3.1425377559055119
11
-2.0712707086614173
21
3.140813464566929
0
LINE
8
BLACK
6
CONTINUOUS
10
-2.0712707086614173
20
3.140813464566929
11
-2.0708661417322833
21
3.1387795275590551
0
LINE
8
BLACK
6
CONTINUOUS
10
-2.0708661417322833
20
3.1387795275590551
11
-2.0708661417322833
21
3.1281496062992127
0
LINE
8
BLACK
6
CONTINUOUS
10
-2.0708661417322833
20
3.1281496062992127
11
-2.0712707086614173
21
3.1261156692913383
0
LINE
8
BLACK
6
CONTINUOUS
10
-2.0712707086614173
20
3.1261156692913383
11
-2.0724228740157478
21
3.1243913779527559
0
LINE
8
BLACK
6
CONTINUOUS
10
-2.0724228740157478
20
3.1243913779527559
11
-2.0741471653543306
21
3.123239212598425
0
LINE
8
BLACK
6
CONTINUOUS
10
-2.0741471653543306
20
3.123239212598425
11
-2.0761811023622045
21
3.1228346456692915
0
LINE
8
BLACK
6
CONTINUOUS
10
-2.0761811023622045
20
3.1228346456692915
11
-2.0907480314960631
21
3.1228346456692915
0
LINE
8
BLACK
6
CONTINUOUS
10
-2.0907480314960631
20
3.1228346456692915
11
-2.0927819685039371
21
3.123239212598425
0
LINE
8
BLACK
6
CONTINUOUS
10
-2.0927819685039371
20
3.123239212598425
11
-2.0945062598425195
21
3.1243913779527559
0
LINE
8
BLACK
6
CONTINUOUS
10
-2.0945062598425195
20
3.1243913779527559
11
-2.0956584251968504
21
3.1261156692913383
0
LINE
8
BLACK
6
CONTINUOUS
10
-2.0956584251968504
20
3.1261156692913383
11
-2.0960629921259843
21
3.1281496062992127
0
LINE
8
BLACK
6
CONTINUOUS
10
-2.0960629921259843
20
3.1281496062992127
11
-2.0960629921259843
21
3.1387795275590551
0
LINE
8
BLACK
6
CONTINUOUS
10
-2.0960629921259843
20
3.1387795275590551
11
-2.0956584251968504
21
3.140813464566929
0
LINE
8
BLACK
6
CONTINUOUS
10
-2.0956584251968504
20
3.140813464566929
11
-2.0945062598425195
21
3.1425377559055119
0
LINE
8
BLACK
6
CONTINUOUS
10
-2.0945062598425195
20
3.1425377559055119
11
-2.0927819685039371
21
3.1436899212598424
0
LINE
8
BLACK
6
CONTINUOUS
10
-2.0927819685039371
20
3.1436899212598424
11
-2.0907480314960631
21
3.1440944881889763
0
LINE
8
BLACK
6
CONTINUOUS
10
-2.0907480314960631
20
3.1440944881889763
11
-2.0761811023622045
21
3.1440944881889763
0
LINE
8
BLACK
6
CONTINUOUS
10
-2.0761811023622045
20
3.1440944881889763
11
-2.0741471653543306
21
3.1436899212598424
0
LINE
8
BLACK
6
CONTINUOUS
10
-1.944225905511811
20
3.146839527559055
11
-1.9425016141732283
21
3.1456873622047246
0
LINE
8
BLACK
6
CONTINUOUS
10
-1.9425016141732283
20
3.1456873622047246
11
-1.9413494488188976
21
3.1439630708661417
0
LINE
8
BLACK
6
CONTINUOUS
10
-1.9413494488188976
20
3.1439630708661417
11
-1.9409448818897637
21
3.1419291338582678
0
LINE
8
BLACK
6
CONTINUOUS
10
-1.9409448818897637
20
3.1419291338582678
11
-1.9409448818897637
21
3.1312992125984249
0
LINE
8
BLACK
6
CONTINUOUS
10
-1.9409448818897637
20
3.1312992125984249
11
-1.9413494488188976
21
3.129265275590551
0
LINE
8
BLACK
6
CONTINUOUS
10
-1.9413494488188976
20
3.129265275590551
11
-1.9425016141732283
21
3.1275409842519686
0
LINE
8
BLACK
6
CONTINUOUS
10
-1.9425016141732283
20
3.1275409842519686
11
-1.944225905511811
21
3.1263888188976376
0
LINE
8
BLACK
6
CONTINUOUS
10
-1.944225905511811
20
3.1263888188976376
11
-1.9462598425196851
21
3.1259842519685037
0
LINE
8
BLACK
6
CONTINUOUS
10
-1.9462598425196851
20
3.1259842519685037
11
-1.9608267716535432
21
3.1259842519685037
0
LINE
8
BLACK
6
CONTINUOUS
10
-1.9608267716535432
20
3.1259842519685037
11
-1.9628607086614174
21
3.1263888188976376
0
LINE
8
BLACK
6
CONTINUOUS
10
-1.9628607086614174
20
3.1263888188976376
11
-1.964585
21
3.1275409842519686
0
LINE
8
BLACK
6
CONTINUOUS
10
-1.964585
20
3.1275409842519686
11
-1.9657371653543307
21
3.129265275590551
0
LINE
8
BLACK
6
CONTINUOUS
10
-1.9657371653543307
20
3.129265275590551
11
-1.9661417322834644
21
3.1312992125984249
0
LINE
8
BLACK
6
CONTINUOUS
10
-1.9661417322834644
20
3.1312992125984249
11
-1.9661417322834644
21
3.1419291338582678
0
LINE
8
BLACK
6
CONTINUOUS
10
-1.9661417322834644
20
3.1419291338582678
11
-1.9657371653543307
21
3.1439630708661417
0
LINE
8
BLACK
6
CONTINUOUS
10
-1.9657371653543307
20
3.1439630708661417
11
-1.964585
21
3.1456873622047246
0
LINE
8
BLACK
6
CONTINUOUS
10
-1.964585
20
3.1456873622047246
11
-1.9628607086614174
21
3.146839527559055
0
LINE
8
BLACK
6
CONTINUOUS
10
-1.9628607086614174
20
3.146839527559055
11
-1.9608267716535432
21
3.147244094488189
0
LINE
8
BLACK
6
CONTINUOUS
10
-1.9608267716535432
20
3.147244094488189
11
-1.9462598425196851
21
3.147244094488189
0
LINE
8
BLACK
6
CONTINUOUS
10
-1.9462598425196851
20
3.147244094488189
11
-1.944225905511811
21
3.146839527559055
0
LINE
8
BLACK
6
CONTINUOUS
10
-1.7552495275590552
20
3.146839527559055
11
-1.7535252362204723
21
3.1456873622047246
0
LINE
8
BLACK
6
CONTINUOUS
10
-1.7535252362204723
20
3.1456873622047246
11
-1.7523730708661418
21
3.1439630708661417
0
LINE
8
BLACK
6
CONTINUOUS
10
-1.7523730708661418
20
3.1439630708661417
11
-1.7519685039370079
21
3.1419291338582678
0
LINE
8
BLACK
6
CONTINUOUS
10
-1.7519685039370079
20
3.1419291338582678
11
-1.7519685039370079
21
3.1312992125984249
0
LINE
8
BLACK
6
CONTINUOUS
10
-1.7519685039370079
20
3.1312992125984249
11
-1.7523730708661418
21
3.129265275590551
0
LINE
8
BLACK
6
CONTINUOUS
10
-1.7523730708661418
20
3.129265275590551
11
-1.7535252362204723
21
3.1275409842519686
0
LINE
8
BLACK
6
CONTINUOUS
10
-1.7535252362204723
20
3.1275409842519686
11
-1.7552495275590552
21
3.1263888188976376
0
LINE
8
BLACK
6
CONTINUOUS
10
-1.7552495275590552
20
3.1263888188976376
11
-1.7572834645669291
21
3.1259842519685037
0
LINE
8
BLACK
6
CONTINUOUS
10
-1.7572834645669291
20
3.1259842519685037
11
-1.7718503937007875
21
3.1259842519685037
0
LINE
8
BLACK
6
CONTINUOUS
10
-1.7718503937007875
20
3.1259842519685037
11
-1.7738843307086614
21
3.1263888188976376
0
LINE
8
BLACK
6
CONTINUOUS
10
-1.7738843307086614
20
3.1263888188976376
11
-1.775608622047244
21
3.1275409842519686
0
LINE
8
BLACK
6
CONTINUOUS
10
-1.775608622047244
20
3.1275409842519686
11
-1.7767607874015747
21
3.129265275590551
0
LINE
8
BLACK
6
CONTINUOUS
10
-1.7767607874015747
20
3.129265275590551
11
-1.7771653543307087
21
3.1312992125984249
0
LINE
8
BLACK
6
CONTINUOUS
10
-1.7771653543307087
20
3.1312992125984249
11
-1.7771653543307087
21
3.1419291338582678
0
LINE
8
BLACK
6
CONTINUOUS
10
-1.7771653543307087
20
3.1419291338582678
11
-1.7767607874015747
21
3.1439630708661417
0
LINE
8
BLACK
6
CONTINUOUS
10
-1.7767607874015747
20
3.1439630708661417
11
-1.775608622047244
21
3.1456873622047246
0
LINE
8
BLACK
6
CONTINUOUS
10
-1.775608622047244
20
3.1456873622047246
11
-1.7738843307086614
21
3.146839527559055
0
LINE
8
BLACK
6
CONTINUOUS
10
-1.7738843307086614
20
3.146839527559055
11
-1.7718503937007875
21
3.147244094488189
0
LINE
8
BLACK
6
CONTINUOUS
10
-1.7718503937007875
20
3.147244094488189
11
-1.7572834645669291
21
3.147244094488189
0
LINE
8
BLACK
6
CONTINUOUS
10
-1.7572834645669291
20
3.147244094488189
11
-1.7552495275590552
21
3.146839527559055
0
LINE
8
BLACK
6
CONTINUOUS
10
-1.944225905511811
20
3.1869970078740155
11
-1.9425016141732283
21
3.185844842519685
0
LINE
8
BLACK
6
CONTINUOUS
10
-1.9425016141732283
20
3.185844842519685
11
-1.9413494488188976
21
3.1841205511811022
0
LINE
8
BLACK
6
CONTINUOUS
10
-1.9413494488188976
20
3.1841205511811022
11
-1.9409448818897637
21
3.1820866141732282
0
LINE
8
BLACK
6
CONTINUOUS
10
-1.9409448818897637
20
3.1820866141732282
11
-1.9409448818897637
21
3.1714566929133858
0
LINE
8
BLACK
6
CONTINUOUS
10
-1.9409448818897637
20
3.1714566929133858
11
-1.9413494488188976
21
3.1694227559055119
0
LINE
8
BLACK
6
CONTINUOUS
10
-1.9413494488188976
20
3.1694227559055119
11
-1.9425016141732283
21
3.1676984645669291
0
LINE
8
BLACK
6
CONTINUOUS
10
-1.9425016141732283
20
3.1676984645669291
11
-1.944225905511811
21
3.1665462992125986
0
LINE
8
BLACK
6
CONTINUOUS
10
-1.944225905511811
20
3.1665462992125986
11
-1.9462598425196851
21
3.1661417322834646
0
LINE
8
BLACK
6
CONTINUOUS
10
-1.9462598425196851
20
3.1661417322834646
11
-1.9608267716535432
21
3.1661417322834646
0
LINE
8
BLACK
6
CONTINUOUS
10
-1.9608267716535432
20
3.1661417322834646
11
-1.9628607086614174
21
3.1665462992125986
0
LINE
8
BLACK
6
CONTINUOUS
10
-1.9628607086614174
20
3.1665462992125986
11
-1.964585
21
3.1676984645669291
0
LINE
8
BLACK
6
CONTINUOUS
10
-1.964585
20
3.1676984645669291
11
-1.9657371653543307
21
3.1694227559055119
0
LINE
8
BLACK
6
CONTINUOUS
10
-1.9657371653543307
20
3.1694227559055119
11
-1.9661417322834644
21
3.1714566929133858
0
LINE
8
BLACK
6
CONTINUOUS
10
-1.9661417322834644
20
3.1714566929133858
11
-1.9661417322834644
21
3.1820866141732282
0
LINE
8
BLACK
6
CONTINUOUS
10
-1.9661417322834644
20
3.1820866141732282
11
-1.9657371653543307
21
3.1841205511811022
0
LINE
8
BLACK
6
CONTINUOUS
10
-1.9657371653543307
20
3.1841205511811022
11
-1.964585
21
3.185844842519685
0
LINE
8
BLACK
6
CONTINUOUS
10
-1.964585
20
3.185844842519685
11
-1.9628607086614174
21
3.1869970078740155
0
LINE
8
BLACK
6
CONTINUOUS
10
-1.9628607086614174
20
3.1869970078740155
11
-1.9608267716535432
21
3.1874015748031495
0
LINE
8
BLACK
6
CONTINUOUS
10
-1.9608267716535432
20
3.1874015748031495
11
-1.9462598425196851
21
3.1874015748031495
0
LINE
8
BLACK
6
CONTINUOUS
10
-1.9462598425196851
20
3.1874015748031495
11
-1.944225905511811
21
3.1869970078740155
0
LINE
8
BLACK
6
CONTINUOUS
10
-1.7552495275590552
20
3.1869970078740155
11
-1.7535252362204723
21
3.185844842519685
0
LINE
8
BLACK
6
CONTINUOUS
10
-1.7535252362204723
20
3.185844842519685
11
-1.7523730708661418
21
3.1841205511811022
0
LINE
8
BLACK
6
CONTINUOUS
10
-1.7523730708661418
20
3.1841205511811022
11
-1.7519685039370079
21
3.1820866141732282
0
LINE
8
BLACK
6
CONTINUOUS
10
-1.7519685039370079
20
3.1820866141732282
11
-1.7519685039370079
21
3.1714566929133858
0
LINE
8
BLACK
6
CONTINUOUS
10
-1.7519685039370079
20
3.1714566929133858
11
-1.7523730708661418
21
3.1694227559055119
0
LINE
8
BLACK
6
CONTINUOUS
10
-1.7523730708661418
20
3.1694227559055119
11
-1.7535252362204723
21
3.1676984645669291
0
LINE
8
BLACK
6
CONTINUOUS
10
-1.7535252362204723
20
3.1676984645669291
11
-1.7552495275590552
21
3.1665462992125986
0
LINE
8
BLACK
6
CONTINUOUS
10
-1.7552495275590552
20
3.1665462992125986
11
-1.7572834645669291
21
3.1661417322834646
0
LINE
8
BLACK
6
CONTINUOUS
10
-1.7572834645669291
20
3.1661417322834646
11
-1.7718503937007875
21
3.1661417322834646
0
LINE
8
BLACK
6
CONTINUOUS
10
-1.7718503937007875
20
3.1661417322834646
11
-1.7738843307086614
21
3.1665462992125986
0
LINE
8
BLACK
6
CONTINUOUS
10
-1.7738843307086614
20
3.1665462992125986
11
-1.775608622047244
21
3.1676984645669291
0
LINE
8
BLACK
6
CONTINUOUS
10
-1.775608622047244
20
3.1676984645669291
11
-1.7767607874015747
21
3.1694227559055119
0
LINE
8
BLACK
6
CONTINUOUS
10
-1.7767607874015747
20
3.1694227559055119
11
-1.7771653543307087
21
3.1714566929133858
0
LINE
8
BLACK
6
CONTINUOUS
10
-1.7771653543307087
20
3.1714566929133858
11
-1.7771653543307087
21
3.1820866141732282
0
LINE
8
BLACK
6
CONTINUOUS
10
-1.7771653543307087
20
3.1820866141732282
11
-1.7767607874015747
21
3.1841205511811022
0
LINE
8
BLACK
6
CONTINUOUS
10
-1.7767607874015747
20
3.1841205511811022
11
-1.775608622047244
21
3.185844842519685
0
LINE
8
BLACK
6
CONTINUOUS
10
-1.775608622047244
20
3.185844842519685
11
-1.7738843307086614
21
3.1869970078740155
0
LINE
8
BLACK
6
CONTINUOUS
10
-1.7738843307086614
20
3.1869970078740155
11
-1.7718503937007875
21
3.1874015748031495
0
LINE
8
BLACK
6
CONTINUOUS
10
-1.7718503937007875
20
3.1874015748031495
11
-1.7572834645669291
21
3.1874015748031495
0
LINE
8
BLACK
6
CONTINUOUS
10
-1.7572834645669291
20
3.1874015748031495
11
-1.7552495275590552
21
3.1869970078740155
0
LINE
8
BLACK
6
CONTINUOUS
10
-2.0711311811023623
20
3.1937948031496064
11
-2.0698538976377954
21
3.192941377952756
0
LINE
8
BLACK
6
CONTINUOUS
10
-2.0698538976377954
20
3.192941377952756
11
-2.069000472440945
21
3.1916640944881891
0
LINE
8
BLACK
6
CONTINUOUS
10
-2.069000472440945
20
3.1916640944881891
11
-2.0687007874015748
21
3.1901574803149604
0
LINE
8
BLACK
6
CONTINUOUS
10
-2.0687007874015748
20
3.1901574803149604
11
-2.0687007874015748
21
3.1822834645669289
0
LINE
8
BLACK
6
CONTINUOUS
10
-2.0687007874015748
20
3.1822834645669289
11
-2.069000472440945
21
3.1807768503937006
0
LINE
8
BLACK
6
CONTINUOUS
10
-2.069000472440945
20
3.1807768503937006
11
-2.0698538976377954
21
3.1794995669291337
0
LINE
8
BLACK
6
CONTINUOUS
10
-2.0698538976377954
20
3.1794995669291337
11
-2.0711311811023623
21
3.1786461417322833
0
LINE
8
BLACK
6
CONTINUOUS
10
-2.0711311811023623
20
3.1786461417322833
11
-2.0726377952755906
21
3.1783464566929132
0
LINE
8
BLACK
6
CONTINUOUS
10
-2.0726377952755906
20
3.1783464566929132
11
-2.0903543307086614
21
3.1783464566929132
0
LINE
8
BLACK
6
CONTINUOUS
10
-2.0903543307086614
20
3.1783464566929132
11
-2.0918609448818897
21
3.1786461417322833
0
LINE
8
BLACK
6
CONTINUOUS
10
-2.0918609448818897
20
3.1786461417322833
11
-2.0931382283464566
21
3.1794995669291337
0
LINE
8
BLACK
6
CONTINUOUS
10
-2.0931382283464566
20
3.1794995669291337
11
-2.093991653543307
21
3.1807768503937006
0
LINE
8
BLACK
6
CONTINUOUS
10
-2.093991653543307
20
3.1807768503937006
11
-2.0942913385826771
21
3.1822834645669289
0
LINE
8
BLACK
6
CONTINUOUS
10
-2.0942913385826771
20
3.1822834645669289
11
-2.0942913385826771
21
3.1901574803149604
0
LINE
8
BLACK
6
CONTINUOUS
10
-2.0942913385826771
20
3.1901574803149604
11
-2.093991653543307
21
3.1916640944881891
0
LINE
8
BLACK
6
CONTINUOUS
10
-2.093991653543307
20
3.1916640944881891
11
-2.0931382283464566
21
3.192941377952756
0
LINE
8
BLACK
6
CONTINUOUS
10
-2.0931382283464566
20
3.192941377952756
11
-2.0918609448818897
21
3.1937948031496064
0
LINE
8
BLACK
6
CONTINUOUS
10
-2.0918609448818897
20
3.1937948031496064
11
-2.0903543307086614
21
3.1940944881889761
0
LINE
8
BLACK
6
CONTINUOUS
10
-2.0903543307086614
20
3.1940944881889761
11
-2.0726377952755906
21
3.1940944881889761
0
LINE
8
BLACK
6
CONTINUOUS
10
-2.0726377952755906
20
3.1940944881889761
11
-2.0711311811023623
21
3.1937948031496064
0
LINE
8
BLACK
6
CONTINUOUS
10
-1.996328031496063
20
3.1937948031496064
11
-1.9950507480314961
21
3.192941377952756
0
LINE
8
BLACK
6
CONTINUOUS
10
-1.9950507480314961
20
3.192941377952756
11
-1.9941973228346457
21
3.1916640944881891
0
LINE
8
BLACK
6
CONTINUOUS
10
-1.9941973228346457
20
3.1916640944881891
11
-1.9938976377952755
21
3.1901574803149604
0
LINE
8
BLACK
6
CONTINUOUS
10
-1.9938976377952755
20
3.1901574803149604
11
-1.9938976377952755
21
3.1822834645669289
0
LINE
8
BLACK
6
CONTINUOUS
10
-1.9938976377952755
20
3.1822834645669289
11
-1.9941973228346457
21
3.1807768503937006
0
LINE
8
BLACK
6
CONTINUOUS
10
-1.9941973228346457
20
3.1807768503937006
11
-1.9950507480314961
21
3.1794995669291337
0
LINE
8
BLACK
6
CONTINUOUS
10
-1.9950507480314961
20
3.1794995669291337
11
-1.996328031496063
21
3.1786461417322833
0
LINE
8
BLACK
6
CONTINUOUS
10
-1.996328031496063
20
3.1786461417322833
11
-1.9978346456692913
21
3.1783464566929132
0
LINE
8
BLACK
6
CONTINUOUS
10
-1.9978346456692913
20
3.1783464566929132
11
-2.0155511811023623
21
3.1783464566929132
0
LINE
8
BLACK
6
CONTINUOUS
10
-2.0155511811023623
20
3.1783464566929132
11
-2.0170577952755906
21
3.1786461417322833
0
LINE
8
BLACK
6
CONTINUOUS
10
-2.0170577952755906
20
3.1786461417322833
11
-2.0183350787401575
21
3.1794995669291337
0
LINE
8
BLACK
6
CONTINUOUS
10
-2.0183350787401575
20
3.1794995669291337
11
-2.0191885039370079
21
3.1807768503937006
0
LINE
8
BLACK
6
CONTINUOUS
10
-2.0191885039370079
20
3.1807768503937006
11
-2.0194881889763781
21
3.1822834645669289
0
LINE
8
BLACK
6
CONTINUOUS
10
-2.0194881889763781
20
3.1822834645669289
11
-2.0194881889763781
21
3.1901574803149604
0
LINE
8
BLACK
6
CONTINUOUS
10
-2.0194881889763781
20
3.1901574803149604
11
-2.0191885039370079
21
3.1916640944881891
0
LINE
8
BLACK
6
CONTINUOUS
10
-2.0191885039370079
20
3.1916640944881891
11
-2.0183350787401575
21
3.192941377952756
0
LINE
8
BLACK
6
CONTINUOUS
10
-2.0183350787401575
20
3.192941377952756
11
-2.0170577952755906
21
3.1937948031496064
0
LINE
8
BLACK
6
CONTINUOUS
10
-2.0170577952755906
20
3.1937948031496064
11
-2.0155511811023623
21
3.1940944881889761
0
LINE
8
BLACK
6
CONTINUOUS
10
-2.0155511811023623
20
3.1940944881889761
11
-1.9978346456692913
21
3.1940944881889761
0
LINE
8
BLACK
6
CONTINUOUS
10
-1.9978346456692913
20
3.1940944881889761
11
-1.996328031496063
21
3.1937948031496064
0
LINE
8
BLACK
6
CONTINUOUS
10
-1.8701202362204723
20
3.227904409448819
11
-1.8682362992125985
21
3.2266455905511808
0
LINE
8
BLACK
6
CONTINUOUS
10
-1.8682362992125985
20
3.2266455905511808
11
-1.8669774803149606
21
3.224761653543307
0
LINE
8
BLACK
6
CONTINUOUS
10
-1.8669774803149606
20
3.224761653543307
11
-1.8665354330708661
21
3.2225393700787399
0
LINE
8
BLACK
6
CONTINUOUS
10
-1.8665354330708661
20
3.2225393700787399
11
-1.8665354330708661
21
3.2089566929133859
0
LINE
8
BLACK
6
CONTINUOUS
10
-1.8665354330708661
20
3.2089566929133859
11
-1.8669774803149606
21
3.2067344094488188
0
LINE
8
BLACK
6
CONTINUOUS
10
-1.8669774803149606
20
3.2067344094488188
11
-1.8682362992125985
21
3.204850472440945
0
LINE
8
BLACK
6
CONTINUOUS
10
-1.8682362992125985
20
3.204850472440945
11
-1.8701202362204723
21
3.2035916535433069
0
LINE
8
BLACK
6
CONTINUOUS
10
-1.8701202362204723
20
3.2035916535433069
11
-1.8723425196850394
21
3.2031496062992124
0
LINE
8
BLACK
6
CONTINUOUS
10
-1.8723425196850394
20
3.2031496062992124
11
-1.8839566929133857
21
3.2031496062992124
0
LINE
8
BLACK
6
CONTINUOUS
10
-1.8839566929133857
20
3.2031496062992124
11
-1.8861789763779526
21
3.2035916535433069
0
LINE
8
BLACK
6
CONTINUOUS
10
-1.8861789763779526
20
3.2035916535433069
11
-1.8880629133858267
21
3.204850472440945
0
LINE
8
BLACK
6
CONTINUOUS
10
-1.8880629133858267
20
3.204850472440945
11
-1.8893217322834646
21
3.2067344094488188
0
LINE
8
BLACK
6
CONTINUOUS
10
-1.8893217322834646
20
3.2067344094488188
11
-1.889763779527559
21
3.2089566929133859
0
LINE
8
BLACK
6
CONTINUOUS
10
-1.889763779527559
20
3.2089566929133859
11
-1.889763779527559
21
3.2225393700787399
0
LINE
8
BLACK
6
CONTINUOUS
10
-1.889763779527559
20
3.2225393700787399
11
-1.8893217322834646
21
3.224761653543307
0
LINE
8
BLACK
6
CONTINUOUS
10
-1.8893217322834646
20
3.224761653543307
11
-1.8880629133858267
21
3.2266455905511808
0
LINE
8
BLACK
6
CONTINUOUS
10
-1.8880629133858267
20
3.2266455905511808
11
-1.8861789763779526
21
3.227904409448819
0
LINE
8
BLACK
6
CONTINUOUS
10
-1.8861789763779526
20
3.227904409448819
11
-1.8839566929133857
21
3.2283464566929134
0
LINE
8
BLACK
6
CONTINUOUS
10
-1.8839566929133857
20
3.2283464566929134
11
-1.8723425196850394
21
3.2283464566929134
0
LINE
8
BLACK
6
CONTINUOUS
10
-1.8723425196850394
20
3.2283464566929134
11
-1.8701202362204723
21
3.227904409448819
0
LINE
8
BLACK
6
CONTINUOUS
10
-1.8319312598425197
20
3.227904409448819
11
-1.8300473228346457
21
3.2266455905511808
0
LINE
8
BLACK
6
CONTINUOUS
10
-1.8300473228346457
20
3.2266455905511808
11
-1.8287885039370078
21
3.224761653543307
0
LINE
8
BLACK
6
CONTINUOUS
10
-1.8287885039370078
20
3.224761653543307
11
-1.8283464566929133
21
3.2225393700787399
0
LINE
8
BLACK
6
CONTINUOUS
10
-1.8283464566929133
20
3.2225393700787399
11
-1.8283464566929133
21
3.2089566929133859
0
LINE
8
BLACK
6
CONTINUOUS
10
-1.8283464566929133
20
3.2089566929133859
11
-1.8287885039370078
21
3.2067344094488188
0
LINE
8
BLACK
6
CONTINUOUS
10
-1.8287885039370078
20
3.2067344094488188
11
-1.8300473228346457
21
3.204850472440945
0
LINE
8
BLACK
6
CONTINUOUS
10
-1.8300473228346457
20
3.204850472440945
11
-1.8319312598425197
21
3.2035916535433069
0
LINE
8
BLACK
6
CONTINUOUS
10
-1.8319312598425197
20
3.2035916535433069
11
-1.8341535433070866
21
3.2031496062992124
0
LINE
8
BLACK
6
CONTINUOUS
10
-1.8341535433070866
20
3.2031496062992124
11
-1.8457677165354329
21
3.2031496062992124
0
LINE
8
BLACK
6
CONTINUOUS
10
-1.8457677165354329
20
3.2031496062992124
11
-1.84799
21
3.2035916535433069
0
LINE
8
BLACK
6
CONTINUOUS
10
-1.84799
20
3.2035916535433069
11
-1.8498739370078741
21
3.204850472440945
0
LINE
8
BLACK
6
CONTINUOUS
10
-1.8498739370078741
20
3.204850472440945
11
-1.8511327559055117
21
3.2067344094488188
0
LINE
8
BLACK
6
CONTINUOUS
10
-1.8511327559055117
20
3.2067344094488188
11
-1.8515748031496062
21
3.2089566929133859
0
LINE
8
BLACK
6
CONTINUOUS
10
-1.8515748031496062
20
3.2089566929133859
11
-1.8515748031496062
21
3.2225393700787399
0
LINE
8
BLACK
6
CONTINUOUS
10
-1.8515748031496062
20
3.2225393700787399
11
-1.8511327559055117
21
3.224761653543307
0
LINE
8
BLACK
6
CONTINUOUS
10
-1.8511327559055117
20
3.224761653543307
11
-1.8498739370078741
21
3.2266455905511808
0
LINE
8
BLACK
6
CONTINUOUS
10
-1.8498739370078741
20
3.2266455905511808
11
-1.84799
21
3.227904409448819
0
LINE
8
BLACK
6
CONTINUOUS
10
-1.84799
20
3.227904409448819
11
-1.8457677165354329
21
3.2283464566929134
0
LINE
8
BLACK
6
CONTINUOUS
10
-1.8457677165354329
20
3.2283464566929134
11
-1.8341535433070866
21
3.2283464566929134
0
LINE
8
BLACK
6
CONTINUOUS
10
-1.8341535433070866
20
3.2283464566929134
11
-1.8319312598425197
21
3.227904409448819
0
LINE
8
BLACK
6
CONTINUOUS
10
-2.0711311811023623
20
3.2193853543307087
11
-2.0698538976377954
21
3.2185319291338583
0
LINE
8
BLACK
6
CONTINUOUS
10
-2.0698538976377954
20
3.2185319291338583
11
-2.069000472440945
21
3.2172546456692914
0
LINE
8
BLACK
6
CONTINUOUS
10
-2.069000472440945
20
3.2172546456692914
11
-2.0687007874015748
21
3.2157480314960627
0
LINE
8
BLACK
6
CONTINUOUS
10
-2.0687007874015748
20
3.2157480314960627
11
-2.0687007874015748
21
3.2078740157480312
0
LINE
8
BLACK
6
CONTINUOUS
10
-2.0687007874015748
20
3.2078740157480312
11
-2.069000472440945
21
3.2063674015748029
0
LINE
8
BLACK
6
CONTINUOUS
10
-2.069000472440945
20
3.2063674015748029
11
-2.0698538976377954
21
3.205090118110236
0
LINE
8
BLACK
6
CONTINUOUS
10
-2.0698538976377954
20
3.205090118110236
11
-2.0711311811023623
21
3.2042366929133856
0
LINE
8
BLACK
6
CONTINUOUS
10
-2.0711311811023623
20
3.2042366929133856
11
-2.0726377952755906
21
3.2039370078740155
0
LINE
8
BLACK
6
CONTINUOUS
10
-2.0726377952755906
20
3.2039370078740155
11
-2.0903543307086614
21
3.2039370078740155
0
LINE
8
BLACK
6
CONTINUOUS
10
-2.0903543307086614
20
3.2039370078740155
11
-2.0918609448818897
21
3.2042366929133856
0
LINE
8
BLACK
6
CONTINUOUS
10
-2.0918609448818897
20
3.2042366929133856
11
-2.0931382283464566
21
3.205090118110236
0
LINE
8
BLACK
6
CONTINUOUS
10
-2.0931382283464566
20
3.205090118110236
11
-2.093991653543307
21
3.2063674015748029
0
LINE
8
BLACK
6
CONTINUOUS
10
-2.093991653543307
20
3.2063674015748029
11
-2.0942913385826771
21
3.2078740157480312
0
LINE
8
BLACK
6
CONTINUOUS
10
-2.0942913385826771
20
3.2078740157480312
11
-2.0942913385826771
21
3.2157480314960627
0
LINE
8
BLACK
6
CONTINUOUS
10
-2.0942913385826771
20
3.2157480314960627
11
-2.093991653543307
21
3.2172546456692914
0
LINE
8
BLACK
6
CONTINUOUS
10
-2.093991653543307
20
3.2172546456692914
11
-2.0931382283464566
21
3.2185319291338583
0
LINE
8
BLACK
6
CONTINUOUS
10
-2.0931382283464566
20
3.2185319291338583
11
-2.0918609448818897
21
3.2193853543307087
0
LINE
8
BLACK
6
CONTINUOUS
10
-2.0918609448818897
20
3.2193853543307087
11
-2.0903543307086614
21
3.2196850393700789
0
LINE
8
BLACK
6
CONTINUOUS
10
-2.0903543307086614
20
3.2196850393700789
11
-2.0726377952755906
21
3.2196850393700789
0
LINE
8
BLACK
6
CONTINUOUS
10
-2.0726377952755906
20
3.2196850393700789
11
-2.0711311811023623
21
3.2193853543307087
0
LINE
8
BLACK
6
CONTINUOUS
10
-1.996328031496063
20
3.2193853543307087
11
-1.9950507480314961
21
3.2185319291338583
0
LINE
8
BLACK
6
CONTINUOUS
10
-1.9950507480314961
20
3.2185319291338583
11
-1.9941973228346457
21
3.2172546456692914
0
LINE
8
BLACK
6
CONTINUOUS
10
-1.9941973228346457
20
3.2172546456692914
11
-1.9938976377952755
21
3.2157480314960627
0
LINE
8
BLACK
6
CONTINUOUS
10
-1.9938976377952755
20
3.2157480314960627
11
-1.9938976377952755
21
3.2078740157480312
0
LINE
8
BLACK
6
CONTINUOUS
10
-1.9938976377952755
20
3.2078740157480312
11
-1.9941973228346457
21
3.2063674015748029
0
LINE
8
BLACK
6
CONTINUOUS
10
-1.9941973228346457
20
3.2063674015748029
11
-1.9950507480314961
21
3.205090118110236
0
LINE
8
BLACK
6
CONTINUOUS
10
-1.9950507480314961
20
3.205090118110236
11
-1.996328031496063
21
3.2042366929133856
0
LINE
8
BLACK
6
CONTINUOUS
10
-1.996328031496063
20
3.2042366929133856
11
-1.9978346456692913
21
3.2039370078740155
0
LINE
8
BLACK
6
CONTINUOUS
10
-1.9978346456692913
20
3.2039370078740155
11
-2.0155511811023623
21
3.2039370078740155
0
LINE
8
BLACK
6
CONTINUOUS
10
-2.0155511811023623
20
3.2039370078740155
11
-2.0170577952755906
21
3.2042366929133856
0
LINE
8
BLACK
6
CONTINUOUS
10
-2.0170577952755906
20
3.2042366929133856
11
-2.0183350787401575
21
3.205090118110236
0
LINE
8
BLACK
6
CONTINUOUS
10
-2.0183350787401575
20
3.205090118110236
11
-2.0191885039370079
21
3.2063674015748029
0
LINE
8
BLACK
6
CONTINUOUS
10
-2.0191885039370079
20
3.2063674015748029
11
-2.0194881889763781
21
3.2078740157480312
0
LINE
8
BLACK
6
CONTINUOUS
10
-2.0194881889763781
20
3.2078740157480312
11
-2.0194881889763781
21
3.2157480314960627
0
LINE
8
BLACK
6
CONTINUOUS
10
-2.0194881889763781
20
3.2157480314960627
11
-2.0191885039370079
21
3.2172546456692914
0
LINE
8
BLACK
6
CONTINUOUS
10
-2.0191885039370079
20
3.2172546456692914
11
-2.0183350787401575
21
3.2185319291338583
0
LINE
8
BLACK
6
CONTINUOUS
10
-2.0183350787401575
20
3.2185319291338583
11
-2.0170577952755906
21
3.2193853543307087
0
LINE
8
BLACK
6
CONTINUOUS
10
-2.0170577952755906
20
3.2193853543307087
11
-2.0155511811023623
21
3.2196850393700789
0
LINE
8
BLACK
6
CONTINUOUS
10
-2.0155511811023623
20
3.2196850393700789
11
-1.9978346456692913
21
3.2196850393700789
0
LINE
8
BLACK
6
CONTINUOUS
10
-1.9978346456692913
20
3.2196850393700789
11
-1.996328031496063
21
3.2193853543307087
0
LINE
8
BLACK
6
CONTINUOUS
10
-1.9093080314960629
20
3.2271394881889761
11
-1.9075198818897638
21
3.2259446850393698
0
LINE
8
BLACK
6
CONTINUOUS
10
-1.9075198818897638
20
3.2259446850393698
11
-1.9063250787401573
21
3.224156535433071
0
LINE
8
BLACK
6
CONTINUOUS
10
-1.9063250787401573
20
3.224156535433071
11
-1.9059055118110235
21
3.2220472440944881
0
LINE
8
BLACK
6
CONTINUOUS
10
-1.9059055118110235
20
3.2220472440944881
11
-1.9059055118110235
21
3.2110236220472439
0
LINE
8
BLACK
6
CONTINUOUS
10
-1.9059055118110235
20
3.2110236220472439
11
-1.9063250787401573
21
3.2089143307086614
0
LINE
8
BLACK
6
CONTINUOUS
10
-1.9063250787401573
20
3.2089143307086614
11
-1.9075198818897638
21
3.2071261811023621
0
LINE
8
BLACK
6
CONTINUOUS
10
-1.9075198818897638
20
3.2071261811023621
11
-1.9093080314960629
21
3.2059313779527558
0
LINE
8
BLACK
6
CONTINUOUS
10
-1.9093080314960629
20
3.2059313779527558
11
-1.9114173228346456
21
3.205511811023622
0
LINE
8
BLACK
6
CONTINUOUS
10
-1.9114173228346456
20
3.205511811023622
11
-1.9248031496062992
21
3.205511811023622
0
LINE
8
BLACK
6
CONTINUOUS
10
-1.9248031496062992
20
3.205511811023622
11
-1.9269124409448819
21
3.2059313779527558
0
LINE
8
BLACK
6
CONTINUOUS
10
-1.9269124409448819
20
3.2059313779527558
11
-1.9287005905511811
21
3.2071261811023621
0
LINE
8
BLACK
6
CONTINUOUS
10
-1.9287005905511811
20
3.2071261811023621
11
-1.9298953937007874
21
3.2089143307086614
0
LINE
8
BLACK
6
CONTINUOUS
10
-1.9298953937007874
20
3.2089143307086614
11
-1.9303149606299213
21
3.2110236220472439
0
LINE
8
BLACK
6
CONTINUOUS
10
-1.9303149606299213
20
3.2110236220472439
11
-1.9303149606299213
21
3.2220472440944881
0
LINE
8
BLACK
6
CONTINUOUS
10
-1.9303149606299213
20
3.2220472440944881
11
-1.9298953937007874
21
3.224156535433071
0
LINE
8
BLACK
6
CONTINUOUS
10
-1.9298953937007874
20
3.224156535433071
11
-1.9287005905511811
21
3.2259446850393698
0
LINE
8
BLACK
6
CONTINUOUS
10
-1.9287005905511811
20
3.2259446850393698
11
-1.9269124409448819
21
3.2271394881889761
0
LINE
8
BLACK
6
CONTINUOUS
10
-1.9269124409448819
20
3.2271394881889761
11
-1.9248031496062992
21
3.2275590551181104
0
LINE
8
BLACK
6
CONTINUOUS
10
-1.9248031496062992
20
3.2275590551181104
11
-1.9114173228346456
21
3.2275590551181104
0
LINE
8
BLACK
6
CONTINUOUS
10
-1.9114173228346456
20
3.2275590551181104
11
-1.9093080314960629
21
3.2271394881889761
0
LINE
8
BLACK
6
CONTINUOUS
10
-1.7911977952755904
20
3.2271394881889761
11
-1.7894096456692914
21
3.2259446850393698
0
LINE
8
BLACK
6
CONTINUOUS
10
-1.7894096456692914
20
3.2259446850393698
11
-1.7882148425196851
21
3.224156535433071
0
LINE
8
BLACK
6
CONTINUOUS
10
-1.7882148425196851
20
3.224156535433071
11
-1.7877952755905511
21
3.2220472440944881
0
LINE
8
BLACK
6
CONTINUOUS
10
-1.7877952755905511
20
3.2220472440944881
11
-1.7877952755905511
21
3.2110236220472439
0
LINE
8
BLACK
6
CONTINUOUS
10
-1.7877952755905511
20
3.2110236220472439
11
-1.7882148425196851
21
3.2089143307086614
0
LINE
8
BLACK
6
CONTINUOUS
10
-1.7882148425196851
20
3.2089143307086614
11
-1.7894096456692914
21
3.2071261811023621
0
LINE
8
BLACK
6
CONTINUOUS
10
-1.7894096456692914
20
3.2071261811023621
11
-1.7911977952755904
21
3.2059313779527558
0
LINE
8
BLACK
6
CONTINUOUS
10
-1.7911977952755904
20
3.2059313779527558
11
-1.7933070866141732
21
3.205511811023622
0
LINE
8
BLACK
6
CONTINUOUS
10
-1.7933070866141732
20
3.205511811023622
11
-1.8066929133858267
21
3.205511811023622
0
LINE
8
BLACK
6
CONTINUOUS
10
-1.8066929133858267
20
3.205511811023622
11
-1.8088022047244094
21
3.2059313779527558
0
LINE
8
BLACK
6
CONTINUOUS
10
-1.8088022047244094
20
3.2059313779527558
11
-1.8105903543307087
21
3.2071261811023621
0
LINE
8
BLACK
6
CONTINUOUS
10
-1.8105903543307087
20
3.2071261811023621
11
-1.811785157480315
21
3.2089143307086614
0
LINE
8
BLACK
6
CONTINUOUS
10
-1.811785157480315
20
3.2089143307086614
11
-1.8122047244094488
21
3.2110236220472439
0
LINE
8
BLACK
6
CONTINUOUS
10
-1.8122047244094488
20
3.2110236220472439
11
-1.8122047244094488
21
3.2220472440944881
0
LINE
8
BLACK
6
CONTINUOUS
10
-1.8122047244094488
20
3.2220472440944881
11
-1.811785157480315
21
3.224156535433071
0
LINE
8
BLACK
6
CONTINUOUS
10
-1.811785157480315
20
3.224156535433071
11
-1.8105903543307087
21
3.2259446850393698
0
LINE
8
BLACK
6
CONTINUOUS
10
-1.8105903543307087
20
3.2259446850393698
11
-1.8088022047244094
21
3.2271394881889761
0
LINE
8
BLACK
6
CONTINUOUS
10
-1.8088022047244094
20
3.2271394881889761
11
-1.8066929133858267
21
3.2275590551181104
0
LINE
8
BLACK
6
CONTINUOUS
10
-1.8066929133858267
20
3.2275590551181104
11
-1.7933070866141732
21
3.2275590551181104
0
LINE
8
BLACK
6
CONTINUOUS
10
-1.7933070866141732
20
3.2275590551181104
11
-1.7911977952755904
21
3.2271394881889761
0
LINE
8
BLACK
6
CONTINUOUS
10
-2.2715127559055119
20
3.2428875196850391
11
-2.2697246062992127
21
3.2416927165354328
0
LINE
8
BLACK
6
CONTINUOUS
10
-2.2697246062992127
20
3.2416927165354328
11
-2.2685298031496064
21
3.239904566929134
0
LINE
8
BLACK
6
CONTINUOUS
10
-2.2685298031496064
20
3.239904566929134
11
-2.2681102362204726
21
3.237795275590551
0
LINE
8
BLACK
6
CONTINUOUS
10
-2.2681102362204726
20
3.237795275590551
11
-2.2681102362204726
21
3.2267716535433069
0
LINE
8
BLACK
6
CONTINUOUS
10
-2.2681102362204726
20
3.2267716535433069
11
-2.2685298031496064
21
3.2246623622047244
0
LINE
8
BLACK
6
CONTINUOUS
10
-2.2685298031496064
20
3.2246623622047244
11
-2.2697246062992127
21
3.2228742125984251
0
LINE
8
BLACK
6
CONTINUOUS
10
-2.2697246062992127
20
3.2228742125984251
11
-2.2715127559055119
21
3.2216794094488188
0
LINE
8
BLACK
6
CONTINUOUS
10
-2.2715127559055119
20
3.2216794094488188
11
-2.2736220472440944
21
3.221259842519685
0
LINE
8
BLACK
6
CONTINUOUS
10
-2.2736220472440944
20
3.221259842519685
11
-2.2870078740157478
21
3.221259842519685
0
LINE
8
BLACK
6
CONTINUOUS
10
-2.2870078740157478
20
3.221259842519685
11
-2.2891171653543307
21
3.2216794094488188
0
LINE
8
BLACK
6
CONTINUOUS
10
-2.2891171653543307
20
3.2216794094488188
11
-2.29090531496063
21
3.2228742125984251
0
LINE
8
BLACK
6
CONTINUOUS
10
-2.29090531496063
20
3.2228742125984251
11
-2.2921001181102363
21
3.2246623622047244
0
LINE
8
BLACK
6
CONTINUOUS
10
-2.2921001181102363
20
3.2246623622047244
11
-2.2925196850393701
21
3.2267716535433069
0
LINE
8
BLACK
6
CONTINUOUS
10
-2.2925196850393701
20
3.2267716535433069
11
-2.2925196850393701
21
3.237795275590551
0
LINE
8
BLACK
6
CONTINUOUS
10
-2.2925196850393701
20
3.237795275590551
11
-2.2921001181102363
21
3.239904566929134
0
LINE
8
BLACK
6
CONTINUOUS
10
-2.2921001181102363
20
3.239904566929134
11
-2.29090531496063
21
3.2416927165354328
0
LINE
8
BLACK
6
CONTINUOUS
10
-2.29090531496063
20
3.2416927165354328
11
-2.2891171653543307
21
3.2428875196850391
0
LINE
8
BLACK
6
CONTINUOUS
10
-2.2891171653543307
20
3.2428875196850391
11
-2.2870078740157478
21
3.2433070866141733
0
LINE
8
BLACK
6
CONTINUOUS
10
-2.2870078740157478
20
3.2433070866141733
11
-2.2736220472440944
21
3.2433070866141733
0
LINE
8
BLACK
6
CONTINUOUS
10
-2.2736220472440944
20
3.2433070866141733
11
-2.2715127559055119
21
3.2428875196850391
0
LINE
8
BLACK
6
CONTINUOUS
10
-2.0711311811023623
20
3.244975905511811
11
-2.0698538976377954
21
3.2441224803149606
0
LINE
8
BLACK
6
CONTINUOUS
10
-2.0698538976377954
20
3.2441224803149606
11
-2.069000472440945
21
3.2428451968503937
0
LINE
8
BLACK
6
CONTINUOUS
10
-2.069000472440945
20
3.2428451968503937
11
-2.0687007874015748
21
3.2413385826771655
0
LINE
8
BLACK
6
CONTINUOUS
10
-2.0687007874015748
20
3.2413385826771655
11
-2.0687007874015748
21
3.233464566929134
0
LINE
8
BLACK
6
CONTINUOUS
10
-2.0687007874015748
20
3.233464566929134
11
-2.069000472440945
21
3.2319579527559053
0
LINE
8
BLACK
6
CONTINUOUS
10
-2.069000472440945
20
3.2319579527559053
11
-2.0698538976377954
21
3.2306806692913383
0
LINE
8
BLACK
6
CONTINUOUS
10
-2.0698538976377954
20
3.2306806692913383
11
-2.0711311811023623
21
3.229827244094488
0
LINE
8
BLACK
6
CONTINUOUS
10
-2.0711311811023623
20
3.229827244094488
11
-2.0726377952755906
21
3.2295275590551182
0
LINE
8
BLACK
6
CONTINUOUS
10
-2.0726377952755906
20
3.2295275590551182
11
-2.0903543307086614
21
3.2295275590551182
0
LINE
8
BLACK
6
CONTINUOUS
10
-2.0903543307086614
20
3.2295275590551182
11
-2.0918609448818897
21
3.229827244094488
0
LINE
8
BLACK
6
CONTINUOUS
10
-2.0918609448818897
20
3.229827244094488
11
-2.0931382283464566
21
3.2306806692913383
0
LINE
8
BLACK
6
CONTINUOUS
10
-2.0931382283464566
20
3.2306806692913383
11
-2.093991653543307
21
3.2319579527559053
0
LINE
8
BLACK
6
CONTINUOUS
10
-2.093991653543307
20
3.2319579527559053
11
-2.0942913385826771
21
3.233464566929134
0
LINE
8
BLACK
6
CONTINUOUS
10
-2.0942913385826771
20
3.233464566929134
11
-2.0942913385826771
21
3.2413385826771655
0
LINE
8
BLACK
6
CONTINUOUS
10
-2.0942913385826771
20
3.2413385826771655
11
-2.093991653543307
21
3.2428451968503937
0
LINE
8
BLACK
6
CONTINUOUS
10
-2.093991653543307
20
3.2428451968503937
11
-2.0931382283464566
21
3.2441224803149606
0
LINE
8
BLACK
6
CONTINUOUS
10
-2.0931382283464566
20
3.2441224803149606
11
-2.0918609448818897
21
3.244975905511811
0
LINE
8
BLACK
6
CONTINUOUS
10
-2.0918609448818897
20
3.244975905511811
11
-2.0903543307086614
21
3.2452755905511812
0
LINE
8
BLACK
6
CONTINUOUS
10
-2.0903543307086614
20
3.2452755905511812
11
-2.0726377952755906
21
3.2452755905511812
0
LINE
8
BLACK
6
CONTINUOUS
10
-2.0726377952755906
20
3.2452755905511812
11
-2.0711311811023623
21
3.244975905511811
0
LINE
8
BLACK
6
CONTINUOUS
10
-1.996328031496063
20
3.244975905511811
11
-1.9950507480314961
21
3.2441224803149606
0
LINE
8
BLACK
6
CONTINUOUS
10
-1.9950507480314961
20
3.2441224803149606
11
-1.9941973228346457
21
3.2428451968503937
0
LINE
8
BLACK
6
CONTINUOUS
10
-1.9941973228346457
20
3.2428451968503937
11
-1.9938976377952755
21
3.2413385826771655
0
LINE
8
BLACK
6
CONTINUOUS
10
-1.9938976377952755
20
3.2413385826771655
11
-1.9938976377952755
21
3.233464566929134
0
LINE
8
BLACK
6
CONTINUOUS
10
-1.9938976377952755
20
3.233464566929134
11
-1.9941973228346457
21
3.2319579527559053
0
LINE
8
BLACK
6
CONTINUOUS
10
-1.9941973228346457
20
3.2319579527559053
11
-1.9950507480314961
21
3.2306806692913383
0
LINE
8
BLACK
6
CONTINUOUS
10
-1.9950507480314961
20
3.2306806692913383
11
-1.996328031496063
21
3.229827244094488
0
LINE
8
BLACK
6
CONTINUOUS
10
-1.996328031496063
20
3.229827244094488
11
-1.9978346456692913
21
3.2295275590551182
0
LINE
8
BLACK
6
CONTINUOUS
10
-1.9978346456692913
20
3.2295275590551182
11
-2.0155511811023623
21
3.2295275590551182
0
LINE
8
BLACK
6
CONTINUOUS
10
-2.0155511811023623
20
3.2295275590551182
11
-2.0170577952755906
21
3.229827244094488
0
LINE
8
BLACK
6
CONTINUOUS
10
-2.0170577952755906
20
3.229827244094488
11
-2.0183350787401575
21
3.2306806692913383
0
LINE
8
BLACK
6
CONTINUOUS
10
-2.0183350787401575
20
3.2306806692913383
11
-2.0191885039370079
21
3.2319579527559053
0
LINE
8
BLACK
6
CONTINUOUS
10
-2.0191885039370079
20
3.2319579527559053
11
-2.0194881889763781
21
3.233464566929134
0
LINE
8
BLACK
6
CONTINUOUS
10
-2.0194881889763781
20
3.233464566929134
11
-2.0194881889763781
21
3.2413385826771655
0
LINE
8
BLACK
6
CONTINUOUS
10
-2.0194881889763781
20
3.2413385826771655
11
-2.0191885039370079
21
3.2428451968503937
0
LINE
8
BLACK
6
CONTINUOUS
10
-2.0191885039370079
20
3.2428451968503937
11
-2.0183350787401575
21
3.2441224803149606
0
LINE
8
BLACK
6
CONTINUOUS
10
-2.0183350787401575
20
3.2441224803149606
11
-2.0170577952755906
21
3.244975905511811
0
LINE
8
BLACK
6
CONTINUOUS
10
-2.0170577952755906
20
3.244975905511811
11
-2.0155511811023623
21
3.2452755905511812
0
LINE
8
BLACK
6
CONTINUOUS
10
-2.0155511811023623
20
3.2452755905511812
11
-1.9978346456692913
21
3.2452755905511812
0
LINE
8
BLACK
6
CONTINUOUS
10
-1.9978346456692913
20
3.2452755905511812
11
-1.996328031496063
21
3.244975905511811
0
LINE
8
BLACK
6
CONTINUOUS
10
-2.2114173228346456
20
3.2403543307086613
11
-2.2291338582677165
21
3.2403543307086613
0
LINE
8
BLACK
6
CONTINUOUS
10
-2.2291338582677165
20
3.2403543307086613
11
-2.2291338582677165
21
3.2974409448818895
0
LINE
8
BLACK
6
CONTINUOUS
10
-2.2291338582677165
20
3.2974409448818895
11
-2.2114173228346456
21
3.2974409448818895
0
LINE
8
BLACK
6
CONTINUOUS
10
-2.2114173228346456
20
3.2974409448818895
11
-2.2114173228346456
21
3.2403543307086613
0
LINE
8
BLACK
6
CONTINUOUS
10
-2.1858267716535433
20
3.2403543307086613
11
-2.2035433070866142
21
3.2403543307086613
0
LINE
8
BLACK
6
CONTINUOUS
10
-2.2035433070866142
20
3.2403543307086613
11
-2.2035433070866142
21
3.2974409448818895
0
LINE
8
BLACK
6
CONTINUOUS
10
-2.2035433070866142
20
3.2974409448818895
11
-2.1858267716535433
21
3.2974409448818895
0
LINE
8
BLACK
6
CONTINUOUS
10
-2.1858267716535433
20
3.2974409448818895
11
-2.1858267716535433
21
3.2403543307086613
0
LINE
8
BLACK
6
CONTINUOUS
10
-2.160236220472441
20
3.2403543307086613
11
-2.1779527559055119
21
3.2403543307086613
0
LINE
8
BLACK
6
CONTINUOUS
10
-2.1779527559055119
20
3.2403543307086613
11
-2.1779527559055119
21
3.2974409448818895
0
LINE
8
BLACK
6
CONTINUOUS
10
-2.1779527559055119
20
3.2974409448818895
11
-2.160236220472441
21
3.2974409448818895
0
LINE
8
BLACK
6
CONTINUOUS
10
-2.160236220472441
20
3.2974409448818895
11
-2.160236220472441
21
3.2403543307086613
0
LINE
8
BLACK
6
CONTINUOUS
10
-2.1346456692913387
20
3.2403543307086613
11
-2.1523622047244095
21
3.2403543307086613
0
LINE
8
BLACK
6
CONTINUOUS
10
-2.1523622047244095
20
3.2403543307086613
11
-2.1523622047244095
21
3.2974409448818895
0
LINE
8
BLACK
6
CONTINUOUS
10
-2.1523622047244095
20
3.2974409448818895
11
-2.1346456692913387
21
3.2974409448818895
0
LINE
8
BLACK
6
CONTINUOUS
10
-2.1346456692913387
20
3.2974409448818895
11
-2.1346456692913387
21
3.2403543307086613
0
LINE
8
BLACK
6
CONTINUOUS
10
-1.9093080314960629
20
3.2649347637795274
11
-1.9075198818897638
21
3.2637399606299211
0
LINE
8
BLACK
6
CONTINUOUS
10
-1.9075198818897638
20
3.2637399606299211
11
-1.9063250787401573
21
3.2619518110236219
0
LINE
8
BLACK
6
CONTINUOUS
10
-1.9063250787401573
20
3.2619518110236219
11
-1.9059055118110235
21
3.2598425196850394
0
LINE
8
BLACK
6
CONTINUOUS
10
-1.9059055118110235
20
3.2598425196850394
11
-1.9059055118110235
21
3.2488188976377952
0
LINE
8
BLACK
6
CONTINUOUS
10
-1.9059055118110235
20
3.2488188976377952
11
-1.9063250787401573
21
3.2467096062992127
0
LINE
8
BLACK
6
CONTINUOUS
10
-1.9063250787401573
20
3.2467096062992127
11
-1.9075198818897638
21
3.2449214566929134
0
LINE
8
BLACK
6
CONTINUOUS
10
-1.9075198818897638
20
3.2449214566929134
11
-1.9093080314960629
21
3.2437266535433071
0
LINE
8
BLACK
6
CONTINUOUS
10
-1.9093080314960629
20
3.2437266535433071
11
-1.9114173228346456
21
3.2433070866141733
0
LINE
8
BLACK
6
CONTINUOUS
10
-1.9114173228346456
20
3.2433070866141733
11
-1.9248031496062992
21
3.2433070866141733
0
LINE
8
BLACK
6
CONTINUOUS
10
-1.9248031496062992
20
3.2433070866141733
11
-1.9269124409448819
21
3.2437266535433071
0
LINE
8
BLACK
6
CONTINUOUS
10
-1.9269124409448819
20
3.2437266535433071
11
-1.9287005905511811
21
3.2449214566929134
0
LINE
8
BLACK
6
CONTINUOUS
10
-1.9287005905511811
20
3.2449214566929134
11
-1.9298953937007874
21
3.2467096062992127
0
LINE
8
BLACK
6
CONTINUOUS
10
-1.9298953937007874
20
3.2467096062992127
11
-1.9303149606299213
21
3.2488188976377952
0
LINE
8
BLACK
6
CONTINUOUS
10
-1.9303149606299213
20
3.2488188976377952
11
-1.9303149606299213
21
3.2598425196850394
0
LINE
8
BLACK
6
CONTINUOUS
10
-1.9303149606299213
20
3.2598425196850394
11
-1.9298953937007874
21
3.2619518110236219
0
LINE
8
BLACK
6
CONTINUOUS
10
-1.9298953937007874
20
3.2619518110236219
11
-1.9287005905511811
21
3.2637399606299211
0
LINE
8
BLACK
6
CONTINUOUS
10
-1.9287005905511811
20
3.2637399606299211
11
-1.9269124409448819
21
3.2649347637795274
0
LINE
8
BLACK
6
CONTINUOUS
10
-1.9269124409448819
20
3.2649347637795274
11
-1.9248031496062992
21
3.2653543307086612
0
LINE
8
BLACK
6
CONTINUOUS
10
-1.9248031496062992
20
3.2653543307086612
11
-1.9114173228346456
21
3.2653543307086612
0
LINE
8
BLACK
6
CONTINUOUS
10
-1.9114173228346456
20
3.2653543307086612
11
-1.9093080314960629
21
3.2649347637795274
0
LINE
8
BLACK
6
CONTINUOUS
10
-1.7911977952755904
20
3.2649347637795274
11
-1.7894096456692914
21
3.2637399606299211
0
LINE
8
BLACK
6
CONTINUOUS
10
-1.7894096456692914
20
3.2637399606299211
11
-1.7882148425196851
21
3.2619518110236219
0
LINE
8
BLACK
6
CONTINUOUS
10
-1.7882148425196851
20
3.2619518110236219
11
-1.7877952755905511
21
3.2598425196850394
0
LINE
8
BLACK
6
CONTINUOUS
10
-1.7877952755905511
20
3.2598425196850394
11
-1.7877952755905511
21
3.2488188976377952
0
LINE
8
BLACK
6
CONTINUOUS
10
-1.7877952755905511
20
3.2488188976377952
11
-1.7882148425196851
21
3.2467096062992127
0
LINE
8
BLACK
6
CONTINUOUS
10
-1.7882148425196851
20
3.2467096062992127
11
-1.7894096456692914
21
3.2449214566929134
0
LINE
8
BLACK
6
CONTINUOUS
10
-1.7894096456692914
20
3.2449214566929134
11
-1.7911977952755904
21
3.2437266535433071
0
LINE
8
BLACK
6
CONTINUOUS
10
-1.7911977952755904
20
3.2437266535433071
11
-1.7933070866141732
21
3.2433070866141733
0
LINE
8
BLACK
6
CONTINUOUS
10
-1.7933070866141732
20
3.2433070866141733
11
-1.8066929133858267
21
3.2433070866141733
0
LINE
8
BLACK
6
CONTINUOUS
10
-1.8066929133858267
20
3.2433070866141733
11
-1.8088022047244094
21
3.2437266535433071
0
LINE
8
BLACK
6
CONTINUOUS
10
-1.8088022047244094
20
3.2437266535433071
11
-1.8105903543307087
21
3.2449214566929134
0
LINE
8
BLACK
6
CONTINUOUS
10
-1.8105903543307087
20
3.2449214566929134
11
-1.811785157480315
21
3.2467096062992127
0
LINE
8
BLACK
6
CONTINUOUS
10
-1.811785157480315
20
3.2467096062992127
11
-1.8122047244094488
21
3.2488188976377952
0
LINE
8
BLACK
6
CONTINUOUS
10
-1.8122047244094488
20
3.2488188976377952
11
-1.8122047244094488
21
3.2598425196850394
0
LINE
8
BLACK
6
CONTINUOUS
10
-1.8122047244094488
20
3.2598425196850394
11
-1.811785157480315
21
3.2619518110236219
0
LINE
8
BLACK
6
CONTINUOUS
10
-1.811785157480315
20
3.2619518110236219
11
-1.8105903543307087
21
3.2637399606299211
0
LINE
8
BLACK
6
CONTINUOUS
10
-1.8105903543307087
20
3.2637399606299211
11
-1.8088022047244094
21
3.2649347637795274
0
LINE
8
BLACK
6
CONTINUOUS
10
-1.8088022047244094
20
3.2649347637795274
11
-1.8066929133858267
21
3.2653543307086612
0
LINE
8
BLACK
6
CONTINUOUS
10
-1.8066929133858267
20
3.2653543307086612
11
-1.7933070866141732
21
3.2653543307086612
0
LINE
8
BLACK
6
CONTINUOUS
10
-1.7933070866141732
20
3.2653543307086612
11
-1.7911977952755904
21
3.2649347637795274
0
LINE
8
BLACK
6
CONTINUOUS
10
-1.8699379527559055
20
3.266509566929134
11
-1.8681498031496062
21
3.2653147637795277
0
LINE
8
BLACK
6
CONTINUOUS
10
-1.8681498031496062
20
3.2653147637795277
11
-1.8669549999999999
21
3.2635266141732284
0
LINE
8
BLACK
6
CONTINUOUS
10
-1.8669549999999999
20
3.2635266141732284
11
-1.8665354330708661
21
3.2614173228346455
0
LINE
8
BLACK
6
CONTINUOUS
10
-1.8665354330708661
20
3.2614173228346455
11
-1.8665354330708661
21
3.2503937007874013
0
LINE
8
BLACK
6
CONTINUOUS
10
-1.8665354330708661
20
3.2503937007874013
11
-1.8669549999999999
21
3.2482844094488188
0
LINE
8
BLACK
6
CONTINUOUS
10
-1.8669549999999999
20
3.2482844094488188
11
-1.8681498031496062
21
3.2464962598425195
0
LINE
8
BLACK
6
CONTINUOUS
10
-1.8681498031496062
20
3.2464962598425195
11
-1.8699379527559055
21
3.2453014566929133
0
LINE
8
BLACK
6
CONTINUOUS
10
-1.8699379527559055
20
3.2453014566929133
11
-1.8720472440944882
21
3.2448818897637794
0
LINE
8
BLACK
6
CONTINUOUS
10
-1.8720472440944882
20
3.2448818897637794
11
-1.8854330708661418
21
3.2448818897637794
0
LINE
8
BLACK
6
CONTINUOUS
10
-1.8854330708661418
20
3.2448818897637794
11
-1.8875423622047243
21
3.2453014566929133
0
LINE
8
BLACK
6
CONTINUOUS
10
-1.8875423622047243
20
3.2453014566929133
11
-1.8893305118110235
21
3.2464962598425195
0
LINE
8
BLACK
6
CONTINUOUS
10
-1.8893305118110235
20
3.2464962598425195
11
-1.8905253149606298
21
3.2482844094488188
0
LINE
8
BLACK
6
CONTINUOUS
10
-1.8905253149606298
20
3.2482844094488188
11
-1.8909448818897638
21
3.2503937007874013
0
LINE
8
BLACK
6
CONTINUOUS
10
-1.8909448818897638
20
3.2503937007874013
11
-1.8909448818897638
21
3.2614173228346455
0
LINE
8
BLACK
6
CONTINUOUS
10
-1.8909448818897638
20
3.2614173228346455
11
-1.8905253149606298
21
3.2635266141732284
0
LINE
8
BLACK
6
CONTINUOUS
10
-1.8905253149606298
20
3.2635266141732284
11
-1.8893305118110235
21
3.2653147637795277
0
LINE
8
BLACK
6
CONTINUOUS
10
-1.8893305118110235
20
3.2653147637795277
11
-1.8875423622047243
21
3.266509566929134
0
LINE
8
BLACK
6
CONTINUOUS
10
-1.8875423622047243
20
3.266509566929134
11
-1.8854330708661418
21
3.2669291338582678
0
LINE
8
BLACK
6
CONTINUOUS
10
-1.8854330708661418
20
3.2669291338582678
11
-1.8720472440944882
21
3.2669291338582678
0
LINE
8
BLACK
6
CONTINUOUS
10
-1.8720472440944882
20
3.2669291338582678
11
-1.8699379527559055
21
3.266509566929134
0
LINE
8
BLACK
6
CONTINUOUS
10
-1.8305678740157481
20
3.266509566929134
11
-1.8287797244094488
21
3.2653147637795277
0
LINE
8
BLACK
6
CONTINUOUS
10
-1.8287797244094488
20
3.2653147637795277
11
-1.8275849212598425
21
3.2635266141732284
0
LINE
8
BLACK
6
CONTINUOUS
10
-1.8275849212598425
20
3.2635266141732284
11
-1.8271653543307087
21
3.2614173228346455
0
LINE
8
BLACK
6
CONTINUOUS
10
-1.8271653543307087
20
3.2614173228346455
11
-1.8271653543307087
21
3.2503937007874013
0
LINE
8
BLACK
6
CONTINUOUS
10
-1.8271653543307087
20
3.2503937007874013
11
-1.8275849212598425
21
3.2482844094488188
0
LINE
8
BLACK
6
CONTINUOUS
10
-1.8275849212598425
20
3.2482844094488188
11
-1.8287797244094488
21
3.2464962598425195
0
LINE
8
BLACK
6
CONTINUOUS
10
-1.8287797244094488
20
3.2464962598425195
11
-1.8305678740157481
21
3.2453014566929133
0
LINE
8
BLACK
6
CONTINUOUS
10
-1.8305678740157481
20
3.2453014566929133
11
-1.8326771653543306
21
3.2448818897637794
0
LINE
8
BLACK
6
CONTINUOUS
10
-1.8326771653543306
20
3.2448818897637794
11
-1.8460629921259841
21
3.2448818897637794
0
LINE
8
BLACK
6
CONTINUOUS
10
-1.8460629921259841
20
3.2448818897637794
11
-1.8481722834645669
21
3.2453014566929133
0
LINE
8
BLACK
6
CONTINUOUS
10
-1.8481722834645669
20
3.2453014566929133
11
-1.8499604330708661
21
3.2464962598425195
0
LINE
8
BLACK
6
CONTINUOUS
10
-1.8499604330708661
20
3.2464962598425195
11
-1.8511552362204724
21
3.2482844094488188
0
LINE
8
BLACK
6
CONTINUOUS
10
-1.8511552362204724
20
3.2482844094488188
11
-1.8515748031496062
21
3.2503937007874013
0
LINE
8
BLACK
6
CONTINUOUS
10
-1.8515748031496062
20
3.2503937007874013
11
-1.8515748031496062
21
3.2614173228346455
0
LINE
8
BLACK
6
CONTINUOUS
10
-1.8515748031496062
20
3.2614173228346455
11
-1.8511552362204724
21
3.2635266141732284
0
LINE
8
BLACK
6
CONTINUOUS
10
-1.8511552362204724
20
3.2635266141732284
11
-1.8499604330708661
21
3.2653147637795277
0
LINE
8
BLACK
6
CONTINUOUS
10
-1.8499604330708661
20
3.2653147637795277
11
-1.8481722834645669
21
3.266509566929134
0
LINE
8
BLACK
6
CONTINUOUS
10
-1.8481722834645669
20
3.266509566929134
11
-1.8460629921259841
21
3.2669291338582678
0
LINE
8
BLACK
6
CONTINUOUS
10
-1.8460629921259841
20
3.2669291338582678
11
-1.8326771653543306
21
3.2669291338582678
0
LINE
8
BLACK
6
CONTINUOUS
10
-1.8326771653543306
20
3.2669291338582678
11
-1.8305678740157481
21
3.266509566929134
0
LINE
8
BLACK
6
CONTINUOUS
10
-2.2715127559055119
20
3.2806827952755904
11
-2.2697246062992127
21
3.2794879921259841
0
LINE
8
BLACK
6
CONTINUOUS
10
-2.2697246062992127
20
3.2794879921259841
11
-2.2685298031496064
21
3.2776998425196848
0
LINE
8
BLACK
6
CONTINUOUS
10
-2.2685298031496064
20
3.2776998425196848
11
-2.2681102362204726
21
3.2755905511811023
0
LINE
8
BLACK
6
CONTINUOUS
10
-2.2681102362204726
20
3.2755905511811023
11
-2.2681102362204726
21
3.2645669291338582
0
LINE
8
BLACK
6
CONTINUOUS
10
-2.2681102362204726
20
3.2645669291338582
11
-2.2685298031496064
21
3.2624576377952756
0
LINE
8
BLACK
6
CONTINUOUS
10
-2.2685298031496064
20
3.2624576377952756
11
-2.2697246062992127
21
3.2606694881889764
0
LINE
8
BLACK
6
CONTINUOUS
10
-2.2697246062992127
20
3.2606694881889764
11
-2.2715127559055119
21
3.2594746850393701
0
LINE
8
BLACK
6
CONTINUOUS
10
-2.2715127559055119
20
3.2594746850393701
11
-2.2736220472440944
21
3.2590551181102363
0
LINE
8
BLACK
6
CONTINUOUS
10
-2.2736220472440944
20
3.2590551181102363
11
-2.2870078740157478
21
3.2590551181102363
0
LINE
8
BLACK
6
CONTINUOUS
10
-2.2870078740157478
20
3.2590551181102363
11
-2.2891171653543307
21
3.2594746850393701
0
LINE
8
BLACK
6
CONTINUOUS
10
-2.2891171653543307
20
3.2594746850393701
11
-2.29090531496063
21
3.2606694881889764
0
LINE
8
BLACK
6
CONTINUOUS
10
-2.29090531496063
20
3.2606694881889764
11
-2.2921001181102363
21
3.2624576377952756
0
LINE
8
BLACK
6
CONTINUOUS
10
-2.2921001181102363
20
3.2624576377952756
11
-2.2925196850393701
21
3.2645669291338582
0
LINE
8
BLACK
6
CONTINUOUS
10
-2.2925196850393701
20
3.2645669291338582
11
-2.2925196850393701
21
3.2755905511811023
0
LINE
8
BLACK
6
CONTINUOUS
10
-2.2925196850393701
20
3.2755905511811023
11
-2.2921001181102363
21
3.2776998425196848
0
LINE
8
BLACK
6
CONTINUOUS
10
-2.2921001181102363
20
3.2776998425196848
11
-2.29090531496063
21
3.2794879921259841
0
LINE
8
BLACK
6
CONTINUOUS
10
-2.29090531496063
20
3.2794879921259841
11
-2.2891171653543307
21
3.2806827952755904
0
LINE
8
BLACK
6
CONTINUOUS
10
-2.2891171653543307
20
3.2806827952755904
11
-2.2870078740157478
21
3.2811023622047242
0
LINE
8
BLACK
6
CONTINUOUS
10
-2.2870078740157478
20
3.2811023622047242
11
-2.2736220472440944
21
3.2811023622047242
0
LINE
8
BLACK
6
CONTINUOUS
10
-2.2736220472440944
20
3.2811023622047242
11
-2.2715127559055119
21
3.2806827952755904
0
LINE
8
BLACK
6
CONTINUOUS
10
-1.8699379527559055
20
3.3043048425196848
11
-1.8681498031496062
21
3.3031100393700785
0
LINE
8
BLACK
6
CONTINUOUS
10
-1.8681498031496062
20
3.3031100393700785
11
-1.8669549999999999
21
3.3013218897637793
0
LINE
8
BLACK
6
CONTINUOUS
10
-1.8669549999999999
20
3.3013218897637793
11
-1.8665354330708661
21
3.2992125984251968
0
LINE
8
BLACK
6
CONTINUOUS
10
-1.8665354330708661
20
3.2992125984251968
11
-1.8665354330708661
21
3.2881889763779526
0
LINE
8
BLACK
6
CONTINUOUS
10
-1.8665354330708661
20
3.2881889763779526
11
-1.8669549999999999
21
3.2860796850393701
0
LINE
8
BLACK
6
CONTINUOUS
10
-1.8669549999999999
20
3.2860796850393701
11
-1.8681498031496062
21
3.2842915354330708
0
LINE
8
BLACK
6
CONTINUOUS
10
-1.8681498031496062
20
3.2842915354330708
11
-1.8699379527559055
21
3.2830967322834645
0
LINE
8
BLACK
6
CONTINUOUS
10
-1.8699379527559055
20
3.2830967322834645
11
-1.8720472440944882
21
3.2826771653543307
0
LINE
8
BLACK
6
CONTINUOUS
10
-1.8720472440944882
20
3.2826771653543307
11
-1.8854330708661418
21
3.2826771653543307
0
LINE
8
BLACK
6
CONTINUOUS
10
-1.8854330708661418
20
3.2826771653543307
11
-1.8875423622047243
21
3.2830967322834645
0
LINE
8
BLACK
6
CONTINUOUS
10
-1.8875423622047243
20
3.2830967322834645
11
-1.8893305118110235
21
3.2842915354330708
0
LINE
8
BLACK
6
CONTINUOUS
10
-1.8893305118110235
20
3.2842915354330708
11
-1.8905253149606298
21
3.2860796850393701
0
LINE
8
BLACK
6
CONTINUOUS
10
-1.8905253149606298
20
3.2860796850393701
11
-1.8909448818897638
21
3.2881889763779526
0
LINE
8
BLACK
6
CONTINUOUS
10
-1.8909448818897638
20
3.2881889763779526
11
-1.8909448818897638
21
3.2992125984251968
0
LINE
8
BLACK
6
CONTINUOUS
10
-1.8909448818897638
20
3.2992125984251968
11
-1.8905253149606298
21
3.3013218897637793
0
LINE
8
BLACK
6
CONTINUOUS
10
-1.8905253149606298
20
3.3013218897637793
11
-1.8893305118110235
21
3.3031100393700785
0
LINE
8
BLACK
6
CONTINUOUS
10
-1.8893305118110235
20
3.3031100393700785
11
-1.8875423622047243
21
3.3043048425196848
0
LINE
8
BLACK
6
CONTINUOUS
10
-1.8875423622047243
20
3.3043048425196848
11
-1.8854330708661418
21
3.3047244094488186
0
LINE
8
BLACK
6
CONTINUOUS
10
-1.8854330708661418
20
3.3047244094488186
11
-1.8720472440944882
21
3.3047244094488186
0
LINE
8
BLACK
6
CONTINUOUS
10
-1.8720472440944882
20
3.3047244094488186
11
-1.8699379527559055
21
3.3043048425196848
0
LINE
8
BLACK
6
CONTINUOUS
10
-1.8305678740157481
20
3.3043048425196848
11
-1.8287797244094488
21
3.3031100393700785
0
LINE
8
BLACK
6
CONTINUOUS
10
-1.8287797244094488
20
3.3031100393700785
11
-1.8275849212598425
21
3.3013218897637793
0
LINE
8
BLACK
6
CONTINUOUS
10
-1.8275849212598425
20
3.3013218897637793
11
-1.8271653543307087
21
3.2992125984251968
0
LINE
8
BLACK
6
CONTINUOUS
10
-1.8271653543307087
20
3.2992125984251968
11
-1.8271653543307087
21
3.2881889763779526
0
LINE
8
BLACK
6
CONTINUOUS
10
-1.8271653543307087
20
3.2881889763779526
11
-1.8275849212598425
21
3.2860796850393701
0
LINE
8
BLACK
6
CONTINUOUS
10
-1.8275849212598425
20
3.2860796850393701
11
-1.8287797244094488
21
3.2842915354330708
0
LINE
8
BLACK
6
CONTINUOUS
10
-1.8287797244094488
20
3.2842915354330708
11
-1.8305678740157481
21
3.2830967322834645
0
LINE
8
BLACK
6
CONTINUOUS
10
-1.8305678740157481
20
3.2830967322834645
11
-1.8326771653543306
21
3.2826771653543307
0
LINE
8
BLACK
6
CONTINUOUS
10
-1.8326771653543306
20
3.2826771653543307
11
-1.8460629921259841
21
3.2826771653543307
0
LINE
8
BLACK
6
CONTINUOUS
10
-1.8460629921259841
20
3.2826771653543307
11
-1.8481722834645669
21
3.2830967322834645
0
LINE
8
BLACK
6
CONTINUOUS
10
-1.8481722834645669
20
3.2830967322834645
11
-1.8499604330708661
21
3.2842915354330708
0
LINE
8
BLACK
6
CONTINUOUS
10
-1.8499604330708661
20
3.2842915354330708
11
-1.8511552362204724
21
3.2860796850393701
0
LINE
8
BLACK
6
CONTINUOUS
10
-1.8511552362204724
20
3.2860796850393701
11
-1.8515748031496062
21
3.2881889763779526
0
LINE
8
BLACK
6
CONTINUOUS
10
-1.8515748031496062
20
3.2881889763779526
11
-1.8515748031496062
21
3.2992125984251968
0
LINE
8
BLACK
6
CONTINUOUS
10
-1.8515748031496062
20
3.2992125984251968
11
-1.8511552362204724
21
3.3013218897637793
0
LINE
8
BLACK
6
CONTINUOUS
10
-1.8511552362204724
20
3.3013218897637793
11
-1.8499604330708661
21
3.3031100393700785
0
LINE
8
BLACK
6
CONTINUOUS
10
-1.8499604330708661
20
3.3031100393700785
11
-1.8481722834645669
21
3.3043048425196848
0
LINE
8
BLACK
6
CONTINUOUS
10
-1.8481722834645669
20
3.3043048425196848
11
-1.8460629921259841
21
3.3047244094488186
0
LINE
8
BLACK
6
CONTINUOUS
10
-1.8460629921259841
20
3.3047244094488186
11
-1.8326771653543306
21
3.3047244094488186
0
LINE
8
BLACK
6
CONTINUOUS
10
-1.8326771653543306
20
3.3047244094488186
11
-1.8305678740157481
21
3.3043048425196848
0
LINE
8
BLACK
6
CONTINUOUS
10
-1.8949500787401574
20
3.3522593700787402
11
-1.8936727952755905
21
3.3514059448818898
0
LINE
8
BLACK
6
CONTINUOUS
10
-1.8936727952755905
20
3.3514059448818898
11
-1.8928193700787401
21
3.3501286614173229
0
LINE
8
BLACK
6
CONTINUOUS
10
-1.8928193700787401
20
3.3501286614173229
11
-1.89251968503937
21
3.3486220472440946
0
LINE
8
BLACK
6
CONTINUOUS
10
-1.89251968503937
20
3.3486220472440946
11
-1.89251968503937
21
3.3309055118110233
0
LINE
8
BLACK
6
CONTINUOUS
10
-1.89251968503937
20
3.3309055118110233
11
-1.8928193700787401
21
3.3293988976377951
0
LINE
8
BLACK
6
CONTINUOUS
10
-1.8928193700787401
20
3.3293988976377951
11
-1.8936727952755905
21
3.3281216141732282
0
LINE
8
BLACK
6
CONTINUOUS
10
-1.8936727952755905
20
3.3281216141732282
11
-1.8949500787401574
21
3.3272681889763778
0
LINE
8
BLACK
6
CONTINUOUS
10
-1.8949500787401574
20
3.3272681889763778
11
-1.8964566929133857
21
3.3269685039370076
0
LINE
8
BLACK
6
CONTINUOUS
10
-1.8964566929133857
20
3.3269685039370076
11
-1.9043307086614172
21
3.3269685039370076
0
LINE
8
BLACK
6
CONTINUOUS
10
-1.9043307086614172
20
3.3269685039370076
11
-1.9058373228346457
21
3.3272681889763778
0
LINE
8
BLACK
6
CONTINUOUS
10
-1.9058373228346457
20
3.3272681889763778
11
-1.9071146062992126
21
3.3281216141732282
0
LINE
8
BLACK
6
CONTINUOUS
10
-1.9071146062992126
20
3.3281216141732282
11
-1.907968031496063
21
3.3293988976377951
0
LINE
8
BLACK
6
CONTINUOUS
10
-1.907968031496063
20
3.3293988976377951
11
-1.9082677165354329
21
3.3309055118110233
0
LINE
8
BLACK
6
CONTINUOUS
10
-1.9082677165354329
20
3.3309055118110233
11
-1.9082677165354329
21
3.3486220472440946
0
LINE
8
BLACK
6
CONTINUOUS
10
-1.9082677165354329
20
3.3486220472440946
11
-1.907968031496063
21
3.3501286614173229
0
LINE
8
BLACK
6
CONTINUOUS
10
-1.907968031496063
20
3.3501286614173229
11
-1.9071146062992126
21
3.3514059448818898
0
LINE
8
BLACK
6
CONTINUOUS
10
-1.9071146062992126
20
3.3514059448818898
11
-1.9058373228346457
21
3.3522593700787402
0
LINE
8
BLACK
6
CONTINUOUS
10
-1.9058373228346457
20
3.3522593700787402
11
-1.9043307086614172
21
3.3525590551181104
0
LINE
8
BLACK
6
CONTINUOUS
10
-1.9043307086614172
20
3.3525590551181104
11
-1.8964566929133857
21
3.3525590551181104
0
LINE
8
BLACK
6
CONTINUOUS
10
-1.8964566929133857
20
3.3525590551181104
11
-1.8949500787401574
21
3.3522593700787402
0
LINE
8
BLACK
6
CONTINUOUS
10
-1.8693595275590551
20
3.3522593700787402
11
-1.8680822440944882
21
3.3514059448818898
0
LINE
8
BLACK
6
CONTINUOUS
10
-1.8680822440944882
20
3.3514059448818898
11
-1.8672288188976378
21
3.3501286614173229
0
LINE
8
BLACK
6
CONTINUOUS
10
-1.8672288188976378
20
3.3501286614173229
11
-1.8669291338582676
21
3.3486220472440946
0
LINE
8
BLACK
6
CONTINUOUS
10
-1.8669291338582676
20
3.3486220472440946
11
-1.8669291338582676
21
3.3309055118110233
0
LINE
8
BLACK
6
CONTINUOUS
10
-1.8669291338582676
20
3.3309055118110233
11
-1.8672288188976378
21
3.3293988976377951
0
LINE
8
BLACK
6
CONTINUOUS
10
-1.8672288188976378
20
3.3293988976377951
11
-1.8680822440944882
21
3.3281216141732282
0
LINE
8
BLACK
6
CONTINUOUS
10
-1.8680822440944882
20
3.3281216141732282
11
-1.8693595275590551
21
3.3272681889763778
0
LINE
8
BLACK
6
CONTINUOUS
10
-1.8693595275590551
20
3.3272681889763778
11
-1.8708661417322834
21
3.3269685039370076
0
LINE
8
BLACK
6
CONTINUOUS
10
-1.8708661417322834
20
3.3269685039370076
11
-1.8787401574803149
21
3.3269685039370076
0
LINE
8
BLACK
6
CONTINUOUS
10
-1.8787401574803149
20
3.3269685039370076
11
-1.8802467716535434
21
3.3272681889763778
0
LINE
8
BLACK
6
CONTINUOUS
10
-1.8802467716535434
20
3.3272681889763778
11
-1.8815240551181103
21
3.3281216141732282
0
LINE
8
BLACK
6
CONTINUOUS
10
-1.8815240551181103
20
3.3281216141732282
11
-1.8823774803149607
21
3.3293988976377951
0
LINE
8
BLACK
6
CONTINUOUS
10
-1.8823774803149607
20
3.3293988976377951
11
-1.8826771653543306
21
3.3309055118110233
0
LINE
8
BLACK
6
CONTINUOUS
10
-1.8826771653543306
20
3.3309055118110233
11
-1.8826771653543306
21
3.3486220472440946
0
LINE
8
BLACK
6
CONTINUOUS
10
-1.8826771653543306
20
3.3486220472440946
11
-1.8823774803149607
21
3.3501286614173229
0
LINE
8
BLACK
6
CONTINUOUS
10
-1.8823774803149607
20
3.3501286614173229
11
-1.8815240551181103
21
3.3514059448818898
0
LINE
8
BLACK
6
CONTINUOUS
10
-1.8815240551181103
20
3.3514059448818898
11
-1.8802467716535434
21
3.3522593700787402
0
LINE
8
BLACK
6
CONTINUOUS
10
-1.8802467716535434
20
3.3522593700787402
11
-1.8787401574803149
21
3.3525590551181104
0
LINE
8
BLACK
6
CONTINUOUS
10
-1.8787401574803149
20
3.3525590551181104
11
-1.8708661417322834
21
3.3525590551181104
0
LINE
8
BLACK
6
CONTINUOUS
10
-1.8708661417322834
20
3.3525590551181104
11
-1.8693595275590551
21
3.3522593700787402
0
LINE
8
BLACK
6
CONTINUOUS
10
-1.8437689763779528
20
3.3522593700787402
11
-1.8424916929133859
21
3.3514059448818898
0
LINE
8
BLACK
6
CONTINUOUS
10
-1.8424916929133859
20
3.3514059448818898
11
-1.8416382677165355
21
3.3501286614173229
0
LINE
8
BLACK
6
CONTINUOUS
10
-1.8416382677165355
20
3.3501286614173229
11
-1.8413385826771653
21
3.3486220472440946
0
LINE
8
BLACK
6
CONTINUOUS
10
-1.8413385826771653
20
3.3486220472440946
11
-1.8413385826771653
21
3.3309055118110233
0
LINE
8
BLACK
6
CONTINUOUS
10
-1.8413385826771653
20
3.3309055118110233
11
-1.8416382677165355
21
3.3293988976377951
0
LINE
8
BLACK
6
CONTINUOUS
10
-1.8416382677165355
20
3.3293988976377951
11
-1.8424916929133859
21
3.3281216141732282
0
LINE
8
BLACK
6
CONTINUOUS
10
-1.8424916929133859
20
3.3281216141732282
11
-1.8437689763779528
21
3.3272681889763778
0
LINE
8
BLACK
6
CONTINUOUS
10
-1.8437689763779528
20
3.3272681889763778
11
-1.8452755905511811
21
3.3269685039370076
0
LINE
8
BLACK
6
CONTINUOUS
10
-1.8452755905511811
20
3.3269685039370076
11
-1.8531496062992125
21
3.3269685039370076
0
LINE
8
BLACK
6
CONTINUOUS
10
-1.8531496062992125
20
3.3269685039370076
11
-1.8546562204724408
21
3.3272681889763778
0
LINE
8
BLACK
6
CONTINUOUS
10
-1.8546562204724408
20
3.3272681889763778
11
-1.8559335039370077
21
3.3281216141732282
0
LINE
8
BLACK
6
CONTINUOUS
10
-1.8559335039370077
20
3.3281216141732282
11
-1.8567869291338581
21
3.3293988976377951
0
LINE
8
BLACK
6
CONTINUOUS
10
-1.8567869291338581
20
3.3293988976377951
11
-1.8570866141732283
21
3.3309055118110233
0
LINE
8
BLACK
6
CONTINUOUS
10
-1.8570866141732283
20
3.3309055118110233
11
-1.8570866141732283
21
3.3486220472440946
0
LINE
8
BLACK
6
CONTINUOUS
10
-1.8570866141732283
20
3.3486220472440946
11
-1.8567869291338581
21
3.3501286614173229
0
LINE
8
BLACK
6
CONTINUOUS
10
-1.8567869291338581
20
3.3501286614173229
11
-1.8559335039370077
21
3.3514059448818898
0
LINE
8
BLACK
6
CONTINUOUS
10
-1.8559335039370077
20
3.3514059448818898
11
-1.8546562204724408
21
3.3522593700787402
0
LINE
8
BLACK
6
CONTINUOUS
10
-1.8546562204724408
20
3.3522593700787402
11
-1.8531496062992125
21
3.3525590551181104
0
LINE
8
BLACK
6
CONTINUOUS
10
-1.8531496062992125
20
3.3525590551181104
11
-1.8452755905511811
21
3.3525590551181104
0
LINE
8
BLACK
6
CONTINUOUS
10
-1.8452755905511811
20
3.3525590551181104
11
-1.8437689763779528
21
3.3522593700787402
0
LINE
8
BLACK
6
CONTINUOUS
10
-1.9427725984251969
20
3.3688717716535432
11
-1.9409844488188976
21
3.3676769685039369
0
LINE
8
BLACK
6
CONTINUOUS
10
-1.9409844488188976
20
3.3676769685039369
11
-1.9397896456692914
21
3.3658888188976377
0
LINE
8
BLACK
6
CONTINUOUS
10
-1.9397896456692914
20
3.3658888188976377
11
-1.9393700787401575
21
3.3637795275590552
0
LINE
8
BLACK
6
CONTINUOUS
10
-1.9393700787401575
20
3.3637795275590552
11
-1.9393700787401575
21
3.352755905511811
0
LINE
8
BLACK
6
CONTINUOUS
10
-1.9393700787401575
20
3.352755905511811
11
-1.9397896456692914
21
3.3506466141732281
0
LINE
8
BLACK
6
CONTINUOUS
10
-1.9397896456692914
20
3.3506466141732281
11
-1.9409844488188976
21
3.3488584645669293
0
LINE
8
BLACK
6
CONTINUOUS
10
-1.9409844488188976
20
3.3488584645669293
11
-1.9427725984251969
21
3.347663661417323
0
LINE
8
BLACK
6
CONTINUOUS
10
-1.9427725984251969
20
3.347663661417323
11
-1.9448818897637794
21
3.3472440944881887
0
LINE
8
BLACK
6
CONTINUOUS
10
-1.9448818897637794
20
3.3472440944881887
11
-1.958267716535433
21
3.3472440944881887
0
LINE
8
BLACK
6
CONTINUOUS
10
-1.958267716535433
20
3.3472440944881887
11
-1.9603770078740157
21
3.347663661417323
0
LINE
8
BLACK
6
CONTINUOUS
10
-1.9603770078740157
20
3.347663661417323
11
-1.9621651574803149
21
3.3488584645669293
0
LINE
8
BLACK
6
CONTINUOUS
10
-1.9621651574803149
20
3.3488584645669293
11
-1.9633599606299212
21
3.3506466141732281
0
LINE
8
BLACK
6
CONTINUOUS
10
-1.9633599606299212
20
3.3506466141732281
11
-1.963779527559055
21
3.352755905511811
0
LINE
8
BLACK
6
CONTINUOUS
10
-1.963779527559055
20
3.352755905511811
11
-1.963779527559055
21
3.3637795275590552
0
LINE
8
BLACK
6
CONTINUOUS
10
-1.963779527559055
20
3.3637795275590552
11
-1.9633599606299212
21
3.3658888188976377
0
LINE
8
BLACK
6
CONTINUOUS
10
-1.9633599606299212
20
3.3658888188976377
11
-1.9621651574803149
21
3.3676769685039369
0
LINE
8
BLACK
6
CONTINUOUS
10
-1.9621651574803149
20
3.3676769685039369
11
-1.9603770078740157
21
3.3688717716535432
0
LINE
8
BLACK
6
CONTINUOUS
10
-1.9603770078740157
20
3.3688717716535432
11
-1.958267716535433
21
3.369291338582677
0
LINE
8
BLACK
6
CONTINUOUS
10
-1.958267716535433
20
3.369291338582677
11
-1.9448818897637794
21
3.369291338582677
0
LINE
8
BLACK
6
CONTINUOUS
10
-1.9448818897637794
20
3.369291338582677
11
-1.9427725984251969
21
3.3688717716535432
0
LINE
8
BLACK
6
CONTINUOUS
10
-2.1873581102362203
20
3.3961761023622046
11
-2.1844842913385825
21
3.3942558661417324
0
LINE
8
BLACK
6
CONTINUOUS
10
-2.1844842913385825
20
3.3942558661417324
11
-2.1825640551181102
21
3.3913820472440945
0
LINE
8
BLACK
6
CONTINUOUS
10
-2.1825640551181102
20
3.3913820472440945
11
-2.1818897637795276
21
3.387992125984252
0
LINE
8
BLACK
6
CONTINUOUS
10
-2.1818897637795276
20
3.387992125984252
11
-2.1818897637795276
21
3.358464566929134
0
LINE
8
BLACK
6
CONTINUOUS
10
-2.1818897637795276
20
3.358464566929134
11
-2.1825640551181102
21
3.3550746456692915
0
LINE
8
BLACK
6
CONTINUOUS
10
-2.1825640551181102
20
3.3550746456692915
11
-2.1844842913385825
21
3.3522008267716537
0
LINE
8
BLACK
6
CONTINUOUS
10
-2.1844842913385825
20
3.3522008267716537
11
-2.1873581102362203
21
3.350280590551181
0
LINE
8
BLACK
6
CONTINUOUS
10
-2.1873581102362203
20
3.350280590551181
11
-2.1907480314960628
21
3.3496062992125983
0
LINE
8
BLACK
6
CONTINUOUS
10
-2.1907480314960628
20
3.3496062992125983
11
-2.2084645669291336
21
3.3496062992125983
0
LINE
8
BLACK
6
CONTINUOUS
10
-2.2084645669291336
20
3.3496062992125983
11
-2.2118544881889761
21
3.350280590551181
0
LINE
8
BLACK
6
CONTINUOUS
10
-2.2118544881889761
20
3.350280590551181
11
-2.2147283070866139
21
3.3522008267716537
0
LINE
8
BLACK
6
CONTINUOUS
10
-2.2147283070866139
20
3.3522008267716537
11
-2.2166485433070866
21
3.3550746456692915
0
LINE
8
BLACK
6
CONTINUOUS
10
-2.2166485433070866
20
3.3550746456692915
11
-2.2173228346456693
21
3.358464566929134
0
LINE
8
BLACK
6
CONTINUOUS
10
-2.2173228346456693
20
3.358464566929134
11
-2.2173228346456693
21
3.387992125984252
0
LINE
8
BLACK
6
CONTINUOUS
10
-2.2173228346456693
20
3.387992125984252
11
-2.2166485433070866
21
3.3913820472440945
0
LINE
8
BLACK
6
CONTINUOUS
10
-2.2166485433070866
20
3.3913820472440945
11
-2.2147283070866139
21
3.3942558661417324
0
LINE
8
BLACK
6
CONTINUOUS
10
-2.2147283070866139
20
3.3942558661417324
11
-2.2118544881889761
21
3.3961761023622046
0
LINE
8
BLACK
6
CONTINUOUS
10
-2.2118544881889761
20
3.3961761023622046
11
-2.2084645669291336
21
3.3968503937007872
0
LINE
8
BLACK
6
CONTINUOUS
10
-2.2084645669291336
20
3.3968503937007872
11
-2.1907480314960628
21
3.3968503937007872
0
LINE
8
BLACK
6
CONTINUOUS
10
-2.1907480314960628
20
3.3968503937007872
11
-2.1873581102362203
21
3.3961761023622046
0
LINE
8
BLACK
6
CONTINUOUS
10
-2.0574368503937008
20
3.3961761023622046
11
-2.054563031496063
21
3.3942558661417324
0
LINE
8
BLACK
6
CONTINUOUS
10
-2.054563031496063
20
3.3942558661417324
11
-2.0526427952755903
21
3.3913820472440945
0
LINE
8
BLACK
6
CONTINUOUS
10
-2.0526427952755903
20
3.3913820472440945
11
-2.0519685039370077
21
3.387992125984252
0
LINE
8
BLACK
6
CONTINUOUS
10
-2.0519685039370077
20
3.387992125984252
11
-2.0519685039370077
21
3.358464566929134
0
LINE
8
BLACK
6
CONTINUOUS
10
-2.0519685039370077
20
3.358464566929134
11
-2.0526427952755903
21
3.3550746456692915
0
LINE
8
BLACK
6
CONTINUOUS
10
-2.0526427952755903
20
3.3550746456692915
11
-2.054563031496063
21
3.3522008267716537
0
LINE
8
BLACK
6
CONTINUOUS
10
-2.054563031496063
20
3.3522008267716537
11
-2.0574368503937008
21
3.350280590551181
0
LINE
8
BLACK
6
CONTINUOUS
10
-2.0574368503937008
20
3.350280590551181
11
-2.0608267716535433
21
3.3496062992125983
0
LINE
8
BLACK
6
CONTINUOUS
10
-2.0608267716535433
20
3.3496062992125983
11
-2.0785433070866142
21
3.3496062992125983
0
LINE
8
BLACK
6
CONTINUOUS
10
-2.0785433070866142
20
3.3496062992125983
11
-2.0819332283464567
21
3.350280590551181
0
LINE
8
BLACK
6
CONTINUOUS
10
-2.0819332283464567
20
3.350280590551181
11
-2.0848070472440945
21
3.3522008267716537
0
LINE
8
BLACK
6
CONTINUOUS
10
-2.0848070472440945
20
3.3522008267716537
11
-2.0867272834645667
21
3.3550746456692915
0
LINE
8
BLACK
6
CONTINUOUS
10
-2.0867272834645667
20
3.3550746456692915
11
-2.0874015748031494
21
3.358464566929134
0
LINE
8
BLACK
6
CONTINUOUS
10
-2.0874015748031494
20
3.358464566929134
11
-2.0874015748031494
21
3.387992125984252
0
LINE
8
BLACK
6
CONTINUOUS
10
-2.0874015748031494
20
3.387992125984252
11
-2.0867272834645667
21
3.3913820472440945
0
LINE
8
BLACK
6
CONTINUOUS
10
-2.0867272834645667
20
3.3913820472440945
11
-2.0848070472440945
21
3.3942558661417324
0
LINE
8
BLACK
6
CONTINUOUS
10
-2.0848070472440945
20
3.3942558661417324
11
-2.0819332283464567
21
3.3961761023622046
0
LINE
8
BLACK
6
CONTINUOUS
10
-2.0819332283464567
20
3.3961761023622046
11
-2.0785433070866142
21
3.3968503937007872
0
LINE
8
BLACK
6
CONTINUOUS
10
-2.0785433070866142
20
3.3968503937007872
11
-2.0608267716535433
21
3.3968503937007872
0
LINE
8
BLACK
6
CONTINUOUS
10
-2.0608267716535433
20
3.3968503937007872
11
-2.0574368503937008
21
3.3961761023622046
0
LINE
8
BLACK
6
CONTINUOUS
10
-1.9427725984251969
20
3.4066670472440945
11
-1.9409844488188976
21
3.4054722440944882
0
LINE
8
BLACK
6
CONTINUOUS
10
-1.9409844488188976
20
3.4054722440944882
11
-1.9397896456692914
21
3.403684094488189
0
LINE
8
BLACK
6
CONTINUOUS
10
-1.9397896456692914
20
3.403684094488189
11
-1.9393700787401575
21
3.401574803149606
0
LINE
8
BLACK
6
CONTINUOUS
10
-1.9393700787401575
20
3.401574803149606
11
-1.9393700787401575
21
3.3905511811023623
0
LINE
8
BLACK
6
CONTINUOUS
10
-1.9393700787401575
20
3.3905511811023623
11
-1.9397896456692914
21
3.3884418897637794
0
LINE
8
BLACK
6
CONTINUOUS
10
-1.9397896456692914
20
3.3884418897637794
11
-1.9409844488188976
21
3.3866537401574801
0
LINE
8
BLACK
6
CONTINUOUS
10
-1.9409844488188976
20
3.3866537401574801
11
-1.9427725984251969
21
3.3854589370078738
0
LINE
8
BLACK
6
CONTINUOUS
10
-1.9427725984251969
20
3.3854589370078738
11
-1.9448818897637794
21
3.38503937007874
0
LINE
8
BLACK
6
CONTINUOUS
10
-1.9448818897637794
20
3.38503937007874
11
-1.958267716535433
21
3.38503937007874
0
LINE
8
BLACK
6
CONTINUOUS
10
-1.958267716535433
20
3.38503937007874
11
-1.9603770078740157
21
3.3854589370078738
0
LINE
8
BLACK
6
CONTINUOUS
10
-1.9603770078740157
20
3.3854589370078738
11
-1.9621651574803149
21
3.3866537401574801
0
LINE
8
BLACK
6
CONTINUOUS
10
-1.9621651574803149
20
3.3866537401574801
11
-1.9633599606299212
21
3.3884418897637794
0
LINE
8
BLACK
6
CONTINUOUS
10
-1.9633599606299212
20
3.3884418897637794
11
-1.963779527559055
21
3.3905511811023623
0
LINE
8
BLACK
6
CONTINUOUS
10
-1.963779527559055
20
3.3905511811023623
11
-1.963779527559055
21
3.401574803149606
0
LINE
8
BLACK
6
CONTINUOUS
10
-1.963779527559055
20
3.401574803149606
11
-1.9633599606299212
21
3.403684094488189
0
LINE
8
BLACK
6
CONTINUOUS
10
-1.9633599606299212
20
3.403684094488189
11
-1.9621651574803149
21
3.4054722440944882
0
LINE
8
BLACK
6
CONTINUOUS
10
-1.9621651574803149
20
3.4054722440944882
11
-1.9603770078740157
21
3.4066670472440945
0
LINE
8
BLACK
6
CONTINUOUS
10
-1.9603770078740157
20
3.4066670472440945
11
-1.958267716535433
21
3.4070866141732283
0
LINE
8
BLACK
6
CONTINUOUS
10
-1.958267716535433
20
3.4070866141732283
11
-1.9448818897637794
21
3.4070866141732283
0
LINE
8
BLACK
6
CONTINUOUS
10
-1.9448818897637794
20
3.4070866141732283
11
-1.9427725984251969
21
3.4066670472440945
0
LINE
8
BLACK
6
CONTINUOUS
10
-1.8949500787401574
20
3.4270625196850393
11
-1.8936727952755905
21
3.4262090944881889
0
LINE
8
BLACK
6
CONTINUOUS
10
-1.8936727952755905
20
3.4262090944881889
11
-1.8928193700787401
21
3.424931811023622
0
LINE
8
BLACK
6
CONTINUOUS
10
-1.8928193700787401
20
3.424931811023622
11
-1.89251968503937
21
3.4234251968503937
0
LINE
8
BLACK
6
CONTINUOUS
10
-1.89251968503937
20
3.4234251968503937
11
-1.89251968503937
21
3.4057086614173229
0
LINE
8
BLACK
6
CONTINUOUS
10
-1.89251968503937
20
3.4057086614173229
11
-1.8928193700787401
21
3.4042020472440946
0
LINE
8
BLACK
6
CONTINUOUS
10
-1.8928193700787401
20
3.4042020472440946
11
-1.8936727952755905
21
3.4029247637795277
0
LINE
8
BLACK
6
CONTINUOUS
10
-1.8936727952755905
20
3.4029247637795277
11
-1.8949500787401574
21
3.4020713385826773
0
LINE
8
BLACK
6
CONTINUOUS
10
-1.8949500787401574
20
3.4020713385826773
11
-1.8964566929133857
21
3.4017716535433071
0
LINE
8
BLACK
6
CONTINUOUS
10
-1.8964566929133857
20
3.4017716535433071
11
-1.9043307086614172
21
3.4017716535433071
0
LINE
8
BLACK
6
CONTINUOUS
10
-1.9043307086614172
20
3.4017716535433071
11
-1.9058373228346457
21
3.4020713385826773
0
LINE
8
BLACK
6
CONTINUOUS
10
-1.9058373228346457
20
3.4020713385826773
11
-1.9071146062992126
21
3.4029247637795277
0
LINE
8
BLACK
6
CONTINUOUS
10
-1.9071146062992126
20
3.4029247637795277
11
-1.907968031496063
21
3.4042020472440946
0
LINE
8
BLACK
6
CONTINUOUS
10
-1.907968031496063
20
3.4042020472440946
11
-1.9082677165354329
21
3.4057086614173229
0
LINE
8
BLACK
6
CONTINUOUS
10
-1.9082677165354329
20
3.4057086614173229
11
-1.9082677165354329
21
3.4234251968503937
0
LINE
8
BLACK
6
CONTINUOUS
10
-1.9082677165354329
20
3.4234251968503937
11
-1.907968031496063
21
3.424931811023622
0
LINE
8
BLACK
6
CONTINUOUS
10
-1.907968031496063
20
3.424931811023622
11
-1.9071146062992126
21
3.4262090944881889
0
LINE
8
BLACK
6
CONTINUOUS
10
-1.9071146062992126
20
3.4262090944881889
11
-1.9058373228346457
21
3.4270625196850393
0
LINE
8
BLACK
6
CONTINUOUS
10
-1.9058373228346457
20
3.4270625196850393
11
-1.9043307086614172
21
3.4273622047244094
0
LINE
8
BLACK
6
CONTINUOUS
10
-1.9043307086614172
20
3.4273622047244094
11
-1.8964566929133857
21
3.4273622047244094
0
LINE
8
BLACK
6
CONTINUOUS
10
-1.8964566929133857
20
3.4273622047244094
11
-1.8949500787401574
21
3.4270625196850393
0
LINE
8
BLACK
6
CONTINUOUS
10
-1.8693595275590551
20
3.4270625196850393
11
-1.8680822440944882
21
3.4262090944881889
0
LINE
8
BLACK
6
CONTINUOUS
10
-1.8680822440944882
20
3.4262090944881889
11
-1.8672288188976378
21
3.424931811023622
0
LINE
8
BLACK
6
CONTINUOUS
10
-1.8672288188976378
20
3.424931811023622
11
-1.8669291338582676
21
3.4234251968503937
0
LINE
8
BLACK
6
CONTINUOUS
10
-1.8669291338582676
20
3.4234251968503937
11
-1.8669291338582676
21
3.4057086614173229
0
LINE
8
BLACK
6
CONTINUOUS
10
-1.8669291338582676
20
3.4057086614173229
11
-1.8672288188976378
21
3.4042020472440946
0
LINE
8
BLACK
6
CONTINUOUS
10
-1.8672288188976378
20
3.4042020472440946
11
-1.8680822440944882
21
3.4029247637795277
0
LINE
8
BLACK
6
CONTINUOUS
10
-1.8680822440944882
20
3.4029247637795277
11
-1.8693595275590551
21
3.4020713385826773
0
LINE
8
BLACK
6
CONTINUOUS
10
-1.8693595275590551
20
3.4020713385826773
11
-1.8708661417322834
21
3.4017716535433071
0
LINE
8
BLACK
6
CONTINUOUS
10
-1.8708661417322834
20
3.4017716535433071
11
-1.8787401574803149
21
3.4017716535433071
0
LINE
8
BLACK
6
CONTINUOUS
10
-1.8787401574803149
20
3.4017716535433071
11
-1.8802467716535434
21
3.4020713385826773
0
LINE
8
BLACK
6
CONTINUOUS
10
-1.8802467716535434
20
3.4020713385826773
11
-1.8815240551181103
21
3.4029247637795277
0
LINE
8
BLACK
6
CONTINUOUS
10
-1.8815240551181103
20
3.4029247637795277
11
-1.8823774803149607
21
3.4042020472440946
0
LINE
8
BLACK
6
CONTINUOUS
10
-1.8823774803149607
20
3.4042020472440946
11
-1.8826771653543306
21
3.4057086614173229
0
LINE
8
BLACK
6
CONTINUOUS
10
-1.8826771653543306
20
3.4057086614173229
11
-1.8826771653543306
21
3.4234251968503937
0
LINE
8
BLACK
6
CONTINUOUS
10
-1.8826771653543306
20
3.4234251968503937
11
-1.8823774803149607
21
3.424931811023622
0
LINE
8
BLACK
6
CONTINUOUS
10
-1.8823774803149607
20
3.424931811023622
11
-1.8815240551181103
21
3.4262090944881889
0
LINE
8
BLACK
6
CONTINUOUS
10
-1.8815240551181103
20
3.4262090944881889
11
-1.8802467716535434
21
3.4270625196850393
0
LINE
8
BLACK
6
CONTINUOUS
10
-1.8802467716535434
20
3.4270625196850393
11
-1.8787401574803149
21
3.4273622047244094
0
LINE
8
BLACK
6
CONTINUOUS
10
-1.8787401574803149
20
3.4273622047244094
11
-1.8708661417322834
21
3.4273622047244094
0
LINE
8
BLACK
6
CONTINUOUS
10
-1.8708661417322834
20
3.4273622047244094
11
-1.8693595275590551
21
3.4270625196850393
0
LINE
8
BLACK
6
CONTINUOUS
10
-1.8437689763779528
20
3.4270625196850393
11
-1.8424916929133859
21
3.4262090944881889
0
LINE
8
BLACK
6
CONTINUOUS
10
-1.8424916929133859
20
3.4262090944881889
11
-1.8416382677165355
21
3.424931811023622
0
LINE
8
BLACK
6
CONTINUOUS
10
-1.8416382677165355
20
3.424931811023622
11
-1.8413385826771653
21
3.4234251968503937
0
LINE
8
BLACK
6
CONTINUOUS
10
-1.8413385826771653
20
3.4234251968503937
11
-1.8413385826771653
21
3.4057086614173229
0
LINE
8
BLACK
6
CONTINUOUS
10
-1.8413385826771653
20
3.4057086614173229
11
-1.8416382677165355
21
3.4042020472440946
0
LINE
8
BLACK
6
CONTINUOUS
10
-1.8416382677165355
20
3.4042020472440946
11
-1.8424916929133859
21
3.4029247637795277
0
LINE
8
BLACK
6
CONTINUOUS
10
-1.8424916929133859
20
3.4029247637795277
11
-1.8437689763779528
21
3.4020713385826773
0
LINE
8
BLACK
6
CONTINUOUS
10
-1.8437689763779528
20
3.4020713385826773
11
-1.8452755905511811
21
3.4017716535433071
0
LINE
8
BLACK
6
CONTINUOUS
10
-1.8452755905511811
20
3.4017716535433071
11
-1.8531496062992125
21
3.4017716535433071
0
LINE
8
BLACK
6
CONTINUOUS
10
-1.8531496062992125
20
3.4017716535433071
11
-1.8546562204724408
21
3.4020713385826773
0
LINE
8
BLACK
6
CONTINUOUS
10
-1.8546562204724408
20
3.4020713385826773
11
-1.8559335039370077
21
3.4029247637795277
0
LINE
8
BLACK
6
CONTINUOUS
10
-1.8559335039370077
20
3.4029247637795277
11
-1.8567869291338581
21
3.4042020472440946
0
LINE
8
BLACK
6
CONTINUOUS
10
-1.8567869291338581
20
3.4042020472440946
11
-1.8570866141732283
21
3.4057086614173229
0
LINE
8
BLACK
6
CONTINUOUS
10
-1.8570866141732283
20
3.4057086614173229
11
-1.8570866141732283
21
3.4234251968503937
0
LINE
8
BLACK
6
CONTINUOUS
10
-1.8570866141732283
20
3.4234251968503937
11
-1.8567869291338581
21
3.424931811023622
0
LINE
8
BLACK
6
CONTINUOUS
10
-1.8567869291338581
20
3.424931811023622
11
-1.8559335039370077
21
3.4262090944881889
0
LINE
8
BLACK
6
CONTINUOUS
10
-1.8559335039370077
20
3.4262090944881889
11
-1.8546562204724408
21
3.4270625196850393
0
LINE
8
BLACK
6
CONTINUOUS
10
-1.8546562204724408
20
3.4270625196850393
11
-1.8531496062992125
21
3.4273622047244094
0
LINE
8
BLACK
6
CONTINUOUS
10
-1.8531496062992125
20
3.4273622047244094
11
-1.8452755905511811
21
3.4273622047244094
0
LINE
8
BLACK
6
CONTINUOUS
10
-1.8452755905511811
20
3.4273622047244094
11
-1.8437689763779528
21
3.4270625196850393
0
LINE
8
BLACK
6
CONTINUOUS
10
-2.202493622047244
20
3.4562883464566929
11
-2.2007693307086615
21
3.455136181102362
0
LINE
8
BLACK
6
CONTINUOUS
10
-2.2007693307086615
20
3.455136181102362
11
-2.1996171653543306
21
3.4534118897637796
0
LINE
8
BLACK
6
CONTINUOUS
10
-2.1996171653543306
20
3.4534118897637796
11
-2.1992125984251967
21
3.4513779527559056
0
LINE
8
BLACK
6
CONTINUOUS
10
-2.1992125984251967
20
3.4513779527559056
11
-2.1992125984251967
21
3.436811023622047
0
LINE
8
BLACK
6
CONTINUOUS
10
-2.1992125984251967
20
3.436811023622047
11
-2.1996171653543306
21
3.4347770866141731
0
LINE
8
BLACK
6
CONTINUOUS
10
-2.1996171653543306
20
3.4347770866141731
11
-2.2007693307086615
21
3.4330527952755903
0
LINE
8
BLACK
6
CONTINUOUS
10
-2.2007693307086615
20
3.4330527952755903
11
-2.202493622047244
21
3.4319006299212598
0
LINE
8
BLACK
6
CONTINUOUS
10
-2.202493622047244
20
3.4319006299212598
11
-2.2045275590551179
21
3.4314960629921258
0
LINE
8
BLACK
6
CONTINUOUS
10
-2.2045275590551179
20
3.4314960629921258
11
-2.2151574803149607
21
3.4314960629921258
0
LINE
8
BLACK
6
CONTINUOUS
10
-2.2151574803149607
20
3.4314960629921258
11
-2.2171914173228346
21
3.4319006299212598
0
LINE
8
BLACK
6
CONTINUOUS
10
-2.2171914173228346
20
3.4319006299212598
11
-2.2189157086614171
21
3.4330527952755903
0
LINE
8
BLACK
6
CONTINUOUS
10
-2.2189157086614171
20
3.4330527952755903
11
-2.220067874015748
21
3.4347770866141731
0
LINE
8
BLACK
6
CONTINUOUS
10
-2.220067874015748
20
3.4347770866141731
11
-2.2204724409448819
21
3.436811023622047
0
LINE
8
BLACK
6
CONTINUOUS
10
-2.2204724409448819
20
3.436811023622047
11
-2.2204724409448819
21
3.4513779527559056
0
LINE
8
BLACK
6
CONTINUOUS
10
-2.2204724409448819
20
3.4513779527559056
11
-2.220067874015748
21
3.4534118897637796
0
LINE
8
BLACK
6
CONTINUOUS
10
-2.220067874015748
20
3.4534118897637796
11
-2.2189157086614171
21
3.455136181102362
0
LINE
8
BLACK
6
CONTINUOUS
10
-2.2189157086614171
20
3.455136181102362
11
-2.2171914173228346
21
3.4562883464566929
0
LINE
8
BLACK
6
CONTINUOUS
10
-2.2171914173228346
20
3.4562883464566929
11
-2.2151574803149607
21
3.4566929133858268
0
LINE
8
BLACK
6
CONTINUOUS
10
-2.2151574803149607
20
3.4566929133858268
11
-2.2045275590551179
21
3.4566929133858268
0
LINE
8
BLACK
6
CONTINUOUS
10
-2.2045275590551179
20
3.4566929133858268
11
-2.202493622047244
21
3.4562883464566929
0
LINE
8
BLACK
6
CONTINUOUS
10
-2.1623361417322835
20
3.4562883464566929
11
-2.1606118503937006
21
3.455136181102362
0
LINE
8
BLACK
6
CONTINUOUS
10
-2.1606118503937006
20
3.455136181102362
11
-2.1594596850393701
21
3.4534118897637796
0
LINE
8
BLACK
6
CONTINUOUS
10
-2.1594596850393701
20
3.4534118897637796
11
-2.1590551181102362
21
3.4513779527559056
0
LINE
8
BLACK
6
CONTINUOUS
10
-2.1590551181102362
20
3.4513779527559056
11
-2.1590551181102362
21
3.436811023622047
0
LINE
8
BLACK
6
CONTINUOUS
10
-2.1590551181102362
20
3.436811023622047
11
-2.1594596850393701
21
3.4347770866141731
0
LINE
8
BLACK
6
CONTINUOUS
10
-2.1594596850393701
20
3.4347770866141731
11
-2.1606118503937006
21
3.4330527952755903
0
LINE
8
BLACK
6
CONTINUOUS
10
-2.1606118503937006
20
3.4330527952755903
11
-2.1623361417322835
21
3.4319006299212598
0
LINE
8
BLACK
6
CONTINUOUS
10
-2.1623361417322835
20
3.4319006299212598
11
-2.1643700787401574
21
3.4314960629921258
0
LINE
8
BLACK
6
CONTINUOUS
10
-2.1643700787401574
20
3.4314960629921258
11
-2.1749999999999998
21
3.4314960629921258
0
LINE
8
BLACK
6
CONTINUOUS
10
-2.1749999999999998
20
3.4314960629921258
11
-2.1770339370078742
21
3.4319006299212598
0
LINE
8
BLACK
6
CONTINUOUS
10
-2.1770339370078742
20
3.4319006299212598
11
-2.1787582283464566
21
3.4330527952755903
0
LINE
8
BLACK
6
CONTINUOUS
10
-2.1787582283464566
20
3.4330527952755903
11
-2.1799103937007875
21
3.4347770866141731
0
LINE
8
BLACK
6
CONTINUOUS
10
-2.1799103937007875
20
3.4347770866141731
11
-2.180314960629921
21
3.436811023622047
0
LINE
8
BLACK
6
CONTINUOUS
10
-2.180314960629921
20
3.436811023622047
11
-2.180314960629921
21
3.4513779527559056
0
LINE
8
BLACK
6
CONTINUOUS
10
-2.180314960629921
20
3.4513779527559056
11
-2.1799103937007875
21
3.4534118897637796
0
LINE
8
BLACK
6
CONTINUOUS
10
-2.1799103937007875
20
3.4534118897637796
11
-2.1787582283464566
21
3.455136181102362
0
LINE
8
BLACK
6
CONTINUOUS
10
-2.1787582283464566
20
3.455136181102362
11
-2.1770339370078742
21
3.4562883464566929
0
LINE
8
BLACK
6
CONTINUOUS
10
-2.1770339370078742
20
3.4562883464566929
11
-2.1749999999999998
21
3.4566929133858268
0
LINE
8
BLACK
6
CONTINUOUS
10
-2.1749999999999998
20
3.4566929133858268
11
-2.1643700787401574
21
3.4566929133858268
0
LINE
8
BLACK
6
CONTINUOUS
10
-2.1643700787401574
20
3.4566929133858268
11
-2.1623361417322835
21
3.4562883464566929
0
LINE
8
BLACK
6
CONTINUOUS
10
-2.1114854724409446
20
3.4624955905511809
11
-2.1102081889763777
21
3.4616421653543306
0
LINE
8
BLACK
6
CONTINUOUS
10
-2.1102081889763777
20
3.4616421653543306
11
-2.1093547637795274
21
3.4603648818897637
0
LINE
8
BLACK
6
CONTINUOUS
10
-2.1093547637795274
20
3.4603648818897637
11
-2.1090550787401576
21
3.4588582677165354
0
LINE
8
BLACK
6
CONTINUOUS
10
-2.1090550787401576
20
3.4588582677165354
11
-2.1090550787401576
21
3.4411417322834645
0
LINE
8
BLACK
6
CONTINUOUS
10
-2.1090550787401576
20
3.4411417322834645
11
-2.1093547637795274
21
3.4396351181102363
0
LINE
8
BLACK
6
CONTINUOUS
10
-2.1093547637795274
20
3.4396351181102363
11
-2.1102081889763777
21
3.4383578346456694
0
LINE
8
BLACK
6
CONTINUOUS
10
-2.1102081889763777
20
3.4383578346456694
11
-2.1114854724409446
21
3.437504409448819
0
LINE
8
BLACK
6
CONTINUOUS
10
-2.1114854724409446
20
3.437504409448819
11
-2.1129920866141734
21
3.4372047244094488
0
LINE
8
BLACK
6
CONTINUOUS
10
-2.1129920866141734
20
3.4372047244094488
11
-2.1208661023622049
21
3.4372047244094488
0
LINE
8
BLACK
6
CONTINUOUS
10
-2.1208661023622049
20
3.4372047244094488
11
-2.1223727165354331
21
3.437504409448819
0
LINE
8
BLACK
6
CONTINUOUS
10
-2.1223727165354331
20
3.437504409448819
11
-2.12365
21
3.4383578346456694
0
LINE
8
BLACK
6
CONTINUOUS
10
-2.12365
20
3.4383578346456694
11
-2.1245034251968504
21
3.4396351181102363
0
LINE
8
BLACK
6
CONTINUOUS
10
-2.1245034251968504
20
3.4396351181102363
11
-2.1248031102362206
21
3.4411417322834645
0
LINE
8
BLACK
6
CONTINUOUS
10
-2.1248031102362206
20
3.4411417322834645
11
-2.1248031102362206
21
3.4588582677165354
0
LINE
8
BLACK
6
CONTINUOUS
10
-2.1248031102362206
20
3.4588582677165354
11
-2.1245034251968504
21
3.4603648818897637
0
LINE
8
BLACK
6
CONTINUOUS
10
-2.1245034251968504
20
3.4603648818897637
11
-2.12365
21
3.4616421653543306
0
LINE
8
BLACK
6
CONTINUOUS
10
-2.12365
20
3.4616421653543306
11
-2.1223727165354331
21
3.4624955905511809
0
LINE
8
BLACK
6
CONTINUOUS
10
-2.1223727165354331
20
3.4624955905511809
11
-2.1208661023622049
21
3.4627952755905511
0
LINE
8
BLACK
6
CONTINUOUS
10
-2.1208661023622049
20
3.4627952755905511
11
-2.1129920866141734
21
3.4627952755905511
0
LINE
8
BLACK
6
CONTINUOUS
10
-2.1129920866141734
20
3.4627952755905511
11
-2.1114854724409446
21
3.4624955905511809
0
LINE
8
BLACK
6
CONTINUOUS
10
-2.0858949212598423
20
3.4624955905511809
11
-2.0846176377952754
21
3.4616421653543306
0
LINE
8
BLACK
6
CONTINUOUS
10
-2.0846176377952754
20
3.4616421653543306
11
-2.083764212598425
21
3.4603648818897637
0
LINE
8
BLACK
6
CONTINUOUS
10
-2.083764212598425
20
3.4603648818897637
11
-2.0834645275590549
21
3.4588582677165354
0
LINE
8
BLACK
6
CONTINUOUS
10
-2.0834645275590549
20
3.4588582677165354
11
-2.0834645275590549
21
3.4411417322834645
0
LINE
8
BLACK
6
CONTINUOUS
10
-2.0834645275590549
20
3.4411417322834645
11
-2.083764212598425
21
3.4396351181102363
0
LINE
8
BLACK
6
CONTINUOUS
10
-2.083764212598425
20
3.4396351181102363
11
-2.0846176377952754
21
3.4383578346456694
0
LINE
8
BLACK
6
CONTINUOUS
10
-2.0846176377952754
20
3.4383578346456694
11
-2.0858949212598423
21
3.437504409448819
0
LINE
8
BLACK
6
CONTINUOUS
10
-2.0858949212598423
20
3.437504409448819
11
-2.0874015354330706
21
3.4372047244094488
0
LINE
8
BLACK
6
CONTINUOUS
10
-2.0874015354330706
20
3.4372047244094488
11
-2.0952755511811025
21
3.4372047244094488
0
LINE
8
BLACK
6
CONTINUOUS
10
-2.0952755511811025
20
3.4372047244094488
11
-2.0967821653543308
21
3.437504409448819
0
LINE
8
BLACK
6
CONTINUOUS
10
-2.0967821653543308
20
3.437504409448819
11
-2.0980594488188977
21
3.4383578346456694
0
LINE
8
BLACK
6
CONTINUOUS
10
-2.0980594488188977
20
3.4383578346456694
11
-2.0989128740157481
21
3.4396351181102363
0
LINE
8
BLACK
6
CONTINUOUS
10
-2.0989128740157481
20
3.4396351181102363
11
-2.0992125590551183
21
3.4411417322834645
0
LINE
8
BLACK
6
CONTINUOUS
10
-2.0992125590551183
20
3.4411417322834645
11
-2.0992125590551183
21
3.4588582677165354
0
LINE
8
BLACK
6
CONTINUOUS
10
-2.0992125590551183
20
3.4588582677165354
11
-2.0989128740157481
21
3.4603648818897637
0
LINE
8
BLACK
6
CONTINUOUS
10
-2.0989128740157481
20
3.4603648818897637
11
-2.0980594488188977
21
3.4616421653543306
0
LINE
8
BLACK
6
CONTINUOUS
10
-2.0980594488188977
20
3.4616421653543306
11
-2.0967821653543308
21
3.4624955905511809
0
LINE
8
BLACK
6
CONTINUOUS
10
-2.0967821653543308
20
3.4624955905511809
11
-2.0952755511811025
21
3.4627952755905511
0
LINE
8
BLACK
6
CONTINUOUS
10
-2.0952755511811025
20
3.4627952755905511
11
-2.0874015354330706
21
3.4627952755905511
0
LINE
8
BLACK
6
CONTINUOUS
10
-2.0874015354330706
20
3.4627952755905511
11
-2.0858949212598423
21
3.4624955905511809
0
LINE
8
BLACK
6
CONTINUOUS
10
-2.06030437007874
20
3.4624955905511809
11
-2.0590270866141731
21
3.4616421653543306
0
LINE
8
BLACK
6
CONTINUOUS
10
-2.0590270866141731
20
3.4616421653543306
11
-2.0581736614173227
21
3.4603648818897637
0
LINE
8
BLACK
6
CONTINUOUS
10
-2.0581736614173227
20
3.4603648818897637
11
-2.0578739763779526
21
3.4588582677165354
0
LINE
8
BLACK
6
CONTINUOUS
10
-2.0578739763779526
20
3.4588582677165354
11
-2.0578739763779526
21
3.4411417322834645
0
LINE
8
BLACK
6
CONTINUOUS
10
-2.0578739763779526
20
3.4411417322834645
11
-2.0581736614173227
21
3.4396351181102363
0
LINE
8
BLACK
6
CONTINUOUS
10
-2.0581736614173227
20
3.4396351181102363
11
-2.0590270866141731
21
3.4383578346456694
0
LINE
8
BLACK
6
CONTINUOUS
10
-2.0590270866141731
20
3.4383578346456694
11
-2.06030437007874
21
3.437504409448819
0
LINE
8
BLACK
6
CONTINUOUS
10
-2.06030437007874
20
3.437504409448819
11
-2.0618109842519683
21
3.4372047244094488
0
LINE
8
BLACK
6
CONTINUOUS
10
-2.0618109842519683
20
3.4372047244094488
11
-2.0696849999999998
21
3.4372047244094488
0
LINE
8
BLACK
6
CONTINUOUS
10
-2.0696849999999998
20
3.4372047244094488
11
-2.0711916141732285
21
3.437504409448819
0
LINE
8
BLACK
6
CONTINUOUS
10
-2.0711916141732285
20
3.437504409448819
11
-2.0724688976377954
21
3.4383578346456694
0
LINE
8
BLACK
6
CONTINUOUS
10
-2.0724688976377954
20
3.4383578346456694
11
-2.0733223228346458
21
3.4396351181102363
0
LINE
8
BLACK
6
CONTINUOUS
10
-2.0733223228346458
20
3.4396351181102363
11
-2.0736220078740155
21
3.4411417322834645
0
LINE
8
BLACK
6
CONTINUOUS
10
-2.0736220078740155
20
3.4411417322834645
11
-2.0736220078740155
21
3.4588582677165354
0
LINE
8
BLACK
6
CONTINUOUS
10
-2.0736220078740155
20
3.4588582677165354
11
-2.0733223228346458
21
3.4603648818897637
0
LINE
8
BLACK
6
CONTINUOUS
10
-2.0733223228346458
20
3.4603648818897637
11
-2.0724688976377954
21
3.4616421653543306
0
LINE
8
BLACK
6
CONTINUOUS
10
-2.0724688976377954
20
3.4616421653543306
11
-2.0711916141732285
21
3.4624955905511809
0
LINE
8
BLACK
6
CONTINUOUS
10
-2.0711916141732285
20
3.4624955905511809
11
-2.0696849999999998
21
3.4627952755905511
0
LINE
8
BLACK
6
CONTINUOUS
10
-2.0696849999999998
20
3.4627952755905511
11
-2.0618109842519683
21
3.4627952755905511
0
LINE
8
BLACK
6
CONTINUOUS
10
-2.0618109842519683
20
3.4627952755905511
11
-2.06030437007874
21
3.4624955905511809
0
LINE
8
BLACK
6
CONTINUOUS
10
-1.8939537007874014
20
3.47556468503937
11
-1.8921655511811024
21
3.4743698818897637
0
LINE
8
BLACK
6
CONTINUOUS
10
-1.8921655511811024
20
3.4743698818897637
11
-1.8909707480314961
21
3.4725817322834645
0
LINE
8
BLACK
6
CONTINUOUS
10
-1.8909707480314961
20
3.4725817322834645
11
-1.8905511811023621
21
3.4704724409448819
0
LINE
8
BLACK
6
CONTINUOUS
10
-1.8905511811023621
20
3.4704724409448819
11
-1.8905511811023621
21
3.4570866141732282
0
LINE
8
BLACK
6
CONTINUOUS
10
-1.8905511811023621
20
3.4570866141732282
11
-1.8909707480314961
21
3.4549773228346456
0
LINE
8
BLACK
6
CONTINUOUS
10
-1.8909707480314961
20
3.4549773228346456
11
-1.8921655511811024
21
3.4531891732283464
0
LINE
8
BLACK
6
CONTINUOUS
10
-1.8921655511811024
20
3.4531891732283464
11
-1.8939537007874014
21
3.4519943700787401
0
LINE
8
BLACK
6
CONTINUOUS
10
-1.8939537007874014
20
3.4519943700787401
11
-1.8960629921259842
21
3.4515748031496063
0
LINE
8
BLACK
6
CONTINUOUS
10
-1.8960629921259842
20
3.4515748031496063
11
-1.9070866141732283
21
3.4515748031496063
0
LINE
8
BLACK
6
CONTINUOUS
10
-1.9070866141732283
20
3.4515748031496063
11
-1.9091959055118111
21
3.4519943700787401
0
LINE
8
BLACK
6
CONTINUOUS
10
-1.9091959055118111
20
3.4519943700787401
11
-1.9109840551181101
21
3.4531891732283464
0
LINE
8
BLACK
6
CONTINUOUS
10
-1.9109840551181101
20
3.4531891732283464
11
-1.9121788582677164
21
3.4549773228346456
0
LINE
8
BLACK
6
CONTINUOUS
10
-1.9121788582677164
20
3.4549773228346456
11
-1.9125984251968504
21
3.4570866141732282
0
LINE
8
BLACK
6
CONTINUOUS
10
-1.9125984251968504
20
3.4570866141732282
11
-1.9125984251968504
21
3.4704724409448819
0
LINE
8
BLACK
6
CONTINUOUS
10
-1.9125984251968504
20
3.4704724409448819
11
-1.9121788582677164
21
3.4725817322834645
0
LINE
8
BLACK
6
CONTINUOUS
10
-1.9121788582677164
20
3.4725817322834645
11
-1.9109840551181101
21
3.4743698818897637
0
LINE
8
BLACK
6
CONTINUOUS
10
-1.9109840551181101
20
3.4743698818897637
11
-1.9091959055118111
21
3.47556468503937
0
LINE
8
BLACK
6
CONTINUOUS
10
-1.9091959055118111
20
3.47556468503937
11
-1.9070866141732283
21
3.4759842519685038
0
LINE
8
BLACK
6
CONTINUOUS
10
-1.9070866141732283
20
3.4759842519685038
11
-1.8960629921259842
21
3.4759842519685038
0
LINE
8
BLACK
6
CONTINUOUS
10
-1.8960629921259842
20
3.4759842519685038
11
-1.8939537007874014
21
3.47556468503937
0
LINE
8
BLACK
6
CONTINUOUS
10
-1.8561584251968504
20
3.47556468503937
11
-1.8543702755905511
21
3.4743698818897637
0
LINE
8
BLACK
6
CONTINUOUS
10
-1.8543702755905511
20
3.4743698818897637
11
-1.8531754724409448
21
3.4725817322834645
0
LINE
8
BLACK
6
CONTINUOUS
10
-1.8531754724409448
20
3.4725817322834645
11
-1.852755905511811
21
3.4704724409448819
0
LINE
8
BLACK
6
CONTINUOUS
10
-1.852755905511811
20
3.4704724409448819
11
-1.852755905511811
21
3.4570866141732282
0
LINE
8
BLACK
6
CONTINUOUS
10
-1.852755905511811
20
3.4570866141732282
11
-1.8531754724409448
21
3.4549773228346456
0
LINE
8
BLACK
6
CONTINUOUS
10
-1.8531754724409448
20
3.4549773228346456
11
-1.8543702755905511
21
3.4531891732283464
0
LINE
8
BLACK
6
CONTINUOUS
10
-1.8543702755905511
20
3.4531891732283464
11
-1.8561584251968504
21
3.4519943700787401
0
LINE
8
BLACK
6
CONTINUOUS
10
-1.8561584251968504
20
3.4519943700787401
11
-1.8582677165354331
21
3.4515748031496063
0
LINE
8
BLACK
6
CONTINUOUS
10
-1.8582677165354331
20
3.4515748031496063
11
-1.869291338582677
21
3.4515748031496063
0
LINE
8
BLACK
6
CONTINUOUS
10
-1.869291338582677
20
3.4515748031496063
11
-1.8714006299212598
21
3.4519943700787401
0
LINE
8
BLACK
6
CONTINUOUS
10
-1.8714006299212598
20
3.4519943700787401
11
-1.873188779527559
21
3.4531891732283464
0
LINE
8
BLACK
6
CONTINUOUS
10
-1.873188779527559
20
3.4531891732283464
11
-1.8743835826771653
21
3.4549773228346456
0
LINE
8
BLACK
6
CONTINUOUS
10
-1.8743835826771653
20
3.4549773228346456
11
-1.8748031496062991
21
3.4570866141732282
0
LINE
8
BLACK
6
CONTINUOUS
10
-1.8748031496062991
20
3.4570866141732282
11
-1.8748031496062991
21
3.4704724409448819
0
LINE
8
BLACK
6
CONTINUOUS
10
-1.8748031496062991
20
3.4704724409448819
11
-1.8743835826771653
21
3.4725817322834645
0
LINE
8
BLACK
6
CONTINUOUS
10
-1.8743835826771653
20
3.4725817322834645
11
-1.873188779527559
21
3.4743698818897637
0
LINE
8
BLACK
6
CONTINUOUS
10
-1.873188779527559
20
3.4743698818897637
11
-1.8714006299212598
21
3.47556468503937
0
LINE
8
BLACK
6
CONTINUOUS
10
-1.8714006299212598
20
3.47556468503937
11
-1.869291338582677
21
3.4759842519685038
0
LINE
8
BLACK
6
CONTINUOUS
10
-1.869291338582677
20
3.4759842519685038
11
-1.8582677165354331
21
3.4759842519685038
0
LINE
8
BLACK
6
CONTINUOUS
10
-1.8582677165354331
20
3.4759842519685038
11
-1.8561584251968504
21
3.47556468503937
0
LINE
8
BLACK
6
CONTINUOUS
10
-2.2010403149606299
20
3.4952497244094487
11
-2.1992521653543307
21
3.4940549212598424
0
LINE
8
BLACK
6
CONTINUOUS
10
-2.1992521653543307
20
3.4940549212598424
11
-2.1980573622047244
21
3.4922667716535432
0
LINE
8
BLACK
6
CONTINUOUS
10
-2.1980573622047244
20
3.4922667716535432
11
-2.1976377952755906
21
3.4901574803149606
0
LINE
8
BLACK
6
CONTINUOUS
10
-2.1976377952755906
20
3.4901574803149606
11
-2.1976377952755906
21
3.4767716535433069
0
LINE
8
BLACK
6
CONTINUOUS
10
-2.1976377952755906
20
3.4767716535433069
11
-2.1980573622047244
21
3.4746623622047244
0
LINE
8
BLACK
6
CONTINUOUS
10
-2.1980573622047244
20
3.4746623622047244
11
-2.1992521653543307
21
3.4728742125984251
0
LINE
8
BLACK
6
CONTINUOUS
10
-2.1992521653543307
20
3.4728742125984251
11
-2.2010403149606299
21
3.4716794094488188
0
LINE
8
BLACK
6
CONTINUOUS
10
-2.2010403149606299
20
3.4716794094488188
11
-2.2031496062992124
21
3.471259842519685
0
LINE
8
BLACK
6
CONTINUOUS
10
-2.2031496062992124
20
3.471259842519685
11
-2.2141732283464566
21
3.471259842519685
0
LINE
8
BLACK
6
CONTINUOUS
10
-2.2141732283464566
20
3.471259842519685
11
-2.2162825196850395
21
3.4716794094488188
0
LINE
8
BLACK
6
CONTINUOUS
10
-2.2162825196850395
20
3.4716794094488188
11
-2.2180706692913383
21
3.4728742125984251
0
LINE
8
BLACK
6
CONTINUOUS
10
-2.2180706692913383
20
3.4728742125984251
11
-2.2192654724409446
21
3.4746623622047244
0
LINE
8
BLACK
6
CONTINUOUS
10
-2.2192654724409446
20
3.4746623622047244
11
-2.2196850393700789
21
3.4767716535433069
0
LINE
8
BLACK
6
CONTINUOUS
10
-2.2196850393700789
20
3.4767716535433069
11
-2.2196850393700789
21
3.4901574803149606
0
LINE
8
BLACK
6
CONTINUOUS
10
-2.2196850393700789
20
3.4901574803149606
11
-2.2192654724409446
21
3.4922667716535432
0
LINE
8
BLACK
6
CONTINUOUS
10
-2.2192654724409446
20
3.4922667716535432
11
-2.2180706692913383
21
3.4940549212598424
0
LINE
8
BLACK
6
CONTINUOUS
10
-2.2180706692913383
20
3.4940549212598424
11
-2.2162825196850395
21
3.4952497244094487
0
LINE
8
BLACK
6
CONTINUOUS
10
-2.2162825196850395
20
3.4952497244094487
11
-2.2141732283464566
21
3.4956692913385825
0
LINE
8
BLACK
6
CONTINUOUS
10
-2.2141732283464566
20
3.4956692913385825
11
-2.2031496062992124
21
3.4956692913385825
0
LINE
8
BLACK
6
CONTINUOUS
10
-2.2031496062992124
20
3.4956692913385825
11
-2.2010403149606299
21
3.4952497244094487
0
LINE
8
BLACK
6
CONTINUOUS
10
-2.1632450393700786
20
3.4952497244094487
11
-2.1614568897637794
21
3.4940549212598424
0
LINE
8
BLACK
6
CONTINUOUS
10
-2.1614568897637794
20
3.4940549212598424
11
-2.1602620866141731
21
3.4922667716535432
0
LINE
8
BLACK
6
CONTINUOUS
10
-2.1602620866141731
20
3.4922667716535432
11
-2.1598425196850393
21
3.4901574803149606
0
LINE
8
BLACK
6
CONTINUOUS
10
-2.1598425196850393
20
3.4901574803149606
11
-2.1598425196850393
21
3.4767716535433069
0
LINE
8
BLACK
6
CONTINUOUS
10
-2.1598425196850393
20
3.4767716535433069
11
-2.1602620866141731
21
3.4746623622047244
0
LINE
8
BLACK
6
CONTINUOUS
10
-2.1602620866141731
20
3.4746623622047244
11
-2.1614568897637794
21
3.4728742125984251
0
LINE
8
BLACK
6
CONTINUOUS
10
-2.1614568897637794
20
3.4728742125984251
11
-2.1632450393700786
21
3.4716794094488188
0
LINE
8
BLACK
6
CONTINUOUS
10
-2.1632450393700786
20
3.4716794094488188
11
-2.1653543307086616
21
3.471259842519685
0
LINE
8
BLACK
6
CONTINUOUS
10
-2.1653543307086616
20
3.471259842519685
11
-2.1763779527559053
21
3.471259842519685
0
LINE
8
BLACK
6
CONTINUOUS
10
-2.1763779527559053
20
3.471259842519685
11
-2.1784872440944882
21
3.4716794094488188
0
LINE
8
BLACK
6
CONTINUOUS
10
-2.1784872440944882
20
3.4716794094488188
11
-2.1802753937007875
21
3.4728742125984251
0
LINE
8
BLACK
6
CONTINUOUS
10
-2.1802753937007875
20
3.4728742125984251
11
-2.1814701968503938
21
3.4746623622047244
0
LINE
8
BLACK
6
CONTINUOUS
10
-2.1814701968503938
20
3.4746623622047244
11
-2.1818897637795276
21
3.4767716535433069
0
LINE
8
BLACK
6
CONTINUOUS
10
-2.1818897637795276
20
3.4767716535433069
11
-2.1818897637795276
21
3.4901574803149606
0
LINE
8
BLACK
6
CONTINUOUS
10
-2.1818897637795276
20
3.4901574803149606
11
-2.1814701968503938
21
3.4922667716535432
0
LINE
8
BLACK
6
CONTINUOUS
10
-2.1814701968503938
20
3.4922667716535432
11
-2.1802753937007875
21
3.4940549212598424
0
LINE
8
BLACK
6
CONTINUOUS
10
-2.1802753937007875
20
3.4940549212598424
11
-2.1784872440944882
21
3.4952497244094487
0
LINE
8
BLACK
6
CONTINUOUS
10
-2.1784872440944882
20
3.4952497244094487
11
-2.1763779527559053
21
3.4956692913385825
0
LINE
8
BLACK
6
CONTINUOUS
10
-2.1763779527559053
20
3.4956692913385825
11
-2.1653543307086616
21
3.4956692913385825
0
LINE
8
BLACK
6
CONTINUOUS
10
-2.1653543307086616
20
3.4956692913385825
11
-2.1632450393700786
21
3.4952497244094487
0
LINE
8
BLACK
6
CONTINUOUS
10
-1.8984251968503936
20
3.4938976377952753
11
-1.9275590551181101
21
3.4938976377952753
0
LINE
8
BLACK
6
CONTINUOUS
10
-1.9275590551181101
20
3.4938976377952753
11
-1.9275590551181101
21
3.5490157480314961
0
LINE
8
BLACK
6
CONTINUOUS
10
-1.9275590551181101
20
3.5490157480314961
11
-1.8984251968503936
21
3.5490157480314961
0
LINE
8
BLACK
6
CONTINUOUS
10
-1.8984251968503936
20
3.5490157480314961
11
-1.8984251968503936
21
3.4938976377952753
0
LINE
8
BLACK
6
CONTINUOUS
10
-1.8484251968503937
20
3.4938976377952753
11
-1.8775590551181103
21
3.4938976377952753
0
LINE
8
BLACK
6
CONTINUOUS
10
-1.8775590551181103
20
3.4938976377952753
11
-1.8775590551181103
21
3.5490157480314961
0
LINE
8
BLACK
6
CONTINUOUS
10
-1.8775590551181103
20
3.5490157480314961
11
-1.8484251968503937
21
3.5490157480314961
0
LINE
8
BLACK
6
CONTINUOUS
10
-1.8484251968503937
20
3.5490157480314961
11
-1.8484251968503937
21
3.4938976377952753
0
LINE
8
BLACK
6
CONTINUOUS
10
-1.7984251968503937
20
3.4938976377952753
11
-1.8275590551181102
21
3.4938976377952753
0
LINE
8
BLACK
6
CONTINUOUS
10
-1.8275590551181102
20
3.4938976377952753
11
-1.8275590551181102
21
3.5490157480314961
0
LINE
8
BLACK
6
CONTINUOUS
10
-1.8275590551181102
20
3.5490157480314961
11
-1.7984251968503937
21
3.5490157480314961
0
LINE
8
BLACK
6
CONTINUOUS
10
-1.7984251968503937
20
3.5490157480314961
11
-1.7984251968503937
21
3.4938976377952753
0
LINE
8
BLACK
6
CONTINUOUS
10
-2.1114854724409446
20
3.53729874015748
11
-2.1102081889763777
21
3.5364453149606296
0
LINE
8
BLACK
6
CONTINUOUS
10
-2.1102081889763777
20
3.5364453149606296
11
-2.1093547637795274
21
3.5351680314960627
0
LINE
8
BLACK
6
CONTINUOUS
10
-2.1093547637795274
20
3.5351680314960627
11
-2.1090550787401576
21
3.5336614173228345
0
LINE
8
BLACK
6
CONTINUOUS
10
-2.1090550787401576
20
3.5336614173228345
11
-2.1090550787401576
21
3.5159448818897636
0
LINE
8
BLACK
6
CONTINUOUS
10
-2.1090550787401576
20
3.5159448818897636
11
-2.1093547637795274
21
3.5144382677165353
0
LINE
8
BLACK
6
CONTINUOUS
10
-2.1093547637795274
20
3.5144382677165353
11
-2.1102081889763777
21
3.5131609842519684
0
LINE
8
BLACK
6
CONTINUOUS
10
-2.1102081889763777
20
3.5131609842519684
11
-2.1114854724409446
21
3.512307559055118
0
LINE
8
BLACK
6
CONTINUOUS
10
-2.1114854724409446
20
3.512307559055118
11
-2.1129920866141734
21
3.5120078740157479
0
LINE
8
BLACK
6
CONTINUOUS
10
-2.1129920866141734
20
3.5120078740157479
11
-2.1208661023622049
21
3.5120078740157479
0
LINE
8
BLACK
6
CONTINUOUS
10
-2.1208661023622049
20
3.5120078740157479
11
-2.1223727165354331
21
3.512307559055118
0
LINE
8
BLACK
6
CONTINUOUS
10
-2.1223727165354331
20
3.512307559055118
11
-2.12365
21
3.5131609842519684
0
LINE
8
BLACK
6
CONTINUOUS
10
-2.12365
20
3.5131609842519684
11
-2.1245034251968504
21
3.5144382677165353
0
LINE
8
BLACK
6
CONTINUOUS
10
-2.1245034251968504
20
3.5144382677165353
11
-2.1248031102362206
21
3.5159448818897636
0
LINE
8
BLACK
6
CONTINUOUS
10
-2.1248031102362206
20
3.5159448818897636
11
-2.1248031102362206
21
3.5336614173228345
0
LINE
8
BLACK
6
CONTINUOUS
10
-2.1248031102362206
20
3.5336614173228345
11
-2.1245034251968504
21
3.5351680314960627
0
LINE
8
BLACK
6
CONTINUOUS
10
-2.1245034251968504
20
3.5351680314960627
11
-2.12365
21
3.5364453149606296
0
LINE
8
BLACK
6
CONTINUOUS
10
-2.12365
20
3.5364453149606296
11
-2.1223727165354331
21
3.53729874015748
0
LINE
8
BLACK
6
CONTINUOUS
10
-2.1223727165354331
20
3.53729874015748
11
-2.1208661023622049
21
3.5375984251968502
0
LINE
8
BLACK
6
CONTINUOUS
10
-2.1208661023622049
20
3.5375984251968502
11
-2.1129920866141734
21
3.5375984251968502
0
LINE
8
BLACK
6
CONTINUOUS
10
-2.1129920866141734
20
3.5375984251968502
11
-2.1114854724409446
21
3.53729874015748
0
LINE
8
BLACK
6
CONTINUOUS
10
-2.06030437007874
20
3.53729874015748
11
-2.0590270866141731
21
3.5364453149606296
0
LINE
8
BLACK
6
CONTINUOUS
10
-2.0590270866141731
20
3.5364453149606296
11
-2.0581736614173227
21
3.5351680314960627
0
LINE
8
BLACK
6
CONTINUOUS
10
-2.0581736614173227
20
3.5351680314960627
11
-2.0578739763779526
21
3.5336614173228345
0
LINE
8
BLACK
6
CONTINUOUS
10
-2.0578739763779526
20
3.5336614173228345
11
-2.0578739763779526
21
3.5159448818897636
0
LINE
8
BLACK
6
CONTINUOUS
10
-2.0578739763779526
20
3.5159448818897636
11
-2.0581736614173227
21
3.5144382677165353
0
LINE
8
BLACK
6
CONTINUOUS
10
-2.0581736614173227
20
3.5144382677165353
11
-2.0590270866141731
21
3.5131609842519684
0
LINE
8
BLACK
6
CONTINUOUS
10
-2.0590270866141731
20
3.5131609842519684
11
-2.06030437007874
21
3.512307559055118
0
LINE
8
BLACK
6
CONTINUOUS
10
-2.06030437007874
20
3.512307559055118
11
-2.0618109842519683
21
3.5120078740157479
0
LINE
8
BLACK
6
CONTINUOUS
10
-2.0618109842519683
20
3.5120078740157479
11
-2.0696849999999998
21
3.5120078740157479
0
LINE
8
BLACK
6
CONTINUOUS
10
-2.0696849999999998
20
3.5120078740157479
11
-2.0711916141732285
21
3.512307559055118
0
LINE
8
BLACK
6
CONTINUOUS
10
-2.0711916141732285
20
3.512307559055118
11
-2.0724688976377954
21
3.5131609842519684
0
LINE
8
BLACK
6
CONTINUOUS
10
-2.0724688976377954
20
3.5131609842519684
11
-2.0733223228346458
21
3.5144382677165353
0
LINE
8
BLACK
6
CONTINUOUS
10
-2.0733223228346458
20
3.5144382677165353
11
-2.0736220078740155
21
3.5159448818897636
0
LINE
8
BLACK
6
CONTINUOUS
10
-2.0736220078740155
20
3.5159448818897636
11
-2.0736220078740155
21
3.5336614173228345
0
LINE
8
BLACK
6
CONTINUOUS
10
-2.0736220078740155
20
3.5336614173228345
11
-2.0733223228346458
21
3.5351680314960627
0
LINE
8
BLACK
6
CONTINUOUS
10
-2.0733223228346458
20
3.5351680314960627
11
-2.0724688976377954
21
3.5364453149606296
0
LINE
8
BLACK
6
CONTINUOUS
10
-2.0724688976377954
20
3.5364453149606296
11
-2.0711916141732285
21
3.53729874015748
0
LINE
8
BLACK
6
CONTINUOUS
10
-2.0711916141732285
20
3.53729874015748
11
-2.0696849999999998
21
3.5375984251968502
0
LINE
8
BLACK
6
CONTINUOUS
10
-2.0696849999999998
20
3.5375984251968502
11
-2.0618109842519683
21
3.5375984251968502
0
LINE
8
BLACK
6
CONTINUOUS
10
-2.0618109842519683
20
3.5375984251968502
11
-2.06030437007874
21
3.53729874015748
0
LINE
8
BLACK
6
CONTINUOUS
10
-2.2010403149606299
20
3.5385568110236219
11
-2.1992521653543307
21
3.5373620078740156
0
LINE
8
BLACK
6
CONTINUOUS
10
-2.1992521653543307
20
3.5373620078740156
11
-2.1980573622047244
21
3.5355738582677163
0
LINE
8
BLACK
6
CONTINUOUS
10
-2.1980573622047244
20
3.5355738582677163
11
-2.1976377952755906
21
3.5334645669291338
0
LINE
8
BLACK
6
CONTINUOUS
10
-2.1976377952755906
20
3.5334645669291338
11
-2.1976377952755906
21
3.52007874015748
0
LINE
8
BLACK
6
CONTINUOUS
10
-2.1976377952755906
20
3.52007874015748
11
-2.1980573622047244
21
3.5179694488188975
0
LINE
8
BLACK
6
CONTINUOUS
10
-2.1980573622047244
20
3.5179694488188975
11
-2.1992521653543307
21
3.5161812992125983
0
LINE
8
BLACK
6
CONTINUOUS
10
-2.1992521653543307
20
3.5161812992125983
11
-2.2010403149606299
21
3.514986496062992
0
LINE
8
BLACK
6
CONTINUOUS
10
-2.2010403149606299
20
3.514986496062992
11
-2.2031496062992124
21
3.5145669291338582
0
LINE
8
BLACK
6
CONTINUOUS
10
-2.2031496062992124
20
3.5145669291338582
11
-2.2141732283464566
21
3.5145669291338582
0
LINE
8
BLACK
6
CONTINUOUS
10
-2.2141732283464566
20
3.5145669291338582
11
-2.2162825196850395
21
3.514986496062992
0
LINE
8
BLACK
6
CONTINUOUS
10
-2.2162825196850395
20
3.514986496062992
11
-2.2180706692913383
21
3.5161812992125983
0
LINE
8
BLACK
6
CONTINUOUS
10
-2.2180706692913383
20
3.5161812992125983
11
-2.2192654724409446
21
3.5179694488188975
0
LINE
8
BLACK
6
CONTINUOUS
10
-2.2192654724409446
20
3.5179694488188975
11
-2.2196850393700789
21
3.52007874015748
0
LINE
8
BLACK
6
CONTINUOUS
10
-2.2196850393700789
20
3.52007874015748
11
-2.2196850393700789
21
3.5334645669291338
0
LINE
8
BLACK
6
CONTINUOUS
10
-2.2196850393700789
20
3.5334645669291338
11
-2.2192654724409446
21
3.5355738582677163
0
LINE
8
BLACK
6
CONTINUOUS
10
-2.2192654724409446
20
3.5355738582677163
11
-2.2180706692913383
21
3.5373620078740156
0
LINE
8
BLACK
6
CONTINUOUS
10
-2.2180706692913383
20
3.5373620078740156
11
-2.2162825196850395
21
3.5385568110236219
0
LINE
8
BLACK
6
CONTINUOUS
10
-2.2162825196850395
20
3.5385568110236219
11
-2.2141732283464566
21
3.5389763779527557
0
LINE
8
BLACK
6
CONTINUOUS
10
-2.2141732283464566
20
3.5389763779527557
11
-2.2031496062992124
21
3.5389763779527557
0
LINE
8
BLACK
6
CONTINUOUS
10
-2.2031496062992124
20
3.5389763779527557
11
-2.2010403149606299
21
3.5385568110236219
0
LINE
8
BLACK
6
CONTINUOUS
10
-2.1632450393700786
20
3.5385568110236219
11
-2.1614568897637794
21
3.5373620078740156
0
LINE
8
BLACK
6
CONTINUOUS
10
-2.1614568897637794
20
3.5373620078740156
11
-2.1602620866141731
21
3.5355738582677163
0
LINE
8
BLACK
6
CONTINUOUS
10
-2.1602620866141731
20
3.5355738582677163
11
-2.1598425196850393
21
3.5334645669291338
0
LINE
8
BLACK
6
CONTINUOUS
10
-2.1598425196850393
20
3.5334645669291338
11
-2.1598425196850393
21
3.52007874015748
0
LINE
8
BLACK
6
CONTINUOUS
10
-2.1598425196850393
20
3.52007874015748
11
-2.1602620866141731
21
3.5179694488188975
0
LINE
8
BLACK
6
CONTINUOUS
10
-2.1602620866141731
20
3.5179694488188975
11
-2.1614568897637794
21
3.5161812992125983
0
LINE
8
BLACK
6
CONTINUOUS
10
-2.1614568897637794
20
3.5161812992125983
11
-2.1632450393700786
21
3.514986496062992
0
LINE
8
BLACK
6
CONTINUOUS
10
-2.1632450393700786
20
3.514986496062992
11
-2.1653543307086616
21
3.5145669291338582
0
LINE
8
BLACK
6
CONTINUOUS
10
-2.1653543307086616
20
3.5145669291338582
11
-2.1763779527559053
21
3.5145669291338582
0
LINE
8
BLACK
6
CONTINUOUS
10
-2.1763779527559053
20
3.5145669291338582
11
-2.1784872440944882
21
3.514986496062992
0
LINE
8
BLACK
6
CONTINUOUS
10
-2.1784872440944882
20
3.514986496062992
11
-2.1802753937007875
21
3.5161812992125983
0
LINE
8
BLACK
6
CONTINUOUS
10
-2.1802753937007875
20
3.5161812992125983
11
-2.1814701968503938
21
3.5179694488188975
0
LINE
8
BLACK
6
CONTINUOUS
10
-2.1814701968503938
20
3.5179694488188975
11
-2.1818897637795276
21
3.52007874015748
0
LINE
8
BLACK
6
CONTINUOUS
10
-2.1818897637795276
20
3.52007874015748
11
-2.1818897637795276
21
3.5334645669291338
0
LINE
8
BLACK
6
CONTINUOUS
10
-2.1818897637795276
20
3.5334645669291338
11
-2.1814701968503938
21
3.5355738582677163
0
LINE
8
BLACK
6
CONTINUOUS
10
-2.1814701968503938
20
3.5355738582677163
11
-2.1802753937007875
21
3.5373620078740156
0
LINE
8
BLACK
6
CONTINUOUS
10
-2.1802753937007875
20
3.5373620078740156
11
-2.1784872440944882
21
3.5385568110236219
0
LINE
8
BLACK
6
CONTINUOUS
10
-2.1784872440944882
20
3.5385568110236219
11
-2.1763779527559053
21
3.5389763779527557
0
LINE
8
BLACK
6
CONTINUOUS
10
-2.1763779527559053
20
3.5389763779527557
11
-2.1653543307086616
21
3.5389763779527557
0
LINE
8
BLACK
6
CONTINUOUS
10
-2.1653543307086616
20
3.5389763779527557
11
-2.1632450393700786
21
3.5385568110236219
0
LINE
8
BLACK
6
CONTINUOUS
10
-2.2020366929133859
20
3.5963538582677166
11
-2.200759409448819
21
3.5955004330708662
0
LINE
8
BLACK
6
CONTINUOUS
10
-2.200759409448819
20
3.5955004330708662
11
-2.1999059842519686
21
3.5942231496062993
0
LINE
8
BLACK
6
CONTINUOUS
10
-2.1999059842519686
20
3.5942231496062993
11
-2.1996062992125984
21
3.5927165354330706
0
LINE
8
BLACK
6
CONTINUOUS
10
-2.1996062992125984
20
3.5927165354330706
11
-2.1996062992125984
21
3.5749999999999997
0
LINE
8
BLACK
6
CONTINUOUS
10
-2.1996062992125984
20
3.5749999999999997
11
-2.1999059842519686
21
3.5734933858267715
0
LINE
8
BLACK
6
CONTINUOUS
10
-2.1999059842519686
20
3.5734933858267715
11
-2.200759409448819
21
3.5722161023622045
0
LINE
8
BLACK
6
CONTINUOUS
10
-2.200759409448819
20
3.5722161023622045
11
-2.2020366929133859
21
3.5713626771653542
0
LINE
8
BLACK
6
CONTINUOUS
10
-2.2020366929133859
20
3.5713626771653542
11
-2.2035433070866142
21
3.571062992125984
0
LINE
8
BLACK
6
CONTINUOUS
10
-2.2035433070866142
20
3.571062992125984
11
-2.2114173228346456
21
3.571062992125984
0
LINE
8
BLACK
6
CONTINUOUS
10
-2.2114173228346456
20
3.571062992125984
11
-2.2129239370078739
21
3.5713626771653542
0
LINE
8
BLACK
6
CONTINUOUS
10
-2.2129239370078739
20
3.5713626771653542
11
-2.2142012204724408
21
3.5722161023622045
0
LINE
8
BLACK
6
CONTINUOUS
10
-2.2142012204724408
20
3.5722161023622045
11
-2.2150546456692912
21
3.5734933858267715
0
LINE
8
BLACK
6
CONTINUOUS
10
-2.2150546456692912
20
3.5734933858267715
11
-2.2153543307086614
21
3.5749999999999997
0
LINE
8
BLACK
6
CONTINUOUS
10
-2.2153543307086614
20
3.5749999999999997
11
-2.2153543307086614
21
3.5927165354330706
0
LINE
8
BLACK
6
CONTINUOUS
10
-2.2153543307086614
20
3.5927165354330706
11
-2.2150546456692912
21
3.5942231496062993
0
LINE
8
BLACK
6
CONTINUOUS
10
-2.2150546456692912
20
3.5942231496062993
11
-2.2142012204724408
21
3.5955004330708662
0
LINE
8
BLACK
6
CONTINUOUS
10
-2.2142012204724408
20
3.5955004330708662
11
-2.2129239370078739
21
3.5963538582677166
0
LINE
8
BLACK
6
CONTINUOUS
10
-2.2129239370078739
20
3.5963538582677166
11
-2.2114173228346456
21
3.5966535433070868
0
LINE
8
BLACK
6
CONTINUOUS
10
-2.2114173228346456
20
3.5966535433070868
11
-2.2035433070866142
21
3.5966535433070868
0
LINE
8
BLACK
6
CONTINUOUS
10
-2.2035433070866142
20
3.5966535433070868
11
-2.2020366929133859
21
3.5963538582677166
0
LINE
8
BLACK
6
CONTINUOUS
10
-2.1764461417322836
20
3.5963538582677166
11
-2.1751688582677167
21
3.5955004330708662
0
LINE
8
BLACK
6
CONTINUOUS
10
-2.1751688582677167
20
3.5955004330708662
11
-2.1743154330708663
21
3.5942231496062993
0
LINE
8
BLACK
6
CONTINUOUS
10
-2.1743154330708663
20
3.5942231496062993
11
-2.1740157480314961
21
3.5927165354330706
0
LINE
8
BLACK
6
CONTINUOUS
10
-2.1740157480314961
20
3.5927165354330706
11
-2.1740157480314961
21
3.5749999999999997
0
LINE
8
BLACK
6
CONTINUOUS
10
-2.1740157480314961
20
3.5749999999999997
11
-2.1743154330708663
21
3.5734933858267715
0
LINE
8
BLACK
6
CONTINUOUS
10
-2.1743154330708663
20
3.5734933858267715
11
-2.1751688582677167
21
3.5722161023622045
0
LINE
8
BLACK
6
CONTINUOUS
10
-2.1751688582677167
20
3.5722161023622045
11
-2.1764461417322836
21
3.5713626771653542
0
LINE
8
BLACK
6
CONTINUOUS
10
-2.1764461417322836
20
3.5713626771653542
11
-2.1779527559055119
21
3.571062992125984
0
LINE
8
BLACK
6
CONTINUOUS
10
-2.1779527559055119
20
3.571062992125984
11
-2.1858267716535433
21
3.571062992125984
0
LINE
8
BLACK
6
CONTINUOUS
10
-2.1858267716535433
20
3.571062992125984
11
-2.1873333858267716
21
3.5713626771653542
0
LINE
8
BLACK
6
CONTINUOUS
10
-2.1873333858267716
20
3.5713626771653542
11
-2.1886106692913385
21
3.5722161023622045
0
LINE
8
BLACK
6
CONTINUOUS
10
-2.1886106692913385
20
3.5722161023622045
11
-2.1894640944881889
21
3.5734933858267715
0
LINE
8
BLACK
6
CONTINUOUS
10
-2.1894640944881889
20
3.5734933858267715
11
-2.1897637795275591
21
3.5749999999999997
0
LINE
8
BLACK
6
CONTINUOUS
10
-2.1897637795275591
20
3.5749999999999997
11
-2.1897637795275591
21
3.5927165354330706
0
LINE
8
BLACK
6
CONTINUOUS
10
-2.1897637795275591
20
3.5927165354330706
11
-2.1894640944881889
21
3.5942231496062993
0
LINE
8
BLACK
6
CONTINUOUS
10
-2.1894640944881889
20
3.5942231496062993
11
-2.1886106692913385
21
3.5955004330708662
0
LINE
8
BLACK
6
CONTINUOUS
10
-2.1886106692913385
20
3.5955004330708662
11
-2.1873333858267716
21
3.5963538582677166
0
LINE
8
BLACK
6
CONTINUOUS
10
-2.1873333858267716
20
3.5963538582677166
11
-2.1858267716535433
21
3.5966535433070868
0
LINE
8
BLACK
6
CONTINUOUS
10
-2.1858267716535433
20
3.5966535433070868
11
-2.1779527559055119
21
3.5966535433070868
0
LINE
8
BLACK
6
CONTINUOUS
10
-2.1779527559055119
20
3.5966535433070868
11
-2.1764461417322836
21
3.5963538582677166
0
LINE
8
BLACK
6
CONTINUOUS
10
-2.1508555905511813
20
3.5963538582677166
11
-2.1495783070866139
21
3.5955004330708662
0
LINE
8
BLACK
6
CONTINUOUS
10
-2.1495783070866139
20
3.5955004330708662
11
-2.1487248818897635
21
3.5942231496062993
0
LINE
8
BLACK
6
CONTINUOUS
10
-2.1487248818897635
20
3.5942231496062993
11
-2.1484251968503938
21
3.5927165354330706
0
LINE
8
BLACK
6
CONTINUOUS
10
-2.1484251968503938
20
3.5927165354330706
11
-2.1484251968503938
21
3.5749999999999997
0
LINE
8
BLACK
6
CONTINUOUS
10
-2.1484251968503938
20
3.5749999999999997
11
-2.1487248818897635
21
3.5734933858267715
0
LINE
8
BLACK
6
CONTINUOUS
10
-2.1487248818897635
20
3.5734933858267715
11
-2.1495783070866139
21
3.5722161023622045
0
LINE
8
BLACK
6
CONTINUOUS
10
-2.1495783070866139
20
3.5722161023622045
11
-2.1508555905511813
21
3.5713626771653542
0
LINE
8
BLACK
6
CONTINUOUS
10
-2.1508555905511813
20
3.5713626771653542
11
-2.1523622047244095
21
3.571062992125984
0
LINE
8
BLACK
6
CONTINUOUS
10
-2.1523622047244095
20
3.571062992125984
11
-2.160236220472441
21
3.571062992125984
0
LINE
8
BLACK
6
CONTINUOUS
10
-2.160236220472441
20
3.571062992125984
11
-2.1617428346456693
21
3.5713626771653542
0
LINE
8
BLACK
6
CONTINUOUS
10
-2.1617428346456693
20
3.5713626771653542
11
-2.1630201181102362
21
3.5722161023622045
0
LINE
8
BLACK
6
CONTINUOUS
10
-2.1630201181102362
20
3.5722161023622045
11
-2.1638735433070866
21
3.5734933858267715
0
LINE
8
BLACK
6
CONTINUOUS
10
-2.1638735433070866
20
3.5734933858267715
11
-2.1641732283464568
21
3.5749999999999997
0
LINE
8
BLACK
6
CONTINUOUS
10
-2.1641732283464568
20
3.5749999999999997
11
-2.1641732283464568
21
3.5927165354330706
0
LINE
8
BLACK
6
CONTINUOUS
10
-2.1641732283464568
20
3.5927165354330706
11
-2.1638735433070866
21
3.5942231496062993
0
LINE
8
BLACK
6
CONTINUOUS
10
-2.1638735433070866
20
3.5942231496062993
11
-2.1630201181102362
21
3.5955004330708662
0
LINE
8
BLACK
6
CONTINUOUS
10
-2.1630201181102362
20
3.5955004330708662
11
-2.1617428346456693
21
3.5963538582677166
0
LINE
8
BLACK
6
CONTINUOUS
10
-2.1617428346456693
20
3.5963538582677166
11
-2.160236220472441
21
3.5966535433070868
0
LINE
8
BLACK
6
CONTINUOUS
10
-2.160236220472441
20
3.5966535433070868
11
-2.1523622047244095
21
3.5966535433070868
0
LINE
8
BLACK
6
CONTINUOUS
10
-2.1523622047244095
20
3.5966535433070868
11
-2.1508555905511813
21
3.5963538582677166
0
LINE
8
BLACK
6
CONTINUOUS
10
-2.0839264566929132
20
3.5963538582677166
11
-2.0826491732283463
21
3.5955004330708662
0
LINE
8
BLACK
6
CONTINUOUS
10
-2.0826491732283463
20
3.5955004330708662
11
-2.0817957480314959
21
3.5942231496062993
0
LINE
8
BLACK
6
CONTINUOUS
10
-2.0817957480314959
20
3.5942231496062993
11
-2.0814960629921258
21
3.5927165354330706
0
LINE
8
BLACK
6
CONTINUOUS
10
-2.0814960629921258
20
3.5927165354330706
11
-2.0814960629921258
21
3.5749999999999997
0
LINE
8
BLACK
6
CONTINUOUS
10
-2.0814960629921258
20
3.5749999999999997
11
-2.0817957480314959
21
3.5734933858267715
0
LINE
8
BLACK
6
CONTINUOUS
10
-2.0817957480314959
20
3.5734933858267715
11
-2.0826491732283463
21
3.5722161023622045
0
LINE
8
BLACK
6
CONTINUOUS
10
-2.0826491732283463
20
3.5722161023622045
11
-2.0839264566929132
21
3.5713626771653542
0
LINE
8
BLACK
6
CONTINUOUS
10
-2.0839264566929132
20
3.5713626771653542
11
-2.0854330708661415
21
3.571062992125984
0
LINE
8
BLACK
6
CONTINUOUS
10
-2.0854330708661415
20
3.571062992125984
11
-2.093307086614173
21
3.571062992125984
0
LINE
8
BLACK
6
CONTINUOUS
10
-2.093307086614173
20
3.571062992125984
11
-2.0948137007874017
21
3.5713626771653542
0
LINE
8
BLACK
6
CONTINUOUS
10
-2.0948137007874017
20
3.5713626771653542
11
-2.0960909842519686
21
3.5722161023622045
0
LINE
8
BLACK
6
CONTINUOUS
10
-2.0960909842519686
20
3.5722161023622045
11
-2.096944409448819
21
3.5734933858267715
0
LINE
8
BLACK
6
CONTINUOUS
10
-2.096944409448819
20
3.5734933858267715
11
-2.0972440944881887
21
3.5749999999999997
0
LINE
8
BLACK
6
CONTINUOUS
10
-2.0972440944881887
20
3.5749999999999997
11
-2.0972440944881887
21
3.5927165354330706
0
LINE
8
BLACK
6
CONTINUOUS
10
-2.0972440944881887
20
3.5927165354330706
11
-2.096944409448819
21
3.5942231496062993
0
LINE
8
BLACK
6
CONTINUOUS
10
-2.096944409448819
20
3.5942231496062993
11
-2.0960909842519686
21
3.5955004330708662
0
LINE
8
BLACK
6
CONTINUOUS
10
-2.0960909842519686
20
3.5955004330708662
11
-2.0948137007874017
21
3.5963538582677166
0
LINE
8
BLACK
6
CONTINUOUS
10
-2.0948137007874017
20
3.5963538582677166
11
-2.093307086614173
21
3.5966535433070868
0
LINE
8
BLACK
6
CONTINUOUS
10
-2.093307086614173
20
3.5966535433070868
11
-2.0854330708661415
21
3.5966535433070868
0
LINE
8
BLACK
6
CONTINUOUS
10
-2.0854330708661415
20
3.5966535433070868
11
-2.0839264566929132
21
3.5963538582677166
0
LINE
8
BLACK
6
CONTINUOUS
10
-2.0583359055118109
20
3.5963538582677166
11
-2.057058622047244
21
3.5955004330708662
0
LINE
8
BLACK
6
CONTINUOUS
10
-2.057058622047244
20
3.5955004330708662
11
-2.0562051968503936
21
3.5942231496062993
0
LINE
8
BLACK
6
CONTINUOUS
10
-2.0562051968503936
20
3.5942231496062993
11
-2.0559055118110234
21
3.5927165354330706
0
LINE
8
BLACK
6
CONTINUOUS
10
-2.0559055118110234
20
3.5927165354330706
11
-2.0559055118110234
21
3.5749999999999997
0
LINE
8
BLACK
6
CONTINUOUS
10
-2.0559055118110234
20
3.5749999999999997
11
-2.0562051968503936
21
3.5734933858267715
0
LINE
8
BLACK
6
CONTINUOUS
10
-2.0562051968503936
20
3.5734933858267715
11
-2.057058622047244
21
3.5722161023622045
0
LINE
8
BLACK
6
CONTINUOUS
10
-2.057058622047244
20
3.5722161023622045
11
-2.0583359055118109
21
3.5713626771653542
0
LINE
8
BLACK
6
CONTINUOUS
10
-2.0583359055118109
20
3.5713626771653542
11
-2.0598425196850392
21
3.571062992125984
0
LINE
8
BLACK
6
CONTINUOUS
10
-2.0598425196850392
20
3.571062992125984
11
-2.0677165354330707
21
3.571062992125984
0
LINE
8
BLACK
6
CONTINUOUS
10
-2.0677165354330707
20
3.571062992125984
11
-2.0692231496062994
21
3.5713626771653542
0
LINE
8
BLACK
6
CONTINUOUS
10
-2.0692231496062994
20
3.5713626771653542
11
-2.0705004330708663
21
3.5722161023622045
0
LINE
8
BLACK
6
CONTINUOUS
10
-2.0705004330708663
20
3.5722161023622045
11
-2.0713538582677167
21
3.5734933858267715
0
LINE
8
BLACK
6
CONTINUOUS
10
-2.0713538582677167
20
3.5734933858267715
11
-2.0716535433070864
21
3.5749999999999997
0
LINE
8
BLACK
6
CONTINUOUS
10
-2.0716535433070864
20
3.5749999999999997
11
-2.0716535433070864
21
3.5927165354330706
0
LINE
8
BLACK
6
CONTINUOUS
10
-2.0716535433070864
20
3.5927165354330706
11
-2.0713538582677167
21
3.5942231496062993
0
LINE
8
BLACK
6
CONTINUOUS
10
-2.0713538582677167
20
3.5942231496062993
11
-2.0705004330708663
21
3.5955004330708662
0
LINE
8
BLACK
6
CONTINUOUS
10
-2.0705004330708663
20
3.5955004330708662
11
-2.0692231496062994
21
3.5963538582677166
0
LINE
8
BLACK
6
CONTINUOUS
10
-2.0692231496062994
20
3.5963538582677166
11
-2.0677165354330707
21
3.5966535433070868
0
LINE
8
BLACK
6
CONTINUOUS
10
-2.0677165354330707
20
3.5966535433070868
11
-2.0598425196850392
21
3.5966535433070868
0
LINE
8
BLACK
6
CONTINUOUS
10
-2.0598425196850392
20
3.5966535433070868
11
-2.0583359055118109
21
3.5963538582677166
0
LINE
8
BLACK
6
CONTINUOUS
10
-2.0327453543307086
20
3.5963538582677166
11
-2.0314680708661417
21
3.5955004330708662
0
LINE
8
BLACK
6
CONTINUOUS
10
-2.0314680708661417
20
3.5955004330708662
11
-2.0306146456692913
21
3.5942231496062993
0
LINE
8
BLACK
6
CONTINUOUS
10
-2.0306146456692913
20
3.5942231496062993
11
-2.0303149606299211
21
3.5927165354330706
0
LINE
8
BLACK
6
CONTINUOUS
10
-2.0303149606299211
20
3.5927165354330706
11
-2.0303149606299211
21
3.5749999999999997
0
LINE
8
BLACK
6
CONTINUOUS
10
-2.0303149606299211
20
3.5749999999999997
11
-2.0306146456692913
21
3.5734933858267715
0
LINE
8
BLACK
6
CONTINUOUS
10
-2.0306146456692913
20
3.5734933858267715
11
-2.0314680708661417
21
3.5722161023622045
0
LINE
8
BLACK
6
CONTINUOUS
10
-2.0314680708661417
20
3.5722161023622045
11
-2.0327453543307086
21
3.5713626771653542
0
LINE
8
BLACK
6
CONTINUOUS
10
-2.0327453543307086
20
3.5713626771653542
11
-2.0342519685039369
21
3.571062992125984
0
LINE
8
BLACK
6
CONTINUOUS
10
-2.0342519685039369
20
3.571062992125984
11
-2.0421259842519683
21
3.571062992125984
0
LINE
8
BLACK
6
CONTINUOUS
10
-2.0421259842519683
20
3.571062992125984
11
-2.0436325984251966
21
3.5713626771653542
0
LINE
8
BLACK
6
CONTINUOUS
10
-2.0436325984251966
20
3.5713626771653542
11
-2.0449098818897635
21
3.5722161023622045
0
LINE
8
BLACK
6
CONTINUOUS
10
-2.0449098818897635
20
3.5722161023622045
11
-2.0457633070866139
21
3.5734933858267715
0
LINE
8
BLACK
6
CONTINUOUS
10
-2.0457633070866139
20
3.5734933858267715
11
-2.0460629921259841
21
3.5749999999999997
0
LINE
8
BLACK
6
CONTINUOUS
10
-2.0460629921259841
20
3.5749999999999997
11
-2.0460629921259841
21
3.5927165354330706
0
LINE
8
BLACK
6
CONTINUOUS
10
-2.0460629921259841
20
3.5927165354330706
11
-2.0457633070866139
21
3.5942231496062993
0
LINE
8
BLACK
6
CONTINUOUS
10
-2.0457633070866139
20
3.5942231496062993
11
-2.0449098818897635
21
3.5955004330708662
0
LINE
8
BLACK
6
CONTINUOUS
10
-2.0449098818897635
20
3.5955004330708662
11
-2.0436325984251966
21
3.5963538582677166
0
LINE
8
BLACK
6
CONTINUOUS
10
-2.0436325984251966
20
3.5963538582677166
11
-2.0421259842519683
21
3.5966535433070868
0
LINE
8
BLACK
6
CONTINUOUS
10
-2.0421259842519683
20
3.5966535433070868
11
-2.0342519685039369
21
3.5966535433070868
0
LINE
8
BLACK
6
CONTINUOUS
10
-2.0342519685039369
20
3.5966535433070868
11
-2.0327453543307086
21
3.5963538582677166
0
LINE
8
BLACK
6
CONTINUOUS
10
-1.9762371653543307
20
3.5932812204724409
11
-1.9744490157480314
21
3.5920864173228346
0
LINE
8
BLACK
6
CONTINUOUS
10
-1.9744490157480314
20
3.5920864173228346
11
-1.9732542125984252
21
3.5902982677165354
0
LINE
8
BLACK
6
CONTINUOUS
10
-1.9732542125984252
20
3.5902982677165354
11
-1.9728346456692913
21
3.5881889763779529
0
LINE
8
BLACK
6
CONTINUOUS
10
-1.9728346456692913
20
3.5881889763779529
11
-1.9728346456692913
21
3.5771653543307087
0
LINE
8
BLACK
6
CONTINUOUS
10
-1.9728346456692913
20
3.5771653543307087
11
-1.9732542125984252
21
3.5750560629921257
0
LINE
8
BLACK
6
CONTINUOUS
10
-1.9732542125984252
20
3.5750560629921257
11
-1.9744490157480314
21
3.5732679133858265
0
LINE
8
BLACK
6
CONTINUOUS
10
-1.9744490157480314
20
3.5732679133858265
11
-1.9762371653543307
21
3.5720731102362202
0
LINE
8
BLACK
6
CONTINUOUS
10
-1.9762371653543307
20
3.5720731102362202
11
-1.9783464566929134
21
3.5716535433070864
0
LINE
8
BLACK
6
CONTINUOUS
10
-1.9783464566929134
20
3.5716535433070864
11
-1.991732283464567
21
3.5716535433070864
0
LINE
8
BLACK
6
CONTINUOUS
10
-1.991732283464567
20
3.5716535433070864
11
-1.9938415748031495
21
3.5720731102362202
0
LINE
8
BLACK
6
CONTINUOUS
10
-1.9938415748031495
20
3.5720731102362202
11
-1.9956297244094487
21
3.5732679133858265
0
LINE
8
BLACK
6
CONTINUOUS
10
-1.9956297244094487
20
3.5732679133858265
11
-1.996824527559055
21
3.5750560629921257
0
LINE
8
BLACK
6
CONTINUOUS
10
-1.996824527559055
20
3.5750560629921257
11
-1.9972440944881888
21
3.5771653543307087
0
LINE
8
BLACK
6
CONTINUOUS
10
-1.9972440944881888
20
3.5771653543307087
11
-1.9972440944881888
21
3.5881889763779529
0
LINE
8
BLACK
6
CONTINUOUS
10
-1.9972440944881888
20
3.5881889763779529
11
-1.996824527559055
21
3.5902982677165354
0
LINE
8
BLACK
6
CONTINUOUS
10
-1.996824527559055
20
3.5902982677165354
11
-1.9956297244094487
21
3.5920864173228346
0
LINE
8
BLACK
6
CONTINUOUS
10
-1.9956297244094487
20
3.5920864173228346
11
-1.9938415748031495
21
3.5932812204724409
0
LINE
8
BLACK
6
CONTINUOUS
10
-1.9938415748031495
20
3.5932812204724409
11
-1.991732283464567
21
3.5937007874015747
0
LINE
8
BLACK
6
CONTINUOUS
10
-1.991732283464567
20
3.5937007874015747
11
-1.9783464566929134
21
3.5937007874015747
0
LINE
8
BLACK
6
CONTINUOUS
10
-1.9783464566929134
20
3.5937007874015747
11
-1.9762371653543307
21
3.5932812204724409
0
LINE
8
BLACK
6
CONTINUOUS
10
-1.8175137401574804
20
3.7697912992125984
11
-1.8095817716535432
21
3.7672140551181101
0
LINE
8
BLACK
6
CONTINUOUS
10
-1.8095817716535432
20
3.7672140551181101
11
-1.8021506692913385
21
3.7634277165354328
0
LINE
8
BLACK
6
CONTINUOUS
10
-1.8021506692913385
20
3.7634277165354328
11
-1.795403346456693
21
3.7585255118110235
0
LINE
8
BLACK
6
CONTINUOUS
10
-1.795403346456693
20
3.7585255118110235
11
-1.7895059842519685
21
3.752628149606299
0
LINE
8
BLACK
6
CONTINUOUS
10
-1.7895059842519685
20
3.752628149606299
11
-1.7846037795275591
21
3.7458808267716535
0
LINE
8
BLACK
6
CONTINUOUS
10
-1.7846037795275591
20
3.7458808267716535
11
-1.7808174409448818
21
3.7384497244094486
0
LINE
8
BLACK
6
CONTINUOUS
10
-1.7808174409448818
20
3.7384497244094486
11
-1.7782401968503936
21
3.7305177559055118
0
LINE
8
BLACK
6
CONTINUOUS
10
-1.7782401968503936
20
3.7305177559055118
11
-1.7769355118110235
21
3.7222803149606301
0
LINE
8
BLACK
6
CONTINUOUS
10
-1.7769355118110235
20
3.7222803149606301
11
-1.7769355118110235
21
3.713940157480315
0
LINE
8
BLACK
6
CONTINUOUS
10
-1.7769355118110235
20
3.713940157480315
11
-1.7782401968503936
21
3.7057027165354328
0
LINE
8
BLACK
6
CONTINUOUS
10
-1.7782401968503936
20
3.7057027165354328
11
-1.7808174409448818
21
3.6977707480314961
0
LINE
8
BLACK
6
CONTINUOUS
10
-1.7808174409448818
20
3.6977707480314961
11
-1.7846037795275591
21
3.6903396456692912
0
LINE
8
BLACK
6
CONTINUOUS
10
-1.7846037795275591
20
3.6903396456692912
11
-1.7895059842519685
21
3.6835923228346457
0
LINE
8
BLACK
6
CONTINUOUS
10
-1.7895059842519685
20
3.6835923228346457
11
-1.795403346456693
21
3.6776949606299212
0
LINE
8
BLACK
6
CONTINUOUS
10
-1.795403346456693
20
3.6776949606299212
11
-1.8021506692913385
21
3.6727927559055118
0
LINE
8
BLACK
6
CONTINUOUS
10
-1.8021506692913385
20
3.6727927559055118
11
-1.8078635433070867
21
3.6698818897637793
0
LINE
8
BLACK
6
CONTINUOUS
10
-1.8078635433070867
20
3.6698818897637793
11
-1.7984251968503937
21
3.6698818897637793
0
LINE
8
BLACK
6
CONTINUOUS
10
-1.7984251968503937
20
3.6698818897637793
11
-1.7984251968503937
21
3.5789370078740155
0
LINE
8
BLACK
6
CONTINUOUS
10
-1.7984251968503937
20
3.5789370078740155
11
-1.8275590551181102
21
3.5789370078740155
0
LINE
8
BLACK
6
CONTINUOUS
10
-1.8275590551181102
20
3.5789370078740155
11
-1.8275590551181102
21
3.6651244881889764
0
LINE
8
BLACK
6
CONTINUOUS
10
-1.8275590551181102
20
3.6651244881889764
11
-1.8340913385826771
21
3.6651244881889764
0
LINE
8
BLACK
6
CONTINUOUS
10
-1.8340913385826771
20
3.6651244881889764
11
-1.8423287795275589
21
3.6664291732283463
0
LINE
8
BLACK
6
CONTINUOUS
10
-1.8423287795275589
20
3.6664291732283463
11
-1.8484251968503937
21
3.6684100393700785
0
LINE
8
BLACK
6
CONTINUOUS
10
-1.8484251968503937
20
3.6684100393700785
11
-1.8484251968503937
21
3.6147637795275589
0
LINE
8
BLACK
6
CONTINUOUS
10
-1.8484251968503937
20
3.6147637795275589
11
-1.8775590551181103
21
3.6147637795275589
0
LINE
8
BLACK
6
CONTINUOUS
10
-1.8775590551181103
20
3.6147637795275589
11
-1.8775590551181103
21
3.6698818897637793
0
LINE
8
BLACK
6
CONTINUOUS
10
-1.8775590551181103
20
3.6698818897637793
11
-1.8519789763779526
21
3.6698818897637793
0
LINE
8
BLACK
6
CONTINUOUS
10
-1.8519789763779526
20
3.6698818897637793
11
-1.8576918503937008
21
3.6727927559055118
0
LINE
8
BLACK
6
CONTINUOUS
10
-1.8576918503937008
20
3.6727927559055118
11
-1.8644391732283465
21
3.6776949606299212
0
LINE
8
BLACK
6
CONTINUOUS
10
-1.8644391732283465
20
3.6776949606299212
11
-1.8703365354330708
21
3.6835923228346457
0
LINE
8
BLACK
6
CONTINUOUS
10
-1.8703365354330708
20
3.6835923228346457
11
-1.8752387401574804
21
3.6903396456692912
0
LINE
8
BLACK
6
CONTINUOUS
10
-1.8752387401574804
20
3.6903396456692912
11
-1.8790250787401575
21
3.6977707480314961
0
LINE
8
BLACK
6
CONTINUOUS
10
-1.8790250787401575
20
3.6977707480314961
11
-1.8816023228346457
21
3.7057027165354328
0
LINE
8
BLACK
6
CONTINUOUS
10
-1.8816023228346457
20
3.7057027165354328
11
-1.8829070078740158
21
3.713940157480315
0
LINE
8
BLACK
6
CONTINUOUS
10
-1.8829070078740158
20
3.713940157480315
11
-1.8829070078740158
21
3.7222803149606301
0
LINE
8
BLACK
6
CONTINUOUS
10
-1.8829070078740158
20
3.7222803149606301
11
-1.8816023228346457
21
3.7305177559055118
0
LINE
8
BLACK
6
CONTINUOUS
10
-1.8816023228346457
20
3.7305177559055118
11
-1.8790250787401575
21
3.7384497244094486
0
LINE
8
BLACK
6
CONTINUOUS
10
-1.8790250787401575
20
3.7384497244094486
11
-1.8752387401574804
21
3.7458808267716535
0
LINE
8
BLACK
6
CONTINUOUS
10
-1.8752387401574804
20
3.7458808267716535
11
-1.8703365354330708
21
3.752628149606299
0
LINE
8
BLACK
6
CONTINUOUS
10
-1.8703365354330708
20
3.752628149606299
11
-1.8644391732283465
21
3.7585255118110235
0
LINE
8
BLACK
6
CONTINUOUS
10
-1.8644391732283465
20
3.7585255118110235
11
-1.8576918503937008
21
3.7634277165354328
0
LINE
8
BLACK
6
CONTINUOUS
10
-1.8576918503937008
20
3.7634277165354328
11
-1.8502607480314961
21
3.7672140551181101
0
LINE
8
BLACK
6
CONTINUOUS
10
-1.8502607480314961
20
3.7672140551181101
11
-1.8423287795275589
21
3.7697912992125984
0
LINE
8
BLACK
6
CONTINUOUS
10
-1.8423287795275589
20
3.7697912992125984
11
-1.8340913385826771
21
3.7710959842519682
0
LINE
8
BLACK
6
CONTINUOUS
10
-1.8340913385826771
20
3.7710959842519682
11
-1.8257511811023621
21
3.7710959842519682
0
LINE
8
BLACK
6
CONTINUOUS
10
-1.8257511811023621
20
3.7710959842519682
11
-1.8175137401574804
21
3.7697912992125984
0
LINE
8
BLACK
6
CONTINUOUS
10
-1.9762371653543307
20
3.6310764960629922
11
-1.9744490157480314
21
3.6298816929133859
0
LINE
8
BLACK
6
CONTINUOUS
10
-1.9744490157480314
20
3.6298816929133859
11
-1.9732542125984252
21
3.6280935433070867
0
LINE
8
BLACK
6
CONTINUOUS
10
-1.9732542125984252
20
3.6280935433070867
11
-1.9728346456692913
21
3.6259842519685037
0
LINE
8
BLACK
6
CONTINUOUS
10
-1.9728346456692913
20
3.6259842519685037
11
-1.9728346456692913
21
3.6149606299212595
0
LINE
8
BLACK
6
CONTINUOUS
10
-1.9728346456692913
20
3.6149606299212595
11
-1.9732542125984252
21
3.612851338582677
0
LINE
8
BLACK
6
CONTINUOUS
10
-1.9732542125984252
20
3.612851338582677
11
-1.9744490157480314
21
3.6110631889763778
0
LINE
8
BLACK
6
CONTINUOUS
10
-1.9744490157480314
20
3.6110631889763778
11
-1.9762371653543307
21
3.6098683858267715
0
LINE
8
BLACK
6
CONTINUOUS
10
-1.9762371653543307
20
3.6098683858267715
11
-1.9783464566929134
21
3.6094488188976377
0
LINE
8
BLACK
6
CONTINUOUS
10
-1.9783464566929134
20
3.6094488188976377
11
-1.991732283464567
21
3.6094488188976377
0
LINE
8
BLACK
6
CONTINUOUS
10
-1.991732283464567
20
3.6094488188976377
11
-1.9938415748031495
21
3.6098683858267715
0
LINE
8
BLACK
6
CONTINUOUS
10
-1.9938415748031495
20
3.6098683858267715
11
-1.9956297244094487
21
3.6110631889763778
0
LINE
8
BLACK
6
CONTINUOUS
10
-1.9956297244094487
20
3.6110631889763778
11
-1.996824527559055
21
3.612851338582677
0
LINE
8
BLACK
6
CONTINUOUS
10
-1.996824527559055
20
3.612851338582677
11
-1.9972440944881888
21
3.6149606299212595
0
LINE
8
BLACK
6
CONTINUOUS
10
-1.9972440944881888
20
3.6149606299212595
11
-1.9972440944881888
21
3.6259842519685037
0
LINE
8
BLACK
6
CONTINUOUS
10
-1.9972440944881888
20
3.6259842519685037
11
-1.996824527559055
21
3.6280935433070867
0
LINE
8
BLACK
6
CONTINUOUS
10
-1.996824527559055
20
3.6280935433070867
11
-1.9956297244094487
21
3.6298816929133859
0
LINE
8
BLACK
6
CONTINUOUS
10
-1.9956297244094487
20
3.6298816929133859
11
-1.9938415748031495
21
3.6310764960629922
0
LINE
8
BLACK
6
CONTINUOUS
10
-1.9938415748031495
20
3.6310764960629922
11
-1.991732283464567
21
3.631496062992126
0
LINE
8
BLACK
6
CONTINUOUS
10
-1.991732283464567
20
3.631496062992126
11
-1.9783464566929134
21
3.631496062992126
0
LINE
8
BLACK
6
CONTINUOUS
10
-1.9783464566929134
20
3.631496062992126
11
-1.9762371653543307
21
3.6310764960629922
0
LINE
8
BLACK
6
CONTINUOUS
10
-1.8984251968503936
20
3.6147637795275589
11
-1.9275590551181101
21
3.6147637795275589
0
LINE
8
BLACK
6
CONTINUOUS
10
-1.9275590551181101
20
3.6147637795275589
11
-1.9275590551181101
21
3.6698818897637793
0
LINE
8
BLACK
6
CONTINUOUS
10
-1.9275590551181101
20
3.6698818897637793
11
-1.8984251968503936
21
3.6698818897637793
0
LINE
8
BLACK
6
CONTINUOUS
10
-1.8984251968503936
20
3.6698818897637793
11
-1.8984251968503936
21
3.6147637795275589
0
LINE
8
BLACK
6
CONTINUOUS
10
-2.2518277165354332
20
3.6365883070866141
11
-2.250039566929134
21
3.6353935039370078
0
LINE
8
BLACK
6
CONTINUOUS
10
-2.250039566929134
20
3.6353935039370078
11
-2.2488447637795277
21
3.6336053543307085
0
LINE
8
BLACK
6
CONTINUOUS
10
-2.2488447637795277
20
3.6336053543307085
11
-2.2484251968503934
21
3.631496062992126
0
LINE
8
BLACK
6
CONTINUOUS
10
-2.2484251968503934
20
3.631496062992126
11
-2.2484251968503934
21
3.6204724409448819
0
LINE
8
BLACK
6
CONTINUOUS
10
-2.2484251968503934
20
3.6204724409448819
11
-2.2488447637795277
21
3.6183631496062993
0
LINE
8
BLACK
6
CONTINUOUS
10
-2.2488447637795277
20
3.6183631496062993
11
-2.250039566929134
21
3.6165750000000001
0
LINE
8
BLACK
6
CONTINUOUS
10
-2.250039566929134
20
3.6165750000000001
11
-2.2518277165354332
21
3.6153801968503938
0
LINE
8
BLACK
6
CONTINUOUS
10
-2.2518277165354332
20
3.6153801968503938
11
-2.2539370078740157
21
3.6149606299212595
0
LINE
8
BLACK
6
CONTINUOUS
10
-2.2539370078740157
20
3.6149606299212595
11
-2.2673228346456691
21
3.6149606299212595
0
LINE
8
BLACK
6
CONTINUOUS
10
-2.2673228346456691
20
3.6149606299212595
11
-2.269432125984252
21
3.6153801968503938
0
LINE
8
BLACK
6
CONTINUOUS
10
-2.269432125984252
20
3.6153801968503938
11
-2.2712202755905513
21
3.6165750000000001
0
LINE
8
BLACK
6
CONTINUOUS
10
-2.2712202755905513
20
3.6165750000000001
11
-2.2724150787401576
21
3.6183631496062993
0
LINE
8
BLACK
6
CONTINUOUS
10
-2.2724150787401576
20
3.6183631496062993
11
-2.2728346456692914
21
3.6204724409448819
0
LINE
8
BLACK
6
CONTINUOUS
10
-2.2728346456692914
20
3.6204724409448819
11
-2.2728346456692914
21
3.631496062992126
0
LINE
8
BLACK
6
CONTINUOUS
10
-2.2728346456692914
20
3.631496062992126
11
-2.2724150787401576
21
3.6336053543307085
0
LINE
8
BLACK
6
CONTINUOUS
10
-2.2724150787401576
20
3.6336053543307085
11
-2.2712202755905513
21
3.6353935039370078
0
LINE
8
BLACK
6
CONTINUOUS
10
-2.2712202755905513
20
3.6353935039370078
11
-2.269432125984252
21
3.6365883070866141
0
LINE
8
BLACK
6
CONTINUOUS
10
-2.269432125984252
20
3.6365883070866141
11
-2.2673228346456691
21
3.6370078740157479
0
LINE
8
BLACK
6
CONTINUOUS
10
-2.2673228346456691
20
3.6370078740157479
11
-2.2539370078740157
21
3.6370078740157479
0
LINE
8
BLACK
6
CONTINUOUS
10
-2.2539370078740157
20
3.6370078740157479
11
-2.2518277165354332
21
3.6365883070866141
0
LINE
8
BLACK
6
CONTINUOUS
10
-2.2020366929133859
20
3.6711570078740157
11
-2.200759409448819
21
3.6703035826771653
0
LINE
8
BLACK
6
CONTINUOUS
10
-2.200759409448819
20
3.6703035826771653
11
-2.1999059842519686
21
3.6690262992125984
0
LINE
8
BLACK
6
CONTINUOUS
10
-2.1999059842519686
20
3.6690262992125984
11
-2.1996062992125984
21
3.6675196850393701
0
LINE
8
BLACK
6
CONTINUOUS
10
-2.1996062992125984
20
3.6675196850393701
11
-2.1996062992125984
21
3.6498031496062993
0
LINE
8
BLACK
6
CONTINUOUS
10
-2.1996062992125984
20
3.6498031496062993
11
-2.1999059842519686
21
3.648296535433071
0
LINE
8
BLACK
6
CONTINUOUS
10
-2.1999059842519686
20
3.648296535433071
11
-2.200759409448819
21
3.6470192519685041
0
LINE
8
BLACK
6
CONTINUOUS
10
-2.200759409448819
20
3.6470192519685041
11
-2.2020366929133859
21
3.6461658267716532
0
LINE
8
BLACK
6
CONTINUOUS
10
-2.2020366929133859
20
3.6461658267716532
11
-2.2035433070866142
21
3.6458661417322835
0
LINE
8
BLACK
6
CONTINUOUS
10
-2.2035433070866142
20
3.6458661417322835
11
-2.2114173228346456
21
3.6458661417322835
0
LINE
8
BLACK
6
CONTINUOUS
10
-2.2114173228346456
20
3.6458661417322835
11
-2.2129239370078739
21
3.6461658267716532
0
LINE
8
BLACK
6
CONTINUOUS
10
-2.2129239370078739
20
3.6461658267716532
11
-2.2142012204724408
21
3.6470192519685041
0
LINE
8
BLACK
6
CONTINUOUS
10
-2.2142012204724408
20
3.6470192519685041
11
-2.2150546456692912
21
3.648296535433071
0
LINE
8
BLACK
6
CONTINUOUS
10
-2.2150546456692912
20
3.648296535433071
11
-2.2153543307086614
21
3.6498031496062993
0
LINE
8
BLACK
6
CONTINUOUS
10
-2.2153543307086614
20
3.6498031496062993
11
-2.2153543307086614
21
3.6675196850393701
0
LINE
8
BLACK
6
CONTINUOUS
10
-2.2153543307086614
20
3.6675196850393701
11
-2.2150546456692912
21
3.6690262992125984
0
LINE
8
BLACK
6
CONTINUOUS
10
-2.2150546456692912
20
3.6690262992125984
11
-2.2142012204724408
21
3.6703035826771653
0
LINE
8
BLACK
6
CONTINUOUS
10
-2.2142012204724408
20
3.6703035826771653
11
-2.2129239370078739
21
3.6711570078740157
0
LINE
8
BLACK
6
CONTINUOUS
10
-2.2129239370078739
20
3.6711570078740157
11
-2.2114173228346456
21
3.6714566929133858
0
LINE
8
BLACK
6
CONTINUOUS
10
-2.2114173228346456
20
3.6714566929133858
11
-2.2035433070866142
21
3.6714566929133858
0
LINE
8
BLACK
6
CONTINUOUS
10
-2.2035433070866142
20
3.6714566929133858
11
-2.2020366929133859
21
3.6711570078740157
0
LINE
8
BLACK
6
CONTINUOUS
10
-2.1764461417322836
20
3.6711570078740157
11
-2.1751688582677167
21
3.6703035826771653
0
LINE
8
BLACK
6
CONTINUOUS
10
-2.1751688582677167
20
3.6703035826771653
11
-2.1743154330708663
21
3.6690262992125984
0
LINE
8
BLACK
6
CONTINUOUS
10
-2.1743154330708663
20
3.6690262992125984
11
-2.1740157480314961
21
3.6675196850393701
0
LINE
8
BLACK
6
CONTINUOUS
10
-2.1740157480314961
20
3.6675196850393701
11
-2.1740157480314961
21
3.6498031496062993
0
LINE
8
BLACK
6
CONTINUOUS
10
-2.1740157480314961
20
3.6498031496062993
11
-2.1743154330708663
21
3.648296535433071
0
LINE
8
BLACK
6
CONTINUOUS
10
-2.1743154330708663
20
3.648296535433071
11
-2.1751688582677167
21
3.6470192519685041
0
LINE
8
BLACK
6
CONTINUOUS
10
-2.1751688582677167
20
3.6470192519685041
11
-2.1764461417322836
21
3.6461658267716532
0
LINE
8
BLACK
6
CONTINUOUS
10
-2.1764461417322836
20
3.6461658267716532
11
-2.1779527559055119
21
3.6458661417322835
0
LINE
8
BLACK
6
CONTINUOUS
10
-2.1779527559055119
20
3.6458661417322835
11
-2.1858267716535433
21
3.6458661417322835
0
LINE
8
BLACK
6
CONTINUOUS
10
-2.1858267716535433
20
3.6458661417322835
11
-2.1873333858267716
21
3.6461658267716532
0
LINE
8
BLACK
6
CONTINUOUS
10
-2.1873333858267716
20
3.6461658267716532
11
-2.1886106692913385
21
3.6470192519685041
0
LINE
8
BLACK
6
CONTINUOUS
10
-2.1886106692913385
20
3.6470192519685041
11
-2.1894640944881889
21
3.648296535433071
0
LINE
8
BLACK
6
CONTINUOUS
10
-2.1894640944881889
20
3.648296535433071
11
-2.1897637795275591
21
3.6498031496062993
0
LINE
8
BLACK
6
CONTINUOUS
10
-2.1897637795275591
20
3.6498031496062993
11
-2.1897637795275591
21
3.6675196850393701
0
LINE
8
BLACK
6
CONTINUOUS
10
-2.1897637795275591
20
3.6675196850393701
11
-2.1894640944881889
21
3.6690262992125984
0
LINE
8
BLACK
6
CONTINUOUS
10
-2.1894640944881889
20
3.6690262992125984
11
-2.1886106692913385
21
3.6703035826771653
0
LINE
8
BLACK
6
CONTINUOUS
10
-2.1886106692913385
20
3.6703035826771653
11
-2.1873333858267716
21
3.6711570078740157
0
LINE
8
BLACK
6
CONTINUOUS
10
-2.1873333858267716
20
3.6711570078740157
11
-2.1858267716535433
21
3.6714566929133858
0
LINE
8
BLACK
6
CONTINUOUS
10
-2.1858267716535433
20
3.6714566929133858
11
-2.1779527559055119
21
3.6714566929133858
0
LINE
8
BLACK
6
CONTINUOUS
10
-2.1779527559055119
20
3.6714566929133858
11
-2.1764461417322836
21
3.6711570078740157
0
LINE
8
BLACK
6
CONTINUOUS
10
-2.1508555905511813
20
3.6711570078740157
11
-2.1495783070866139
21
3.6703035826771653
0
LINE
8
BLACK
6
CONTINUOUS
10
-2.1495783070866139
20
3.6703035826771653
11
-2.1487248818897635
21
3.6690262992125984
0
LINE
8
BLACK
6
CONTINUOUS
10
-2.1487248818897635
20
3.6690262992125984
11
-2.1484251968503938
21
3.6675196850393701
0
LINE
8
BLACK
6
CONTINUOUS
10
-2.1484251968503938
20
3.6675196850393701
11
-2.1484251968503938
21
3.6498031496062993
0
LINE
8
BLACK
6
CONTINUOUS
10
-2.1484251968503938
20
3.6498031496062993
11
-2.1487248818897635
21
3.648296535433071
0
LINE
8
BLACK
6
CONTINUOUS
10
-2.1487248818897635
20
3.648296535433071
11
-2.1495783070866139
21
3.6470192519685041
0
LINE
8
BLACK
6
CONTINUOUS
10
-2.1495783070866139
20
3.6470192519685041
11
-2.1508555905511813
21
3.6461658267716532
0
LINE
8
BLACK
6
CONTINUOUS
10
-2.1508555905511813
20
3.6461658267716532
11
-2.1523622047244095
21
3.6458661417322835
0
LINE
8
BLACK
6
CONTINUOUS
10
-2.1523622047244095
20
3.6458661417322835
11
-2.160236220472441
21
3.6458661417322835
0
LINE
8
BLACK
6
CONTINUOUS
10
-2.160236220472441
20
3.6458661417322835
11
-2.1617428346456693
21
3.6461658267716532
0
LINE
8
BLACK
6
CONTINUOUS
10
-2.1617428346456693
20
3.6461658267716532
11
-2.1630201181102362
21
3.6470192519685041
0
LINE
8
BLACK
6
CONTINUOUS
10
-2.1630201181102362
20
3.6470192519685041
11
-2.1638735433070866
21
3.648296535433071
0
LINE
8
BLACK
6
CONTINUOUS
10
-2.1638735433070866
20
3.648296535433071
11
-2.1641732283464568
21
3.6498031496062993
0
LINE
8
BLACK
6
CONTINUOUS
10
-2.1641732283464568
20
3.6498031496062993
11
-2.1641732283464568
21
3.6675196850393701
0
LINE
8
BLACK
6
CONTINUOUS
10
-2.1641732283464568
20
3.6675196850393701
11
-2.1638735433070866
21
3.6690262992125984
0
LINE
8
BLACK
6
CONTINUOUS
10
-2.1638735433070866
20
3.6690262992125984
11
-2.1630201181102362
21
3.6703035826771653
0
LINE
8
BLACK
6
CONTINUOUS
10
-2.1630201181102362
20
3.6703035826771653
11
-2.1617428346456693
21
3.6711570078740157
0
LINE
8
BLACK
6
CONTINUOUS
10
-2.1617428346456693
20
3.6711570078740157
11
-2.160236220472441
21
3.6714566929133858
0
LINE
8
BLACK
6
CONTINUOUS
10
-2.160236220472441
20
3.6714566929133858
11
-2.1523622047244095
21
3.6714566929133858
0
LINE
8
BLACK
6
CONTINUOUS
10
-2.1523622047244095
20
3.6714566929133858
11
-2.1508555905511813
21
3.6711570078740157
0
LINE
8
BLACK
6
CONTINUOUS
10
-2.0839264566929132
20
3.6711570078740157
11
-2.0826491732283463
21
3.6703035826771653
0
LINE
8
BLACK
6
CONTINUOUS
10
-2.0826491732283463
20
3.6703035826771653
11
-2.0817957480314959
21
3.6690262992125984
0
LINE
8
BLACK
6
CONTINUOUS
10
-2.0817957480314959
20
3.6690262992125984
11
-2.0814960629921258
21
3.6675196850393701
0
LINE
8
BLACK
6
CONTINUOUS
10
-2.0814960629921258
20
3.6675196850393701
11
-2.0814960629921258
21
3.6498031496062993
0
LINE
8
BLACK
6
CONTINUOUS
10
-2.0814960629921258
20
3.6498031496062993
11
-2.0817957480314959
21
3.648296535433071
0
LINE
8
BLACK
6
CONTINUOUS
10
-2.0817957480314959
20
3.648296535433071
11
-2.0826491732283463
21
3.6470192519685041
0
LINE
8
BLACK
6
CONTINUOUS
10
-2.0826491732283463
20
3.6470192519685041
11
-2.0839264566929132
21
3.6461658267716532
0
LINE
8
BLACK
6
CONTINUOUS
10
-2.0839264566929132
20
3.6461658267716532
11
-2.0854330708661415
21
3.6458661417322835
0
LINE
8
BLACK
6
CONTINUOUS
10
-2.0854330708661415
20
3.6458661417322835
11
-2.093307086614173
21
3.6458661417322835
0
LINE
8
BLACK
6
CONTINUOUS
10
-2.093307086614173
20
3.6458661417322835
11
-2.0948137007874017
21
3.6461658267716532
0
LINE
8
BLACK
6
CONTINUOUS
10
-2.0948137007874017
20
3.6461658267716532
11
-2.0960909842519686
21
3.6470192519685041
0
LINE
8
BLACK
6
CONTINUOUS
10
-2.0960909842519686
20
3.6470192519685041
11
-2.096944409448819
21
3.648296535433071
0
LINE
8
BLACK
6
CONTINUOUS
10
-2.096944409448819
20
3.648296535433071
11
-2.0972440944881887
21
3.6498031496062993
0
LINE
8
BLACK
6
CONTINUOUS
10
-2.0972440944881887
20
3.6498031496062993
11
-2.0972440944881887
21
3.6675196850393701
0
LINE
8
BLACK
6
CONTINUOUS
10
-2.0972440944881887
20
3.6675196850393701
11
-2.096944409448819
21
3.6690262992125984
0
LINE
8
BLACK
6
CONTINUOUS
10
-2.096944409448819
20
3.6690262992125984
11
-2.0960909842519686
21
3.6703035826771653
0
LINE
8
BLACK
6
CONTINUOUS
10
-2.0960909842519686
20
3.6703035826771653
11
-2.0948137007874017
21
3.6711570078740157
0
LINE
8
BLACK
6
CONTINUOUS
10
-2.0948137007874017
20
3.6711570078740157
11
-2.093307086614173
21
3.6714566929133858
0
LINE
8
BLACK
6
CONTINUOUS
10
-2.093307086614173
20
3.6714566929133858
11
-2.0854330708661415
21
3.6714566929133858
0
LINE
8
BLACK
6
CONTINUOUS
10
-2.0854330708661415
20
3.6714566929133858
11
-2.0839264566929132
21
3.6711570078740157
0
LINE
8
BLACK
6
CONTINUOUS
10
-2.0583359055118109
20
3.6711570078740157
11
-2.057058622047244
21
3.6703035826771653
0
LINE
8
BLACK
6
CONTINUOUS
10
-2.057058622047244
20
3.6703035826771653
11
-2.0562051968503936
21
3.6690262992125984
0
LINE
8
BLACK
6
CONTINUOUS
10
-2.0562051968503936
20
3.6690262992125984
11
-2.0559055118110234
21
3.6675196850393701
0
LINE
8
BLACK
6
CONTINUOUS
10
-2.0559055118110234
20
3.6675196850393701
11
-2.0559055118110234
21
3.6498031496062993
0
LINE
8
BLACK
6
CONTINUOUS
10
-2.0559055118110234
20
3.6498031496062993
11
-2.0562051968503936
21
3.648296535433071
0
LINE
8
BLACK
6
CONTINUOUS
10
-2.0562051968503936
20
3.648296535433071
11
-2.057058622047244
21
3.6470192519685041
0
LINE
8
BLACK
6
CONTINUOUS
10
-2.057058622047244
20
3.6470192519685041
11
-2.0583359055118109
21
3.6461658267716532
0
LINE
8
BLACK
6
CONTINUOUS
10
-2.0583359055118109
20
3.6461658267716532
11
-2.0598425196850392
21
3.6458661417322835
0
LINE
8
BLACK
6
CONTINUOUS
10
-2.0598425196850392
20
3.6458661417322835
11
-2.0677165354330707
21
3.6458661417322835
0
LINE
8
BLACK
6
CONTINUOUS
10
-2.0677165354330707
20
3.6458661417322835
11
-2.0692231496062994
21
3.6461658267716532
0
LINE
8
BLACK
6
CONTINUOUS
10
-2.0692231496062994
20
3.6461658267716532
11
-2.0705004330708663
21
3.6470192519685041
0
LINE
8
BLACK
6
CONTINUOUS
10
-2.0705004330708663
20
3.6470192519685041
11
-2.0713538582677167
21
3.648296535433071
0
LINE
8
BLACK
6
CONTINUOUS
10
-2.0713538582677167
20
3.648296535433071
11
-2.0716535433070864
21
3.6498031496062993
0
LINE
8
BLACK
6
CONTINUOUS
10
-2.0716535433070864
20
3.6498031496062993
11
-2.0716535433070864
21
3.6675196850393701
0
LINE
8
BLACK
6
CONTINUOUS
10
-2.0716535433070864
20
3.6675196850393701
11
-2.0713538582677167
21
3.6690262992125984
0
LINE
8
BLACK
6
CONTINUOUS
10
-2.0713538582677167
20
3.6690262992125984
11
-2.0705004330708663
21
3.6703035826771653
0
LINE
8
BLACK
6
CONTINUOUS
10
-2.0705004330708663
20
3.6703035826771653
11
-2.0692231496062994
21
3.6711570078740157
0
LINE
8
BLACK
6
CONTINUOUS
10
-2.0692231496062994
20
3.6711570078740157
11
-2.0677165354330707
21
3.6714566929133858
0
LINE
8
BLACK
6
CONTINUOUS
10
-2.0677165354330707
20
3.6714566929133858
11
-2.0598425196850392
21
3.6714566929133858
0
LINE
8
BLACK
6
CONTINUOUS
10
-2.0598425196850392
20
3.6714566929133858
11
-2.0583359055118109
21
3.6711570078740157
0
LINE
8
BLACK
6
CONTINUOUS
10
-2.0175137401574803
20
3.7697912992125984
11
-2.0095817716535431
21
3.7672140551181101
0
LINE
8
BLACK
6
CONTINUOUS
10
-2.0095817716535431
20
3.7672140551181101
11
-2.0021506692913387
21
3.7634277165354328
0
LINE
8
BLACK
6
CONTINUOUS
10
-2.0021506692913387
20
3.7634277165354328
11
-1.9954033464566929
21
3.7585255118110235
0
LINE
8
BLACK
6
CONTINUOUS
10
-1.9954033464566929
20
3.7585255118110235
11
-1.9895059842519685
21
3.752628149606299
0
LINE
8
BLACK
6
CONTINUOUS
10
-1.9895059842519685
20
3.752628149606299
11
-1.9846037795275591
21
3.7458808267716535
0
LINE
8
BLACK
6
CONTINUOUS
10
-1.9846037795275591
20
3.7458808267716535
11
-1.9808174409448818
21
3.7384497244094486
0
LINE
8
BLACK
6
CONTINUOUS
10
-1.9808174409448818
20
3.7384497244094486
11
-1.9782401968503938
21
3.7305177559055118
0
LINE
8
BLACK
6
CONTINUOUS
10
-1.9782401968503938
20
3.7305177559055118
11
-1.9769355118110237
21
3.7222803149606301
0
LINE
8
BLACK
6
CONTINUOUS
10
-1.9769355118110237
20
3.7222803149606301
11
-1.9769355118110237
21
3.713940157480315
0
LINE
8
BLACK
6
CONTINUOUS
10
-1.9769355118110237
20
3.713940157480315
11
-1.9782401968503938
21
3.7057027165354328
0
LINE
8
BLACK
6
CONTINUOUS
10
-1.9782401968503938
20
3.7057027165354328
11
-1.9808174409448818
21
3.6977707480314961
0
LINE
8
BLACK
6
CONTINUOUS
10
-1.9808174409448818
20
3.6977707480314961
11
-1.9846037795275591
21
3.6903396456692912
0
LINE
8
BLACK
6
CONTINUOUS
10
-1.9846037795275591
20
3.6903396456692912
11
-1.9895059842519685
21
3.6835923228346457
0
LINE
8
BLACK
6
CONTINUOUS
10
-1.9895059842519685
20
3.6835923228346457
11
-1.9954033464566929
21
3.6776949606299212
0
LINE
8
BLACK
6
CONTINUOUS
10
-1.9954033464566929
20
3.6776949606299212
11
-2.0021506692913387
21
3.6727927559055118
0
LINE
8
BLACK
6
CONTINUOUS
10
-2.0021506692913387
20
3.6727927559055118
11
-2.0095817716535431
21
3.6690064173228345
0
LINE
8
BLACK
6
CONTINUOUS
10
-2.0095817716535431
20
3.6690064173228345
11
-2.0175137401574803
21
3.6664291732283463
0
LINE
8
BLACK
6
CONTINUOUS
10
-2.0175137401574803
20
3.6664291732283463
11
-2.0257511811023621
21
3.6651244881889764
0
LINE
8
BLACK
6
CONTINUOUS
10
-2.0257511811023621
20
3.6651244881889764
11
-2.0303149606299211
21
3.6651244881889764
0
LINE
8
BLACK
6
CONTINUOUS
10
-2.0303149606299211
20
3.6651244881889764
11
-2.0303149606299211
21
3.6498031496062993
0
LINE
8
BLACK
6
CONTINUOUS
10
-2.0303149606299211
20
3.6498031496062993
11
-2.0306146456692913
21
3.648296535433071
0
LINE
8
BLACK
6
CONTINUOUS
10
-2.0306146456692913
20
3.648296535433071
11
-2.0314680708661417
21
3.6470192519685041
0
LINE
8
BLACK
6
CONTINUOUS
10
-2.0314680708661417
20
3.6470192519685041
11
-2.0327453543307086
21
3.6461658267716532
0
LINE
8
BLACK
6
CONTINUOUS
10
-2.0327453543307086
20
3.6461658267716532
11
-2.0342519685039369
21
3.6458661417322835
0
LINE
8
BLACK
6
CONTINUOUS
10
-2.0342519685039369
20
3.6458661417322835
11
-2.0421259842519683
21
3.6458661417322835
0
LINE
8
BLACK
6
CONTINUOUS
10
-2.0421259842519683
20
3.6458661417322835
11
-2.0436325984251966
21
3.6461658267716532
0
LINE
8
BLACK
6
CONTINUOUS
10
-2.0436325984251966
20
3.6461658267716532
11
-2.0449098818897635
21
3.6470192519685041
0
LINE
8
BLACK
6
CONTINUOUS
10
-2.0449098818897635
20
3.6470192519685041
11
-2.0457633070866139
21
3.648296535433071
0
LINE
8
BLACK
6
CONTINUOUS
10
-2.0457633070866139
20
3.648296535433071
11
-2.0460629921259841
21
3.6498031496062993
0
LINE
8
BLACK
6
CONTINUOUS
10
-2.0460629921259841
20
3.6498031496062993
11
-2.0460629921259841
21
3.6675196850393701
0
LINE
8
BLACK
6
CONTINUOUS
10
-2.0460629921259841
20
3.6675196850393701
11
-2.0460400787401576
21
3.6676350393700785
0
LINE
8
BLACK
6
CONTINUOUS
10
-2.0460400787401576
20
3.6676350393700785
11
-2.050260748031496
21
3.6690064173228345
0
LINE
8
BLACK
6
CONTINUOUS
10
-2.050260748031496
20
3.6690064173228345
11
-2.0576918503937009
21
3.6727927559055118
0
LINE
8
BLACK
6
CONTINUOUS
10
-2.0576918503937009
20
3.6727927559055118
11
-2.0644391732283465
21
3.6776949606299212
0
LINE
8
BLACK
6
CONTINUOUS
10
-2.0644391732283465
20
3.6776949606299212
11
-2.0703365354330709
21
3.6835923228346457
0
LINE
8
BLACK
6
CONTINUOUS
10
-2.0703365354330709
20
3.6835923228346457
11
-2.0752387401574803
21
3.6903396456692912
0
LINE
8
BLACK
6
CONTINUOUS
10
-2.0752387401574803
20
3.6903396456692912
11
-2.0789573228346456
21
3.6976377952755906
0
LINE
8
BLACK
6
CONTINUOUS
10
-2.0789573228346456
20
3.6976377952755906
11
-2.086220472440945
21
3.6976377952755906
0
LINE
8
BLACK
6
CONTINUOUS
10
-2.086220472440945
20
3.6976377952755906
11
-2.0883297637795275
21
3.6980573622047244
0
LINE
8
BLACK
6
CONTINUOUS
10
-2.0883297637795275
20
3.6980573622047244
11
-2.0901179133858268
21
3.6992521653543307
0
LINE
8
BLACK
6
CONTINUOUS
10
-2.0901179133858268
20
3.6992521653543307
11
-2.091312716535433
21
3.7010403149606299
0
LINE
8
BLACK
6
CONTINUOUS
10
-2.091312716535433
20
3.7010403149606299
11
-2.0917322834645669
21
3.7031496062992124
0
LINE
8
BLACK
6
CONTINUOUS
10
-2.0917322834645669
20
3.7031496062992124
11
-2.0917322834645669
21
3.7141732283464566
0
LINE
8
BLACK
6
CONTINUOUS
10
-2.0917322834645669
20
3.7141732283464566
11
-2.091312716535433
21
3.7162825196850391
0
LINE
8
BLACK
6
CONTINUOUS
10
-2.091312716535433
20
3.7162825196850391
11
-2.0901179133858268
21
3.7180706692913383
0
LINE
8
BLACK
6
CONTINUOUS
10
-2.0901179133858268
20
3.7180706692913383
11
-2.0883297637795275
21
3.7192654724409446
0
LINE
8
BLACK
6
CONTINUOUS
10
-2.0883297637795275
20
3.7192654724409446
11
-2.086220472440945
21
3.7196850393700784
0
LINE
8
BLACK
6
CONTINUOUS
10
-2.086220472440945
20
3.7196850393700784
11
-2.0829070078740157
21
3.7196850393700784
0
LINE
8
BLACK
6
CONTINUOUS
10
-2.0829070078740157
20
3.7196850393700784
11
-2.0829070078740157
21
3.7222803149606301
0
LINE
8
BLACK
6
CONTINUOUS
10
-2.0829070078740157
20
3.7222803149606301
11
-2.0816023228346454
21
3.7305177559055118
0
LINE
8
BLACK
6
CONTINUOUS
10
-2.0816023228346454
20
3.7305177559055118
11
-2.0800052362204724
21
3.7354330708661418
0
LINE
8
BLACK
6
CONTINUOUS
10
-2.0800052362204724
20
3.7354330708661418
11
-2.086220472440945
21
3.7354330708661418
0
LINE
8
BLACK
6
CONTINUOUS
10
-2.086220472440945
20
3.7354330708661418
11
-2.0883297637795275
21
3.7358526377952757
0
LINE
8
BLACK
6
CONTINUOUS
10
-2.0883297637795275
20
3.7358526377952757
11
-2.0901179133858268
21
3.7370474409448819
0
LINE
8
BLACK
6
CONTINUOUS
10
-2.0901179133858268
20
3.7370474409448819
11
-2.091312716535433
21
3.7388355905511812
0
LINE
8
BLACK
6
CONTINUOUS
10
-2.091312716535433
20
3.7388355905511812
11
-2.0917322834645669
21
3.7409448818897637
0
LINE
8
BLACK
6
CONTINUOUS
10
-2.0917322834645669
20
3.7409448818897637
11
-2.0917322834645669
21
3.7519685039370079
0
LINE
8
BLACK
6
CONTINUOUS
10
-2.0917322834645669
20
3.7519685039370079
11
-2.091312716535433
21
3.7540777952755904
0
LINE
8
BLACK
6
CONTINUOUS
10
-2.091312716535433
20
3.7540777952755904
11
-2.0901179133858268
21
3.7558659448818896
0
LINE
8
BLACK
6
CONTINUOUS
10
-2.0901179133858268
20
3.7558659448818896
11
-2.0883297637795275
21
3.7570607480314959
0
LINE
8
BLACK
6
CONTINUOUS
10
-2.0883297637795275
20
3.7570607480314959
11
-2.086220472440945
21
3.7574803149606297
0
LINE
8
BLACK
6
CONTINUOUS
10
-2.086220472440945
20
3.7574803149606297
11
-2.0728346456692912
21
3.7574803149606297
0
LINE
8
BLACK
6
CONTINUOUS
10
-2.0728346456692912
20
3.7574803149606297
11
-2.0707253543307087
21
3.7570607480314959
0
LINE
8
BLACK
6
CONTINUOUS
10
-2.0707253543307087
20
3.7570607480314959
11
-2.0689372047244095
21
3.7558659448818896
0
LINE
8
BLACK
6
CONTINUOUS
10
-2.0689372047244095
20
3.7558659448818896
11
-2.0682008267716534
21
3.7547638976377953
0
LINE
8
BLACK
6
CONTINUOUS
10
-2.0682008267716534
20
3.7547638976377953
11
-2.0644391732283465
21
3.7585255118110235
0
LINE
8
BLACK
6
CONTINUOUS
10
-2.0644391732283465
20
3.7585255118110235
11
-2.0576918503937009
21
3.7634277165354328
0
LINE
8
BLACK
6
CONTINUOUS
10
-2.0576918503937009
20
3.7634277165354328
11
-2.050260748031496
21
3.7672140551181101
0
LINE
8
BLACK
6
CONTINUOUS
10
-2.050260748031496
20
3.7672140551181101
11
-2.0423287795275589
21
3.7697912992125984
0
LINE
8
BLACK
6
CONTINUOUS
10
-2.0423287795275589
20
3.7697912992125984
11
-2.0340913385826771
21
3.7710959842519682
0
LINE
8
BLACK
6
CONTINUOUS
10
-2.0340913385826771
20
3.7710959842519682
11
-2.0257511811023621
21
3.7710959842519682
0
LINE
8
BLACK
6
CONTINUOUS
10
-2.0257511811023621
20
3.7710959842519682
11
-2.0175137401574803
21
3.7697912992125984
0
LINE
8
BLACK
6
CONTINUOUS
10
-2.2518277165354332
20
3.6743835826771654
11
-2.250039566929134
21
3.6731887795275591
0
LINE
8
BLACK
6
CONTINUOUS
10
-2.250039566929134
20
3.6731887795275591
11
-2.2488447637795277
21
3.6714006299212598
0
LINE
8
BLACK
6
CONTINUOUS
10
-2.2488447637795277
20
3.6714006299212598
11
-2.2484251968503934
21
3.6692913385826769
0
LINE
8
BLACK
6
CONTINUOUS
10
-2.2484251968503934
20
3.6692913385826769
11
-2.2484251968503934
21
3.6582677165354331
0
LINE
8
BLACK
6
CONTINUOUS
10
-2.2484251968503934
20
3.6582677165354331
11
-2.2488447637795277
21
3.6561584251968502
0
LINE
8
BLACK
6
CONTINUOUS
10
-2.2488447637795277
20
3.6561584251968502
11
-2.250039566929134
21
3.6543702755905509
0
LINE
8
BLACK
6
CONTINUOUS
10
-2.250039566929134
20
3.6543702755905509
11
-2.2518277165354332
21
3.6531754724409446
0
LINE
8
BLACK
6
CONTINUOUS
10
-2.2518277165354332
20
3.6531754724409446
11
-2.2539370078740157
21
3.6527559055118108
0
LINE
8
BLACK
6
CONTINUOUS
10
-2.2539370078740157
20
3.6527559055118108
11
-2.2673228346456691
21
3.6527559055118108
0
LINE
8
BLACK
6
CONTINUOUS
10
-2.2673228346456691
20
3.6527559055118108
11
-2.269432125984252
21
3.6531754724409446
0
LINE
8
BLACK
6
CONTINUOUS
10
-2.269432125984252
20
3.6531754724409446
11
-2.2712202755905513
21
3.6543702755905509
0
LINE
8
BLACK
6
CONTINUOUS
10
-2.2712202755905513
20
3.6543702755905509
11
-2.2724150787401576
21
3.6561584251968502
0
LINE
8
BLACK
6
CONTINUOUS
10
-2.2724150787401576
20
3.6561584251968502
11
-2.2728346456692914
21
3.6582677165354331
0
LINE
8
BLACK
6
CONTINUOUS
10
-2.2728346456692914
20
3.6582677165354331
11
-2.2728346456692914
21
3.6692913385826769
0
LINE
8
BLACK
6
CONTINUOUS
10
-2.2728346456692914
20
3.6692913385826769
11
-2.2724150787401576
21
3.6714006299212598
0
LINE
8
BLACK
6
CONTINUOUS
10
-2.2724150787401576
20
3.6714006299212598
11
-2.2712202755905513
21
3.6731887795275591
0
LINE
8
BLACK
6
CONTINUOUS
10
-2.2712202755905513
20
3.6731887795275591
11
-2.269432125984252
21
3.6743835826771654
0
LINE
8
BLACK
6
CONTINUOUS
10
-2.269432125984252
20
3.6743835826771654
11
-2.2673228346456691
21
3.6748031496062992
0
LINE
8
BLACK
6
CONTINUOUS
10
-2.2673228346456691
20
3.6748031496062992
11
-2.2539370078740157
21
3.6748031496062992
0
LINE
8
BLACK
6
CONTINUOUS
10
-2.2539370078740157
20
3.6748031496062992
11
-2.2518277165354332
21
3.6743835826771654
0
LINE
8
BLACK
6
CONTINUOUS
10
-2.2576117322834643
20
3.7161308661417323
11
-2.2558874409448819
21
3.7149787007874013
0
LINE
8
BLACK
6
CONTINUOUS
10
-2.2558874409448819
20
3.7149787007874013
11
-2.254735275590551
21
3.7132544094488189
0
LINE
8
BLACK
6
CONTINUOUS
10
-2.254735275590551
20
3.7132544094488189
11
-2.2543307086614175
21
3.711220472440945
0
LINE
8
BLACK
6
CONTINUOUS
10
-2.2543307086614175
20
3.711220472440945
11
-2.2543307086614175
21
3.6966535433070864
0
LINE
8
BLACK
6
CONTINUOUS
10
-2.2543307086614175
20
3.6966535433070864
11
-2.254735275590551
21
3.6946196062992125
0
LINE
8
BLACK
6
CONTINUOUS
10
-2.254735275590551
20
3.6946196062992125
11
-2.2558874409448819
21
3.6928953149606296
0
LINE
8
BLACK
6
CONTINUOUS
10
-2.2558874409448819
20
3.6928953149606296
11
-2.2576117322834643
21
3.6917431496062991
0
LINE
8
BLACK
6
CONTINUOUS
10
-2.2576117322834643
20
3.6917431496062991
11
-2.2596456692913387
21
3.6913385826771652
0
LINE
8
BLACK
6
CONTINUOUS
10
-2.2596456692913387
20
3.6913385826771652
11
-2.2702755905511811
21
3.6913385826771652
0
LINE
8
BLACK
6
CONTINUOUS
10
-2.2702755905511811
20
3.6913385826771652
11
-2.272309527559055
21
3.6917431496062991
0
LINE
8
BLACK
6
CONTINUOUS
10
-2.272309527559055
20
3.6917431496062991
11
-2.2740338188976379
21
3.6928953149606296
0
LINE
8
BLACK
6
CONTINUOUS
10
-2.2740338188976379
20
3.6928953149606296
11
-2.2751859842519684
21
3.6946196062992125
0
LINE
8
BLACK
6
CONTINUOUS
10
-2.2751859842519684
20
3.6946196062992125
11
-2.2755905511811023
21
3.6966535433070864
0
LINE
8
BLACK
6
CONTINUOUS
10
-2.2755905511811023
20
3.6966535433070864
11
-2.2755905511811023
21
3.711220472440945
0
LINE
8
BLACK
6
CONTINUOUS
10
-2.2755905511811023
20
3.711220472440945
11
-2.2751859842519684
21
3.7132544094488189
0
LINE
8
BLACK
6
CONTINUOUS
10
-2.2751859842519684
20
3.7132544094488189
11
-2.2740338188976379
21
3.7149787007874013
0
LINE
8
BLACK
6
CONTINUOUS
10
-2.2740338188976379
20
3.7149787007874013
11
-2.272309527559055
21
3.7161308661417323
0
LINE
8
BLACK
6
CONTINUOUS
10
-2.272309527559055
20
3.7161308661417323
11
-2.2702755905511811
21
3.7165354330708662
0
LINE
8
BLACK
6
CONTINUOUS
10
-2.2702755905511811
20
3.7165354330708662
11
-2.2596456692913387
21
3.7165354330708662
0
LINE
8
BLACK
6
CONTINUOUS
10
-2.2596456692913387
20
3.7165354330708662
11
-2.2576117322834643
21
3.7161308661417323
0
LINE
8
BLACK
6
CONTINUOUS
10
-2.2174542519685039
20
3.7161308661417323
11
-2.215729960629921
21
3.7149787007874013
0
LINE
8
BLACK
6
CONTINUOUS
10
-2.215729960629921
20
3.7149787007874013
11
-2.2145777952755905
21
3.7132544094488189
0
LINE
8
BLACK
6
CONTINUOUS
10
-2.2145777952755905
20
3.7132544094488189
11
-2.2141732283464566
21
3.711220472440945
0
LINE
8
BLACK
6
CONTINUOUS
10
-2.2141732283464566
20
3.711220472440945
11
-2.2141732283464566
21
3.6966535433070864
0
LINE
8
BLACK
6
CONTINUOUS
10
-2.2141732283464566
20
3.6966535433070864
11
-2.2145777952755905
21
3.6946196062992125
0
LINE
8
BLACK
6
CONTINUOUS
10
-2.2145777952755905
20
3.6946196062992125
11
-2.215729960629921
21
3.6928953149606296
0
LINE
8
BLACK
6
CONTINUOUS
10
-2.215729960629921
20
3.6928953149606296
11
-2.2174542519685039
21
3.6917431496062991
0
LINE
8
BLACK
6
CONTINUOUS
10
-2.2174542519685039
20
3.6917431496062991
11
-2.2194881889763778
21
3.6913385826771652
0
LINE
8
BLACK
6
CONTINUOUS
10
-2.2194881889763778
20
3.6913385826771652
11
-2.2301181102362206
21
3.6913385826771652
0
LINE
8
BLACK
6
CONTINUOUS
10
-2.2301181102362206
20
3.6913385826771652
11
-2.2321520472440946
21
3.6917431496062991
0
LINE
8
BLACK
6
CONTINUOUS
10
-2.2321520472440946
20
3.6917431496062991
11
-2.233876338582677
21
3.6928953149606296
0
LINE
8
BLACK
6
CONTINUOUS
10
-2.233876338582677
20
3.6928953149606296
11
-2.2350285039370079
21
3.6946196062992125
0
LINE
8
BLACK
6
CONTINUOUS
10
-2.2350285039370079
20
3.6946196062992125
11
-2.2354330708661418
21
3.6966535433070864
0
LINE
8
BLACK
6
CONTINUOUS
10
-2.2354330708661418
20
3.6966535433070864
11
-2.2354330708661418
21
3.711220472440945
0
LINE
8
BLACK
6
CONTINUOUS
10
-2.2354330708661418
20
3.711220472440945
11
-2.2350285039370079
21
3.7132544094488189
0
LINE
8
BLACK
6
CONTINUOUS
10
-2.2350285039370079
20
3.7132544094488189
11
-2.233876338582677
21
3.7149787007874013
0
LINE
8
BLACK
6
CONTINUOUS
10
-2.233876338582677
20
3.7149787007874013
11
-2.2321520472440946
21
3.7161308661417323
0
LINE
8
BLACK
6
CONTINUOUS
10
-2.2321520472440946
20
3.7161308661417323
11
-2.2301181102362206
21
3.7165354330708662
0
LINE
8
BLACK
6
CONTINUOUS
10
-2.2301181102362206
20
3.7165354330708662
11
-2.2194881889763778
21
3.7165354330708662
0
LINE
8
BLACK
6
CONTINUOUS
10
-2.2194881889763778
20
3.7165354330708662
11
-2.2174542519685039
21
3.7161308661417323
0
LINE
8
BLACK
6
CONTINUOUS
10
-2.1095802362204723
20
3.7173119291338583
11
-2.1078559448818899
21
3.7161597637795274
0
LINE
8
BLACK
6
CONTINUOUS
10
-2.1078559448818899
20
3.7161597637795274
11
-2.1067037795275589
21
3.714435472440945
0
LINE
8
BLACK
6
CONTINUOUS
10
-2.1067037795275589
20
3.714435472440945
11
-2.106299212598425
21
3.7124015354330706
0
LINE
8
BLACK
6
CONTINUOUS
10
-2.106299212598425
20
3.7124015354330706
11
-2.106299212598425
21
3.7017716141732282
0
LINE
8
BLACK
6
CONTINUOUS
10
-2.106299212598425
20
3.7017716141732282
11
-2.1067037795275589
21
3.6997376771653543
0
LINE
8
BLACK
6
CONTINUOUS
10
-2.1067037795275589
20
3.6997376771653543
11
-2.1078559448818899
21
3.6980133858267714
0
LINE
8
BLACK
6
CONTINUOUS
10
-2.1078559448818899
20
3.6980133858267714
11
-2.1095802362204723
21
3.6968612204724409
0
LINE
8
BLACK
6
CONTINUOUS
10
-2.1095802362204723
20
3.6968612204724409
11
-2.1116141732283462
21
3.696456653543307
0
LINE
8
BLACK
6
CONTINUOUS
10
-2.1116141732283462
20
3.696456653543307
11
-2.1261811023622048
21
3.696456653543307
0
LINE
8
BLACK
6
CONTINUOUS
10
-2.1261811023622048
20
3.696456653543307
11
-2.1282150393700787
21
3.6968612204724409
0
LINE
8
BLACK
6
CONTINUOUS
10
-2.1282150393700787
20
3.6968612204724409
11
-2.1299393307086611
21
3.6980133858267714
0
LINE
8
BLACK
6
CONTINUOUS
10
-2.1299393307086611
20
3.6980133858267714
11
-2.1310914960629921
21
3.6997376771653543
0
LINE
8
BLACK
6
CONTINUOUS
10
-2.1310914960629921
20
3.6997376771653543
11
-2.131496062992126
21
3.7017716141732282
0
LINE
8
BLACK
6
CONTINUOUS
10
-2.131496062992126
20
3.7017716141732282
11
-2.131496062992126
21
3.7124015354330706
0
LINE
8
BLACK
6
CONTINUOUS
10
-2.131496062992126
20
3.7124015354330706
11
-2.1310914960629921
21
3.714435472440945
0
LINE
8
BLACK
6
CONTINUOUS
10
-2.1310914960629921
20
3.714435472440945
11
-2.1299393307086611
21
3.7161597637795274
0
LINE
8
BLACK
6
CONTINUOUS
10
-2.1299393307086611
20
3.7161597637795274
11
-2.1282150393700787
21
3.7173119291338583
0
LINE
8
BLACK
6
CONTINUOUS
10
-2.1282150393700787
20
3.7173119291338583
11
-2.1261811023622048
21
3.7177164960629923
0
LINE
8
BLACK
6
CONTINUOUS
10
-2.1261811023622048
20
3.7177164960629923
11
-2.1116141732283462
21
3.7177164960629923
0
LINE
8
BLACK
6
CONTINUOUS
10
-2.1116141732283462
20
3.7177164960629923
11
-2.1095802362204723
21
3.7173119291338583
0
LINE
8
BLACK
6
CONTINUOUS
10
-2.1494654724409448
20
3.7188717322834646
11
-2.1476773228346455
21
3.7176769291338583
0
LINE
8
BLACK
6
CONTINUOUS
10
-2.1476773228346455
20
3.7176769291338583
11
-2.1464825196850392
21
3.715888779527559
0
LINE
8
BLACK
6
CONTINUOUS
10
-2.1464825196850392
20
3.715888779527559
11
-2.1460629527559054
21
3.7137794881889761
0
LINE
8
BLACK
6
CONTINUOUS
10
-2.1460629527559054
20
3.7137794881889761
11
-2.1460629527559054
21
3.7027558661417324
0
LINE
8
BLACK
6
CONTINUOUS
10
-2.1460629527559054
20
3.7027558661417324
11
-2.1464825196850392
21
3.7006465748031494
0
LINE
8
BLACK
6
CONTINUOUS
10
-2.1464825196850392
20
3.7006465748031494
11
-2.1476773228346455
21
3.6988584251968502
0
LINE
8
BLACK
6
CONTINUOUS
10
-2.1476773228346455
20
3.6988584251968502
11
-2.1494654724409448
21
3.6976636220472439
0
LINE
8
BLACK
6
CONTINUOUS
10
-2.1494654724409448
20
3.6976636220472439
11
-2.1515747637795277
21
3.6972440551181101
0
LINE
8
BLACK
6
CONTINUOUS
10
-2.1515747637795277
20
3.6972440551181101
11
-2.1649605905511811
21
3.6972440551181101
0
LINE
8
BLACK
6
CONTINUOUS
10
-2.1649605905511811
20
3.6972440551181101
11
-2.1670698818897636
21
3.6976636220472439
0
LINE
8
BLACK
6
CONTINUOUS
10
-2.1670698818897636
20
3.6976636220472439
11
-2.1688580314960628
21
3.6988584251968502
0
LINE
8
BLACK
6
CONTINUOUS
10
-2.1688580314960628
20
3.6988584251968502
11
-2.1700528346456691
21
3.7006465748031494
0
LINE
8
BLACK
6
CONTINUOUS
10
-2.1700528346456691
20
3.7006465748031494
11
-2.1704724015748029
21
3.7027558661417324
0
LINE
8
BLACK
6
CONTINUOUS
10
-2.1704724015748029
20
3.7027558661417324
11
-2.1704724015748029
21
3.7137794881889761
0
LINE
8
BLACK
6
CONTINUOUS
10
-2.1704724015748029
20
3.7137794881889761
11
-2.1700528346456691
21
3.715888779527559
0
LINE
8
BLACK
6
CONTINUOUS
10
-2.1700528346456691
20
3.715888779527559
11
-2.1688580314960628
21
3.7176769291338583
0
LINE
8
BLACK
6
CONTINUOUS
10
-2.1688580314960628
20
3.7176769291338583
11
-2.1670698818897636
21
3.7188717322834646
0
LINE
8
BLACK
6
CONTINUOUS
10
-2.1670698818897636
20
3.7188717322834646
11
-2.1649605905511811
21
3.7192912992125984
0
LINE
8
BLACK
6
CONTINUOUS
10
-2.1649605905511811
20
3.7192912992125984
11
-2.1515747637795277
21
3.7192912992125984
0
LINE
8
BLACK
6
CONTINUOUS
10
-2.1515747637795277
20
3.7192912992125984
11
-2.1494654724409448
21
3.7188717322834646
0
LINE
8
BLACK
6
CONTINUOUS
10
-2.1494654724409448
20
3.7566670078740159
11
-2.1476773228346455
21
3.7554722047244096
0
LINE
8
BLACK
6
CONTINUOUS
10
-2.1476773228346455
20
3.7554722047244096
11
-2.1464825196850392
21
3.7536840551181103
0
LINE
8
BLACK
6
CONTINUOUS
10
-2.1464825196850392
20
3.7536840551181103
11
-2.1460629527559054
21
3.7515747637795274
0
LINE
8
BLACK
6
CONTINUOUS
10
-2.1460629527559054
20
3.7515747637795274
11
-2.1460629527559054
21
3.7405511417322832
0
LINE
8
BLACK
6
CONTINUOUS
10
-2.1460629527559054
20
3.7405511417322832
11
-2.1464825196850392
21
3.7384418503937007
0
LINE
8
BLACK
6
CONTINUOUS
10
-2.1464825196850392
20
3.7384418503937007
11
-2.1476773228346455
21
3.7366537007874014
0
LINE
8
BLACK
6
CONTINUOUS
10
-2.1476773228346455
20
3.7366537007874014
11
-2.1494654724409448
21
3.7354588976377952
0
LINE
8
BLACK
6
CONTINUOUS
10
-2.1494654724409448
20
3.7354588976377952
11
-2.1515747637795277
21
3.7350393307086613
0
LINE
8
BLACK
6
CONTINUOUS
10
-2.1515747637795277
20
3.7350393307086613
11
-2.1649605905511811
21
3.7350393307086613
0
LINE
8
BLACK
6
CONTINUOUS
10
-2.1649605905511811
20
3.7350393307086613
11
-2.1670698818897636
21
3.7354588976377952
0
LINE
8
BLACK
6
CONTINUOUS
10
-2.1670698818897636
20
3.7354588976377952
11
-2.1688580314960628
21
3.7366537007874014
0
LINE
8
BLACK
6
CONTINUOUS
10
-2.1688580314960628
20
3.7366537007874014
11
-2.1700528346456691
21
3.7384418503937007
0
LINE
8
BLACK
6
CONTINUOUS
10
-2.1700528346456691
20
3.7384418503937007
11
-2.1704724015748029
21
3.7405511417322832
0
LINE
8
BLACK
6
CONTINUOUS
10
-2.1704724015748029
20
3.7405511417322832
11
-2.1704724015748029
21
3.7515747637795274
0
LINE
8
BLACK
6
CONTINUOUS
10
-2.1704724015748029
20
3.7515747637795274
11
-2.1700528346456691
21
3.7536840551181103
0
LINE
8
BLACK
6
CONTINUOUS
10
-2.1700528346456691
20
3.7536840551181103
11
-2.1688580314960628
21
3.7554722047244096
0
LINE
8
BLACK
6
CONTINUOUS
10
-2.1688580314960628
20
3.7554722047244096
11
-2.1670698818897636
21
3.7566670078740159
0
LINE
8
BLACK
6
CONTINUOUS
10
-2.1670698818897636
20
3.7566670078740159
11
-2.1649605905511811
21
3.7570865748031497
0
LINE
8
BLACK
6
CONTINUOUS
10
-2.1649605905511811
20
3.7570865748031497
11
-2.1515747637795277
21
3.7570865748031497
0
LINE
8
BLACK
6
CONTINUOUS
10
-2.1515747637795277
20
3.7570865748031497
11
-2.1494654724409448
21
3.7566670078740159
0
LINE
8
BLACK
6
CONTINUOUS
10
-2.1095802362204723
20
3.7574694094488188
11
-2.1078559448818899
21
3.7563172440944883
0
LINE
8
BLACK
6
CONTINUOUS
10
-2.1078559448818899
20
3.7563172440944883
11
-2.1067037795275589
21
3.7545929527559054
0
LINE
8
BLACK
6
CONTINUOUS
10
-2.1067037795275589
20
3.7545929527559054
11
-2.106299212598425
21
3.7525590157480315
0
LINE
8
BLACK
6
CONTINUOUS
10
-2.106299212598425
20
3.7525590157480315
11
-2.106299212598425
21
3.7419290944881891
0
LINE
8
BLACK
6
CONTINUOUS
10
-2.106299212598425
20
3.7419290944881891
11
-2.1067037795275589
21
3.7398951574803148
0
LINE
8
BLACK
6
CONTINUOUS
10
-2.1067037795275589
20
3.7398951574803148
11
-2.1078559448818899
21
3.7381708661417323
0
LINE
8
BLACK
6
CONTINUOUS
10
-2.1078559448818899
20
3.7381708661417323
11
-2.1095802362204723
21
3.7370187007874014
0
LINE
8
BLACK
6
CONTINUOUS
10
-2.1095802362204723
20
3.7370187007874014
11
-2.1116141732283462
21
3.7366141338582675
0
LINE
8
BLACK
6
CONTINUOUS
10
-2.1116141732283462
20
3.7366141338582675
11
-2.1261811023622048
21
3.7366141338582675
0
LINE
8
BLACK
6
CONTINUOUS
10
-2.1261811023622048
20
3.7366141338582675
11
-2.1282150393700787
21
3.7370187007874014
0
LINE
8
BLACK
6
CONTINUOUS
10
-2.1282150393700787
20
3.7370187007874014
11
-2.1299393307086611
21
3.7381708661417323
0
LINE
8
BLACK
6
CONTINUOUS
10
-2.1299393307086611
20
3.7381708661417323
11
-2.1310914960629921
21
3.7398951574803148
0
LINE
8
BLACK
6
CONTINUOUS
10
-2.1310914960629921
20
3.7398951574803148
11
-2.131496062992126
21
3.7419290944881891
0
LINE
8
BLACK
6
CONTINUOUS
10
-2.131496062992126
20
3.7419290944881891
11
-2.131496062992126
21
3.7525590157480315
0
LINE
8
BLACK
6
CONTINUOUS
10
-2.131496062992126
20
3.7525590157480315
11
-2.1310914960629921
21
3.7545929527559054
0
LINE
8
BLACK
6
CONTINUOUS
10
-2.1310914960629921
20
3.7545929527559054
11
-2.1299393307086611
21
3.7563172440944883
0
LINE
8
BLACK
6
CONTINUOUS
10
-2.1299393307086611
20
3.7563172440944883
11
-2.1282150393700787
21
3.7574694094488188
0
LINE
8
BLACK
6
CONTINUOUS
10
-2.1282150393700787
20
3.7574694094488188
11
-2.1261811023622048
21
3.7578739763779527
0
LINE
8
BLACK
6
CONTINUOUS
10
-2.1261811023622048
20
3.7578739763779527
11
-2.1116141732283462
21
3.7578739763779527
0
LINE
8
BLACK
6
CONTINUOUS
10
-2.1116141732283462
20
3.7578739763779527
11
-2.1095802362204723
21
3.7574694094488188
0
LINE
8
BLACK
6
CONTINUOUS
10
-1.9184327952755904
20
3.8659630708661417
11
-1.9110884251968503
21
3.8635767322834647
0
LINE
8
BLACK
6
CONTINUOUS
10
-1.9110884251968503
20
3.8635767322834647
11
-1.9042077559055117
21
3.860070866141732
0
LINE
8
BLACK
6
CONTINUOUS
10
-1.9042077559055117
20
3.860070866141732
11
-1.8979602362204724
21
3.8555317716535433
0
LINE
8
BLACK
6
CONTINUOUS
10
-1.8979602362204724
20
3.8555317716535433
11
-1.8924997244094488
21
3.8500712598425197
0
LINE
8
BLACK
6
CONTINUOUS
10
-1.8924997244094488
20
3.8500712598425197
11
-1.8879606299212599
21
3.8438237401574802
0
LINE
8
BLACK
6
CONTINUOUS
10
-1.8879606299212599
20
3.8438237401574802
11
-1.8844547637795275
21
3.8369430708661416
0
LINE
8
BLACK
6
CONTINUOUS
10
-1.8844547637795275
20
3.8369430708661416
11
-1.8820684251968502
21
3.8295987007874013
0
LINE
8
BLACK
6
CONTINUOUS
10
-1.8820684251968502
20
3.8295987007874013
11
-1.8808603543307085
21
3.8219714173228345
0
LINE
8
BLACK
6
CONTINUOUS
10
-1.8808603543307085
20
3.8219714173228345
11
-1.8808603543307085
21
3.8142490551181103
0
LINE
8
BLACK
6
CONTINUOUS
10
-1.8808603543307085
20
3.8142490551181103
11
-1.8820684251968502
21
3.8066217716535431
0
LINE
8
BLACK
6
CONTINUOUS
10
-1.8820684251968502
20
3.8066217716535431
11
-1.8844547637795275
21
3.7992774015748032
0
LINE
8
BLACK
6
CONTINUOUS
10
-1.8844547637795275
20
3.7992774015748032
11
-1.8879606299212599
21
3.7923967322834646
0
LINE
8
BLACK
6
CONTINUOUS
10
-1.8879606299212599
20
3.7923967322834646
11
-1.8924997244094488
21
3.7861492125984251
0
LINE
8
BLACK
6
CONTINUOUS
10
-1.8924997244094488
20
3.7861492125984251
11
-1.8979602362204724
21
3.7806887007874015
0
LINE
8
BLACK
6
CONTINUOUS
10
-1.8979602362204724
20
3.7806887007874015
11
-1.9042077559055117
21
3.7761496062992124
0
LINE
8
BLACK
6
CONTINUOUS
10
-1.9042077559055117
20
3.7761496062992124
11
-1.9110884251968503
21
3.7726437401574802
0
LINE
8
BLACK
6
CONTINUOUS
10
-1.9110884251968503
20
3.7726437401574802
11
-1.9184327952755904
21
3.7702574015748032
0
LINE
8
BLACK
6
CONTINUOUS
10
-1.9184327952755904
20
3.7702574015748032
11
-1.9260600787401574
21
3.7690493307086612
0
LINE
8
BLACK
6
CONTINUOUS
10
-1.9260600787401574
20
3.7690493307086612
11
-1.9337824409448818
21
3.7690493307086612
0
LINE
8
BLACK
6
CONTINUOUS
10
-1.9337824409448818
20
3.7690493307086612
11
-1.9414097244094488
21
3.7702574015748032
0
LINE
8
BLACK
6
CONTINUOUS
10
-1.9414097244094488
20
3.7702574015748032
11
-1.9487540944881889
21
3.7726437401574802
0
LINE
8
BLACK
6
CONTINUOUS
10
-1.9487540944881889
20
3.7726437401574802
11
-1.9556347637795275
21
3.7761496062992124
0
LINE
8
BLACK
6
CONTINUOUS
10
-1.9556347637795275
20
3.7761496062992124
11
-1.9618822834645668
21
3.7806887007874015
0
LINE
8
BLACK
6
CONTINUOUS
10
-1.9618822834645668
20
3.7806887007874015
11
-1.9673427952755904
21
3.7861492125984251
0
LINE
8
BLACK
6
CONTINUOUS
10
-1.9673427952755904
20
3.7861492125984251
11
-1.9718818897637795
21
3.7923967322834646
0
LINE
8
BLACK
6
CONTINUOUS
10
-1.9718818897637795
20
3.7923967322834646
11
-1.9753877559055117
21
3.7992774015748032
0
LINE
8
BLACK
6
CONTINUOUS
10
-1.9753877559055117
20
3.7992774015748032
11
-1.977774094488189
21
3.8066217716535431
0
LINE
8
BLACK
6
CONTINUOUS
10
-1.977774094488189
20
3.8066217716535431
11
-1.9789821653543307
21
3.8142490551181103
0
LINE
8
BLACK
6
CONTINUOUS
10
-1.9789821653543307
20
3.8142490551181103
11
-1.9789821653543307
21
3.8219714173228345
0
LINE
8
BLACK
6
CONTINUOUS
10
-1.9789821653543307
20
3.8219714173228345
11
-1.977774094488189
21
3.8295987007874013
0
LINE
8
BLACK
6
CONTINUOUS
10
-1.977774094488189
20
3.8295987007874013
11
-1.9753877559055117
21
3.8369430708661416
0
LINE
8
BLACK
6
CONTINUOUS
10
-1.9753877559055117
20
3.8369430708661416
11
-1.9718818897637795
21
3.8438237401574802
0
LINE
8
BLACK
6
CONTINUOUS
10
-1.9718818897637795
20
3.8438237401574802
11
-1.9673427952755904
21
3.8500712598425197
0
LINE
8
BLACK
6
CONTINUOUS
10
-1.9673427952755904
20
3.8500712598425197
11
-1.9618822834645668
21
3.8555317716535433
0
LINE
8
BLACK
6
CONTINUOUS
10
-1.9618822834645668
20
3.8555317716535433
11
-1.9556347637795275
21
3.860070866141732
0
LINE
8
BLACK
6
CONTINUOUS
10
-1.9556347637795275
20
3.860070866141732
11
-1.9487540944881889
21
3.8635767322834647
0
LINE
8
BLACK
6
CONTINUOUS
10
-1.9487540944881889
20
3.8635767322834647
11
-1.9414097244094488
21
3.8659630708661417
0
LINE
8
BLACK
6
CONTINUOUS
10
-1.9414097244094488
20
3.8659630708661417
11
-1.9337824409448818
21
3.8671711417322832
0
LINE
8
BLACK
6
CONTINUOUS
10
-1.9337824409448818
20
3.8671711417322832
11
-1.9260600787401574
21
3.8671711417322832
0
LINE
8
BLACK
6
CONTINUOUS
10
-1.9260600787401574
20
3.8671711417322832
11
-1.9184327952755904
21
3.8659630708661417
0
LINE
8
BLACK
6
CONTINUOUS
10
-1.8016770472440944
20
3.8294717322834644
11
-1.7997611811023622
21
3.8281915748031494
0
LINE
8
BLACK
6
CONTINUOUS
10
-1.7997611811023622
20
3.8281915748031494
11
-1.7984810236220472
21
3.8262757086614174
0
LINE
8
BLACK
6
CONTINUOUS
10
-1.7984810236220472
20
3.8262757086614174
11
-1.7980314960629922
21
3.824015748031496
0
LINE
8
BLACK
6
CONTINUOUS
10
-1.7980314960629922
20
3.824015748031496
11
-1.7980314960629922
21
3.8122047244094488
0
LINE
8
BLACK
6
CONTINUOUS
10
-1.7980314960629922
20
3.8122047244094488
11
-1.7984810236220472
21
3.8099447637795274
0
LINE
8
BLACK
6
CONTINUOUS
10
-1.7984810236220472
20
3.8099447637795274
11
-1.7997611811023622
21
3.8080288976377954
0
LINE
8
BLACK
6
CONTINUOUS
10
-1.7997611811023622
20
3.8080288976377954
11
-1.8016770472440944
21
3.8067487401574804
0
LINE
8
BLACK
6
CONTINUOUS
10
-1.8016770472440944
20
3.8067487401574804
11
-1.8039370078740158
21
3.8062992125984252
0
LINE
8
BLACK
6
CONTINUOUS
10
-1.8039370078740158
20
3.8062992125984252
11
-1.8196850393700787
21
3.8062992125984252
0
LINE
8
BLACK
6
CONTINUOUS
10
-1.8196850393700787
20
3.8062992125984252
11
-1.8219449999999999
21
3.8067487401574804
0
LINE
8
BLACK
6
CONTINUOUS
10
-1.8219449999999999
20
3.8067487401574804
11
-1.8238608661417322
21
3.8080288976377954
0
LINE
8
BLACK
6
CONTINUOUS
10
-1.8238608661417322
20
3.8080288976377954
11
-1.8251410236220471
21
3.8099447637795274
0
LINE
8
BLACK
6
CONTINUOUS
10
-1.8251410236220471
20
3.8099447637795274
11
-1.8255905511811024
21
3.8122047244094488
0
LINE
8
BLACK
6
CONTINUOUS
10
-1.8255905511811024
20
3.8122047244094488
11
-1.8255905511811024
21
3.824015748031496
0
LINE
8
BLACK
6
CONTINUOUS
10
-1.8255905511811024
20
3.824015748031496
11
-1.8251410236220471
21
3.8262757086614174
0
LINE
8
BLACK
6
CONTINUOUS
10
-1.8251410236220471
20
3.8262757086614174
11
-1.8238608661417322
21
3.8281915748031494
0
LINE
8
BLACK
6
CONTINUOUS
10
-1.8238608661417322
20
3.8281915748031494
11
-1.8219449999999999
21
3.8294717322834644
0
LINE
8
BLACK
6
CONTINUOUS
10
-1.8219449999999999
20
3.8294717322834644
11
-1.8196850393700787
21
3.8299212598425196
0
LINE
8
BLACK
6
CONTINUOUS
10
-1.8196850393700787
20
3.8299212598425196
11
-1.8039370078740158
21
3.8299212598425196
0
LINE
8
BLACK
6
CONTINUOUS
10
-1.8039370078740158
20
3.8299212598425196
11
-1.8016770472440944
21
3.8294717322834644
0
LINE
8
BLACK
6
CONTINUOUS
10
-1.8175137401574804
20
3.9697912992125985
11
-1.8095817716535432
21
3.9672140551181103
0
LINE
8
BLACK
6
CONTINUOUS
10
-1.8095817716535432
20
3.9672140551181103
11
-1.8021506692913385
21
3.963427716535433
0
LINE
8
BLACK
6
CONTINUOUS
10
-1.8021506692913385
20
3.963427716535433
11
-1.795403346456693
21
3.9585255118110236
0
LINE
8
BLACK
6
CONTINUOUS
10
-1.795403346456693
20
3.9585255118110236
11
-1.7895059842519685
21
3.9526281496062992
0
LINE
8
BLACK
6
CONTINUOUS
10
-1.7895059842519685
20
3.9526281496062992
11
-1.7846037795275591
21
3.9458808267716536
0
LINE
8
BLACK
6
CONTINUOUS
10
-1.7846037795275591
20
3.9458808267716536
11
-1.7808174409448818
21
3.9384497244094487
0
LINE
8
BLACK
6
CONTINUOUS
10
-1.7808174409448818
20
3.9384497244094487
11
-1.7782401968503936
21
3.9305177559055116
0
LINE
8
BLACK
6
CONTINUOUS
10
-1.7782401968503936
20
3.9305177559055116
11
-1.7769355118110235
21
3.9222803149606298
0
LINE
8
BLACK
6
CONTINUOUS
10
-1.7769355118110235
20
3.9222803149606298
11
-1.7769355118110235
21
3.9139401574803148
0
LINE
8
BLACK
6
CONTINUOUS
10
-1.7769355118110235
20
3.9139401574803148
11
-1.7782401968503936
21
3.905702716535433
0
LINE
8
BLACK
6
CONTINUOUS
10
-1.7782401968503936
20
3.905702716535433
11
-1.7808174409448818
21
3.8977707480314958
0
LINE
8
BLACK
6
CONTINUOUS
10
-1.7808174409448818
20
3.8977707480314958
11
-1.7846037795275591
21
3.8903396456692914
0
LINE
8
BLACK
6
CONTINUOUS
10
-1.7846037795275591
20
3.8903396456692914
11
-1.7895059842519685
21
3.8835923228346454
0
LINE
8
BLACK
6
CONTINUOUS
10
-1.7895059842519685
20
3.8835923228346454
11
-1.795403346456693
21
3.8776949606299214
0
LINE
8
BLACK
6
CONTINUOUS
10
-1.795403346456693
20
3.8776949606299214
11
-1.7980314960629922
21
3.8757855118110234
0
LINE
8
BLACK
6
CONTINUOUS
10
-1.7980314960629922
20
3.8757855118110234
11
-1.7980314960629922
21
3.8673228346456692
0
LINE
8
BLACK
6
CONTINUOUS
10
-1.7980314960629922
20
3.8673228346456692
11
-1.7984810236220472
21
3.8650628740157478
0
LINE
8
BLACK
6
CONTINUOUS
10
-1.7984810236220472
20
3.8650628740157478
11
-1.7997611811023622
21
3.8631470078740158
0
LINE
8
BLACK
6
CONTINUOUS
10
-1.7997611811023622
20
3.8631470078740158
11
-1.8016770472440944
21
3.8618668503937008
0
LINE
8
BLACK
6
CONTINUOUS
10
-1.8016770472440944
20
3.8618668503937008
11
-1.8039370078740158
21
3.8614173228346456
0
LINE
8
BLACK
6
CONTINUOUS
10
-1.8039370078740158
20
3.8614173228346456
11
-1.8196850393700787
21
3.8614173228346456
0
LINE
8
BLACK
6
CONTINUOUS
10
-1.8196850393700787
20
3.8614173228346456
11
-1.8219449999999999
21
3.8618668503937008
0
LINE
8
BLACK
6
CONTINUOUS
10
-1.8219449999999999
20
3.8618668503937008
11
-1.8238608661417322
21
3.8631470078740158
0
LINE
8
BLACK
6
CONTINUOUS
10
-1.8238608661417322
20
3.8631470078740158
11
-1.8251410236220471
21
3.8650628740157478
0
LINE
8
BLACK
6
CONTINUOUS
10
-1.8251410236220471
20
3.8650628740157478
11
-1.8251715748031496
21
3.8652162992125985
0
LINE
8
BLACK
6
CONTINUOUS
10
-1.8251715748031496
20
3.8652162992125985
11
-1.8257511811023621
21
3.8651244881889761
0
LINE
8
BLACK
6
CONTINUOUS
10
-1.8257511811023621
20
3.8651244881889761
11
-1.8340913385826771
21
3.8651244881889761
0
LINE
8
BLACK
6
CONTINUOUS
10
-1.8340913385826771
20
3.8651244881889761
11
-1.8423287795275589
21
3.8664291732283464
0
LINE
8
BLACK
6
CONTINUOUS
10
-1.8423287795275589
20
3.8664291732283464
11
-1.8502607480314961
21
3.8690064173228347
0
LINE
8
BLACK
6
CONTINUOUS
10
-1.8502607480314961
20
3.8690064173228347
11
-1.8576918503937008
21
3.8727927559055115
0
LINE
8
BLACK
6
CONTINUOUS
10
-1.8576918503937008
20
3.8727927559055115
11
-1.8644391732283465
21
3.8776949606299214
0
LINE
8
BLACK
6
CONTINUOUS
10
-1.8644391732283465
20
3.8776949606299214
11
-1.8703365354330708
21
3.8835923228346454
0
LINE
8
BLACK
6
CONTINUOUS
10
-1.8703365354330708
20
3.8835923228346454
11
-1.8752387401574804
21
3.8903396456692914
0
LINE
8
BLACK
6
CONTINUOUS
10
-1.8752387401574804
20
3.8903396456692914
11
-1.8790250787401575
21
3.8977707480314958
0
LINE
8
BLACK
6
CONTINUOUS
10
-1.8790250787401575
20
3.8977707480314958
11
-1.8816023228346457
21
3.905702716535433
0
LINE
8
BLACK
6
CONTINUOUS
10
-1.8816023228346457
20
3.905702716535433
11
-1.8829070078740158
21
3.9139401574803148
0
LINE
8
BLACK
6
CONTINUOUS
10
-1.8829070078740158
20
3.9139401574803148
11
-1.8829070078740158
21
3.9222803149606298
0
LINE
8
BLACK
6
CONTINUOUS
10
-1.8829070078740158
20
3.9222803149606298
11
-1.8816023228346457
21
3.9305177559055116
0
LINE
8
BLACK
6
CONTINUOUS
10
-1.8816023228346457
20
3.9305177559055116
11
-1.8790250787401575
21
3.9384497244094487
0
LINE
8
BLACK
6
CONTINUOUS
10
-1.8790250787401575
20
3.9384497244094487
11
-1.8752387401574804
21
3.9458808267716536
0
LINE
8
BLACK
6
CONTINUOUS
10
-1.8752387401574804
20
3.9458808267716536
11
-1.8703365354330708
21
3.9526281496062992
0
LINE
8
BLACK
6
CONTINUOUS
10
-1.8703365354330708
20
3.9526281496062992
11
-1.8644391732283465
21
3.9585255118110236
0
LINE
8
BLACK
6
CONTINUOUS
10
-1.8644391732283465
20
3.9585255118110236
11
-1.8576918503937008
21
3.963427716535433
0
LINE
8
BLACK
6
CONTINUOUS
10
-1.8576918503937008
20
3.963427716535433
11
-1.8502607480314961
21
3.9672140551181103
0
LINE
8
BLACK
6
CONTINUOUS
10
-1.8502607480314961
20
3.9672140551181103
11
-1.8423287795275589
21
3.9697912992125985
0
LINE
8
BLACK
6
CONTINUOUS
10
-1.8423287795275589
20
3.9697912992125985
11
-1.8340913385826771
21
3.9710959842519684
0
LINE
8
BLACK
6
CONTINUOUS
10
-1.8340913385826771
20
3.9710959842519684
11
-1.8257511811023621
21
3.9710959842519684
0
LINE
8
BLACK
6
CONTINUOUS
10
-1.8257511811023621
20
3.9710959842519684
11
-1.8175137401574804
21
3.9697912992125985
0
LINE
8
BLACK
6
CONTINUOUS
10
-2.0175137401574803
20
3.9697912992125985
11
-2.0095817716535431
21
3.9672140551181103
0
LINE
8
BLACK
6
CONTINUOUS
10
-2.0095817716535431
20
3.9672140551181103
11
-2.0021506692913387
21
3.963427716535433
0
LINE
8
BLACK
6
CONTINUOUS
10
-2.0021506692913387
20
3.963427716535433
11
-1.9954033464566929
21
3.9585255118110236
0
LINE
8
BLACK
6
CONTINUOUS
10
-1.9954033464566929
20
3.9585255118110236
11
-1.9895059842519685
21
3.9526281496062992
0
LINE
8
BLACK
6
CONTINUOUS
10
-1.9895059842519685
20
3.9526281496062992
11
-1.9846037795275591
21
3.9458808267716536
0
LINE
8
BLACK
6
CONTINUOUS
10
-1.9846037795275591
20
3.9458808267716536
11
-1.9808174409448818
21
3.9384497244094487
0
LINE
8
BLACK
6
CONTINUOUS
10
-1.9808174409448818
20
3.9384497244094487
11
-1.9782401968503938
21
3.9305177559055116
0
LINE
8
BLACK
6
CONTINUOUS
10
-1.9782401968503938
20
3.9305177559055116
11
-1.9769355118110237
21
3.9222803149606298
0
LINE
8
BLACK
6
CONTINUOUS
10
-1.9769355118110237
20
3.9222803149606298
11
-1.9769355118110237
21
3.9139401574803148
0
LINE
8
BLACK
6
CONTINUOUS
10
-1.9769355118110237
20
3.9139401574803148
11
-1.9782401968503938
21
3.905702716535433
0
LINE
8
BLACK
6
CONTINUOUS
10
-1.9782401968503938
20
3.905702716535433
11
-1.9808174409448818
21
3.8977707480314958
0
LINE
8
BLACK
6
CONTINUOUS
10
-1.9808174409448818
20
3.8977707480314958
11
-1.9846037795275591
21
3.8903396456692914
0
LINE
8
BLACK
6
CONTINUOUS
10
-1.9846037795275591
20
3.8903396456692914
11
-1.9895059842519685
21
3.8835923228346454
0
LINE
8
BLACK
6
CONTINUOUS
10
-1.9895059842519685
20
3.8835923228346454
11
-1.9954033464566929
21
3.8776949606299214
0
LINE
8
BLACK
6
CONTINUOUS
10
-1.9954033464566929
20
3.8776949606299214
11
-2.0021506692913387
21
3.8727927559055115
0
LINE
8
BLACK
6
CONTINUOUS
10
-2.0021506692913387
20
3.8727927559055115
11
-2.0095817716535431
21
3.8690064173228347
0
LINE
8
BLACK
6
CONTINUOUS
10
-2.0095817716535431
20
3.8690064173228347
11
-2.0175137401574803
21
3.8664291732283464
0
LINE
8
BLACK
6
CONTINUOUS
10
-2.0175137401574803
20
3.8664291732283464
11
-2.0257511811023621
21
3.8651244881889761
0
LINE
8
BLACK
6
CONTINUOUS
10
-2.0257511811023621
20
3.8651244881889761
11
-2.0340913385826771
21
3.8651244881889761
0
LINE
8
BLACK
6
CONTINUOUS
10
-2.0340913385826771
20
3.8651244881889761
11
-2.0423287795275589
21
3.8664291732283464
0
LINE
8
BLACK
6
CONTINUOUS
10
-2.0423287795275589
20
3.8664291732283464
11
-2.050260748031496
21
3.8690064173228347
0
LINE
8
BLACK
6
CONTINUOUS
10
-2.050260748031496
20
3.8690064173228347
11
-2.0576918503937009
21
3.8727927559055115
0
LINE
8
BLACK
6
CONTINUOUS
10
-2.0576918503937009
20
3.8727927559055115
11
-2.0644391732283465
21
3.8776949606299214
0
LINE
8
BLACK
6
CONTINUOUS
10
-2.0644391732283465
20
3.8776949606299214
11
-2.0703365354330709
21
3.8835923228346454
0
LINE
8
BLACK
6
CONTINUOUS
10
-2.0703365354330709
20
3.8835923228346454
11
-2.0752387401574803
21
3.8903396456692914
0
LINE
8
BLACK
6
CONTINUOUS
10
-2.0752387401574803
20
3.8903396456692914
11
-2.0790250787401576
21
3.8977707480314958
0
LINE
8
BLACK
6
CONTINUOUS
10
-2.0790250787401576
20
3.8977707480314958
11
-2.0816023228346454
21
3.905702716535433
0
LINE
8
BLACK
6
CONTINUOUS
10
-2.0816023228346454
20
3.905702716535433
11
-2.0829070078740157
21
3.9139401574803148
0
LINE
8
BLACK
6
CONTINUOUS
10
-2.0829070078740157
20
3.9139401574803148
11
-2.0829070078740157
21
3.9222803149606298
0
LINE
8
BLACK
6
CONTINUOUS
10
-2.0829070078740157
20
3.9222803149606298
11
-2.0816023228346454
21
3.9305177559055116
0
LINE
8
BLACK
6
CONTINUOUS
10
-2.0816023228346454
20
3.9305177559055116
11
-2.0790250787401576
21
3.9384497244094487
0
LINE
8
BLACK
6
CONTINUOUS
10
-2.0790250787401576
20
3.9384497244094487
11
-2.0752387401574803
21
3.9458808267716536
0
LINE
8
BLACK
6
CONTINUOUS
10
-2.0752387401574803
20
3.9458808267716536
11
-2.0703365354330709
21
3.9526281496062992
0
LINE
8
BLACK
6
CONTINUOUS
10
-2.0703365354330709
20
3.9526281496062992
11
-2.0644391732283465
21
3.9585255118110236
0
LINE
8
BLACK
6
CONTINUOUS
10
-2.0644391732283465
20
3.9585255118110236
11
-2.0576918503937009
21
3.963427716535433
0
LINE
8
BLACK
6
CONTINUOUS
10
-2.0576918503937009
20
3.963427716535433
11
-2.050260748031496
21
3.9672140551181103
0
LINE
8
BLACK
6
CONTINUOUS
10
-2.050260748031496
20
3.9672140551181103
11
-2.0423287795275589
21
3.9697912992125985
0
LINE
8
BLACK
6
CONTINUOUS
10
-2.0423287795275589
20
3.9697912992125985
11
-2.0340913385826771
21
3.9710959842519684
0
LINE
8
BLACK
6
CONTINUOUS
10
-2.0340913385826771
20
3.9710959842519684
11
-2.0257511811023621
21
3.9710959842519684
0
LINE
8
BLACK
6
CONTINUOUS
10
-2.0257511811023621
20
3.9710959842519684
11
-2.0175137401574803
21
3.9697912992125985
0
CIRCLE
8
BLACK
10
2.
20
0.4
40
0.0068897637795276
0
CIRCLE
8
BLACK
10
0.4
20
2.
40
0.0068897637795276
0
CIRCLE
8
BLACK
10
0.4
20
0.4
40
0.0068897637795276
0
CIRCLE
8
BLACK
10
-0.725236220472441
20
0.8675905511811023
40
0.0068897637795276
0
CIRCLE
8
BLACK
10
-0.625236220472441
20
0.8675905511811023
40
0.0068897637795276
0
CIRCLE
8
BLACK
10
-0.725236220472441
20
0.7675905511811023
40
0.0068897637795276
0
CIRCLE
8
BLACK
10
-0.625236220472441
20
0.7675905511811023
40
0.0068897637795276
0
CIRCLE
8
BLACK
10
-0.725236220472441
20
0.6675905511811023
40
0.0068897637795276
0
CIRCLE
8
BLACK
10
-0.625236220472441
20
0.6675905511811023
40
0.0068897637795276
0
CIRCLE
8
BLACK
10
-1.9299212598425197
20
3.8181102362204724
40
0.0068897637795276
0
CIRCLE
8
BLACK
10
-1.8299212598425196
20
3.9181102362204725
40
0.0068897637795276
0
CIRCLE
8
BLACK
10
-2.0299212598425198
20
3.9181102362204725
40
0.0068897637795276
0
CIRCLE
8
BLACK
10
-1.8299212598425196
20
3.7181102362204723
40
0.0068897637795276
0
CIRCLE
8
BLACK
10
-2.0299212598425198
20
3.7181102362204723
40
0.0068897637795276
0
CIRCLE
8
BLACK
10
2.
20
2.
40
0.0068897637795276
0
CIRCLE
8
WHITE
10
2.
20
0.4
40
0.0068897637795276
0
CIRCLE
8
WHITE
10
0.4
20
2.
40
0.0068897637795276
0
CIRCLE
8
WHITE
10
0.4
20
0.4
40
0.0068897637795276
0
CIRCLE
8
WHITE
10
-0.725236220472441
20
0.8675905511811023
40
0.0068897637795276
0
CIRCLE
8
WHITE
10
-0.625236220472441
20
0.8675905511811023
40
0.0068897637795276
0
CIRCLE
8
WHITE
10
-0.725236220472441
20
0.7675905511811023
40
0.0068897637795276
0
CIRCLE
8
WHITE
10
-0.625236220472441
20
0.7675905511811023
40
0.0068897637795276
0
CIRCLE
8
WHITE
10
-0.725236220472441
20
0.6675905511811023
40
0.0068897637795276
0
CIRCLE
8
WHITE
10
-0.625236220472441
20
0.6675905511811023
40
0.0068897637795276
0
CIRCLE
8
WHITE
10
-1.9299212598425197
20
3.8181102362204724
40
0.0068897637795276
0
CIRCLE
8
WHITE
10
-1.8299212598425196
20
3.9181102362204725
40
0.0068897637795276
0
CIRCLE
8
WHITE
10
-2.0299212598425198
20
3.9181102362204725
40
0.0068897637795276
0
CIRCLE
8
WHITE
10
-1.8299212598425196
20
3.7181102362204723
40
0.0068897637795276
0
CIRCLE
8
WHITE
10
-2.0299212598425198
20
3.7181102362204723
40
0.0068897637795276
0
CIRCLE
8
WHITE
10
2.
20
2.
40
0.0068897637795276
  0
ENDSEC
  0
EOF
