  0
SECTION
  2
HEADER
  9
$ANGBASE
  50
0.0
  9
$ANGDIR
  70
1
  9
$MEASUREMENT
  70
0
  0
ENDSEC
  0
SECTION
  2
TABLES
  0
TABLE
  2
LTYPE
  70
4
  0
LTYPE
  5
40F
  2
CONTINUOUS
  70
0
  3
Solid line
  72
65
  73
0
  40
0.0
  0
LTYPE
  5
410
  2
DASHDOT
 70
0
  3
Dash Dot ____ _ ____ _
 72
65
 73
4
 40
2.0
 49
1.25
 49
-0.25
 49
0.25
 49
-0.25
  0
LTYPE
  5
411
  2
DASHED
 70
0
  3
Dashed __ __ __ __ __
 72
65
 73
2
 40
0.75
 49
0.5
 49
-0.25
  0
LTYPE
  5
43B
  2
DOTTED
 70
0
  3
Dotted .  .  .  .
 72
65
 73
2
 40
0.2
 49
0.0
 49
-0.2
  0
ENDTAB
  0
TABLE
  2
STYLE
  70
4
  0
STYLE
  2
KICAD
  70
0
  40
0
  41
1
  42
1
  50
0
  71
0
  3
isocp.shx
  0
STYLE
  2
KICADB
  70
0
  40
0
  41
1
  42
1
  50
0
  71
0
  3
isocp.shx
  0
STYLE
  2
KICADI
  70
0
  40
0
  41
1
  42
1
  50
15
  71
0
  3
isocp.shx
  0
STYLE
  2
KICADBI
  70
0
  40
0
  41
1
  42
1
  50
15
  71
0
  3
isocp.shx
  0
ENDTAB
  0
TABLE
  2
LAYER
  70
1
  0
LAYER
  2
BLACK
  70
0
  62
7
  6
CONTINUOUS
  0
ENDTAB
  0
ENDSEC
  0
SECTION
  2
ENTITIES
0
LINE
8
BLACK
6
CONTINUOUS
10
1.1771053937007874
20
0.5453090157480315
11
1.1771774015748031
21
0.5453161811023622
0
LINE
8
BLACK
6
CONTINUOUS
10
1.1771774015748031
20
0.5453161811023622
11
1.1772477165354331
21
0.545295
0
LINE
8
BLACK
6
CONTINUOUS
10
1.1772477165354331
20
0.545295
11
1.1774684251968504
21
0.5452732283464566
0
LINE
8
BLACK
6
CONTINUOUS
10
1.1774684251968504
20
0.5452732283464566
11
1.1778670866141732
21
0.5451081102362204
0
LINE
8
BLACK
6
CONTINUOUS
10
1.1778670866141732
20
0.5451081102362204
11
1.1782803937007873
21
0.5449833858267716
0
LINE
8
BLACK
6
CONTINUOUS
10
1.1782803937007873
20
0.5449833858267716
11
1.1783954724409449
21
0.5448892519685039
0
LINE
8
BLACK
6
CONTINUOUS
10
1.1783954724409449
20
0.5448892519685039
11
1.1785328346456692
21
0.5448323228346457
0
LINE
8
BLACK
6
CONTINUOUS
10
1.1785328346456692
20
0.5448323228346457
11
1.1788380708661417
21
0.5445270866141733
0
LINE
8
BLACK
6
CONTINUOUS
10
1.1788380708661417
20
0.5445270866141733
11
1.1791720472440945
21
0.5442538188976378
0
LINE
8
BLACK
6
CONTINUOUS
10
1.1791720472440945
20
0.5442538188976378
11
1.1792422834645668
21
0.544122874015748
0
LINE
8
BLACK
6
CONTINUOUS
10
1.1792422834645668
20
0.544122874015748
11
1.1793474803149606
21
0.5440176771653543
0
LINE
8
BLACK
6
CONTINUOUS
10
1.1793474803149606
20
0.5440176771653543
11
1.1795126377952756
21
0.5436188976377953
0
LINE
8
BLACK
6
CONTINUOUS
10
1.1795126377952756
20
0.5436188976377953
11
1.1797166929133858
21
0.5432385826771653
0
LINE
8
BLACK
6
CONTINUOUS
10
1.1797166929133858
20
0.5432385826771653
11
1.1797602755905512
21
0.5430211023622047
0
LINE
8
BLACK
6
CONTINUOUS
10
1.1797602755905512
20
0.5430211023622047
11
1.1797883858267717
21
0.5429532677165354
0
LINE
8
BLACK
6
CONTINUOUS
10
1.1797883858267717
20
0.5429532677165354
11
1.1797883858267717
21
0.5428809842519685
0
LINE
8
BLACK
6
CONTINUOUS
10
1.1797883858267717
20
0.5428809842519685
11
1.1798304724409447
21
0.5426710236220472
0
LINE
8
BLACK
6
CONTINUOUS
10
1.1798304724409447
20
0.5426710236220472
11
1.1817052362204725
21
0.5239233858267717
0
LINE
8
BLACK
6
CONTINUOUS
10
1.1817052362204725
20
0.5239233858267717
11
1.1817061023622046
21
0.5233445275590551
0
LINE
8
BLACK
6
CONTINUOUS
10
1.1817061023622046
20
0.5233445275590551
11
1.1816631496062993
21
0.5232022047244095
0
LINE
8
BLACK
6
CONTINUOUS
10
1.1816631496062993
20
0.5232022047244095
11
1.1816631496062993
21
0.5230535433070866
0
LINE
8
BLACK
6
CONTINUOUS
10
1.1816631496062993
20
0.5230535433070866
11
1.181498031496063
21
0.5226549606299212
0
LINE
8
BLACK
6
CONTINUOUS
10
1.181498031496063
20
0.5226549606299212
11
1.1813733070866141
21
0.5222415354330708
0
LINE
8
BLACK
6
CONTINUOUS
10
1.1813733070866141
20
0.5222415354330708
11
1.181279094488189
21
0.5221264173228346
0
LINE
8
BLACK
6
CONTINUOUS
10
1.181279094488189
20
0.5221264173228346
11
1.1812222440944882
21
0.5219891338582677
0
LINE
8
BLACK
6
CONTINUOUS
10
1.1812222440944882
20
0.5219891338582677
11
1.1809171653543307
21
0.521684094488189
0
LINE
8
BLACK
6
CONTINUOUS
10
1.1809171653543307
20
0.521684094488189
11
1.1806437401574803
21
0.5213498818897637
0
LINE
8
BLACK
6
CONTINUOUS
10
1.1806437401574803
20
0.5213498818897637
11
1.1805126771653542
21
0.5212796062992126
0
LINE
8
BLACK
6
CONTINUOUS
10
1.1805126771653542
20
0.5212796062992126
11
1.1804075590551182
21
0.5211744488188976
0
LINE
8
BLACK
6
CONTINUOUS
10
1.1804075590551182
20
0.5211744488188976
11
1.1800089370078739
21
0.5210093700787402
0
LINE
8
BLACK
6
CONTINUOUS
10
1.1800089370078739
20
0.5210093700787402
11
1.1796285039370078
21
0.5208052362204725
0
LINE
8
BLACK
6
CONTINUOUS
10
1.1796285039370078
20
0.5208052362204725
11
1.1794804724409449
21
0.5207904724409449
0
LINE
8
BLACK
6
CONTINUOUS
10
1.1794804724409449
20
0.5207904724409449
11
1.1793431496062992
21
0.5207335433070867
0
LINE
8
BLACK
6
CONTINUOUS
10
1.1793431496062992
20
0.5207335433070867
11
1.1789116141732283
21
0.5207335433070867
0
LINE
8
BLACK
6
CONTINUOUS
10
1.1789116141732283
20
0.5207335433070867
11
1.1784820866141732
21
0.5206905905511811
0
LINE
8
BLACK
6
CONTINUOUS
10
1.1784820866141732
20
0.5206905905511811
11
1.1783397244094489
21
0.5207335433070867
0
LINE
8
BLACK
6
CONTINUOUS
10
1.1783397244094489
20
0.5207335433070867
11
1.1781910629921259
21
0.5207335433070867
0
LINE
8
BLACK
6
CONTINUOUS
10
1.1781910629921259
20
0.5207335433070867
11
1.1777923622047244
21
0.5208987007874015
0
LINE
8
BLACK
6
CONTINUOUS
10
1.1777923622047244
20
0.5208987007874015
11
1.177379094488189
21
0.5210233858267717
0
LINE
8
BLACK
6
CONTINUOUS
10
1.177379094488189
20
0.5210233858267717
11
1.1772639763779527
21
0.5211175590551181
0
LINE
8
BLACK
6
CONTINUOUS
10
1.1772639763779527
20
0.5211175590551181
11
1.1771266535433071
21
0.5211744488188976
0
LINE
8
BLACK
6
CONTINUOUS
10
1.1771266535433071
20
0.5211744488188976
11
1.1766792125984251
21
0.5215416535433071
0
LINE
8
BLACK
6
CONTINUOUS
10
1.1766792125984251
20
0.5215416535433071
11
1.1751432677165354
21
0.5230775984251969
0
LINE
8
BLACK
6
CONTINUOUS
10
1.1751432677165354
20
0.5230775984251969
11
1.1724457874015748
21
0.5244263385826772
0
LINE
8
BLACK
6
CONTINUOUS
10
1.1724457874015748
20
0.5244263385826772
11
1.164466062992126
21
0.5244263385826772
0
LINE
8
BLACK
6
CONTINUOUS
10
1.164466062992126
20
0.5244263385826772
11
1.1617685826771653
21
0.5230775984251969
0
LINE
8
BLACK
6
CONTINUOUS
10
1.1617685826771653
20
0.5230775984251969
11
1.1605714566929133
21
0.5218804724409448
0
LINE
8
BLACK
6
CONTINUOUS
10
1.1605714566929133
20
0.5218804724409448
11
1.159222716535433
21
0.5191829921259843
0
LINE
8
BLACK
6
CONTINUOUS
10
1.159222716535433
20
0.5191829921259843
11
1.159222716535433
21
0.5112032677165355
0
LINE
8
BLACK
6
CONTINUOUS
10
1.159222716535433
20
0.5112032677165355
11
1.1605714566929133
21
0.5085057874015748
0
LINE
8
BLACK
6
CONTINUOUS
10
1.1605714566929133
20
0.5085057874015748
11
1.1617685826771653
21
0.507308622047244
0
LINE
8
BLACK
6
CONTINUOUS
10
1.1617685826771653
20
0.507308622047244
11
1.164466062992126
21
0.5059598818897638
0
LINE
8
BLACK
6
CONTINUOUS
10
1.164466062992126
20
0.5059598818897638
11
1.1724457874015748
21
0.5059598818897638
0
LINE
8
BLACK
6
CONTINUOUS
10
1.1724457874015748
20
0.5059598818897638
11
1.1751432283464567
21
0.507308622047244
0
LINE
8
BLACK
6
CONTINUOUS
10
1.1751432283464567
20
0.507308622047244
11
1.1766791732283464
21
0.5088445669291338
0
LINE
8
BLACK
6
CONTINUOUS
10
1.1766791732283464
20
0.5088445669291338
11
1.1771266535433071
21
0.509211811023622
0
LINE
8
BLACK
6
CONTINUOUS
10
1.1771266535433071
20
0.509211811023622
11
1.1781910629921259
21
0.5096527165354331
0
LINE
8
BLACK
6
CONTINUOUS
10
1.1781910629921259
20
0.5096527165354331
11
1.1793431496062992
21
0.5096527165354331
0
LINE
8
BLACK
6
CONTINUOUS
10
1.1793431496062992
20
0.5096527165354331
11
1.1804075590551182
21
0.5092118503937008
0
LINE
8
BLACK
6
CONTINUOUS
10
1.1804075590551182
20
0.5092118503937008
11
1.1812222440944882
21
0.5083971653543307
0
LINE
8
BLACK
6
CONTINUOUS
10
1.1812222440944882
20
0.5083971653543307
11
1.1816631496062993
21
0.5073327559055117
0
LINE
8
BLACK
6
CONTINUOUS
10
1.1816631496062993
20
0.5073327559055117
11
1.1816631496062993
21
0.5061806692913385
0
LINE
8
BLACK
6
CONTINUOUS
10
1.1816631496062993
20
0.5061806692913385
11
1.1812222834645669
21
0.5051162598425196
0
LINE
8
BLACK
6
CONTINUOUS
10
1.1812222834645669
20
0.5051162598425196
11
1.1808550393700787
21
0.5046687795275591
0
LINE
8
BLACK
6
CONTINUOUS
10
1.1808550393700787
20
0.5046687795275591
11
1.1789803149606299
21
0.5027940157480315
0
LINE
8
BLACK
6
CONTINUOUS
10
1.1789803149606299
20
0.5027940157480315
11
1.1787539370078739
21
0.5026082677165354
0
LINE
8
BLACK
6
CONTINUOUS
10
1.1787539370078739
20
0.5026082677165354
11
1.1787027559055119
21
0.5025492125984252
0
LINE
8
BLACK
6
CONTINUOUS
10
1.1787027559055119
20
0.5025492125984252
11
1.1786137795275591
21
0.5024932283464567
0
LINE
8
BLACK
6
CONTINUOUS
10
1.1786137795275591
20
0.5024932283464567
11
1.1785328346456692
21
0.5024267716535433
0
LINE
8
BLACK
6
CONTINUOUS
10
1.1785328346456692
20
0.5024267716535433
11
1.1784608661417322
21
0.502396968503937
0
LINE
8
BLACK
6
CONTINUOUS
10
1.1784608661417322
20
0.502396968503937
11
1.178212874015748
21
0.5022408661417322
0
LINE
8
BLACK
6
CONTINUOUS
10
1.178212874015748
20
0.5022408661417322
11
1.1744633464566929
21
0.5003661023622047
0
LINE
8
BLACK
6
CONTINUOUS
10
1.1744633464566929
20
0.5003661023622047
11
1.1739227165354331
21
0.5001592125984252
0
LINE
8
BLACK
6
CONTINUOUS
10
1.1739227165354331
20
0.5001592125984252
11
1.1738168897637795
21
0.5001517322834645
0
LINE
8
BLACK
6
CONTINUOUS
10
1.1738168897637795
20
0.5001517322834645
11
1.1737188976377952
21
0.5001111023622047
0
LINE
8
BLACK
6
CONTINUOUS
10
1.1737188976377952
20
0.5001111023622047
11
1.1731428346456694
21
0.5000543700787401
0
LINE
8
BLACK
6
CONTINUOUS
10
1.1731428346456694
20
0.5000543700787401
11
1.1637690157480314
21
0.5000543700787401
0
LINE
8
BLACK
6
CONTINUOUS
10
1.1637690157480314
20
0.5000543700787401
11
1.1631929527559055
21
0.5001111023622047
0
LINE
8
BLACK
6
CONTINUOUS
10
1.1631929527559055
20
0.5001111023622047
11
1.1630949606299212
21
0.5001516929133858
0
LINE
8
BLACK
6
CONTINUOUS
10
1.1630949606299212
20
0.5001516929133858
11
1.1629890944881889
21
0.5001592125984252
0
LINE
8
BLACK
6
CONTINUOUS
10
1.1629890944881889
20
0.5001592125984252
11
1.1624485039370078
21
0.5003661023622047
0
LINE
8
BLACK
6
CONTINUOUS
10
1.1624485039370078
20
0.5003661023622047
11
1.1586989763779527
21
0.5022408661417322
0
LINE
8
BLACK
6
CONTINUOUS
10
1.1586989763779527
20
0.5022408661417322
11
1.1584509448818898
21
0.502396968503937
0
LINE
8
BLACK
6
CONTINUOUS
10
1.1584509448818898
20
0.502396968503937
11
1.1583790157480314
21
0.5024267716535433
0
LINE
8
BLACK
6
CONTINUOUS
10
1.1583790157480314
20
0.5024267716535433
11
1.1582980314960629
21
0.5024932283464567
0
LINE
8
BLACK
6
CONTINUOUS
10
1.1582980314960629
20
0.5024932283464567
11
1.1582090944881889
21
0.5025492125984252
0
LINE
8
BLACK
6
CONTINUOUS
10
1.1582090944881889
20
0.5025492125984252
11
1.1581578740157481
21
0.5026082677165354
0
LINE
8
BLACK
6
CONTINUOUS
10
1.1581578740157481
20
0.5026082677165354
11
1.1579315354330708
21
0.5027940157480315
0
LINE
8
BLACK
6
CONTINUOUS
10
1.1579315354330708
20
0.5027940157480315
11
1.1560567716535433
21
0.5046688188976378
0
LINE
8
BLACK
6
CONTINUOUS
10
1.1560567716535433
20
0.5046688188976378
11
1.1558710236220473
21
0.504895157480315
0
LINE
8
BLACK
6
CONTINUOUS
10
1.1558710236220473
20
0.504895157480315
11
1.1558120472440945
21
0.5049462992125984
0
LINE
8
BLACK
6
CONTINUOUS
10
1.1558120472440945
20
0.5049462992125984
11
1.155756062992126
21
0.5050352362204724
0
LINE
8
BLACK
6
CONTINUOUS
10
1.155756062992126
20
0.5050352362204724
11
1.1556895669291338
21
0.5051162598425196
0
LINE
8
BLACK
6
CONTINUOUS
10
1.1556895669291338
20
0.5051162598425196
11
1.1556597244094489
21
0.5051883070866141
0
LINE
8
BLACK
6
CONTINUOUS
10
1.1556597244094489
20
0.5051883070866141
11
1.1555037007874016
21
0.5054361811023622
0
LINE
8
BLACK
6
CONTINUOUS
10
1.1555037007874016
20
0.5054361811023622
11
1.1536289370078741
21
0.5091857086614173
0
LINE
8
BLACK
6
CONTINUOUS
10
1.1536289370078741
20
0.5091857086614173
11
1.1534220472440944
21
0.5097263385826771
0
LINE
8
BLACK
6
CONTINUOUS
10
1.1534220472440944
20
0.5097263385826771
11
1.153414527559055
21
0.5098321653543307
0
LINE
8
BLACK
6
CONTINUOUS
10
1.153414527559055
20
0.5098321653543307
11
1.1533739370078739
21
0.5099301574803149
0
LINE
8
BLACK
6
CONTINUOUS
10
1.1533739370078739
20
0.5099301574803149
11
1.1533172047244094
21
0.510506220472441
0
LINE
8
BLACK
6
CONTINUOUS
10
1.1533172047244094
20
0.510506220472441
11
1.1533172047244094
21
0.5198800393700788
0
LINE
8
BLACK
6
CONTINUOUS
10
1.1533172047244094
20
0.5198800393700788
11
1.1533739370078739
21
0.5204561023622047
0
LINE
8
BLACK
6
CONTINUOUS
10
1.1533739370078739
20
0.5204561023622047
11
1.153414527559055
21
0.5205541338582677
0
LINE
8
BLACK
6
CONTINUOUS
10
1.153414527559055
20
0.5205541338582677
11
1.1534220472440944
21
0.5206599212598425
0
LINE
8
BLACK
6
CONTINUOUS
10
1.1534220472440944
20
0.5206599212598425
11
1.1536289370078741
21
0.5212005511811023
0
LINE
8
BLACK
6
CONTINUOUS
10
1.1536289370078741
20
0.5212005511811023
11
1.1555037007874016
21
0.5249500787401574
0
LINE
8
BLACK
6
CONTINUOUS
10
1.1555037007874016
20
0.5249500787401574
11
1.1556597637795276
21
0.5251981102362204
0
LINE
8
BLACK
6
CONTINUOUS
10
1.1556597637795276
20
0.5251981102362204
11
1.1556896062992126
21
0.5252700393700788
0
LINE
8
BLACK
6
CONTINUOUS
10
1.1556896062992126
20
0.5252700393700788
11
1.155756062992126
21
0.5253510236220472
0
LINE
8
BLACK
6
CONTINUOUS
10
1.155756062992126
20
0.5253510236220472
11
1.1558120472440945
21
0.5254399606299213
0
LINE
8
BLACK
6
CONTINUOUS
10
1.1558120472440945
20
0.5254399606299213
11
1.1558710236220473
21
0.5254911417322835
0
LINE
8
BLACK
6
CONTINUOUS
10
1.1558710236220473
20
0.5254911417322835
11
1.156056811023622
21
0.5257174803149606
0
LINE
8
BLACK
6
CONTINUOUS
10
1.156056811023622
20
0.5257174803149606
11
1.1579315748031496
21
0.5275922440944881
0
LINE
8
BLACK
6
CONTINUOUS
10
1.1579315748031496
20
0.5275922440944881
11
1.1581579133858269
21
0.5277780314960629
0
LINE
8
BLACK
6
CONTINUOUS
10
1.1581579133858269
20
0.5277780314960629
11
1.1582090944881889
21
0.5278370078740158
0
LINE
8
BLACK
6
CONTINUOUS
10
1.1582090944881889
20
0.5278370078740158
11
1.1582980314960629
21
0.5278929921259843
0
LINE
8
BLACK
6
CONTINUOUS
10
1.1582980314960629
20
0.5278929921259843
11
1.1583790157480314
21
0.5279594488188977
0
LINE
8
BLACK
6
CONTINUOUS
10
1.1583790157480314
20
0.5279594488188977
11
1.1584509448818898
21
0.5279892913385826
0
LINE
8
BLACK
6
CONTINUOUS
10
1.1584509448818898
20
0.5279892913385826
11
1.1586989763779527
21
0.5281453543307086
0
LINE
8
BLACK
6
CONTINUOUS
10
1.1586989763779527
20
0.5281453543307086
11
1.1624485039370078
21
0.5300201181102362
0
LINE
8
BLACK
6
CONTINUOUS
10
1.1624485039370078
20
0.5300201181102362
11
1.1629890944881889
21
0.5302270078740158
0
LINE
8
BLACK
6
CONTINUOUS
10
1.1629890944881889
20
0.5302270078740158
11
1.1630949606299212
21
0.5302345669291338
0
LINE
8
BLACK
6
CONTINUOUS
10
1.1630949606299212
20
0.5302345669291338
11
1.1631929527559055
21
0.5302751181102362
0
LINE
8
BLACK
6
CONTINUOUS
10
1.1631929527559055
20
0.5302751181102362
11
1.1637690157480314
21
0.5303318503937008
0
LINE
8
BLACK
6
CONTINUOUS
10
1.1637690157480314
20
0.5303318503937008
11
1.1731428346456694
21
0.5303318503937008
0
LINE
8
BLACK
6
CONTINUOUS
10
1.1731428346456694
20
0.5303318503937008
11
1.1737188976377952
21
0.5302751181102362
0
LINE
8
BLACK
6
CONTINUOUS
10
1.1737188976377952
20
0.5302751181102362
11
1.1738168897637795
21
0.5302345275590551
0
LINE
8
BLACK
6
CONTINUOUS
10
1.1738168897637795
20
0.5302345275590551
11
1.1739227165354331
21
0.5302270078740158
0
LINE
8
BLACK
6
CONTINUOUS
10
1.1739227165354331
20
0.5302270078740158
11
1.1744633464566929
21
0.5300201181102362
0
LINE
8
BLACK
6
CONTINUOUS
10
1.1744633464566929
20
0.5300201181102362
11
1.1751972440944882
21
0.5296531889763779
0
LINE
8
BLACK
6
CONTINUOUS
10
1.1751972440944882
20
0.5296531889763779
11
1.1742201574803148
21
0.5394244488188976
0
LINE
8
BLACK
6
CONTINUOUS
10
1.1742201574803148
20
0.5394244488188976
11
1.1581447244094487
21
0.5394244488188976
0
LINE
8
BLACK
6
CONTINUOUS
10
1.1581447244094487
20
0.5394244488188976
11
1.1575686614173228
21
0.5394811811023622
0
LINE
8
BLACK
6
CONTINUOUS
10
1.1575686614173228
20
0.5394811811023622
11
1.1565042519685038
21
0.5399220866141732
0
LINE
8
BLACK
6
CONTINUOUS
10
1.1565042519685038
20
0.5399220866141732
11
1.1556896062992126
21
0.5407367322834645
0
LINE
8
BLACK
6
CONTINUOUS
10
1.1556896062992126
20
0.5407367322834645
11
1.1552487007874015
21
0.5418011417322834
0
LINE
8
BLACK
6
CONTINUOUS
10
1.1552487007874015
20
0.5418011417322834
11
1.1552487007874015
21
0.5429532677165354
0
LINE
8
BLACK
6
CONTINUOUS
10
1.1552487007874015
20
0.5429532677165354
11
1.1556896062992126
21
0.5440176771653543
0
LINE
8
BLACK
6
CONTINUOUS
10
1.1556896062992126
20
0.5440176771653543
11
1.1565042519685038
21
0.5448323228346457
0
LINE
8
BLACK
6
CONTINUOUS
10
1.1565042519685038
20
0.5448323228346457
11
1.1575686614173228
21
0.5452732283464566
0
LINE
8
BLACK
6
CONTINUOUS
10
1.1575686614173228
20
0.5452732283464566
11
1.1581447244094487
21
0.5453299606299212
0
LINE
8
BLACK
6
CONTINUOUS
10
1.1581447244094487
20
0.5453299606299212
11
1.1768923622047245
21
0.5453299606299212
0
LINE
8
BLACK
6
CONTINUOUS
10
1.1768923622047245
20
0.5453299606299212
11
1.1771053937007874
21
0.5453090157480315
0
LINE
8
BLACK
6
CONTINUOUS
10
1.2219507480314959
20
0.5452732283464566
11
1.2224627952755904
21
0.5452732283464566
0
LINE
8
BLACK
6
CONTINUOUS
10
1.2224627952755904
20
0.5452732283464566
11
1.2225235433070867
21
0.5452480708661417
0
LINE
8
BLACK
6
CONTINUOUS
10
1.2225235433070867
20
0.5452480708661417
11
1.2225894094488188
21
0.545245157480315
0
LINE
8
BLACK
6
CONTINUOUS
10
1.2225894094488188
20
0.545245157480315
11
1.2230542519685039
21
0.5450282677165355
0
LINE
8
BLACK
6
CONTINUOUS
10
1.2230542519685039
20
0.5450282677165355
11
1.2235272047244095
21
0.5448323228346457
0
LINE
8
BLACK
6
CONTINUOUS
10
1.2235272047244095
20
0.5448323228346457
11
1.2235737007874015
21
0.5447858267716535
0
LINE
8
BLACK
6
CONTINUOUS
10
1.2235737007874015
20
0.5447858267716535
11
1.2236334251968504
21
0.5447579527559056
0
LINE
8
BLACK
6
CONTINUOUS
10
1.2236334251968504
20
0.5447579527559056
11
1.2239796456692913
21
0.5443798818897637
0
LINE
8
BLACK
6
CONTINUOUS
10
1.2239796456692913
20
0.5443798818897637
11
1.2243418503937007
21
0.5440176771653543
0
LINE
8
BLACK
6
CONTINUOUS
10
1.2243418503937007
20
0.5440176771653543
11
1.2243670472440944
21
0.5439568503937008
0
LINE
8
BLACK
6
CONTINUOUS
10
1.2243670472440944
20
0.5439568503937008
11
1.2244115354330709
21
0.5439082677165354
0
LINE
8
BLACK
6
CONTINUOUS
10
1.2244115354330709
20
0.5439082677165354
11
1.2245866141732282
21
0.5434267716535433
0
LINE
8
BLACK
6
CONTINUOUS
10
1.2245866141732282
20
0.5434267716535433
11
1.2247827559055118
21
0.5429532677165354
0
LINE
8
BLACK
6
CONTINUOUS
10
1.2247827559055118
20
0.5429532677165354
11
1.224791653543307
21
0.5428629133858267
0
LINE
8
BLACK
6
CONTINUOUS
10
1.224791653543307
20
0.5428629133858267
11
1.2248052362204724
21
0.5428255511811023
0
LINE
8
BLACK
6
CONTINUOUS
10
1.2248052362204724
20
0.5428255511811023
11
1.2248021653543306
21
0.5427560236220472
0
LINE
8
BLACK
6
CONTINUOUS
10
1.2248021653543306
20
0.5427560236220472
11
1.2248394881889764
21
0.5423772047244094
0
LINE
8
BLACK
6
CONTINUOUS
10
1.2248394881889764
20
0.5423772047244094
11
1.2248394881889764
21
0.5030071259842519
0
LINE
8
BLACK
6
CONTINUOUS
10
1.2248394881889764
20
0.5030071259842519
11
1.2247827559055118
21
0.5024310629921259
0
LINE
8
BLACK
6
CONTINUOUS
10
1.2247827559055118
20
0.5024310629921259
11
1.2243418503937007
21
0.5013666535433071
0
LINE
8
BLACK
6
CONTINUOUS
10
1.2243418503937007
20
0.5013666535433071
11
1.2235272047244095
21
0.5005520078740158
0
LINE
8
BLACK
6
CONTINUOUS
10
1.2235272047244095
20
0.5005520078740158
11
1.2224627952755904
21
0.5001111023622047
0
LINE
8
BLACK
6
CONTINUOUS
10
1.2224627952755904
20
0.5001111023622047
11
1.2213106692913385
21
0.5001111023622047
0
LINE
8
BLACK
6
CONTINUOUS
10
1.2213106692913385
20
0.5001111023622047
11
1.2202462598425197
21
0.5005520078740158
0
LINE
8
BLACK
6
CONTINUOUS
10
1.2202462598425197
20
0.5005520078740158
11
1.2194316141732284
21
0.5013666535433071
0
LINE
8
BLACK
6
CONTINUOUS
10
1.2194316141732284
20
0.5013666535433071
11
1.2189907086614173
21
0.5024310629921259
0
LINE
8
BLACK
6
CONTINUOUS
10
1.2189907086614173
20
0.5024310629921259
11
1.2189339763779528
21
0.5030071259842519
0
LINE
8
BLACK
6
CONTINUOUS
10
1.2189339763779528
20
0.5030071259842519
11
1.2189339763779528
21
0.5290674803149606
0
LINE
8
BLACK
6
CONTINUOUS
10
1.2189339763779528
20
0.5290674803149606
11
1.2114391338582677
21
0.5130070866141733
0
LINE
8
BLACK
6
CONTINUOUS
10
1.2114391338582677
20
0.5130070866141733
11
1.2113141732283463
21
0.5127961811023622
0
LINE
8
BLACK
6
CONTINUOUS
10
1.2113141732283463
20
0.5127961811023622
11
1.211288188976378
21
0.5127246850393701
0
LINE
8
BLACK
6
CONTINUOUS
10
1.211288188976378
20
0.5127246850393701
11
1.2112418503937008
21
0.5126741338582677
0
LINE
8
BLACK
6
CONTINUOUS
10
1.2112418503937008
20
0.5126741338582677
11
1.211144094488189
21
0.5125090551181102
0
LINE
8
BLACK
6
CONTINUOUS
10
1.211144094488189
20
0.5125090551181102
11
1.2108132677165353
21
0.5122061417322834
0
LINE
8
BLACK
6
CONTINUOUS
10
1.2108132677165353
20
0.5122061417322834
11
1.2105100787401575
21
0.511875
0
LINE
8
BLACK
6
CONTINUOUS
10
1.2105100787401575
20
0.511875
11
1.2103911023622047
21
0.5118195275590551
0
LINE
8
BLACK
6
CONTINUOUS
10
1.2103911023622047
20
0.5118195275590551
11
1.2102944488188976
21
0.5117309448818897
0
LINE
8
BLACK
6
CONTINUOUS
10
1.2102944488188976
20
0.5117309448818897
11
1.2098729527559056
21
0.511577716535433
0
LINE
8
BLACK
6
CONTINUOUS
10
1.2098729527559056
20
0.511577716535433
11
1.2094660629921259
21
0.5113877952755905
0
LINE
8
BLACK
6
CONTINUOUS
10
1.2094660629921259
20
0.5113877952755905
11
1.2093348818897638
21
0.5113820472440945
0
LINE
8
BLACK
6
CONTINUOUS
10
1.2093348818897638
20
0.5113820472440945
11
1.2092117322834646
21
0.5113372440944882
0
LINE
8
BLACK
6
CONTINUOUS
10
1.2092117322834646
20
0.5113372440944882
11
1.208763622047244
21
0.5113569291338582
0
LINE
8
BLACK
6
CONTINUOUS
10
1.208763622047244
20
0.5113569291338582
11
1.2083150393700788
21
0.5113372047244095
0
LINE
8
BLACK
6
CONTINUOUS
10
1.2083150393700788
20
0.5113372047244095
11
1.2081917322834645
21
0.5113820472440945
0
LINE
8
BLACK
6
CONTINUOUS
10
1.2081917322834645
20
0.5113820472440945
11
1.2080607086614172
21
0.5113877952755905
0
LINE
8
BLACK
6
CONTINUOUS
10
1.2080607086614172
20
0.5113877952755905
11
1.2076540551181103
21
0.5115775984251968
0
LINE
8
BLACK
6
CONTINUOUS
10
1.2076540551181103
20
0.5115775984251968
11
1.2072323228346455
21
0.5117309448818897
0
LINE
8
BLACK
6
CONTINUOUS
10
1.2072323228346455
20
0.5117309448818897
11
1.2071355118110236
21
0.5118196062992126
0
LINE
8
BLACK
6
CONTINUOUS
10
1.2071355118110236
20
0.5118196062992126
11
1.2070166929133859
21
0.5118750393700787
0
LINE
8
BLACK
6
CONTINUOUS
10
1.2070166929133859
20
0.5118750393700787
11
1.2067137401574803
21
0.5122058661417322
0
LINE
8
BLACK
6
CONTINUOUS
10
1.2067137401574803
20
0.5122058661417322
11
1.2063826771653543
21
0.5125090157480315
0
LINE
8
BLACK
6
CONTINUOUS
10
1.2063826771653543
20
0.5125090157480315
11
1.2062848031496063
21
0.5126742125984252
0
LINE
8
BLACK
6
CONTINUOUS
10
1.2062848031496063
20
0.5126742125984252
11
1.2062385826771653
21
0.5127246850393701
0
LINE
8
BLACK
6
CONTINUOUS
10
1.2062385826771653
20
0.5127246850393701
11
1.2062125984251968
21
0.512796062992126
0
LINE
8
BLACK
6
CONTINUOUS
10
1.2062125984251968
20
0.512796062992126
11
1.2060876377952756
21
0.5130070472440945
0
LINE
8
BLACK
6
CONTINUOUS
10
1.2060876377952756
20
0.5130070472440945
11
1.1985927952755906
21
0.5290674803149606
0
LINE
8
BLACK
6
CONTINUOUS
10
1.1985927952755906
20
0.5290674803149606
11
1.1985927952755906
21
0.5030071259842519
0
LINE
8
BLACK
6
CONTINUOUS
10
1.1985927952755906
20
0.5030071259842519
11
1.198536062992126
21
0.5024310629921259
0
LINE
8
BLACK
6
CONTINUOUS
10
1.198536062992126
20
0.5024310629921259
11
1.1980951574803149
21
0.5013666535433071
0
LINE
8
BLACK
6
CONTINUOUS
10
1.1980951574803149
20
0.5013666535433071
11
1.1972805118110237
21
0.5005520078740158
0
LINE
8
BLACK
6
CONTINUOUS
10
1.1972805118110237
20
0.5005520078740158
11
1.1962161023622047
21
0.5001111023622047
0
LINE
8
BLACK
6
CONTINUOUS
10
1.1962161023622047
20
0.5001111023622047
11
1.1950639763779527
21
0.5001111023622047
0
LINE
8
BLACK
6
CONTINUOUS
10
1.1950639763779527
20
0.5001111023622047
11
1.1939995669291339
21
0.5005520078740158
0
LINE
8
BLACK
6
CONTINUOUS
10
1.1939995669291339
20
0.5005520078740158
11
1.1931849212598424
21
0.5013666535433071
0
LINE
8
BLACK
6
CONTINUOUS
10
1.1931849212598424
20
0.5013666535433071
11
1.1927440157480316
21
0.5024310629921259
0
LINE
8
BLACK
6
CONTINUOUS
10
1.1927440157480316
20
0.5024310629921259
11
1.192687283464567
21
0.5030071259842519
0
LINE
8
BLACK
6
CONTINUOUS
10
1.192687283464567
20
0.5030071259842519
11
1.192687283464567
21
0.5423772047244094
0
LINE
8
BLACK
6
CONTINUOUS
10
1.192687283464567
20
0.5423772047244094
11
1.1927245669291338
21
0.5427560236220472
0
LINE
8
BLACK
6
CONTINUOUS
10
1.1927245669291338
20
0.5427560236220472
11
1.1927215354330709
21
0.5428255511811023
0
LINE
8
BLACK
6
CONTINUOUS
10
1.1927215354330709
20
0.5428255511811023
11
1.1927350787401574
21
0.5428629133858267
0
LINE
8
BLACK
6
CONTINUOUS
10
1.1927350787401574
20
0.5428629133858267
11
1.1927440157480316
21
0.5429532677165354
0
LINE
8
BLACK
6
CONTINUOUS
10
1.1927440157480316
20
0.5429532677165354
11
1.1929401181102361
21
0.5434267716535433
0
LINE
8
BLACK
6
CONTINUOUS
10
1.1929401181102361
20
0.5434267716535433
11
1.1931152362204724
21
0.5439082677165354
0
LINE
8
BLACK
6
CONTINUOUS
10
1.1931152362204724
20
0.5439082677165354
11
1.19315968503937
21
0.5439568503937008
0
LINE
8
BLACK
6
CONTINUOUS
10
1.19315968503937
20
0.5439568503937008
11
1.1931849212598424
21
0.5440176771653543
0
LINE
8
BLACK
6
CONTINUOUS
10
1.1931849212598424
20
0.5440176771653543
11
1.1935473228346456
21
0.5443801181102362
0
LINE
8
BLACK
6
CONTINUOUS
10
1.1935473228346456
20
0.5443801181102362
11
1.193893346456693
21
0.5447579133858268
0
LINE
8
BLACK
6
CONTINUOUS
10
1.193893346456693
20
0.5447579133858268
11
1.1939529921259842
21
0.5447857874015748
0
LINE
8
BLACK
6
CONTINUOUS
10
1.1939529921259842
20
0.5447857874015748
11
1.1939995669291339
21
0.5448323228346457
0
LINE
8
BLACK
6
CONTINUOUS
10
1.1939995669291339
20
0.5448323228346457
11
1.1944728346456692
21
0.5450283858267716
0
LINE
8
BLACK
6
CONTINUOUS
10
1.1944728346456692
20
0.5450283858267716
11
1.1949373622047244
21
0.545245157480315
0
LINE
8
BLACK
6
CONTINUOUS
10
1.1949373622047244
20
0.545245157480315
11
1.1950031496062992
21
0.5452480708661417
0
LINE
8
BLACK
6
CONTINUOUS
10
1.1950031496062992
20
0.5452480708661417
11
1.1950639763779527
21
0.5452732283464566
0
LINE
8
BLACK
6
CONTINUOUS
10
1.1950639763779527
20
0.5452732283464566
11
1.1955765354330707
21
0.5452732283464566
0
LINE
8
BLACK
6
CONTINUOUS
10
1.1955765354330707
20
0.5452732283464566
11
1.1960883858267717
21
0.5452957086614173
0
LINE
8
BLACK
6
CONTINUOUS
10
1.1960883858267717
20
0.5452957086614173
11
1.1961501968503936
21
0.5452732283464566
0
LINE
8
BLACK
6
CONTINUOUS
10
1.1961501968503936
20
0.5452732283464566
11
1.1962161023622047
21
0.5452732283464566
0
LINE
8
BLACK
6
CONTINUOUS
10
1.1962161023622047
20
0.5452732283464566
11
1.1966895669291338
21
0.545077125984252
0
LINE
8
BLACK
6
CONTINUOUS
10
1.1966895669291338
20
0.545077125984252
11
1.1971711023622047
21
0.5449020078740158
0
LINE
8
BLACK
6
CONTINUOUS
10
1.1971711023622047
20
0.5449020078740158
11
1.1972196456692914
21
0.5448575590551181
0
LINE
8
BLACK
6
CONTINUOUS
10
1.1972196456692914
20
0.5448575590551181
11
1.1972805118110237
21
0.5448323228346457
0
LINE
8
BLACK
6
CONTINUOUS
10
1.1972805118110237
20
0.5448323228346457
11
1.1976429133858268
21
0.5444699212598425
0
LINE
8
BLACK
6
CONTINUOUS
10
1.1976429133858268
20
0.5444699212598425
11
1.1980207480314959
21
0.5441238976377952
0
LINE
8
BLACK
6
CONTINUOUS
10
1.1980207480314959
20
0.5441238976377952
11
1.1980669685039369
21
0.5440458661417322
0
LINE
8
BLACK
6
CONTINUOUS
10
1.1980669685039369
20
0.5440458661417322
11
1.1980951574803149
21
0.5440176771653543
0
LINE
8
BLACK
6
CONTINUOUS
10
1.1980951574803149
20
0.5440176771653543
11
1.1981218503937008
21
0.5439532677165354
0
LINE
8
BLACK
6
CONTINUOUS
10
1.1981218503937008
20
0.5439532677165354
11
1.1983157874015749
21
0.5436258661417323
0
LINE
8
BLACK
6
CONTINUOUS
10
1.1983157874015749
20
0.5436258661417323
11
1.2087633464566929
21
0.521238188976378
0
LINE
8
BLACK
6
CONTINUOUS
10
1.2087633464566929
20
0.521238188976378
11
1.2192109842519685
21
0.543625905511811
0
LINE
8
BLACK
6
CONTINUOUS
10
1.2192109842519685
20
0.543625905511811
11
1.2194049606299213
21
0.5439533858267717
0
LINE
8
BLACK
6
CONTINUOUS
10
1.2194049606299213
20
0.5439533858267717
11
1.2194316141732284
21
0.5440176771653543
0
LINE
8
BLACK
6
CONTINUOUS
10
1.2194316141732284
20
0.5440176771653543
11
1.2194597244094487
21
0.5440458267716536
0
LINE
8
BLACK
6
CONTINUOUS
10
1.2194597244094487
20
0.5440458267716536
11
1.2195060236220472
21
0.544123937007874
0
LINE
8
BLACK
6
CONTINUOUS
10
1.2195060236220472
20
0.544123937007874
11
1.219884094488189
21
0.5444701968503937
0
LINE
8
BLACK
6
CONTINUOUS
10
1.219884094488189
20
0.5444701968503937
11
1.2202462598425197
21
0.5448323228346457
0
LINE
8
BLACK
6
CONTINUOUS
10
1.2202462598425197
20
0.5448323228346457
11
1.2203070866141732
21
0.5448575196850394
0
LINE
8
BLACK
6
CONTINUOUS
10
1.2203070866141732
20
0.5448575196850394
11
1.2203556692913387
21
0.5449020078740158
0
LINE
8
BLACK
6
CONTINUOUS
10
1.2203556692913387
20
0.5449020078740158
11
1.2208374803149606
21
0.5450772440944882
0
LINE
8
BLACK
6
CONTINUOUS
10
1.2208374803149606
20
0.5450772440944882
11
1.2213106692913385
21
0.5452732283464566
0
LINE
8
BLACK
6
CONTINUOUS
10
1.2213106692913385
20
0.5452732283464566
11
1.2213764566929133
21
0.5452732283464566
0
LINE
8
BLACK
6
CONTINUOUS
10
1.2213764566929133
20
0.5452732283464566
11
1.2214383858267717
21
0.5452957480314961
0
LINE
8
BLACK
6
CONTINUOUS
10
1.2214383858267717
20
0.5452957480314961
11
1.2219507480314959
21
0.5452732283464566
0
LINE
8
BLACK
6
CONTINUOUS
10
0.7515496456692913
20
0.57191468503937
11
0.7528280708661417
21
0.5706362598425196
0
LINE
8
BLACK
6
CONTINUOUS
10
0.7528280708661417
20
0.5706362598425196
11
0.7528280708661417
21
0.5688283070866141
0
LINE
8
BLACK
6
CONTINUOUS
10
0.7528280708661417
20
0.5688283070866141
11
0.7515496456692913
21
0.5675498818897637
0
LINE
8
BLACK
6
CONTINUOUS
10
0.7515496456692913
20
0.5675498818897637
11
0.7506456692913386
21
0.5673700787401574
0
LINE
8
BLACK
6
CONTINUOUS
10
0.7506456692913386
20
0.5673700787401574
11
0.684503937007874
21
0.5673700787401574
0
LINE
8
BLACK
6
CONTINUOUS
10
0.684503937007874
20
0.5673700787401574
11
0.6835999606299212
21
0.5675498818897637
0
LINE
8
BLACK
6
CONTINUOUS
10
0.6835999606299212
20
0.5675498818897637
11
0.6823215354330708
21
0.5688283070866141
0
LINE
8
BLACK
6
CONTINUOUS
10
0.6823215354330708
20
0.5688283070866141
11
0.6823215354330708
21
0.5706362598425196
0
LINE
8
BLACK
6
CONTINUOUS
10
0.6823215354330708
20
0.5706362598425196
11
0.6835999606299212
21
0.57191468503937
0
LINE
8
BLACK
6
CONTINUOUS
10
0.6835999606299212
20
0.57191468503937
11
0.684503937007874
21
0.5720944881889763
0
LINE
8
BLACK
6
CONTINUOUS
10
0.684503937007874
20
0.5720944881889763
11
0.7506456692913386
21
0.5720944881889763
0
LINE
8
BLACK
6
CONTINUOUS
10
0.7506456692913386
20
0.5720944881889763
11
0.7515496456692913
21
0.57191468503937
0
LINE
8
BLACK
6
CONTINUOUS
10
0.9877701181102362
20
0.57191468503937
11
0.9890485433070866
21
0.5706362598425196
0
LINE
8
BLACK
6
CONTINUOUS
10
0.9890485433070866
20
0.5706362598425196
11
0.9890485433070866
21
0.5688283070866141
0
LINE
8
BLACK
6
CONTINUOUS
10
0.9890485433070866
20
0.5688283070866141
11
0.9877701181102362
21
0.5675498818897637
0
LINE
8
BLACK
6
CONTINUOUS
10
0.9877701181102362
20
0.5675498818897637
11
0.9868661417322835
21
0.5673700787401574
0
LINE
8
BLACK
6
CONTINUOUS
10
0.9868661417322835
20
0.5673700787401574
11
0.9207244094488188
21
0.5673700787401574
0
LINE
8
BLACK
6
CONTINUOUS
10
0.9207244094488188
20
0.5673700787401574
11
0.9198204330708661
21
0.5675498818897637
0
LINE
8
BLACK
6
CONTINUOUS
10
0.9198204330708661
20
0.5675498818897637
11
0.9185420078740157
21
0.5688283070866141
0
LINE
8
BLACK
6
CONTINUOUS
10
0.9185420078740157
20
0.5688283070866141
11
0.9185420078740157
21
0.5706362598425196
0
LINE
8
BLACK
6
CONTINUOUS
10
0.9185420078740157
20
0.5706362598425196
11
0.9198204330708661
21
0.57191468503937
0
LINE
8
BLACK
6
CONTINUOUS
10
0.9198204330708661
20
0.57191468503937
11
0.9207244094488188
21
0.5720944881889763
0
LINE
8
BLACK
6
CONTINUOUS
10
0.9207244094488188
20
0.5720944881889763
11
0.9868661417322835
21
0.5720944881889763
0
LINE
8
BLACK
6
CONTINUOUS
10
0.9868661417322835
20
0.5720944881889763
11
0.9877701181102362
21
0.57191468503937
0
LINE
8
BLACK
6
CONTINUOUS
10
1.223990590551181
20
0.57191468503937
11
1.2252690157480315
21
0.5706362598425196
0
LINE
8
BLACK
6
CONTINUOUS
10
1.2252690157480315
20
0.5706362598425196
11
1.2252690157480315
21
0.5688283070866141
0
LINE
8
BLACK
6
CONTINUOUS
10
1.2252690157480315
20
0.5688283070866141
11
1.223990590551181
21
0.5675498818897637
0
LINE
8
BLACK
6
CONTINUOUS
10
1.223990590551181
20
0.5675498818897637
11
1.2230866141732284
21
0.5673700787401574
0
LINE
8
BLACK
6
CONTINUOUS
10
1.2230866141732284
20
0.5673700787401574
11
1.1569448818897639
21
0.5673700787401574
0
LINE
8
BLACK
6
CONTINUOUS
10
1.1569448818897639
20
0.5673700787401574
11
1.156040905511811
21
0.5675498818897637
0
LINE
8
BLACK
6
CONTINUOUS
10
1.156040905511811
20
0.5675498818897637
11
1.1547624803149605
21
0.5688283070866141
0
LINE
8
BLACK
6
CONTINUOUS
10
1.1547624803149605
20
0.5688283070866141
11
1.1547624803149605
21
0.5706362598425196
0
LINE
8
BLACK
6
CONTINUOUS
10
1.1547624803149605
20
0.5706362598425196
11
1.156040905511811
21
0.57191468503937
0
LINE
8
BLACK
6
CONTINUOUS
10
1.156040905511811
20
0.57191468503937
11
1.1569448818897639
21
0.5720944881889763
0
LINE
8
BLACK
6
CONTINUOUS
10
1.1569448818897639
20
0.5720944881889763
11
1.2230866141732284
21
0.5720944881889763
0
LINE
8
BLACK
6
CONTINUOUS
10
1.2230866141732284
20
0.5720944881889763
11
1.223990590551181
21
0.57191468503937
0
LINE
8
BLACK
6
CONTINUOUS
10
1.4602110629921259
20
0.57191468503937
11
1.4614894881889764
21
0.5706362598425196
0
LINE
8
BLACK
6
CONTINUOUS
10
1.4614894881889764
20
0.5706362598425196
11
1.4614894881889764
21
0.5688283070866141
0
LINE
8
BLACK
6
CONTINUOUS
10
1.4614894881889764
20
0.5688283070866141
11
1.4602110629921259
21
0.5675498818897637
0
LINE
8
BLACK
6
CONTINUOUS
10
1.4602110629921259
20
0.5675498818897637
11
1.4593070866141733
21
0.5673700787401574
0
LINE
8
BLACK
6
CONTINUOUS
10
1.4593070866141733
20
0.5673700787401574
11
1.3931653543307085
21
0.5673700787401574
0
LINE
8
BLACK
6
CONTINUOUS
10
1.3931653543307085
20
0.5673700787401574
11
1.392261377952756
21
0.5675498818897637
0
LINE
8
BLACK
6
CONTINUOUS
10
1.392261377952756
20
0.5675498818897637
11
1.3909829527559054
21
0.5688283070866141
0
LINE
8
BLACK
6
CONTINUOUS
10
1.3909829527559054
20
0.5688283070866141
11
1.3909829527559054
21
0.5706362598425196
0
LINE
8
BLACK
6
CONTINUOUS
10
1.3909829527559054
20
0.5706362598425196
11
1.392261377952756
21
0.57191468503937
0
LINE
8
BLACK
6
CONTINUOUS
10
1.392261377952756
20
0.57191468503937
11
1.3931653543307085
21
0.5720944881889763
0
LINE
8
BLACK
6
CONTINUOUS
10
1.3931653543307085
20
0.5720944881889763
11
1.4593070866141733
21
0.5720944881889763
0
LINE
8
BLACK
6
CONTINUOUS
10
1.4593070866141733
20
0.5720944881889763
11
1.4602110629921259
21
0.57191468503937
0
LINE
8
BLACK
6
CONTINUOUS
10
1.6964315354330708
20
0.57191468503937
11
1.6977099606299213
21
0.5706362598425196
0
LINE
8
BLACK
6
CONTINUOUS
10
1.6977099606299213
20
0.5706362598425196
11
1.6977099606299213
21
0.5688283070866141
0
LINE
8
BLACK
6
CONTINUOUS
10
1.6977099606299213
20
0.5688283070866141
11
1.6964315354330708
21
0.5675498818897637
0
LINE
8
BLACK
6
CONTINUOUS
10
1.6964315354330708
20
0.5675498818897637
11
1.695527559055118
21
0.5673700787401574
0
LINE
8
BLACK
6
CONTINUOUS
10
1.695527559055118
20
0.5673700787401574
11
1.6293858267716534
21
0.5673700787401574
0
LINE
8
BLACK
6
CONTINUOUS
10
1.6293858267716534
20
0.5673700787401574
11
1.6284818503937009
21
0.5675498818897637
0
LINE
8
BLACK
6
CONTINUOUS
10
1.6284818503937009
20
0.5675498818897637
11
1.6272034251968504
21
0.5688283070866141
0
LINE
8
BLACK
6
CONTINUOUS
10
1.6272034251968504
20
0.5688283070866141
11
1.6272034251968504
21
0.5706362598425196
0
LINE
8
BLACK
6
CONTINUOUS
10
1.6272034251968504
20
0.5706362598425196
11
1.6284818503937009
21
0.57191468503937
0
LINE
8
BLACK
6
CONTINUOUS
10
1.6284818503937009
20
0.57191468503937
11
1.6293858267716534
21
0.5720944881889763
0
LINE
8
BLACK
6
CONTINUOUS
10
1.6293858267716534
20
0.5720944881889763
11
1.695527559055118
21
0.5720944881889763
0
LINE
8
BLACK
6
CONTINUOUS
10
1.695527559055118
20
0.5720944881889763
11
1.6964315354330708
21
0.57191468503937
0
LINE
8
BLACK
6
CONTINUOUS
10
-0.2920486614173228
20
0.6781708661417323
11
-0.2909842519685039
21
0.6777299606299212
0
LINE
8
BLACK
6
CONTINUOUS
10
-0.2909842519685039
20
0.6777299606299212
11
-0.2901696062992126
21
0.67691531496063
0
LINE
8
BLACK
6
CONTINUOUS
10
-0.2901696062992126
20
0.67691531496063
11
-0.2897287007874016
21
0.675850905511811
0
LINE
8
BLACK
6
CONTINUOUS
10
-0.2897287007874016
20
0.675850905511811
11
-0.2897287007874016
21
0.6746987795275591
0
LINE
8
BLACK
6
CONTINUOUS
10
-0.2897287007874016
20
0.6746987795275591
11
-0.2901696062992126
21
0.6736343700787402
0
LINE
8
BLACK
6
CONTINUOUS
10
-0.2901696062992126
20
0.6736343700787402
11
-0.2909842519685039
21
0.6728197244094488
0
LINE
8
BLACK
6
CONTINUOUS
10
-0.2909842519685039
20
0.6728197244094488
11
-0.2920486614173228
21
0.6723788188976377
0
LINE
8
BLACK
6
CONTINUOUS
10
-0.2920486614173228
20
0.6723788188976377
11
-0.2926247244094488
21
0.6723220866141733
0
LINE
8
BLACK
6
CONTINUOUS
10
-0.2926247244094488
20
0.6723220866141733
11
-0.3104894881889764
21
0.6723220866141733
0
LINE
8
BLACK
6
CONTINUOUS
10
-0.3104894881889764
20
0.6723220866141733
11
-0.3016511417322835
21
0.6622211417322834
0
LINE
8
BLACK
6
CONTINUOUS
10
-0.3016511417322835
20
0.6622211417322834
11
-0.3014731496062992
21
0.6619721653543307
0
LINE
8
BLACK
6
CONTINUOUS
10
-0.3014731496062992
20
0.6619721653543307
11
-0.301418188976378
21
0.6619172047244094
0
LINE
8
BLACK
6
CONTINUOUS
10
-0.301418188976378
20
0.6619172047244094
11
-0.3013966141732283
21
0.6618651181102362
0
LINE
8
BLACK
6
CONTINUOUS
10
-0.3013966141732283
20
0.6618651181102362
11
-0.3013144881889764
21
0.6617502362204725
0
LINE
8
BLACK
6
CONTINUOUS
10
-0.3013144881889764
20
0.6617502362204725
11
-0.301160905511811
21
0.6612960236220472
0
LINE
8
BLACK
6
CONTINUOUS
10
-0.301160905511811
20
0.6612960236220472
11
-0.3009772834645669
21
0.6608527952755905
0
LINE
8
BLACK
6
CONTINUOUS
10
-0.3009772834645669
20
0.6608527952755905
11
-0.3009772834645669
21
0.6607531889763779
0
LINE
8
BLACK
6
CONTINUOUS
10
-0.3009772834645669
20
0.6607531889763779
11
-0.3009453937007874
21
0.6606588582677165
0
LINE
8
BLACK
6
CONTINUOUS
10
-0.3009453937007874
20
0.6606588582677165
11
-0.3009772834645669
21
0.6601803937007874
0
LINE
8
BLACK
6
CONTINUOUS
10
-0.3009772834645669
20
0.6601803937007874
11
-0.3009772834645669
21
0.6597006692913385
0
LINE
8
BLACK
6
CONTINUOUS
10
-0.3009772834645669
20
0.6597006692913385
11
-0.3010153937007874
21
0.6596087007874015
0
LINE
8
BLACK
6
CONTINUOUS
10
-0.3010153937007874
20
0.6596087007874015
11
-0.3010220078740157
21
0.6595093307086614
0
LINE
8
BLACK
6
CONTINUOUS
10
-0.3010220078740157
20
0.6595093307086614
11
-0.3012347244094488
21
0.6590792125984252
0
LINE
8
BLACK
6
CONTINUOUS
10
-0.3012347244094488
20
0.6590792125984252
11
-0.301418188976378
21
0.6586362598425197
0
LINE
8
BLACK
6
CONTINUOUS
10
-0.301418188976378
20
0.6586362598425197
11
-0.3014885433070866
21
0.6585659448818898
0
LINE
8
BLACK
6
CONTINUOUS
10
-0.3014885433070866
20
0.6585659448818898
11
-0.3015327165354331
21
0.6584765748031496
0
LINE
8
BLACK
6
CONTINUOUS
10
-0.3015327165354331
20
0.6584765748031496
11
-0.3018938582677165
21
0.6581606299212598
0
LINE
8
BLACK
6
CONTINUOUS
10
-0.3018938582677165
20
0.6581606299212598
11
-0.3022328346456693
21
0.6578216141732284
0
LINE
8
BLACK
6
CONTINUOUS
10
-0.3022328346456693
20
0.6578216141732284
11
-0.3023248425196851
21
0.6577835039370079
0
LINE
8
BLACK
6
CONTINUOUS
10
-0.3023248425196851
20
0.6577835039370079
11
-0.3023998031496063
21
0.6577179133858267
0
LINE
8
BLACK
6
CONTINUOUS
10
-0.3023998031496063
20
0.6577179133858267
11
-0.3028540551181103
21
0.6575643307086614
0
LINE
8
BLACK
6
CONTINUOUS
10
-0.3028540551181103
20
0.6575643307086614
11
-0.3032972440944882
21
0.6573807086614173
0
LINE
8
BLACK
6
CONTINUOUS
10
-0.3032972440944882
20
0.6573807086614173
11
-0.3034378346456693
21
0.6573668897637795
0
LINE
8
BLACK
6
CONTINUOUS
10
-0.3034378346456693
20
0.6573668897637795
11
-0.3034911811023622
21
0.6573488188976377
0
LINE
8
BLACK
6
CONTINUOUS
10
-0.3034911811023622
20
0.6573488188976377
11
-0.3035686614173228
21
0.6573540157480314
0
LINE
8
BLACK
6
CONTINUOUS
10
-0.3035686614173228
20
0.6573540157480314
11
-0.3038733070866141
21
0.6573239763779527
0
LINE
8
BLACK
6
CONTINUOUS
10
-0.3038733070866141
20
0.6573239763779527
11
-0.3088005511811023
21
0.6573239763779527
0
LINE
8
BLACK
6
CONTINUOUS
10
-0.3088005511811023
20
0.6573239763779527
11
-0.311498031496063
21
0.6559752362204724
0
LINE
8
BLACK
6
CONTINUOUS
10
-0.311498031496063
20
0.6559752362204724
11
-0.312695157480315
21
0.6547781102362205
0
LINE
8
BLACK
6
CONTINUOUS
10
-0.312695157480315
20
0.6547781102362205
11
-0.3140438976377953
21
0.6520806299212598
0
LINE
8
BLACK
6
CONTINUOUS
10
-0.3140438976377953
20
0.6520806299212598
11
-0.3140438976377953
21
0.644100905511811
0
LINE
8
BLACK
6
CONTINUOUS
10
-0.3140438976377953
20
0.644100905511811
11
-0.312695157480315
21
0.6414034251968503
0
LINE
8
BLACK
6
CONTINUOUS
10
-0.312695157480315
20
0.6414034251968503
11
-0.311498031496063
21
0.6402062598425197
0
LINE
8
BLACK
6
CONTINUOUS
10
-0.311498031496063
20
0.6402062598425197
11
-0.3088005511811023
21
0.6388575196850393
0
LINE
8
BLACK
6
CONTINUOUS
10
-0.3088005511811023
20
0.6388575196850393
11
-0.298946062992126
21
0.6388575196850393
0
LINE
8
BLACK
6
CONTINUOUS
10
-0.298946062992126
20
0.6388575196850393
11
-0.2962486220472441
21
0.6402062598425197
0
LINE
8
BLACK
6
CONTINUOUS
10
-0.2962486220472441
20
0.6402062598425197
11
-0.2947126771653543
21
0.6417422047244095
0
LINE
8
BLACK
6
CONTINUOUS
10
-0.2947126771653543
20
0.6417422047244095
11
-0.2942651968503937
21
0.6421094488188976
0
LINE
8
BLACK
6
CONTINUOUS
10
-0.2942651968503937
20
0.6421094488188976
11
-0.2932007874015748
21
0.6425503543307086
0
LINE
8
BLACK
6
CONTINUOUS
10
-0.2932007874015748
20
0.6425503543307086
11
-0.2920487007874016
21
0.6425503543307086
0
LINE
8
BLACK
6
CONTINUOUS
10
-0.2920487007874016
20
0.6425503543307086
11
-0.2909842913385827
21
0.6421094881889764
0
LINE
8
BLACK
6
CONTINUOUS
10
-0.2909842913385827
20
0.6421094881889764
11
-0.2901696062992126
21
0.6412948031496063
0
LINE
8
BLACK
6
CONTINUOUS
10
-0.2901696062992126
20
0.6412948031496063
11
-0.2897287007874016
21
0.6402303937007874
0
LINE
8
BLACK
6
CONTINUOUS
10
-0.2897287007874016
20
0.6402303937007874
11
-0.2897287007874016
21
0.6390783070866142
0
LINE
8
BLACK
6
CONTINUOUS
10
-0.2897287007874016
20
0.6390783070866142
11
-0.2901695669291339
21
0.6380138976377953
0
LINE
8
BLACK
6
CONTINUOUS
10
-0.2901695669291339
20
0.6380138976377953
11
-0.2905368110236221
21
0.6375664173228346
0
LINE
8
BLACK
6
CONTINUOUS
10
-0.2905368110236221
20
0.6375664173228346
11
-0.2924115354330709
21
0.635691653543307
0
LINE
8
BLACK
6
CONTINUOUS
10
-0.2924115354330709
20
0.635691653543307
11
-0.2926379133858268
21
0.635505905511811
0
LINE
8
BLACK
6
CONTINUOUS
10
-0.2926379133858268
20
0.635505905511811
11
-0.292689094488189
21
0.6354468503937007
0
LINE
8
BLACK
6
CONTINUOUS
10
-0.292689094488189
20
0.6354468503937007
11
-0.2927780708661417
21
0.6353908661417322
0
LINE
8
BLACK
6
CONTINUOUS
10
-0.2927780708661417
20
0.6353908661417322
11
-0.2928590157480315
21
0.6353244094488188
0
LINE
8
BLACK
6
CONTINUOUS
10
-0.2928590157480315
20
0.6353244094488188
11
-0.2929309842519685
21
0.6352946062992126
0
LINE
8
BLACK
6
CONTINUOUS
10
-0.2929309842519685
20
0.6352946062992126
11
-0.2931789763779528
21
0.6351385039370079
0
LINE
8
BLACK
6
CONTINUOUS
10
-0.2931789763779528
20
0.6351385039370079
11
-0.2969285039370079
21
0.6332637401574803
0
LINE
8
BLACK
6
CONTINUOUS
10
-0.2969285039370079
20
0.6332637401574803
11
-0.2974691338582677
21
0.6330568503937007
0
LINE
8
BLACK
6
CONTINUOUS
10
-0.2974691338582677
20
0.6330568503937007
11
-0.2975749606299212
21
0.6330493700787402
0
LINE
8
BLACK
6
CONTINUOUS
10
-0.2975749606299212
20
0.6330493700787402
11
-0.2976729527559055
21
0.6330087401574803
0
LINE
8
BLACK
6
CONTINUOUS
10
-0.2976729527559055
20
0.6330087401574803
11
-0.2982490157480315
21
0.6329520078740157
0
LINE
8
BLACK
6
CONTINUOUS
10
-0.2982490157480315
20
0.6329520078740157
11
-0.3094975984251969
21
0.6329520078740157
0
LINE
8
BLACK
6
CONTINUOUS
10
-0.3094975984251969
20
0.6329520078740157
11
-0.3100736614173228
21
0.6330087401574803
0
LINE
8
BLACK
6
CONTINUOUS
10
-0.3100736614173228
20
0.6330087401574803
11
-0.3101716535433071
21
0.6330493307086614
0
LINE
8
BLACK
6
CONTINUOUS
10
-0.3101716535433071
20
0.6330493307086614
11
-0.3102775196850394
21
0.6330568503937007
0
LINE
8
BLACK
6
CONTINUOUS
10
-0.3102775196850394
20
0.6330568503937007
11
-0.3108181102362205
21
0.6332637401574803
0
LINE
8
BLACK
6
CONTINUOUS
10
-0.3108181102362205
20
0.6332637401574803
11
-0.3145676377952756
21
0.6351385039370079
0
LINE
8
BLACK
6
CONTINUOUS
10
-0.3145676377952756
20
0.6351385039370079
11
-0.3148156692913386
21
0.6352946062992126
0
LINE
8
BLACK
6
CONTINUOUS
10
-0.3148156692913386
20
0.6352946062992126
11
-0.3148875984251969
21
0.6353244094488188
0
LINE
8
BLACK
6
CONTINUOUS
10
-0.3148875984251969
20
0.6353244094488188
11
-0.3149685826771653
21
0.6353908661417322
0
LINE
8
BLACK
6
CONTINUOUS
10
-0.3149685826771653
20
0.6353908661417322
11
-0.3150575196850394
21
0.6354468503937007
0
LINE
8
BLACK
6
CONTINUOUS
10
-0.3150575196850394
20
0.6354468503937007
11
-0.3151087401574803
21
0.635505905511811
0
LINE
8
BLACK
6
CONTINUOUS
10
-0.3151087401574803
20
0.635505905511811
11
-0.3153350787401575
21
0.635691653543307
0
LINE
8
BLACK
6
CONTINUOUS
10
-0.3153350787401575
20
0.635691653543307
11
-0.317209842519685
21
0.6375664566929133
0
LINE
8
BLACK
6
CONTINUOUS
10
-0.317209842519685
20
0.6375664566929133
11
-0.3173955905511811
21
0.6377927952755905
0
LINE
8
BLACK
6
CONTINUOUS
10
-0.3173955905511811
20
0.6377927952755905
11
-0.3174545669291339
21
0.637843937007874
0
LINE
8
BLACK
6
CONTINUOUS
10
-0.3174545669291339
20
0.637843937007874
11
-0.3175105511811023
21
0.6379328740157481
0
LINE
8
BLACK
6
CONTINUOUS
10
-0.3175105511811023
20
0.6379328740157481
11
-0.3175770472440945
21
0.6380138976377953
0
LINE
8
BLACK
6
CONTINUOUS
10
-0.3175770472440945
20
0.6380138976377953
11
-0.3176068897637795
21
0.6380859448818897
0
LINE
8
BLACK
6
CONTINUOUS
10
-0.3176068897637795
20
0.6380859448818897
11
-0.3177629133858267
21
0.6383338188976377
0
LINE
8
BLACK
6
CONTINUOUS
10
-0.3177629133858267
20
0.6383338188976377
11
-0.3196376771653544
21
0.6420833464566928
0
LINE
8
BLACK
6
CONTINUOUS
10
-0.3196376771653544
20
0.6420833464566928
11
-0.3198445669291339
21
0.6426239763779528
0
LINE
8
BLACK
6
CONTINUOUS
10
-0.3198445669291339
20
0.6426239763779528
11
-0.3198520866141732
21
0.6427298031496063
0
LINE
8
BLACK
6
CONTINUOUS
10
-0.3198520866141732
20
0.6427298031496063
11
-0.3198926771653543
21
0.6428277952755905
0
LINE
8
BLACK
6
CONTINUOUS
10
-0.3198926771653543
20
0.6428277952755905
11
-0.3199494094488189
21
0.6434038582677165
0
LINE
8
BLACK
6
CONTINUOUS
10
-0.3199494094488189
20
0.6434038582677165
11
-0.3199494094488189
21
0.6527776771653543
0
LINE
8
BLACK
6
CONTINUOUS
10
-0.3199494094488189
20
0.6527776771653543
11
-0.3198926771653543
21
0.6533537401574803
0
LINE
8
BLACK
6
CONTINUOUS
10
-0.3198926771653543
20
0.6533537401574803
11
-0.3198520866141732
21
0.6534517716535433
0
LINE
8
BLACK
6
CONTINUOUS
10
-0.3198520866141732
20
0.6534517716535433
11
-0.3198445669291339
21
0.6535575590551181
0
LINE
8
BLACK
6
CONTINUOUS
10
-0.3198445669291339
20
0.6535575590551181
11
-0.3196376771653544
21
0.6540981889763779
0
LINE
8
BLACK
6
CONTINUOUS
10
-0.3196376771653544
20
0.6540981889763779
11
-0.3177629133858267
21
0.6578477165354331
0
LINE
8
BLACK
6
CONTINUOUS
10
-0.3177629133858267
20
0.6578477165354331
11
-0.3176068503937008
21
0.6580957480314961
0
LINE
8
BLACK
6
CONTINUOUS
10
-0.3176068503937008
20
0.6580957480314961
11
-0.3175770078740157
21
0.6581676771653543
0
LINE
8
BLACK
6
CONTINUOUS
10
-0.3175770078740157
20
0.6581676771653543
11
-0.3175105511811023
21
0.6582486614173229
0
LINE
8
BLACK
6
CONTINUOUS
10
-0.3175105511811023
20
0.6582486614173229
11
-0.3174545669291339
21
0.6583375984251968
0
LINE
8
BLACK
6
CONTINUOUS
10
-0.3174545669291339
20
0.6583375984251968
11
-0.3173955905511811
21
0.658388779527559
0
LINE
8
BLACK
6
CONTINUOUS
10
-0.3173955905511811
20
0.658388779527559
11
-0.3172098031496063
21
0.6586151181102362
0
LINE
8
BLACK
6
CONTINUOUS
10
-0.3172098031496063
20
0.6586151181102362
11
-0.3153350393700787
21
0.6604898818897638
0
LINE
8
BLACK
6
CONTINUOUS
10
-0.3153350393700787
20
0.6604898818897638
11
-0.3151087007874016
21
0.6606756692913386
0
LINE
8
BLACK
6
CONTINUOUS
10
-0.3151087007874016
20
0.6606756692913386
11
-0.3150575196850394
21
0.6607346456692913
0
LINE
8
BLACK
6
CONTINUOUS
10
-0.3150575196850394
20
0.6607346456692913
11
-0.3149685826771653
21
0.6607906299212598
0
LINE
8
BLACK
6
CONTINUOUS
10
-0.3149685826771653
20
0.6607906299212598
11
-0.3148875984251969
21
0.6608570866141732
0
LINE
8
BLACK
6
CONTINUOUS
10
-0.3148875984251969
20
0.6608570866141732
11
-0.3148156692913386
21
0.6608869291338583
0
LINE
8
BLACK
6
CONTINUOUS
10
-0.3148156692913386
20
0.6608869291338583
11
-0.3145676377952756
21
0.6610429921259843
0
LINE
8
BLACK
6
CONTINUOUS
10
-0.3145676377952756
20
0.6610429921259843
11
-0.3108181102362205
21
0.6629177559055118
0
LINE
8
BLACK
6
CONTINUOUS
10
-0.3108181102362205
20
0.6629177559055118
11
-0.3102859448818898
21
0.6631214566929133
0
LINE
8
BLACK
6
CONTINUOUS
10
-0.3102859448818898
20
0.6631214566929133
11
-0.3192188188976378
21
0.6733304330708662
0
LINE
8
BLACK
6
CONTINUOUS
10
-0.3192188188976378
20
0.6733304330708662
11
-0.3193968503937008
21
0.6735794488188976
0
LINE
8
BLACK
6
CONTINUOUS
10
-0.3193968503937008
20
0.6735794488188976
11
-0.3194517716535433
21
0.6736343700787402
0
LINE
8
BLACK
6
CONTINUOUS
10
-0.3194517716535433
20
0.6736343700787402
11
-0.3194733858267716
21
0.6736864960629921
0
LINE
8
BLACK
6
CONTINUOUS
10
-0.3194733858267716
20
0.6736864960629921
11
-0.3195554724409449
21
0.6738013385826771
0
LINE
8
BLACK
6
CONTINUOUS
10
-0.3195554724409449
20
0.6738013385826771
11
-0.319709094488189
21
0.6742555905511811
0
LINE
8
BLACK
6
CONTINUOUS
10
-0.319709094488189
20
0.6742555905511811
11
-0.3198926771653543
21
0.6746987795275591
0
LINE
8
BLACK
6
CONTINUOUS
10
-0.3198926771653543
20
0.6746987795275591
11
-0.3198926771653543
21
0.6747984251968504
0
LINE
8
BLACK
6
CONTINUOUS
10
-0.3198926771653543
20
0.6747984251968504
11
-0.3199245669291338
21
0.674892716535433
0
LINE
8
BLACK
6
CONTINUOUS
10
-0.3199245669291338
20
0.674892716535433
11
-0.3198926771653543
21
0.6753712204724409
0
LINE
8
BLACK
6
CONTINUOUS
10
-0.3198926771653543
20
0.6753712204724409
11
-0.3198926771653543
21
0.675850905511811
0
LINE
8
BLACK
6
CONTINUOUS
10
-0.3198926771653543
20
0.675850905511811
11
-0.3198546062992126
21
0.6759429133858268
0
LINE
8
BLACK
6
CONTINUOUS
10
-0.3198546062992126
20
0.6759429133858268
11
-0.3198479527559055
21
0.6760422440944882
0
LINE
8
BLACK
6
CONTINUOUS
10
-0.3198479527559055
20
0.6760422440944882
11
-0.3196352755905512
21
0.6764724015748032
0
LINE
8
BLACK
6
CONTINUOUS
10
-0.3196352755905512
20
0.6764724015748032
11
-0.3194517716535433
21
0.67691531496063
0
LINE
8
BLACK
6
CONTINUOUS
10
-0.3194517716535433
20
0.67691531496063
11
-0.3193814566929134
21
0.6769856692913385
0
LINE
8
BLACK
6
CONTINUOUS
10
-0.3193814566929134
20
0.6769856692913385
11
-0.3193372440944882
21
0.677075
0
LINE
8
BLACK
6
CONTINUOUS
10
-0.3193372440944882
20
0.677075
11
-0.3189761417322834
21
0.6773909842519685
0
LINE
8
BLACK
6
CONTINUOUS
10
-0.3189761417322834
20
0.6773909842519685
11
-0.318637125984252
21
0.6777299606299212
0
LINE
8
BLACK
6
CONTINUOUS
10
-0.318637125984252
20
0.6777299606299212
11
-0.318545157480315
21
0.6777681102362204
0
LINE
8
BLACK
6
CONTINUOUS
10
-0.318545157480315
20
0.6777681102362204
11
-0.3184701574803149
21
0.6778336614173228
0
LINE
8
BLACK
6
CONTINUOUS
10
-0.3184701574803149
20
0.6778336614173228
11
-0.3180159448818898
21
0.6779872834645669
0
LINE
8
BLACK
6
CONTINUOUS
10
-0.3180159448818898
20
0.6779872834645669
11
-0.3175727165354331
21
0.6781708661417323
0
LINE
8
BLACK
6
CONTINUOUS
10
-0.3175727165354331
20
0.6781708661417323
11
-0.3174321653543307
21
0.6781847244094488
0
LINE
8
BLACK
6
CONTINUOUS
10
-0.3174321653543307
20
0.6781847244094488
11
-0.3173787795275591
21
0.6782027559055118
0
LINE
8
BLACK
6
CONTINUOUS
10
-0.3173787795275591
20
0.6782027559055118
11
-0.3173013385826772
21
0.6781975984251969
0
LINE
8
BLACK
6
CONTINUOUS
10
-0.3173013385826772
20
0.6781975984251969
11
-0.3169966535433071
21
0.6782275984251969
0
LINE
8
BLACK
6
CONTINUOUS
10
-0.3169966535433071
20
0.6782275984251969
11
-0.2926247244094488
21
0.6782275984251969
0
LINE
8
BLACK
6
CONTINUOUS
10
-0.2926247244094488
20
0.6782275984251969
11
-0.2920486614173228
21
0.6781708661417323
0
LINE
8
BLACK
6
CONTINUOUS
10
-0.2564281102362205
20
0.6781708661417323
11
-0.2553637007874016
21
0.6777299606299212
0
LINE
8
BLACK
6
CONTINUOUS
10
-0.2553637007874016
20
0.6777299606299212
11
-0.2545490551181102
21
0.67691531496063
0
LINE
8
BLACK
6
CONTINUOUS
10
-0.2545490551181102
20
0.67691531496063
11
-0.2541081496062992
21
0.675850905511811
0
LINE
8
BLACK
6
CONTINUOUS
10
-0.2541081496062992
20
0.675850905511811
11
-0.2540514173228346
21
0.6752748425196851
0
LINE
8
BLACK
6
CONTINUOUS
10
-0.2540514173228346
20
0.6752748425196851
11
-0.2540514173228346
21
0.6359047637795275
0
LINE
8
BLACK
6
CONTINUOUS
10
-0.2540514173228346
20
0.6359047637795275
11
-0.2541081496062992
21
0.6353287007874016
0
LINE
8
BLACK
6
CONTINUOUS
10
-0.2541081496062992
20
0.6353287007874016
11
-0.2545490551181102
21
0.6342642913385826
0
LINE
8
BLACK
6
CONTINUOUS
10
-0.2545490551181102
20
0.6342642913385826
11
-0.2553637007874016
21
0.6334496456692913
0
LINE
8
BLACK
6
CONTINUOUS
10
-0.2553637007874016
20
0.6334496456692913
11
-0.2564281102362205
21
0.6330087401574803
0
LINE
8
BLACK
6
CONTINUOUS
10
-0.2564281102362205
20
0.6330087401574803
11
-0.2570041732283465
21
0.6329520078740157
0
LINE
8
BLACK
6
CONTINUOUS
10
-0.2570041732283465
20
0.6329520078740157
11
-0.2663779921259842
21
0.6329520078740157
0
LINE
8
BLACK
6
CONTINUOUS
10
-0.2663779921259842
20
0.6329520078740157
11
-0.2666696062992126
21
0.6329807480314961
0
LINE
8
BLACK
6
CONTINUOUS
10
-0.2666696062992126
20
0.6329807480314961
11
-0.2667473228346456
21
0.6329751968503937
0
LINE
8
BLACK
6
CONTINUOUS
10
-0.2667473228346456
20
0.6329751968503937
11
-0.2668496062992126
21
0.6329984645669291
0
LINE
8
BLACK
6
CONTINUOUS
10
-0.2668496062992126
20
0.6329984645669291
11
-0.2669540551181102
21
0.6330087401574803
0
LINE
8
BLACK
6
CONTINUOUS
10
-0.2669540551181102
20
0.6330087401574803
11
-0.2670261417322835
21
0.633038622047244
0
LINE
8
BLACK
6
CONTINUOUS
10
-0.2670261417322835
20
0.633038622047244
11
-0.2673117716535433
21
0.6331035433070866
0
LINE
8
BLACK
6
CONTINUOUS
10
-0.2673117716535433
20
0.6331035433070866
11
-0.2729360236220472
21
0.6349783070866142
0
LINE
8
BLACK
6
CONTINUOUS
10
-0.2729360236220472
20
0.6349783070866142
11
-0.2734646062992126
21
0.6352142913385826
0
LINE
8
BLACK
6
CONTINUOUS
10
-0.2734646062992126
20
0.6352142913385826
11
-0.2735447244094488
21
0.635283779527559
0
LINE
8
BLACK
6
CONTINUOUS
10
-0.2735447244094488
20
0.635283779527559
11
-0.2736427559055118
21
0.6353243700787401
0
LINE
8
BLACK
6
CONTINUOUS
10
-0.2736427559055118
20
0.6353243700787401
11
-0.2740901968503937
21
0.6356916141732283
0
LINE
8
BLACK
6
CONTINUOUS
10
-0.2740901968503937
20
0.6356916141732283
11
-0.2778397244094488
21
0.6394411811023621
0
LINE
8
BLACK
6
CONTINUOUS
10
-0.2778397244094488
20
0.6394411811023621
11
-0.2780255118110236
21
0.6396675590551181
0
LINE
8
BLACK
6
CONTINUOUS
10
-0.2780255118110236
20
0.6396675590551181
11
-0.2780844881889764
21
0.6397187007874016
0
LINE
8
BLACK
6
CONTINUOUS
10
-0.2780844881889764
20
0.6397187007874016
11
-0.2781404724409449
21
0.6398076377952756
0
LINE
8
BLACK
6
CONTINUOUS
10
-0.2781404724409449
20
0.6398076377952756
11
-0.278206968503937
21
0.6398886614173228
0
LINE
8
BLACK
6
CONTINUOUS
10
-0.278206968503937
20
0.6398886614173228
11
-0.278236811023622
21
0.6399607086614173
0
LINE
8
BLACK
6
CONTINUOUS
10
-0.278236811023622
20
0.6399607086614173
11
-0.2783928346456693
21
0.6402085826771653
0
LINE
8
BLACK
6
CONTINUOUS
10
-0.2783928346456693
20
0.6402085826771653
11
-0.2802675984251968
21
0.6439581102362204
0
LINE
8
BLACK
6
CONTINUOUS
10
-0.2802675984251968
20
0.6439581102362204
11
-0.2802837401574803
21
0.6440002362204724
0
LINE
8
BLACK
6
CONTINUOUS
10
-0.2802837401574803
20
0.6440002362204724
11
-0.2802964173228346
21
0.6440173622047244
0
LINE
8
BLACK
6
CONTINUOUS
10
-0.2802964173228346
20
0.6440173622047244
11
-0.280382874015748
21
0.6442593307086614
0
LINE
8
BLACK
6
CONTINUOUS
10
-0.280382874015748
20
0.6442593307086614
11
-0.2804744881889764
21
0.6444987401574803
0
LINE
8
BLACK
6
CONTINUOUS
10
-0.2804744881889764
20
0.6444987401574803
11
-0.2804760236220472
21
0.64452
0
LINE
8
BLACK
6
CONTINUOUS
10
-0.2804760236220472
20
0.64452
11
-0.2804911811023622
21
0.6445624803149607
0
LINE
8
BLACK
6
CONTINUOUS
10
-0.2804911811023622
20
0.6445624803149607
11
-0.2823659448818898
21
0.6520615354330709
0
LINE
8
BLACK
6
CONTINUOUS
10
-0.2823659448818898
20
0.6520615354330709
11
-0.282380748031496
21
0.6521614173228346
0
LINE
8
BLACK
6
CONTINUOUS
10
-0.282380748031496
20
0.6521614173228346
11
-0.2823973622047244
21
0.6522016141732283
0
LINE
8
BLACK
6
CONTINUOUS
10
-0.2823973622047244
20
0.6522016141732283
11
-0.2824187401574803
21
0.6524186614173229
0
LINE
8
BLACK
6
CONTINUOUS
10
-0.2824187401574803
20
0.6524186614173229
11
-0.2824505905511811
21
0.6526341338582677
0
LINE
8
BLACK
6
CONTINUOUS
10
-0.2824505905511811
20
0.6526341338582677
11
-0.2824442125984252
21
0.6526771653543307
0
LINE
8
BLACK
6
CONTINUOUS
10
-0.2824442125984252
20
0.6526771653543307
11
-0.282454094488189
21
0.6527776771653543
0
LINE
8
BLACK
6
CONTINUOUS
10
-0.282454094488189
20
0.6527776771653543
11
-0.282454094488189
21
0.658401968503937
0
LINE
8
BLACK
6
CONTINUOUS
10
-0.282454094488189
20
0.658401968503937
11
-0.2824442125984252
21
0.6585025196850394
0
LINE
8
BLACK
6
CONTINUOUS
10
-0.2824442125984252
20
0.6585025196850394
11
-0.2824505905511811
21
0.6585455118110236
0
LINE
8
BLACK
6
CONTINUOUS
10
-0.2824505905511811
20
0.6585455118110236
11
-0.2824187401574803
21
0.6587610236220472
0
LINE
8
BLACK
6
CONTINUOUS
10
-0.2824187401574803
20
0.6587610236220472
11
-0.2823973622047244
21
0.6589780314960629
0
LINE
8
BLACK
6
CONTINUOUS
10
-0.2823973622047244
20
0.6589780314960629
11
-0.282380748031496
21
0.6590182677165354
0
LINE
8
BLACK
6
CONTINUOUS
10
-0.282380748031496
20
0.6590182677165354
11
-0.2823659448818898
21
0.6591181102362205
0
LINE
8
BLACK
6
CONTINUOUS
10
-0.2823659448818898
20
0.6591181102362205
11
-0.2804911811023622
21
0.6666171653543307
0
LINE
8
BLACK
6
CONTINUOUS
10
-0.2804911811023622
20
0.6666171653543307
11
-0.2804760236220472
21
0.66665968503937
0
LINE
8
BLACK
6
CONTINUOUS
10
-0.2804760236220472
20
0.66665968503937
11
-0.2804744881889764
21
0.666680905511811
0
LINE
8
BLACK
6
CONTINUOUS
10
-0.2804744881889764
20
0.666680905511811
11
-0.280382874015748
21
0.6669203543307086
0
LINE
8
BLACK
6
CONTINUOUS
10
-0.280382874015748
20
0.6669203543307086
11
-0.2802964173228346
21
0.667162283464567
0
LINE
8
BLACK
6
CONTINUOUS
10
-0.2802964173228346
20
0.667162283464567
11
-0.2802837401574803
21
0.6671794488188976
0
LINE
8
BLACK
6
CONTINUOUS
10
-0.2802837401574803
20
0.6671794488188976
11
-0.2802675984251968
21
0.6672215354330708
0
LINE
8
BLACK
6
CONTINUOUS
10
-0.2802675984251968
20
0.6672215354330708
11
-0.2783928346456693
21
0.6709710629921259
0
LINE
8
BLACK
6
CONTINUOUS
10
-0.2783928346456693
20
0.6709710629921259
11
-0.2782367716535433
21
0.6712190944881889
0
LINE
8
BLACK
6
CONTINUOUS
10
-0.2782367716535433
20
0.6712190944881889
11
-0.2782069291338582
21
0.6712910236220472
0
LINE
8
BLACK
6
CONTINUOUS
10
-0.2782069291338582
20
0.6712910236220472
11
-0.2781404724409449
21
0.6713720078740157
0
LINE
8
BLACK
6
CONTINUOUS
10
-0.2781404724409449
20
0.6713720078740157
11
-0.2780844881889764
21
0.6714609448818898
0
LINE
8
BLACK
6
CONTINUOUS
10
-0.2780844881889764
20
0.6714609448818898
11
-0.2780255118110236
21
0.6715121259842519
0
LINE
8
BLACK
6
CONTINUOUS
10
-0.2780255118110236
20
0.6715121259842519
11
-0.2778397244094488
21
0.6717384645669291
0
LINE
8
BLACK
6
CONTINUOUS
10
-0.2778397244094488
20
0.6717384645669291
11
-0.2740901968503937
21
0.6754879921259842
0
LINE
8
BLACK
6
CONTINUOUS
10
-0.2740901968503937
20
0.6754879921259842
11
-0.2736427559055118
21
0.6758552362204724
0
LINE
8
BLACK
6
CONTINUOUS
10
-0.2736427559055118
20
0.6758552362204724
11
-0.2735447244094488
21
0.6758958661417322
0
LINE
8
BLACK
6
CONTINUOUS
10
-0.2735447244094488
20
0.6758958661417322
11
-0.2734646062992126
21
0.6759653149606299
0
LINE
8
BLACK
6
CONTINUOUS
10
-0.2734646062992126
20
0.6759653149606299
11
-0.2729360236220472
21
0.6762012992125984
0
LINE
8
BLACK
6
CONTINUOUS
10
-0.2729360236220472
20
0.6762012992125984
11
-0.2673117716535433
21
0.678076062992126
0
LINE
8
BLACK
6
CONTINUOUS
10
-0.2673117716535433
20
0.678076062992126
11
-0.2670261417322835
21
0.6781410236220472
0
LINE
8
BLACK
6
CONTINUOUS
10
-0.2670261417322835
20
0.6781410236220472
11
-0.2669540551181102
21
0.6781708661417323
0
LINE
8
BLACK
6
CONTINUOUS
10
-0.2669540551181102
20
0.6781708661417323
11
-0.2668496062992126
21
0.6781811811023621
0
LINE
8
BLACK
6
CONTINUOUS
10
-0.2668496062992126
20
0.6781811811023621
11
-0.2667473228346456
21
0.6782044094488189
0
LINE
8
BLACK
6
CONTINUOUS
10
-0.2667473228346456
20
0.6782044094488189
11
-0.2666696062992126
21
0.6781988976377953
0
LINE
8
BLACK
6
CONTINUOUS
10
-0.2666696062992126
20
0.6781988976377953
11
-0.2663779921259842
21
0.6782275984251969
0
LINE
8
BLACK
6
CONTINUOUS
10
-0.2663779921259842
20
0.6782275984251969
11
-0.2570041732283465
21
0.6782275984251969
0
LINE
8
BLACK
6
CONTINUOUS
10
-0.2570041732283465
20
0.6782275984251969
11
-0.2564281102362205
21
0.6781708661417323
0
LINE
8
BLACK
6
CONTINUOUS
10
-0.2704072440944882
20
0.6708192913385826
11
-0.2733250787401575
21
0.6679014566929133
0
LINE
8
BLACK
6
CONTINUOUS
10
-0.2733250787401575
20
0.6679014566929133
11
-0.2748405905511811
21
0.6648704724409449
0
LINE
8
BLACK
6
CONTINUOUS
10
-0.2748405905511811
20
0.6648704724409449
11
-0.2765485826771654
21
0.6580384251968504
0
LINE
8
BLACK
6
CONTINUOUS
10
-0.2765485826771654
20
0.6580384251968504
11
-0.2765485826771654
21
0.6531412204724409
0
LINE
8
BLACK
6
CONTINUOUS
10
-0.2765485826771654
20
0.6531412204724409
11
-0.2748405905511811
21
0.6463091732283465
0
LINE
8
BLACK
6
CONTINUOUS
10
-0.2748405905511811
20
0.6463091732283465
11
-0.2733250787401575
21
0.6432781889763779
0
LINE
8
BLACK
6
CONTINUOUS
10
-0.2733250787401575
20
0.6432781889763779
11
-0.2704072440944882
21
0.64036031496063
0
LINE
8
BLACK
6
CONTINUOUS
10
-0.2704072440944882
20
0.64036031496063
11
-0.2658988582677165
21
0.6388575196850393
0
LINE
8
BLACK
6
CONTINUOUS
10
-0.2658988582677165
20
0.6388575196850393
11
-0.2599569291338583
21
0.6388575196850393
0
LINE
8
BLACK
6
CONTINUOUS
10
-0.2599569291338583
20
0.6388575196850393
11
-0.2599569291338583
21
0.6723220866141733
0
LINE
8
BLACK
6
CONTINUOUS
10
-0.2599569291338583
20
0.6723220866141733
11
-0.2658988582677165
21
0.6723220866141733
0
LINE
8
BLACK
6
CONTINUOUS
10
-0.2658988582677165
20
0.6723220866141733
11
-0.2704072440944882
21
0.6708192913385826
0
LINE
8
BLACK
6
CONTINUOUS
10
-0.5283615354330709
20
0.6842732283464567
11
-0.5280722440944882
21
0.6842732283464567
0
LINE
8
BLACK
6
CONTINUOUS
10
-0.5280722440944882
20
0.6842732283464567
11
-0.5278021653543307
21
0.6841613779527559
0
LINE
8
BLACK
6
CONTINUOUS
10
-0.5278021653543307
20
0.6841613779527559
11
-0.5275155118110236
21
0.6841040157480315
0
LINE
8
BLACK
6
CONTINUOUS
10
-0.5275155118110236
20
0.6841040157480315
11
-0.5272751574803149
21
0.6839430708661417
0
LINE
8
BLACK
6
CONTINUOUS
10
-0.5272751574803149
20
0.6839430708661417
11
-0.5270078346456692
21
0.6838323228346457
0
LINE
8
BLACK
6
CONTINUOUS
10
-0.5270078346456692
20
0.6838323228346457
11
-0.5268011417322834
21
0.6836256299212599
0
LINE
8
BLACK
6
CONTINUOUS
10
-0.5268011417322834
20
0.6836256299212599
11
-0.5265582283464567
21
0.6834629527559055
0
LINE
8
BLACK
6
CONTINUOUS
10
-0.5265582283464567
20
0.6834629527559055
11
-0.5261952362204725
21
0.6830197244094488
0
LINE
8
BLACK
6
CONTINUOUS
10
-0.5261952362204725
20
0.6830197244094488
11
-0.5261931889763779
21
0.6830176771653543
0
LINE
8
BLACK
6
CONTINUOUS
10
-0.5261931889763779
20
0.6830176771653543
11
-0.5261928346456692
21
0.683016811023622
0
LINE
8
BLACK
6
CONTINUOUS
10
-0.5261928346456692
20
0.683016811023622
11
-0.5261914566929133
21
0.6830151181102362
0
LINE
8
BLACK
6
CONTINUOUS
10
-0.5261914566929133
20
0.6830151181102362
11
-0.5226041338582676
21
0.677634094488189
0
LINE
8
BLACK
6
CONTINUOUS
10
-0.5226041338582676
20
0.677634094488189
11
-0.519400157480315
21
0.6744301181102362
0
LINE
8
BLACK
6
CONTINUOUS
10
-0.519400157480315
20
0.6744301181102362
11
-0.5160792125984252
21
0.6727696456692913
0
LINE
8
BLACK
6
CONTINUOUS
10
-0.5160792125984252
20
0.6727696456692913
11
-0.5155893307086614
21
0.6724612992125985
0
LINE
8
BLACK
6
CONTINUOUS
10
-0.5155893307086614
20
0.6724612992125985
11
-0.5148344881889764
21
0.671590905511811
0
LINE
8
BLACK
6
CONTINUOUS
10
-0.5148344881889764
20
0.671590905511811
11
-0.514470157480315
21
0.6704979527559055
0
LINE
8
BLACK
6
CONTINUOUS
10
-0.514470157480315
20
0.6704979527559055
11
-0.514551811023622
21
0.6693487401574802
0
LINE
8
BLACK
6
CONTINUOUS
10
-0.514551811023622
20
0.6693487401574802
11
-0.5150670866141732
21
0.6683182283464567
0
LINE
8
BLACK
6
CONTINUOUS
10
-0.5150670866141732
20
0.6683182283464567
11
-0.5159374409448819
21
0.6675633858267717
0
LINE
8
BLACK
6
CONTINUOUS
10
-0.5159374409448819
20
0.6675633858267717
11
-0.5170304330708662
21
0.6671990551181102
0
LINE
8
BLACK
6
CONTINUOUS
10
-0.5170304330708662
20
0.6671990551181102
11
-0.5181796456692913
21
0.6672807086614173
0
LINE
8
BLACK
6
CONTINUOUS
10
-0.5181796456692913
20
0.6672807086614173
11
-0.5187202362204725
21
0.6674875984251968
0
LINE
8
BLACK
6
CONTINUOUS
10
-0.5187202362204725
20
0.6674875984251968
11
-0.5224697637795276
21
0.6693623622047244
0
LINE
8
BLACK
6
CONTINUOUS
10
-0.5224697637795276
20
0.6693623622047244
11
-0.5227175984251968
21
0.6695183858267716
0
LINE
8
BLACK
6
CONTINUOUS
10
-0.5227175984251968
20
0.6695183858267716
11
-0.5227897244094488
21
0.6695482283464567
0
LINE
8
BLACK
6
CONTINUOUS
10
-0.5227897244094488
20
0.6695482283464567
11
-0.522870905511811
21
0.6696148425196851
0
LINE
8
BLACK
6
CONTINUOUS
10
-0.522870905511811
20
0.6696148425196851
11
-0.5229596456692913
21
0.6696707086614173
0
LINE
8
BLACK
6
CONTINUOUS
10
-0.5229596456692913
20
0.6696707086614173
11
-0.5230107874015748
21
0.6697296456692913
0
LINE
8
BLACK
6
CONTINUOUS
10
-0.5230107874015748
20
0.6697296456692913
11
-0.5232371653543307
21
0.6699154724409448
0
LINE
8
BLACK
6
CONTINUOUS
10
-0.5232371653543307
20
0.6699154724409448
11
-0.5256955511811023
21
0.6723738582677166
0
LINE
8
BLACK
6
CONTINUOUS
10
-0.5256955511811023
20
0.6723738582677166
11
-0.5256955511811023
21
0.6449598818897637
0
LINE
8
BLACK
6
CONTINUOUS
10
-0.5256955511811023
20
0.6449598818897637
11
-0.5173997244094488
21
0.6449598818897637
0
LINE
8
BLACK
6
CONTINUOUS
10
-0.5173997244094488
20
0.6449598818897637
11
-0.5168236614173228
21
0.6449031496062992
0
LINE
8
BLACK
6
CONTINUOUS
10
-0.5168236614173228
20
0.6449031496062992
11
-0.5157592519685039
21
0.6444622440944882
0
LINE
8
BLACK
6
CONTINUOUS
10
-0.5157592519685039
20
0.6444622440944882
11
-0.5149446062992126
21
0.6436475984251968
0
LINE
8
BLACK
6
CONTINUOUS
10
-0.5149446062992126
20
0.6436475984251968
11
-0.5145037007874016
21
0.6425831889763779
0
LINE
8
BLACK
6
CONTINUOUS
10
-0.5145037007874016
20
0.6425831889763779
11
-0.5145037007874016
21
0.6414310629921259
0
LINE
8
BLACK
6
CONTINUOUS
10
-0.5145037007874016
20
0.6414310629921259
11
-0.5149446062992126
21
0.640366653543307
0
LINE
8
BLACK
6
CONTINUOUS
10
-0.5149446062992126
20
0.640366653543307
11
-0.5157592519685039
21
0.6395520078740158
0
LINE
8
BLACK
6
CONTINUOUS
10
-0.5157592519685039
20
0.6395520078740158
11
-0.5168236614173228
21
0.6391111023622047
0
LINE
8
BLACK
6
CONTINUOUS
10
-0.5168236614173228
20
0.6391111023622047
11
-0.5173997244094488
21
0.6390543700787401
0
LINE
8
BLACK
6
CONTINUOUS
10
-0.5173997244094488
20
0.6390543700787401
11
-0.5398968897637795
21
0.6390543700787401
0
LINE
8
BLACK
6
CONTINUOUS
10
-0.5398968897637795
20
0.6390543700787401
11
-0.5404729527559055
21
0.6391111023622047
0
LINE
8
BLACK
6
CONTINUOUS
10
-0.5404729527559055
20
0.6391111023622047
11
-0.5415373622047244
21
0.6395520078740158
0
LINE
8
BLACK
6
CONTINUOUS
10
-0.5415373622047244
20
0.6395520078740158
11
-0.5423520078740157
21
0.640366653543307
0
LINE
8
BLACK
6
CONTINUOUS
10
-0.5423520078740157
20
0.640366653543307
11
-0.5427929133858268
21
0.6414310629921259
0
LINE
8
BLACK
6
CONTINUOUS
10
-0.5427929133858268
20
0.6414310629921259
11
-0.5427929133858268
21
0.6425831889763779
0
LINE
8
BLACK
6
CONTINUOUS
10
-0.5427929133858268
20
0.6425831889763779
11
-0.5423520078740157
21
0.6436475984251968
0
LINE
8
BLACK
6
CONTINUOUS
10
-0.5423520078740157
20
0.6436475984251968
11
-0.5415373622047244
21
0.6444622440944882
0
LINE
8
BLACK
6
CONTINUOUS
10
-0.5415373622047244
20
0.6444622440944882
11
-0.5404729527559055
21
0.6449031496062992
0
LINE
8
BLACK
6
CONTINUOUS
10
-0.5404729527559055
20
0.6449031496062992
11
-0.5398968897637795
21
0.6449598818897637
0
LINE
8
BLACK
6
CONTINUOUS
10
-0.5398968897637795
20
0.6449598818897637
11
-0.531601062992126
21
0.6449598818897637
0
LINE
8
BLACK
6
CONTINUOUS
10
-0.531601062992126
20
0.6449598818897637
11
-0.531601062992126
21
0.6813772047244094
0
LINE
8
BLACK
6
CONTINUOUS
10
-0.531601062992126
20
0.6813772047244094
11
-0.5316008661417323
21
0.6813792913385827
0
LINE
8
BLACK
6
CONTINUOUS
10
-0.5316008661417323
20
0.6813792913385827
11
-0.531601062992126
21
0.6813803149606299
0
LINE
8
BLACK
6
CONTINUOUS
10
-0.531601062992126
20
0.6813803149606299
11
-0.5316004724409449
21
0.6813833464566929
0
LINE
8
BLACK
6
CONTINUOUS
10
-0.5316004724409449
20
0.6813833464566929
11
-0.5315443307086614
21
0.6819532677165354
0
LINE
8
BLACK
6
CONTINUOUS
10
-0.5315443307086614
20
0.6819532677165354
11
-0.5314324803149606
21
0.6822233858267717
0
LINE
8
BLACK
6
CONTINUOUS
10
-0.5314324803149606
20
0.6822233858267717
11
-0.5313751181102362
21
0.68251
0
LINE
8
BLACK
6
CONTINUOUS
10
-0.5313751181102362
20
0.68251
11
-0.5312141732283464
21
0.6827503937007874
0
LINE
8
BLACK
6
CONTINUOUS
10
-0.5312141732283464
20
0.6827503937007874
11
-0.5311034251968504
21
0.6830176771653543
0
LINE
8
BLACK
6
CONTINUOUS
10
-0.5311034251968504
20
0.6830176771653543
11
-0.5308967322834646
21
0.6832244094488189
0
LINE
8
BLACK
6
CONTINUOUS
10
-0.5308967322834646
20
0.6832244094488189
11
-0.5307340551181102
21
0.6834672834645669
0
LINE
8
BLACK
6
CONTINUOUS
10
-0.5307340551181102
20
0.6834672834645669
11
-0.5304933464566929
21
0.6836277952755906
0
LINE
8
BLACK
6
CONTINUOUS
10
-0.5304933464566929
20
0.6836277952755906
11
-0.530288779527559
21
0.6838323228346457
0
LINE
8
BLACK
6
CONTINUOUS
10
-0.530288779527559
20
0.6838323228346457
11
-0.5300187007874015
21
0.6839442125984252
0
LINE
8
BLACK
6
CONTINUOUS
10
-0.5300187007874015
20
0.6839442125984252
11
-0.5297754330708662
21
0.6841063779527559
0
LINE
8
BLACK
6
CONTINUOUS
10
-0.5297754330708662
20
0.6841063779527559
11
-0.5294916535433071
21
0.6841625196850394
0
LINE
8
BLACK
6
CONTINUOUS
10
-0.5294916535433071
20
0.6841625196850394
11
-0.5292243700787401
21
0.6842732283464567
0
LINE
8
BLACK
6
CONTINUOUS
10
-0.5292243700787401
20
0.6842732283464567
11
-0.528931968503937
21
0.6842732283464567
0
LINE
8
BLACK
6
CONTINUOUS
10
-0.528931968503937
20
0.6842732283464567
11
-0.5286451968503937
21
0.6843299606299212
0
LINE
8
BLACK
6
CONTINUOUS
10
-0.5286451968503937
20
0.6843299606299212
11
-0.5283615354330709
21
0.6842732283464567
0
LINE
8
BLACK
6
CONTINUOUS
10
-0.4793283464566929
20
0.6842732283464567
11
-0.478263937007874
21
0.6838323228346457
0
LINE
8
BLACK
6
CONTINUOUS
10
-0.478263937007874
20
0.6838323228346457
11
-0.4774492913385827
21
0.6830176771653543
0
LINE
8
BLACK
6
CONTINUOUS
10
-0.4774492913385827
20
0.6830176771653543
11
-0.4770083858267716
21
0.6819532677165354
0
LINE
8
BLACK
6
CONTINUOUS
10
-0.4770083858267716
20
0.6819532677165354
11
-0.4769516535433071
21
0.6813772047244094
0
LINE
8
BLACK
6
CONTINUOUS
10
-0.4769516535433071
20
0.6813772047244094
11
-0.4769516535433071
21
0.6420071259842519
0
LINE
8
BLACK
6
CONTINUOUS
10
-0.4769516535433071
20
0.6420071259842519
11
-0.4770083858267716
21
0.6414310629921259
0
LINE
8
BLACK
6
CONTINUOUS
10
-0.4770083858267716
20
0.6414310629921259
11
-0.4774492913385827
21
0.640366653543307
0
LINE
8
BLACK
6
CONTINUOUS
10
-0.4774492913385827
20
0.640366653543307
11
-0.478263937007874
21
0.6395520078740158
0
LINE
8
BLACK
6
CONTINUOUS
10
-0.478263937007874
20
0.6395520078740158
11
-0.4793283464566929
21
0.6391111023622047
0
LINE
8
BLACK
6
CONTINUOUS
10
-0.4793283464566929
20
0.6391111023622047
11
-0.4799044094488189
21
0.6390543700787401
0
LINE
8
BLACK
6
CONTINUOUS
10
-0.4799044094488189
20
0.6390543700787401
11
-0.4892782283464567
21
0.6390543700787401
0
LINE
8
BLACK
6
CONTINUOUS
10
-0.4892782283464567
20
0.6390543700787401
11
-0.4895698425196851
21
0.6390831102362204
0
LINE
8
BLACK
6
CONTINUOUS
10
-0.4895698425196851
20
0.6390831102362204
11
-0.4896475590551181
21
0.6390775590551181
0
LINE
8
BLACK
6
CONTINUOUS
10
-0.4896475590551181
20
0.6390775590551181
11
-0.489749842519685
21
0.6391008267716535
0
LINE
8
BLACK
6
CONTINUOUS
10
-0.489749842519685
20
0.6391008267716535
11
-0.4898542913385827
21
0.6391111023622047
0
LINE
8
BLACK
6
CONTINUOUS
10
-0.4898542913385827
20
0.6391111023622047
11
-0.4899263779527559
21
0.6391409842519685
0
LINE
8
BLACK
6
CONTINUOUS
10
-0.4899263779527559
20
0.6391409842519685
11
-0.4902120078740158
21
0.639205905511811
0
LINE
8
BLACK
6
CONTINUOUS
10
-0.4902120078740158
20
0.639205905511811
11
-0.4958362598425197
21
0.6410806692913386
0
LINE
8
BLACK
6
CONTINUOUS
10
-0.4958362598425197
20
0.6410806692913386
11
-0.496364842519685
21
0.641316653543307
0
LINE
8
BLACK
6
CONTINUOUS
10
-0.496364842519685
20
0.641316653543307
11
-0.4964449606299213
21
0.6413861417322835
0
LINE
8
BLACK
6
CONTINUOUS
10
-0.4964449606299213
20
0.6413861417322835
11
-0.4965429921259842
21
0.6414267322834646
0
LINE
8
BLACK
6
CONTINUOUS
10
-0.4965429921259842
20
0.6414267322834646
11
-0.4969904330708662
21
0.6417939763779528
0
LINE
8
BLACK
6
CONTINUOUS
10
-0.4969904330708662
20
0.6417939763779528
11
-0.5007399606299212
21
0.6455435433070866
0
LINE
8
BLACK
6
CONTINUOUS
10
-0.5007399606299212
20
0.6455435433070866
11
-0.500925748031496
21
0.6457699212598424
0
LINE
8
BLACK
6
CONTINUOUS
10
-0.500925748031496
20
0.6457699212598424
11
-0.5009847244094489
21
0.6458210629921259
0
LINE
8
BLACK
6
CONTINUOUS
10
-0.5009847244094489
20
0.6458210629921259
11
-0.5010407086614174
21
0.64591
0
LINE
8
BLACK
6
CONTINUOUS
10
-0.5010407086614174
20
0.64591
11
-0.5011072047244094
21
0.6459910236220472
0
LINE
8
BLACK
6
CONTINUOUS
10
-0.5011072047244094
20
0.6459910236220472
11
-0.5011370472440945
21
0.6460630708661417
0
LINE
8
BLACK
6
CONTINUOUS
10
-0.5011370472440945
20
0.6460630708661417
11
-0.5012930708661417
21
0.6463109448818898
0
LINE
8
BLACK
6
CONTINUOUS
10
-0.5012930708661417
20
0.6463109448818898
11
-0.5031678346456693
21
0.6500604724409449
0
LINE
8
BLACK
6
CONTINUOUS
10
-0.5031678346456693
20
0.6500604724409449
11
-0.5031839763779528
21
0.6501025984251968
0
LINE
8
BLACK
6
CONTINUOUS
10
-0.5031839763779528
20
0.6501025984251968
11
-0.5031966535433071
21
0.6501197244094488
0
LINE
8
BLACK
6
CONTINUOUS
10
-0.5031966535433071
20
0.6501197244094488
11
-0.5032831102362204
21
0.6503616929133859
0
LINE
8
BLACK
6
CONTINUOUS
10
-0.5032831102362204
20
0.6503616929133859
11
-0.5033747244094489
21
0.6506011023622047
0
LINE
8
BLACK
6
CONTINUOUS
10
-0.5033747244094489
20
0.6506011023622047
11
-0.5033762598425197
21
0.6506223622047244
0
LINE
8
BLACK
6
CONTINUOUS
10
-0.5033762598425197
20
0.6506223622047244
11
-0.5033914173228347
21
0.650664842519685
0
LINE
8
BLACK
6
CONTINUOUS
10
-0.5033914173228347
20
0.650664842519685
11
-0.5052661811023622
21
0.6581638976377953
0
LINE
8
BLACK
6
CONTINUOUS
10
-0.5052661811023622
20
0.6581638976377953
11
-0.5052809842519685
21
0.658263779527559
0
LINE
8
BLACK
6
CONTINUOUS
10
-0.5052809842519685
20
0.658263779527559
11
-0.5052975984251968
21
0.6583039763779528
0
LINE
8
BLACK
6
CONTINUOUS
10
-0.5052975984251968
20
0.6583039763779528
11
-0.5053189763779528
21
0.6585210236220472
0
LINE
8
BLACK
6
CONTINUOUS
10
-0.5053189763779528
20
0.6585210236220472
11
-0.5053508267716535
21
0.6587364960629921
0
LINE
8
BLACK
6
CONTINUOUS
10
-0.5053508267716535
20
0.6587364960629921
11
-0.5053444488188976
21
0.6587795275590551
0
LINE
8
BLACK
6
CONTINUOUS
10
-0.5053444488188976
20
0.6587795275590551
11
-0.5053543307086614
21
0.6588800393700788
0
LINE
8
BLACK
6
CONTINUOUS
10
-0.5053543307086614
20
0.6588800393700788
11
-0.5053543307086614
21
0.6645043307086614
0
LINE
8
BLACK
6
CONTINUOUS
10
-0.5053543307086614
20
0.6645043307086614
11
-0.5053444488188976
21
0.6646048818897637
0
LINE
8
BLACK
6
CONTINUOUS
10
-0.5053444488188976
20
0.6646048818897637
11
-0.5053508267716535
21
0.664647874015748
0
LINE
8
BLACK
6
CONTINUOUS
10
-0.5053508267716535
20
0.664647874015748
11
-0.5053189763779528
21
0.6648633858267716
0
LINE
8
BLACK
6
CONTINUOUS
10
-0.5053189763779528
20
0.6648633858267716
11
-0.5052975984251968
21
0.6650803937007874
0
LINE
8
BLACK
6
CONTINUOUS
10
-0.5052975984251968
20
0.6650803937007874
11
-0.5052809842519685
21
0.6651206299212599
0
LINE
8
BLACK
6
CONTINUOUS
10
-0.5052809842519685
20
0.6651206299212599
11
-0.5052661811023622
21
0.6652204724409448
0
LINE
8
BLACK
6
CONTINUOUS
10
-0.5052661811023622
20
0.6652204724409448
11
-0.5033914173228347
21
0.6727195275590551
0
LINE
8
BLACK
6
CONTINUOUS
10
-0.5033914173228347
20
0.6727195275590551
11
-0.5033762598425197
21
0.6727620472440945
0
LINE
8
BLACK
6
CONTINUOUS
10
-0.5033762598425197
20
0.6727620472440945
11
-0.5033747244094489
21
0.6727832677165354
0
LINE
8
BLACK
6
CONTINUOUS
10
-0.5033747244094489
20
0.6727832677165354
11
-0.5032827165354331
21
0.6730237401574803
0
LINE
8
BLACK
6
CONTINUOUS
10
-0.5032827165354331
20
0.6730237401574803
11
-0.5031966535433071
21
0.6732646456692913
0
LINE
8
BLACK
6
CONTINUOUS
10
-0.5031966535433071
20
0.6732646456692913
11
-0.5031839763779528
21
0.6732818110236221
0
LINE
8
BLACK
6
CONTINUOUS
10
-0.5031839763779528
20
0.6732818110236221
11
-0.5031678346456693
21
0.6733238976377952
0
LINE
8
BLACK
6
CONTINUOUS
10
-0.5031678346456693
20
0.6733238976377952
11
-0.5012930708661417
21
0.6770734251968504
0
LINE
8
BLACK
6
CONTINUOUS
10
-0.5012930708661417
20
0.6770734251968504
11
-0.5011370078740157
21
0.6773214566929133
0
LINE
8
BLACK
6
CONTINUOUS
10
-0.5011370078740157
20
0.6773214566929133
11
-0.5011071653543308
21
0.6773933858267717
0
LINE
8
BLACK
6
CONTINUOUS
10
-0.5011071653543308
20
0.6773933858267717
11
-0.5010407086614174
21
0.6774743700787401
0
LINE
8
BLACK
6
CONTINUOUS
10
-0.5010407086614174
20
0.6774743700787401
11
-0.5009847244094489
21
0.6775633070866142
0
LINE
8
BLACK
6
CONTINUOUS
10
-0.5009847244094489
20
0.6775633070866142
11
-0.500925748031496
21
0.6776144881889764
0
LINE
8
BLACK
6
CONTINUOUS
10
-0.500925748031496
20
0.6776144881889764
11
-0.5007399606299212
21
0.6778408267716536
0
LINE
8
BLACK
6
CONTINUOUS
10
-0.5007399606299212
20
0.6778408267716536
11
-0.4969904330708662
21
0.6815903543307087
0
LINE
8
BLACK
6
CONTINUOUS
10
-0.4969904330708662
20
0.6815903543307087
11
-0.4965429921259842
21
0.6819575984251969
0
LINE
8
BLACK
6
CONTINUOUS
10
-0.4965429921259842
20
0.6819575984251969
11
-0.4964449606299213
21
0.6819982283464566
0
LINE
8
BLACK
6
CONTINUOUS
10
-0.4964449606299213
20
0.6819982283464566
11
-0.496364842519685
21
0.6820676771653543
0
LINE
8
BLACK
6
CONTINUOUS
10
-0.496364842519685
20
0.6820676771653543
11
-0.4958362598425197
21
0.6823036614173228
0
LINE
8
BLACK
6
CONTINUOUS
10
-0.4958362598425197
20
0.6823036614173228
11
-0.4902120078740158
21
0.6841784251968503
0
LINE
8
BLACK
6
CONTINUOUS
10
-0.4902120078740158
20
0.6841784251968503
11
-0.4899263779527559
21
0.6842433858267717
0
LINE
8
BLACK
6
CONTINUOUS
10
-0.4899263779527559
20
0.6842433858267717
11
-0.4898542913385827
21
0.6842732283464567
0
LINE
8
BLACK
6
CONTINUOUS
10
-0.4898542913385827
20
0.6842732283464567
11
-0.489749842519685
21
0.6842835433070866
0
LINE
8
BLACK
6
CONTINUOUS
10
-0.489749842519685
20
0.6842835433070866
11
-0.4896475590551181
21
0.6843067716535433
0
LINE
8
BLACK
6
CONTINUOUS
10
-0.4896475590551181
20
0.6843067716535433
11
-0.4895698425196851
21
0.6843012598425197
0
LINE
8
BLACK
6
CONTINUOUS
10
-0.4895698425196851
20
0.6843012598425197
11
-0.4892782283464567
21
0.6843299606299212
0
LINE
8
BLACK
6
CONTINUOUS
10
-0.4892782283464567
20
0.6843299606299212
11
-0.4799044094488189
21
0.6843299606299212
0
LINE
8
BLACK
6
CONTINUOUS
10
-0.4799044094488189
20
0.6843299606299212
11
-0.4793283464566929
21
0.6842732283464567
0
LINE
8
BLACK
6
CONTINUOUS
10
-0.4933074803149606
20
0.676921653543307
11
-0.4962253149606299
21
0.6740038188976378
0
LINE
8
BLACK
6
CONTINUOUS
10
-0.4962253149606299
20
0.6740038188976378
11
-0.4977408267716535
21
0.6709728346456693
0
LINE
8
BLACK
6
CONTINUOUS
10
-0.4977408267716535
20
0.6709728346456693
11
-0.4994488188976378
21
0.6641407874015748
0
LINE
8
BLACK
6
CONTINUOUS
10
-0.4994488188976378
20
0.6641407874015748
11
-0.4994488188976378
21
0.6592435826771653
0
LINE
8
BLACK
6
CONTINUOUS
10
-0.4994488188976378
20
0.6592435826771653
11
-0.4977408267716535
21
0.6524115354330708
0
LINE
8
BLACK
6
CONTINUOUS
10
-0.4977408267716535
20
0.6524115354330708
11
-0.4962253149606299
21
0.6493805511811024
0
LINE
8
BLACK
6
CONTINUOUS
10
-0.4962253149606299
20
0.6493805511811024
11
-0.4933074803149606
21
0.6464626771653543
0
LINE
8
BLACK
6
CONTINUOUS
10
-0.4933074803149606
20
0.6464626771653543
11
-0.488799094488189
21
0.6449598818897637
0
LINE
8
BLACK
6
CONTINUOUS
10
-0.488799094488189
20
0.6449598818897637
11
-0.4828571653543307
21
0.6449598818897637
0
LINE
8
BLACK
6
CONTINUOUS
10
-0.4828571653543307
20
0.6449598818897637
11
-0.4828571653543307
21
0.6784244488188976
0
LINE
8
BLACK
6
CONTINUOUS
10
-0.4828571653543307
20
0.6784244488188976
11
-0.488799094488189
21
0.6784244488188976
0
LINE
8
BLACK
6
CONTINUOUS
10
-0.488799094488189
20
0.6784244488188976
11
-0.4933074803149606
21
0.676921653543307
0
LINE
8
BLACK
6
CONTINUOUS
10
-0.1115180708661417
20
0.6842732283464567
11
-0.1114200787401575
21
0.6842326377952755
0
LINE
8
BLACK
6
CONTINUOUS
10
-0.1114200787401575
20
0.6842326377952755
11
-0.1113142519685039
21
0.6842251181102362
0
LINE
8
BLACK
6
CONTINUOUS
10
-0.1113142519685039
20
0.6842251181102362
11
-0.1107736220472441
21
0.6840182283464566
0
LINE
8
BLACK
6
CONTINUOUS
10
-0.1107736220472441
20
0.6840182283464566
11
-0.107024094488189
21
0.6821434645669291
0
LINE
8
BLACK
6
CONTINUOUS
10
-0.107024094488189
20
0.6821434645669291
11
-0.1067761023622047
21
0.6819874015748031
0
LINE
8
BLACK
6
CONTINUOUS
10
-0.1067761023622047
20
0.6819874015748031
11
-0.1067041338582677
21
0.6819575590551181
0
LINE
8
BLACK
6
CONTINUOUS
10
-0.1067041338582677
20
0.6819575590551181
11
-0.1066231889763779
21
0.6818911023622047
0
LINE
8
BLACK
6
CONTINUOUS
10
-0.1066231889763779
20
0.6818911023622047
11
-0.1065342125984252
21
0.6818351181102362
0
LINE
8
BLACK
6
CONTINUOUS
10
-0.1065342125984252
20
0.6818351181102362
11
-0.1064830708661417
21
0.6817761417322834
0
LINE
8
BLACK
6
CONTINUOUS
10
-0.1064830708661417
20
0.6817761417322834
11
-0.1062566929133858
21
0.6815903543307087
0
LINE
8
BLACK
6
CONTINUOUS
10
-0.1062566929133858
20
0.6815903543307087
11
-0.1043819291338583
21
0.6797155905511811
0
LINE
8
BLACK
6
CONTINUOUS
10
-0.1043819291338583
20
0.6797155905511811
11
-0.1043806299212598
21
0.6797140157480315
0
LINE
8
BLACK
6
CONTINUOUS
10
-0.1043806299212598
20
0.6797140157480315
11
-0.1043797637795276
21
0.6797134251968504
0
LINE
8
BLACK
6
CONTINUOUS
10
-0.1043797637795276
20
0.6797134251968504
11
-0.1041914566929134
21
0.6794834645669291
0
LINE
8
BLACK
6
CONTINUOUS
10
-0.1041914566929134
20
0.6794834645669291
11
-0.1040147244094488
21
0.6792681496062992
0
LINE
8
BLACK
6
CONTINUOUS
10
-0.1040147244094488
20
0.6792681496062992
11
-0.1040143700787402
21
0.6792672834645669
0
LINE
8
BLACK
6
CONTINUOUS
10
-0.1040143700787402
20
0.6792672834645669
11
-0.1040129921259842
21
0.6792655905511811
0
LINE
8
BLACK
6
CONTINUOUS
10
-0.1040129921259842
20
0.6792655905511811
11
-0.1002634645669291
21
0.6736412598425197
0
LINE
8
BLACK
6
CONTINUOUS
10
-0.1002634645669291
20
0.6736412598425197
11
-0.1000940157480315
21
0.6733233858267716
0
LINE
8
BLACK
6
CONTINUOUS
10
-0.1000940157480315
20
0.6733233858267716
11
-0.1000504724409449
21
0.6732646456692913
0
LINE
8
BLACK
6
CONTINUOUS
10
-0.1000504724409449
20
0.6732646456692913
11
-0.1000257086614173
21
0.6731952755905511
0
LINE
8
BLACK
6
CONTINUOUS
10
-0.1000257086614173
20
0.6731952755905511
11
-0.0999911417322835
21
0.6731304724409448
0
LINE
8
BLACK
6
CONTINUOUS
10
-0.0999911417322835
20
0.6731304724409448
11
-0.0999770472440945
21
0.6730590551181103
0
LINE
8
BLACK
6
CONTINUOUS
10
-0.0999770472440945
20
0.6730590551181103
11
-0.0998557086614173
21
0.6727195275590551
0
LINE
8
BLACK
6
CONTINUOUS
10
-0.0998557086614173
20
0.6727195275590551
11
-0.0979809448818898
21
0.6652204724409448
0
LINE
8
BLACK
6
CONTINUOUS
10
-0.0979809448818898
20
0.6652204724409448
11
-0.0979661811023622
21
0.6651206299212599
0
LINE
8
BLACK
6
CONTINUOUS
10
-0.0979661811023622
20
0.6651206299212599
11
-0.0979495275590551
21
0.6650803937007874
0
LINE
8
BLACK
6
CONTINUOUS
10
-0.0979495275590551
20
0.6650803937007874
11
-0.097928188976378
21
0.6648633858267716
0
LINE
8
BLACK
6
CONTINUOUS
10
-0.097928188976378
20
0.6648633858267716
11
-0.0978962992125984
21
0.664647874015748
0
LINE
8
BLACK
6
CONTINUOUS
10
-0.0978962992125984
20
0.664647874015748
11
-0.0979027165354331
21
0.6646048818897637
0
LINE
8
BLACK
6
CONTINUOUS
10
-0.0979027165354331
20
0.6646048818897637
11
-0.0978927952755906
21
0.6645043307086614
0
LINE
8
BLACK
6
CONTINUOUS
10
-0.0978927952755906
20
0.6645043307086614
11
-0.0978927952755906
21
0.6495062204724409
0
LINE
8
BLACK
6
CONTINUOUS
10
-0.0978927952755906
20
0.6495062204724409
11
-0.0979495275590551
21
0.6489301574803149
0
LINE
8
BLACK
6
CONTINUOUS
10
-0.0979495275590551
20
0.6489301574803149
11
-0.0979901181102362
21
0.6488322047244094
0
LINE
8
BLACK
6
CONTINUOUS
10
-0.0979901181102362
20
0.6488322047244094
11
-0.0979976377952756
21
0.6487262992125984
0
LINE
8
BLACK
6
CONTINUOUS
10
-0.0979976377952756
20
0.6487262992125984
11
-0.0982045275590551
21
0.6481857086614173
0
LINE
8
BLACK
6
CONTINUOUS
10
-0.0982045275590551
20
0.6481857086614173
11
-0.1000792913385827
21
0.6444361811023622
0
LINE
8
BLACK
6
CONTINUOUS
10
-0.1000792913385827
20
0.6444361811023622
11
-0.1002353543307087
21
0.6441883070866141
0
LINE
8
BLACK
6
CONTINUOUS
10
-0.1002353543307087
20
0.6441883070866141
11
-0.100265157480315
21
0.6441162598425196
0
LINE
8
BLACK
6
CONTINUOUS
10
-0.100265157480315
20
0.6441162598425196
11
-0.1003316929133858
21
0.6440352362204724
0
LINE
8
BLACK
6
CONTINUOUS
10
-0.1003316929133858
20
0.6440352362204724
11
-0.1003876377952756
21
0.6439462992125984
0
LINE
8
BLACK
6
CONTINUOUS
10
-0.1003876377952756
20
0.6439462992125984
11
-0.1004466535433071
21
0.6438951574803149
0
LINE
8
BLACK
6
CONTINUOUS
10
-0.1004466535433071
20
0.6438951574803149
11
-0.1006324015748031
21
0.6436687795275591
0
LINE
8
BLACK
6
CONTINUOUS
10
-0.1006324015748031
20
0.6436687795275591
11
-0.102507125984252
21
0.6417940157480315
0
LINE
8
BLACK
6
CONTINUOUS
10
-0.102507125984252
20
0.6417940157480315
11
-0.1027335039370079
21
0.6416082677165355
0
LINE
8
BLACK
6
CONTINUOUS
10
-0.1027335039370079
20
0.6416082677165355
11
-0.1027846850393701
21
0.6415492125984252
0
LINE
8
BLACK
6
CONTINUOUS
10
-0.1027846850393701
20
0.6415492125984252
11
-0.1028736614173228
21
0.6414932283464567
0
LINE
8
BLACK
6
CONTINUOUS
10
-0.1028736614173228
20
0.6414932283464567
11
-0.1029546062992126
21
0.6414267716535433
0
LINE
8
BLACK
6
CONTINUOUS
10
-0.1029546062992126
20
0.6414267716535433
11
-0.1030265748031496
21
0.641396968503937
0
LINE
8
BLACK
6
CONTINUOUS
10
-0.1030265748031496
20
0.641396968503937
11
-0.1032745669291339
21
0.6412408661417323
0
LINE
8
BLACK
6
CONTINUOUS
10
-0.1032745669291339
20
0.6412408661417323
11
-0.107024094488189
21
0.6393661023622047
0
LINE
8
BLACK
6
CONTINUOUS
10
-0.107024094488189
20
0.6393661023622047
11
-0.1075647244094488
21
0.6391592125984252
0
LINE
8
BLACK
6
CONTINUOUS
10
-0.1075647244094488
20
0.6391592125984252
11
-0.1076705511811024
21
0.6391517322834646
0
LINE
8
BLACK
6
CONTINUOUS
10
-0.1076705511811024
20
0.6391517322834646
11
-0.1077685433070866
21
0.6391111023622047
0
LINE
8
BLACK
6
CONTINUOUS
10
-0.1077685433070866
20
0.6391111023622047
11
-0.1083446062992126
21
0.6390543700787401
0
LINE
8
BLACK
6
CONTINUOUS
10
-0.1083446062992126
20
0.6390543700787401
11
-0.1158436614173228
21
0.6390543700787401
0
LINE
8
BLACK
6
CONTINUOUS
10
-0.1158436614173228
20
0.6390543700787401
11
-0.1164197244094488
21
0.6391111023622047
0
LINE
8
BLACK
6
CONTINUOUS
10
-0.1164197244094488
20
0.6391111023622047
11
-0.1165177165354331
21
0.6391516929133858
0
LINE
8
BLACK
6
CONTINUOUS
10
-0.1165177165354331
20
0.6391516929133858
11
-0.1166235826771654
21
0.6391592125984252
0
LINE
8
BLACK
6
CONTINUOUS
10
-0.1166235826771654
20
0.6391592125984252
11
-0.1171641732283464
21
0.6393661023622047
0
LINE
8
BLACK
6
CONTINUOUS
10
-0.1171641732283464
20
0.6393661023622047
11
-0.1209137007874016
21
0.6412408661417323
0
LINE
8
BLACK
6
CONTINUOUS
10
-0.1209137007874016
20
0.6412408661417323
11
-0.1211617322834646
21
0.641396968503937
0
LINE
8
BLACK
6
CONTINUOUS
10
-0.1211617322834646
20
0.641396968503937
11
-0.1212336614173228
21
0.6414267716535433
0
LINE
8
BLACK
6
CONTINUOUS
10
-0.1212336614173228
20
0.6414267716535433
11
-0.1213146456692913
21
0.6414932283464567
0
LINE
8
BLACK
6
CONTINUOUS
10
-0.1213146456692913
20
0.6414932283464567
11
-0.1214035826771653
21
0.6415492125984252
0
LINE
8
BLACK
6
CONTINUOUS
10
-0.1214035826771653
20
0.6415492125984252
11
-0.1214548031496063
21
0.6416082677165355
0
LINE
8
BLACK
6
CONTINUOUS
10
-0.1214548031496063
20
0.6416082677165355
11
-0.1216811417322835
21
0.6417940157480315
0
LINE
8
BLACK
6
CONTINUOUS
10
-0.1216811417322835
20
0.6417940157480315
11
-0.123555905511811
21
0.6436688188976378
0
LINE
8
BLACK
6
CONTINUOUS
10
-0.123555905511811
20
0.6436688188976378
11
-0.1237416535433071
21
0.6438951574803149
0
LINE
8
BLACK
6
CONTINUOUS
10
-0.1237416535433071
20
0.6438951574803149
11
-0.1238006299212598
21
0.6439462992125984
0
LINE
8
BLACK
6
CONTINUOUS
10
-0.1238006299212598
20
0.6439462992125984
11
-0.1238566141732283
21
0.6440352362204724
0
LINE
8
BLACK
6
CONTINUOUS
10
-0.1238566141732283
20
0.6440352362204724
11
-0.1239231102362205
21
0.6441162598425196
0
LINE
8
BLACK
6
CONTINUOUS
10
-0.1239231102362205
20
0.6441162598425196
11
-0.1239529527559055
21
0.6441883070866141
0
LINE
8
BLACK
6
CONTINUOUS
10
-0.1239529527559055
20
0.6441883070866141
11
-0.1241089763779527
21
0.6444361811023622
0
LINE
8
BLACK
6
CONTINUOUS
10
-0.1241089763779527
20
0.6444361811023622
11
-0.1259837401574803
21
0.6481857086614173
0
LINE
8
BLACK
6
CONTINUOUS
10
-0.1259837401574803
20
0.6481857086614173
11
-0.1261906299212598
21
0.6487263385826771
0
LINE
8
BLACK
6
CONTINUOUS
10
-0.1261906299212598
20
0.6487263385826771
11
-0.1261981496062992
21
0.6488321653543307
0
LINE
8
BLACK
6
CONTINUOUS
10
-0.1261981496062992
20
0.6488321653543307
11
-0.1262387401574803
21
0.6489301574803149
0
LINE
8
BLACK
6
CONTINUOUS
10
-0.1262387401574803
20
0.6489301574803149
11
-0.1262954724409449
21
0.6495062204724409
0
LINE
8
BLACK
6
CONTINUOUS
10
-0.1262954724409449
20
0.6495062204724409
11
-0.1262954724409449
21
0.6588800393700788
0
LINE
8
BLACK
6
CONTINUOUS
10
-0.1262954724409449
20
0.6588800393700788
11
-0.1262387401574803
21
0.6594561023622048
0
LINE
8
BLACK
6
CONTINUOUS
10
-0.1262387401574803
20
0.6594561023622048
11
-0.1261981496062992
21
0.6595541338582677
0
LINE
8
BLACK
6
CONTINUOUS
10
-0.1261981496062992
20
0.6595541338582677
11
-0.1261906299212598
21
0.6596599212598425
0
LINE
8
BLACK
6
CONTINUOUS
10
-0.1261906299212598
20
0.6596599212598425
11
-0.1259837401574803
21
0.6602005511811023
0
LINE
8
BLACK
6
CONTINUOUS
10
-0.1259837401574803
20
0.6602005511811023
11
-0.1241089763779527
21
0.6639500787401574
0
LINE
8
BLACK
6
CONTINUOUS
10
-0.1241089763779527
20
0.6639500787401574
11
-0.1239529133858268
21
0.6641981102362204
0
LINE
8
BLACK
6
CONTINUOUS
10
-0.1239529133858268
20
0.6641981102362204
11
-0.1239230708661417
21
0.6642700393700788
0
LINE
8
BLACK
6
CONTINUOUS
10
-0.1239230708661417
20
0.6642700393700788
11
-0.1238566141732283
21
0.6643510236220472
0
LINE
8
BLACK
6
CONTINUOUS
10
-0.1238566141732283
20
0.6643510236220472
11
-0.1238006299212598
21
0.6644399606299213
0
LINE
8
BLACK
6
CONTINUOUS
10
-0.1238006299212598
20
0.6644399606299213
11
-0.1237416535433071
21
0.6644911417322834
0
LINE
8
BLACK
6
CONTINUOUS
10
-0.1237416535433071
20
0.6644911417322834
11
-0.1235558661417323
21
0.6647174803149606
0
LINE
8
BLACK
6
CONTINUOUS
10
-0.1235558661417323
20
0.6647174803149606
11
-0.1216811023622047
21
0.6665922440944881
0
LINE
8
BLACK
6
CONTINUOUS
10
-0.1216811023622047
20
0.6665922440944881
11
-0.1214547637795276
21
0.666778031496063
0
LINE
8
BLACK
6
CONTINUOUS
10
-0.1214547637795276
20
0.666778031496063
11
-0.1214035826771653
21
0.6668370078740158
0
LINE
8
BLACK
6
CONTINUOUS
10
-0.1214035826771653
20
0.6668370078740158
11
-0.1213146456692913
21
0.6668929921259842
0
LINE
8
BLACK
6
CONTINUOUS
10
-0.1213146456692913
20
0.6668929921259842
11
-0.1212336614173228
21
0.6669594488188976
0
LINE
8
BLACK
6
CONTINUOUS
10
-0.1212336614173228
20
0.6669594488188976
11
-0.1211617322834646
21
0.6669892913385826
0
LINE
8
BLACK
6
CONTINUOUS
10
-0.1211617322834646
20
0.6669892913385826
11
-0.1209137007874016
21
0.6671453543307087
0
LINE
8
BLACK
6
CONTINUOUS
10
-0.1209137007874016
20
0.6671453543307087
11
-0.1171641732283464
21
0.6690201181102362
0
LINE
8
BLACK
6
CONTINUOUS
10
-0.1171641732283464
20
0.6690201181102362
11
-0.1166235826771654
21
0.6692270078740157
0
LINE
8
BLACK
6
CONTINUOUS
10
-0.1166235826771654
20
0.6692270078740157
11
-0.1165177165354331
21
0.6692345669291339
0
LINE
8
BLACK
6
CONTINUOUS
10
-0.1165177165354331
20
0.6692345669291339
11
-0.1164197244094488
21
0.6692751181102362
0
LINE
8
BLACK
6
CONTINUOUS
10
-0.1164197244094488
20
0.6692751181102362
11
-0.1158436614173228
21
0.6693318503937008
0
LINE
8
BLACK
6
CONTINUOUS
10
-0.1158436614173228
20
0.6693318503937008
11
-0.1083446062992126
21
0.6693318503937008
0
LINE
8
BLACK
6
CONTINUOUS
10
-0.1083446062992126
20
0.6693318503937008
11
-0.1077685433070866
21
0.6692751181102362
0
LINE
8
BLACK
6
CONTINUOUS
10
-0.1077685433070866
20
0.6692751181102362
11
-0.1076705511811024
21
0.6692345275590551
0
LINE
8
BLACK
6
CONTINUOUS
10
-0.1076705511811024
20
0.6692345275590551
11
-0.1075647244094488
21
0.6692270078740157
0
LINE
8
BLACK
6
CONTINUOUS
10
-0.1075647244094488
20
0.6692270078740157
11
-0.107024094488189
21
0.6690201181102362
0
LINE
8
BLACK
6
CONTINUOUS
10
-0.107024094488189
20
0.6690201181102362
11
-0.1047315748031496
21
0.6678738582677165
0
LINE
8
BLACK
6
CONTINUOUS
10
-0.1047315748031496
20
0.6678738582677165
11
-0.1054608661417323
21
0.6707910236220472
0
LINE
8
BLACK
6
CONTINUOUS
10
-0.1054608661417323
20
0.6707910236220472
11
-0.1087645669291339
21
0.6757465748031496
0
LINE
8
BLACK
6
CONTINUOUS
10
-0.1087645669291339
20
0.6757465748031496
11
-0.1100937007874016
21
0.6770757086614173
0
LINE
8
BLACK
6
CONTINUOUS
10
-0.1100937007874016
20
0.6770757086614173
11
-0.1127911811023622
21
0.6784244488188976
0
LINE
8
BLACK
6
CONTINUOUS
10
-0.1127911811023622
20
0.6784244488188976
11
-0.119593188976378
21
0.6784244488188976
0
LINE
8
BLACK
6
CONTINUOUS
10
-0.119593188976378
20
0.6784244488188976
11
-0.1201692519685039
21
0.6784811811023622
0
LINE
8
BLACK
6
CONTINUOUS
10
-0.1201692519685039
20
0.6784811811023622
11
-0.1212336614173228
21
0.6789220866141732
0
LINE
8
BLACK
6
CONTINUOUS
10
-0.1212336614173228
20
0.6789220866141732
11
-0.1220483070866142
21
0.6797367322834645
0
LINE
8
BLACK
6
CONTINUOUS
10
-0.1220483070866142
20
0.6797367322834645
11
-0.1224892125984252
21
0.6808011417322835
0
LINE
8
BLACK
6
CONTINUOUS
10
-0.1224892125984252
20
0.6808011417322835
11
-0.1224892125984252
21
0.6819532677165354
0
LINE
8
BLACK
6
CONTINUOUS
10
-0.1224892125984252
20
0.6819532677165354
11
-0.1220483070866142
21
0.6830176771653543
0
LINE
8
BLACK
6
CONTINUOUS
10
-0.1220483070866142
20
0.6830176771653543
11
-0.1212336614173228
21
0.6838323228346457
0
LINE
8
BLACK
6
CONTINUOUS
10
-0.1212336614173228
20
0.6838323228346457
11
-0.1201692519685039
21
0.6842732283464567
0
LINE
8
BLACK
6
CONTINUOUS
10
-0.1201692519685039
20
0.6842732283464567
11
-0.119593188976378
21
0.6843299606299212
0
LINE
8
BLACK
6
CONTINUOUS
10
-0.119593188976378
20
0.6843299606299212
11
-0.1120941338582677
21
0.6843299606299212
0
LINE
8
BLACK
6
CONTINUOUS
10
-0.1120941338582677
20
0.6843299606299212
11
-0.1115180708661417
21
0.6842732283464567
0
LINE
8
BLACK
6
CONTINUOUS
10
-0.117844094488189
20
0.6620775984251969
11
-0.1190412204724409
21
0.6608804724409448
0
LINE
8
BLACK
6
CONTINUOUS
10
-0.1190412204724409
20
0.6608804724409448
11
-0.1203899606299213
21
0.6581829921259842
0
LINE
8
BLACK
6
CONTINUOUS
10
-0.1203899606299213
20
0.6581829921259842
11
-0.1203899606299213
21
0.6502032677165355
0
LINE
8
BLACK
6
CONTINUOUS
10
-0.1203899606299213
20
0.6502032677165355
11
-0.1190412204724409
21
0.6475057874015748
0
LINE
8
BLACK
6
CONTINUOUS
10
-0.1190412204724409
20
0.6475057874015748
11
-0.117844094488189
21
0.646308622047244
0
LINE
8
BLACK
6
CONTINUOUS
10
-0.117844094488189
20
0.646308622047244
11
-0.1151466141732283
21
0.6449598818897637
0
LINE
8
BLACK
6
CONTINUOUS
10
-0.1151466141732283
20
0.6449598818897637
11
-0.1090416535433071
21
0.6449598818897637
0
LINE
8
BLACK
6
CONTINUOUS
10
-0.1090416535433071
20
0.6449598818897637
11
-0.1063442125984252
21
0.646308622047244
0
LINE
8
BLACK
6
CONTINUOUS
10
-0.1063442125984252
20
0.646308622047244
11
-0.1051470866141732
21
0.6475057874015748
0
LINE
8
BLACK
6
CONTINUOUS
10
-0.1051470866141732
20
0.6475057874015748
11
-0.1037983070866142
21
0.6502032677165355
0
LINE
8
BLACK
6
CONTINUOUS
10
-0.1037983070866142
20
0.6502032677165355
11
-0.1037983070866142
21
0.6581829921259842
0
LINE
8
BLACK
6
CONTINUOUS
10
-0.1037983070866142
20
0.6581829921259842
11
-0.1051470472440945
21
0.6608804724409448
0
LINE
8
BLACK
6
CONTINUOUS
10
-0.1051470472440945
20
0.6608804724409448
11
-0.1063441732283465
21
0.6620775984251969
0
LINE
8
BLACK
6
CONTINUOUS
10
-0.1063441732283465
20
0.6620775984251969
11
-0.1090416535433071
21
0.6634263385826772
0
LINE
8
BLACK
6
CONTINUOUS
10
-0.1090416535433071
20
0.6634263385826772
11
-0.1151466141732283
21
0.6634263385826772
0
LINE
8
BLACK
6
CONTINUOUS
10
-0.1151466141732283
20
0.6634263385826772
11
-0.117844094488189
21
0.6620775984251969
0
LINE
8
BLACK
6
CONTINUOUS
10
-0.0743120472440945
20
0.6842732283464567
11
-0.0740227559055118
21
0.6842732283464567
0
LINE
8
BLACK
6
CONTINUOUS
10
-0.0740227559055118
20
0.6842732283464567
11
-0.0737526771653543
21
0.6841613779527559
0
LINE
8
BLACK
6
CONTINUOUS
10
-0.0737526771653543
20
0.6841613779527559
11
-0.0734660236220472
21
0.6841040157480315
0
LINE
8
BLACK
6
CONTINUOUS
10
-0.0734660236220472
20
0.6841040157480315
11
-0.0732256692913386
21
0.6839430708661417
0
LINE
8
BLACK
6
CONTINUOUS
10
-0.0732256692913386
20
0.6839430708661417
11
-0.0729583464566929
21
0.6838323228346457
0
LINE
8
BLACK
6
CONTINUOUS
10
-0.0729583464566929
20
0.6838323228346457
11
-0.0727516535433071
21
0.6836256299212599
0
LINE
8
BLACK
6
CONTINUOUS
10
-0.0727516535433071
20
0.6836256299212599
11
-0.0725087401574803
21
0.6834629527559055
0
LINE
8
BLACK
6
CONTINUOUS
10
-0.0725087401574803
20
0.6834629527559055
11
-0.0721457480314961
21
0.6830197244094488
0
LINE
8
BLACK
6
CONTINUOUS
10
-0.0721457480314961
20
0.6830197244094488
11
-0.0721437007874016
21
0.6830176771653543
0
LINE
8
BLACK
6
CONTINUOUS
10
-0.0721437007874016
20
0.6830176771653543
11
-0.0721433464566929
21
0.683016811023622
0
LINE
8
BLACK
6
CONTINUOUS
10
-0.0721433464566929
20
0.683016811023622
11
-0.072141968503937
21
0.6830151181102362
0
LINE
8
BLACK
6
CONTINUOUS
10
-0.072141968503937
20
0.6830151181102362
11
-0.0685546456692913
21
0.677634094488189
0
LINE
8
BLACK
6
CONTINUOUS
10
-0.0685546456692913
20
0.677634094488189
11
-0.0653506692913386
21
0.6744301181102362
0
LINE
8
BLACK
6
CONTINUOUS
10
-0.0653506692913386
20
0.6744301181102362
11
-0.0620297244094488
21
0.6727696456692913
0
LINE
8
BLACK
6
CONTINUOUS
10
-0.0620297244094488
20
0.6727696456692913
11
-0.061539842519685
21
0.6724612992125985
0
LINE
8
BLACK
6
CONTINUOUS
10
-0.061539842519685
20
0.6724612992125985
11
-0.060785
21
0.671590905511811
0
LINE
8
BLACK
6
CONTINUOUS
10
-0.060785
20
0.671590905511811
11
-0.0604206692913386
21
0.6704979527559055
0
LINE
8
BLACK
6
CONTINUOUS
10
-0.0604206692913386
20
0.6704979527559055
11
-0.0605023228346457
21
0.6693487401574802
0
LINE
8
BLACK
6
CONTINUOUS
10
-0.0605023228346457
20
0.6693487401574802
11
-0.0610175984251968
21
0.6683182283464567
0
LINE
8
BLACK
6
CONTINUOUS
10
-0.0610175984251968
20
0.6683182283464567
11
-0.0618879527559055
21
0.6675633858267717
0
LINE
8
BLACK
6
CONTINUOUS
10
-0.0618879527559055
20
0.6675633858267717
11
-0.0629809448818898
21
0.6671990551181102
0
LINE
8
BLACK
6
CONTINUOUS
10
-0.0629809448818898
20
0.6671990551181102
11
-0.064130157480315
21
0.6672807086614173
0
LINE
8
BLACK
6
CONTINUOUS
10
-0.064130157480315
20
0.6672807086614173
11
-0.0646707480314961
21
0.6674875984251968
0
LINE
8
BLACK
6
CONTINUOUS
10
-0.0646707480314961
20
0.6674875984251968
11
-0.0684202755905512
21
0.6693623622047244
0
LINE
8
BLACK
6
CONTINUOUS
10
-0.0684202755905512
20
0.6693623622047244
11
-0.0686681102362205
21
0.6695183858267716
0
LINE
8
BLACK
6
CONTINUOUS
10
-0.0686681102362205
20
0.6695183858267716
11
-0.0687402362204724
21
0.6695482283464567
0
LINE
8
BLACK
6
CONTINUOUS
10
-0.0687402362204724
20
0.6695482283464567
11
-0.0688214173228346
21
0.6696148425196851
0
LINE
8
BLACK
6
CONTINUOUS
10
-0.0688214173228346
20
0.6696148425196851
11
-0.068910157480315
21
0.6696707086614173
0
LINE
8
BLACK
6
CONTINUOUS
10
-0.068910157480315
20
0.6696707086614173
11
-0.0689612992125984
21
0.6697296456692913
0
LINE
8
BLACK
6
CONTINUOUS
10
-0.0689612992125984
20
0.6697296456692913
11
-0.0691876771653543
21
0.6699154724409448
0
LINE
8
BLACK
6
CONTINUOUS
10
-0.0691876771653543
20
0.6699154724409448
11
-0.071646062992126
21
0.6723738582677166
0
LINE
8
BLACK
6
CONTINUOUS
10
-0.071646062992126
20
0.6723738582677166
11
-0.071646062992126
21
0.6449598818897637
0
LINE
8
BLACK
6
CONTINUOUS
10
-0.071646062992126
20
0.6449598818897637
11
-0.0633502362204724
21
0.6449598818897637
0
LINE
8
BLACK
6
CONTINUOUS
10
-0.0633502362204724
20
0.6449598818897637
11
-0.0627741732283465
21
0.6449031496062992
0
LINE
8
BLACK
6
CONTINUOUS
10
-0.0627741732283465
20
0.6449031496062992
11
-0.0617097637795276
21
0.6444622440944882
0
LINE
8
BLACK
6
CONTINUOUS
10
-0.0617097637795276
20
0.6444622440944882
11
-0.0608951181102362
21
0.6436475984251968
0
LINE
8
BLACK
6
CONTINUOUS
10
-0.0608951181102362
20
0.6436475984251968
11
-0.0604542125984252
21
0.6425831889763779
0
LINE
8
BLACK
6
CONTINUOUS
10
-0.0604542125984252
20
0.6425831889763779
11
-0.0604542125984252
21
0.6414310629921259
0
LINE
8
BLACK
6
CONTINUOUS
10
-0.0604542125984252
20
0.6414310629921259
11
-0.0608951181102362
21
0.640366653543307
0
LINE
8
BLACK
6
CONTINUOUS
10
-0.0608951181102362
20
0.640366653543307
11
-0.0617097637795276
21
0.6395520078740158
0
LINE
8
BLACK
6
CONTINUOUS
10
-0.0617097637795276
20
0.6395520078740158
11
-0.0627741732283465
21
0.6391111023622047
0
LINE
8
BLACK
6
CONTINUOUS
10
-0.0627741732283465
20
0.6391111023622047
11
-0.0633502362204724
21
0.6390543700787401
0
LINE
8
BLACK
6
CONTINUOUS
10
-0.0633502362204724
20
0.6390543700787401
11
-0.0858474015748032
21
0.6390543700787401
0
LINE
8
BLACK
6
CONTINUOUS
10
-0.0858474015748032
20
0.6390543700787401
11
-0.0864234645669291
21
0.6391111023622047
0
LINE
8
BLACK
6
CONTINUOUS
10
-0.0864234645669291
20
0.6391111023622047
11
-0.087487874015748
21
0.6395520078740158
0
LINE
8
BLACK
6
CONTINUOUS
10
-0.087487874015748
20
0.6395520078740158
11
-0.0883025196850394
21
0.640366653543307
0
LINE
8
BLACK
6
CONTINUOUS
10
-0.0883025196850394
20
0.640366653543307
11
-0.0887434251968504
21
0.6414310629921259
0
LINE
8
BLACK
6
CONTINUOUS
10
-0.0887434251968504
20
0.6414310629921259
11
-0.0887434251968504
21
0.6425831889763779
0
LINE
8
BLACK
6
CONTINUOUS
10
-0.0887434251968504
20
0.6425831889763779
11
-0.0883025196850394
21
0.6436475984251968
0
LINE
8
BLACK
6
CONTINUOUS
10
-0.0883025196850394
20
0.6436475984251968
11
-0.087487874015748
21
0.6444622440944882
0
LINE
8
BLACK
6
CONTINUOUS
10
-0.087487874015748
20
0.6444622440944882
11
-0.0864234645669291
21
0.6449031496062992
0
LINE
8
BLACK
6
CONTINUOUS
10
-0.0864234645669291
20
0.6449031496062992
11
-0.0858474015748032
21
0.6449598818897637
0
LINE
8
BLACK
6
CONTINUOUS
10
-0.0858474015748032
20
0.6449598818897637
11
-0.0775515748031496
21
0.6449598818897637
0
LINE
8
BLACK
6
CONTINUOUS
10
-0.0775515748031496
20
0.6449598818897637
11
-0.0775515748031496
21
0.6813772047244094
0
LINE
8
BLACK
6
CONTINUOUS
10
-0.0775515748031496
20
0.6813772047244094
11
-0.0775513779527559
21
0.6813792913385827
0
LINE
8
BLACK
6
CONTINUOUS
10
-0.0775513779527559
20
0.6813792913385827
11
-0.0775515748031496
21
0.6813803149606299
0
LINE
8
BLACK
6
CONTINUOUS
10
-0.0775515748031496
20
0.6813803149606299
11
-0.0775509842519685
21
0.6813833464566929
0
LINE
8
BLACK
6
CONTINUOUS
10
-0.0775509842519685
20
0.6813833464566929
11
-0.077494842519685
21
0.6819532677165354
0
LINE
8
BLACK
6
CONTINUOUS
10
-0.077494842519685
20
0.6819532677165354
11
-0.0773829921259842
21
0.6822233858267717
0
LINE
8
BLACK
6
CONTINUOUS
10
-0.0773829921259842
20
0.6822233858267717
11
-0.0773256299212598
21
0.68251
0
LINE
8
BLACK
6
CONTINUOUS
10
-0.0773256299212598
20
0.68251
11
-0.0771646850393701
21
0.6827503937007874
0
LINE
8
BLACK
6
CONTINUOUS
10
-0.0771646850393701
20
0.6827503937007874
11
-0.077053937007874
21
0.6830176771653543
0
LINE
8
BLACK
6
CONTINUOUS
10
-0.077053937007874
20
0.6830176771653543
11
-0.0768472440944882
21
0.6832244094488189
0
LINE
8
BLACK
6
CONTINUOUS
10
-0.0768472440944882
20
0.6832244094488189
11
-0.0766845669291339
21
0.6834672834645669
0
LINE
8
BLACK
6
CONTINUOUS
10
-0.0766845669291339
20
0.6834672834645669
11
-0.0764438582677165
21
0.6836277952755906
0
LINE
8
BLACK
6
CONTINUOUS
10
-0.0764438582677165
20
0.6836277952755906
11
-0.0762392913385827
21
0.6838323228346457
0
LINE
8
BLACK
6
CONTINUOUS
10
-0.0762392913385827
20
0.6838323228346457
11
-0.0759692125984252
21
0.6839442125984252
0
LINE
8
BLACK
6
CONTINUOUS
10
-0.0759692125984252
20
0.6839442125984252
11
-0.0757259448818898
21
0.6841063779527559
0
LINE
8
BLACK
6
CONTINUOUS
10
-0.0757259448818898
20
0.6841063779527559
11
-0.0754421653543307
21
0.6841625196850394
0
LINE
8
BLACK
6
CONTINUOUS
10
-0.0754421653543307
20
0.6841625196850394
11
-0.0751748818897638
21
0.6842732283464567
0
LINE
8
BLACK
6
CONTINUOUS
10
-0.0751748818897638
20
0.6842732283464567
11
-0.0748824803149606
21
0.6842732283464567
0
LINE
8
BLACK
6
CONTINUOUS
10
-0.0748824803149606
20
0.6842732283464567
11
-0.0745957086614173
21
0.6843299606299212
0
LINE
8
BLACK
6
CONTINUOUS
10
-0.0745957086614173
20
0.6843299606299212
11
-0.0743120472440945
21
0.6842732283464567
0
LINE
8
BLACK
6
CONTINUOUS
10
-0.036811968503937
20
0.6843012598425197
11
-0.0367342125984252
21
0.6843067716535433
0
LINE
8
BLACK
6
CONTINUOUS
10
-0.0367342125984252
20
0.6843067716535433
11
-0.036631968503937
21
0.6842835433070866
0
LINE
8
BLACK
6
CONTINUOUS
10
-0.036631968503937
20
0.6842835433070866
11
-0.0365274409448819
21
0.6842732283464567
0
LINE
8
BLACK
6
CONTINUOUS
10
-0.0365274409448819
20
0.6842732283464567
11
-0.0364553543307087
21
0.6842433858267717
0
LINE
8
BLACK
6
CONTINUOUS
10
-0.0364553543307087
20
0.6842433858267717
11
-0.0361697637795276
21
0.6841784251968503
0
LINE
8
BLACK
6
CONTINUOUS
10
-0.0361697637795276
20
0.6841784251968503
11
-0.0305454724409449
21
0.6823036614173228
0
LINE
8
BLACK
6
CONTINUOUS
10
-0.0305454724409449
20
0.6823036614173228
11
-0.0300169291338583
21
0.6820676771653543
0
LINE
8
BLACK
6
CONTINUOUS
10
-0.0300169291338583
20
0.6820676771653543
11
-0.029936811023622
21
0.681998188976378
0
LINE
8
BLACK
6
CONTINUOUS
10
-0.029936811023622
20
0.681998188976378
11
-0.0298387401574803
21
0.6819575590551181
0
LINE
8
BLACK
6
CONTINUOUS
10
-0.0298387401574803
20
0.6819575590551181
11
-0.0293912992125984
21
0.6815903543307087
0
LINE
8
BLACK
6
CONTINUOUS
10
-0.0293912992125984
20
0.6815903543307087
11
-0.0256417716535433
21
0.6778408267716536
0
LINE
8
BLACK
6
CONTINUOUS
10
-0.0256417716535433
20
0.6778408267716536
11
-0.0254559448818898
21
0.6776144488188977
0
LINE
8
BLACK
6
CONTINUOUS
10
-0.0254559448818898
20
0.6776144488188977
11
-0.0253970078740157
21
0.6775633070866142
0
LINE
8
BLACK
6
CONTINUOUS
10
-0.0253970078740157
20
0.6775633070866142
11
-0.0253411417322835
21
0.6774745669291339
0
LINE
8
BLACK
6
CONTINUOUS
10
-0.0253411417322835
20
0.6774745669291339
11
-0.0252745275590551
21
0.6773933858267717
0
LINE
8
BLACK
6
CONTINUOUS
10
-0.0252745275590551
20
0.6773933858267717
11
-0.0252446850393701
21
0.6773212598425197
0
LINE
8
BLACK
6
CONTINUOUS
10
-0.0252446850393701
20
0.6773212598425197
11
-0.0250886614173228
21
0.6770734251968504
0
LINE
8
BLACK
6
CONTINUOUS
10
-0.0250886614173228
20
0.6770734251968504
11
-0.0232138976377953
21
0.6733238976377952
0
LINE
8
BLACK
6
CONTINUOUS
10
-0.0232138976377953
20
0.6733238976377952
11
-0.0231977952755906
21
0.6732818110236221
0
LINE
8
BLACK
6
CONTINUOUS
10
-0.0231977952755906
20
0.6732818110236221
11
-0.0231850787401575
21
0.6732646456692913
0
LINE
8
BLACK
6
CONTINUOUS
10
-0.0231850787401575
20
0.6732646456692913
11
-0.0230990157480315
21
0.6730237401574803
0
LINE
8
BLACK
6
CONTINUOUS
10
-0.0230990157480315
20
0.6730237401574803
11
-0.0230070078740157
21
0.6727833070866142
0
LINE
8
BLACK
6
CONTINUOUS
10
-0.0230070078740157
20
0.6727833070866142
11
-0.0230055118110236
21
0.6727620472440945
0
LINE
8
BLACK
6
CONTINUOUS
10
-0.0230055118110236
20
0.6727620472440945
11
-0.0229903149606299
21
0.6727195275590551
0
LINE
8
BLACK
6
CONTINUOUS
10
-0.0229903149606299
20
0.6727195275590551
11
-0.0211155511811024
21
0.6652204724409448
0
LINE
8
BLACK
6
CONTINUOUS
10
-0.0211155511811024
20
0.6652204724409448
11
-0.0211007874015748
21
0.6651206299212599
0
LINE
8
BLACK
6
CONTINUOUS
10
-0.0211007874015748
20
0.6651206299212599
11
-0.0210841338582677
21
0.6650803937007874
0
LINE
8
BLACK
6
CONTINUOUS
10
-0.0210841338582677
20
0.6650803937007874
11
-0.0210627952755905
21
0.6648633858267716
0
LINE
8
BLACK
6
CONTINUOUS
10
-0.0210627952755905
20
0.6648633858267716
11
-0.021030905511811
21
0.664647874015748
0
LINE
8
BLACK
6
CONTINUOUS
10
-0.021030905511811
20
0.664647874015748
11
-0.0210373228346457
21
0.6646048818897637
0
LINE
8
BLACK
6
CONTINUOUS
10
-0.0210373228346457
20
0.6646048818897637
11
-0.0210274015748032
21
0.6645043307086614
0
LINE
8
BLACK
6
CONTINUOUS
10
-0.0210274015748032
20
0.6645043307086614
11
-0.0210274015748032
21
0.6588800393700788
0
LINE
8
BLACK
6
CONTINUOUS
10
-0.0210274015748032
20
0.6588800393700788
11
-0.0210373228346457
21
0.6587795275590551
0
LINE
8
BLACK
6
CONTINUOUS
10
-0.0210373228346457
20
0.6587795275590551
11
-0.021030905511811
21
0.6587364960629921
0
LINE
8
BLACK
6
CONTINUOUS
10
-0.021030905511811
20
0.6587364960629921
11
-0.0210627952755905
21
0.6585210236220472
0
LINE
8
BLACK
6
CONTINUOUS
10
-0.0210627952755905
20
0.6585210236220472
11
-0.0210841338582677
21
0.6583039763779528
0
LINE
8
BLACK
6
CONTINUOUS
10
-0.0210841338582677
20
0.6583039763779528
11
-0.0211007874015748
21
0.658263779527559
0
LINE
8
BLACK
6
CONTINUOUS
10
-0.0211007874015748
20
0.658263779527559
11
-0.0211155511811024
21
0.6581638976377953
0
LINE
8
BLACK
6
CONTINUOUS
10
-0.0211155511811024
20
0.6581638976377953
11
-0.0229903149606299
21
0.650664842519685
0
LINE
8
BLACK
6
CONTINUOUS
10
-0.0229903149606299
20
0.650664842519685
11
-0.0230055118110236
21
0.6506223622047244
0
LINE
8
BLACK
6
CONTINUOUS
10
-0.0230055118110236
20
0.6506223622047244
11
-0.0230070078740157
21
0.6506010629921259
0
LINE
8
BLACK
6
CONTINUOUS
10
-0.0230070078740157
20
0.6506010629921259
11
-0.0230987795275591
21
0.6503613385826772
0
LINE
8
BLACK
6
CONTINUOUS
10
-0.0230987795275591
20
0.6503613385826772
11
-0.0231850787401575
21
0.6501197244094488
0
LINE
8
BLACK
6
CONTINUOUS
10
-0.0231850787401575
20
0.6501197244094488
11
-0.0231977952755906
21
0.6501025984251968
0
LINE
8
BLACK
6
CONTINUOUS
10
-0.0231977952755906
20
0.6501025984251968
11
-0.0232138976377953
21
0.6500604724409449
0
LINE
8
BLACK
6
CONTINUOUS
10
-0.0232138976377953
20
0.6500604724409449
11
-0.0250886614173228
21
0.6463109448818898
0
LINE
8
BLACK
6
CONTINUOUS
10
-0.0250886614173228
20
0.6463109448818898
11
-0.0252447244094488
21
0.6460630708661417
0
LINE
8
BLACK
6
CONTINUOUS
10
-0.0252447244094488
20
0.6460630708661417
11
-0.0252745275590551
21
0.6459910236220472
0
LINE
8
BLACK
6
CONTINUOUS
10
-0.0252745275590551
20
0.6459910236220472
11
-0.025341062992126
21
0.64591
0
LINE
8
BLACK
6
CONTINUOUS
10
-0.025341062992126
20
0.64591
11
-0.0253970078740157
21
0.6458210629921259
0
LINE
8
BLACK
6
CONTINUOUS
10
-0.0253970078740157
20
0.6458210629921259
11
-0.0254560236220472
21
0.6457699212598424
0
LINE
8
BLACK
6
CONTINUOUS
10
-0.0254560236220472
20
0.6457699212598424
11
-0.0256417322834646
21
0.6455435826771654
0
LINE
8
BLACK
6
CONTINUOUS
10
-0.0256417322834646
20
0.6455435826771654
11
-0.0293912992125984
21
0.6417939763779528
0
LINE
8
BLACK
6
CONTINUOUS
10
-0.0293912992125984
20
0.6417939763779528
11
-0.0298387401574803
21
0.6414267716535433
0
LINE
8
BLACK
6
CONTINUOUS
10
-0.0298387401574803
20
0.6414267716535433
11
-0.029936811023622
21
0.6413861811023622
0
LINE
8
BLACK
6
CONTINUOUS
10
-0.029936811023622
20
0.6413861811023622
11
-0.0300169291338583
21
0.641316653543307
0
LINE
8
BLACK
6
CONTINUOUS
10
-0.0300169291338583
20
0.641316653543307
11
-0.0305454724409449
21
0.6410806692913386
0
LINE
8
BLACK
6
CONTINUOUS
10
-0.0305454724409449
20
0.6410806692913386
11
-0.0361697637795276
21
0.639205905511811
0
LINE
8
BLACK
6
CONTINUOUS
10
-0.0361697637795276
20
0.639205905511811
11
-0.0364553543307087
21
0.6391409842519685
0
LINE
8
BLACK
6
CONTINUOUS
10
-0.0364553543307087
20
0.6391409842519685
11
-0.0365274409448819
21
0.6391111023622047
0
LINE
8
BLACK
6
CONTINUOUS
10
-0.0365274409448819
20
0.6391111023622047
11
-0.036631968503937
21
0.6391008267716535
0
LINE
8
BLACK
6
CONTINUOUS
10
-0.036631968503937
20
0.6391008267716535
11
-0.0367342125984252
21
0.6390775590551181
0
LINE
8
BLACK
6
CONTINUOUS
10
-0.0367342125984252
20
0.6390775590551181
11
-0.036811968503937
21
0.6390831102362204
0
LINE
8
BLACK
6
CONTINUOUS
10
-0.036811968503937
20
0.6390831102362204
11
-0.0371035039370079
21
0.6390543700787401
0
LINE
8
BLACK
6
CONTINUOUS
10
-0.0371035039370079
20
0.6390543700787401
11
-0.040853031496063
21
0.6390543700787401
0
LINE
8
BLACK
6
CONTINUOUS
10
-0.040853031496063
20
0.6390543700787401
11
-0.0411446456692913
21
0.6390831102362204
0
LINE
8
BLACK
6
CONTINUOUS
10
-0.0411446456692913
20
0.6390831102362204
11
-0.0412223622047244
21
0.6390775590551181
0
LINE
8
BLACK
6
CONTINUOUS
10
-0.0412223622047244
20
0.6390775590551181
11
-0.0413246456692913
21
0.6391008267716535
0
LINE
8
BLACK
6
CONTINUOUS
10
-0.0413246456692913
20
0.6391008267716535
11
-0.041429094488189
21
0.6391111023622047
0
LINE
8
BLACK
6
CONTINUOUS
10
-0.041429094488189
20
0.6391111023622047
11
-0.0415011811023622
21
0.6391409842519685
0
LINE
8
BLACK
6
CONTINUOUS
10
-0.0415011811023622
20
0.6391409842519685
11
-0.041786811023622
21
0.639205905511811
0
LINE
8
BLACK
6
CONTINUOUS
10
-0.041786811023622
20
0.639205905511811
11
-0.047411062992126
21
0.6410806692913386
0
LINE
8
BLACK
6
CONTINUOUS
10
-0.047411062992126
20
0.6410806692913386
11
-0.0479396456692913
21
0.641316653543307
0
LINE
8
BLACK
6
CONTINUOUS
10
-0.0479396456692913
20
0.641316653543307
11
-0.048019842519685
21
0.641386220472441
0
LINE
8
BLACK
6
CONTINUOUS
10
-0.048019842519685
20
0.641386220472441
11
-0.0481177952755905
21
0.6414267716535433
0
LINE
8
BLACK
6
CONTINUOUS
10
-0.0481177952755905
20
0.6414267716535433
11
-0.0485652755905512
21
0.6417940157480315
0
LINE
8
BLACK
6
CONTINUOUS
10
-0.0485652755905512
20
0.6417940157480315
11
-0.0504400393700787
21
0.6436688188976378
0
LINE
8
BLACK
6
CONTINUOUS
10
-0.0504400393700787
20
0.6436688188976378
11
-0.0508072440944882
21
0.6441162598425196
0
LINE
8
BLACK
6
CONTINUOUS
10
-0.0508072440944882
20
0.6441162598425196
11
-0.0512481102362205
21
0.6451806692913385
0
LINE
8
BLACK
6
CONTINUOUS
10
-0.0512481102362205
20
0.6451806692913385
11
-0.0512481102362205
21
0.6463327559055118
0
LINE
8
BLACK
6
CONTINUOUS
10
-0.0512481102362205
20
0.6463327559055118
11
-0.0508072047244095
21
0.6473971653543307
0
LINE
8
BLACK
6
CONTINUOUS
10
-0.0508072047244095
20
0.6473971653543307
11
-0.0499925196850394
21
0.6482118503937008
0
LINE
8
BLACK
6
CONTINUOUS
10
-0.0499925196850394
20
0.6482118503937008
11
-0.0489281102362205
21
0.6486527165354331
0
LINE
8
BLACK
6
CONTINUOUS
10
-0.0489281102362205
20
0.6486527165354331
11
-0.0477760236220472
21
0.6486527165354331
0
LINE
8
BLACK
6
CONTINUOUS
10
-0.0477760236220472
20
0.6486527165354331
11
-0.0467116141732283
21
0.648211811023622
0
LINE
8
BLACK
6
CONTINUOUS
10
-0.0467116141732283
20
0.648211811023622
11
-0.0462641338582677
21
0.6478445669291338
0
LINE
8
BLACK
6
CONTINUOUS
10
-0.0462641338582677
20
0.6478445669291338
11
-0.0448822834645669
21
0.6464626771653543
0
LINE
8
BLACK
6
CONTINUOUS
10
-0.0448822834645669
20
0.6464626771653543
11
-0.0403738976377953
21
0.6449598818897637
0
LINE
8
BLACK
6
CONTINUOUS
10
-0.0403738976377953
20
0.6449598818897637
11
-0.0375826377952756
21
0.6449598818897637
0
LINE
8
BLACK
6
CONTINUOUS
10
-0.0375826377952756
20
0.6449598818897637
11
-0.0330742519685039
21
0.6464627165354331
0
LINE
8
BLACK
6
CONTINUOUS
10
-0.0330742519685039
20
0.6464627165354331
11
-0.0301564566929134
21
0.6493805511811024
0
LINE
8
BLACK
6
CONTINUOUS
10
-0.0301564566929134
20
0.6493805511811024
11
-0.0286409448818898
21
0.6524115354330708
0
LINE
8
BLACK
6
CONTINUOUS
10
-0.0286409448818898
20
0.6524115354330708
11
-0.0269329133858268
21
0.6592435826771653
0
LINE
8
BLACK
6
CONTINUOUS
10
-0.0269329133858268
20
0.6592435826771653
11
-0.0269329133858268
21
0.6641407874015748
0
LINE
8
BLACK
6
CONTINUOUS
10
-0.0269329133858268
20
0.6641407874015748
11
-0.0286409448818898
21
0.6709728346456693
0
LINE
8
BLACK
6
CONTINUOUS
10
-0.0286409448818898
20
0.6709728346456693
11
-0.0301564173228346
21
0.6740038188976378
0
LINE
8
BLACK
6
CONTINUOUS
10
-0.0301564173228346
20
0.6740038188976378
11
-0.0330742519685039
21
0.676921653543307
0
LINE
8
BLACK
6
CONTINUOUS
10
-0.0330742519685039
20
0.676921653543307
11
-0.0375826377952756
21
0.6784244488188976
0
LINE
8
BLACK
6
CONTINUOUS
10
-0.0375826377952756
20
0.6784244488188976
11
-0.0403738976377953
21
0.6784244488188976
0
LINE
8
BLACK
6
CONTINUOUS
10
-0.0403738976377953
20
0.6784244488188976
11
-0.0448822834645669
21
0.676921653543307
0
LINE
8
BLACK
6
CONTINUOUS
10
-0.0448822834645669
20
0.676921653543307
11
-0.0462641732283465
21
0.6755397637795275
0
LINE
8
BLACK
6
CONTINUOUS
10
-0.0462641732283465
20
0.6755397637795275
11
-0.0467116141732283
21
0.6751725590551181
0
LINE
8
BLACK
6
CONTINUOUS
10
-0.0467116141732283
20
0.6751725590551181
11
-0.047776062992126
21
0.6747316535433071
0
LINE
8
BLACK
6
CONTINUOUS
10
-0.047776062992126
20
0.6747316535433071
11
-0.0489281102362205
21
0.6747316535433071
0
LINE
8
BLACK
6
CONTINUOUS
10
-0.0489281102362205
20
0.6747316535433071
11
-0.0499925590551181
21
0.6751725590551181
0
LINE
8
BLACK
6
CONTINUOUS
10
-0.0499925590551181
20
0.6751725590551181
11
-0.0508072047244095
21
0.6759872047244094
0
LINE
8
BLACK
6
CONTINUOUS
10
-0.0508072047244095
20
0.6759872047244094
11
-0.0512481102362205
21
0.6770516535433071
0
LINE
8
BLACK
6
CONTINUOUS
10
-0.0512481102362205
20
0.6770516535433071
11
-0.0512481102362205
21
0.6782037007874016
0
LINE
8
BLACK
6
CONTINUOUS
10
-0.0512481102362205
20
0.6782037007874016
11
-0.0508072047244095
21
0.6792681496062992
0
LINE
8
BLACK
6
CONTINUOUS
10
-0.0508072047244095
20
0.6792681496062992
11
-0.05044
21
0.6797155905511811
0
LINE
8
BLACK
6
CONTINUOUS
10
-0.05044
20
0.6797155905511811
11
-0.0485652362204724
21
0.6815903543307087
0
LINE
8
BLACK
6
CONTINUOUS
10
-0.0485652362204724
20
0.6815903543307087
11
-0.0481177952755905
21
0.6819575590551181
0
LINE
8
BLACK
6
CONTINUOUS
10
-0.0481177952755905
20
0.6819575590551181
11
-0.048019842519685
21
0.6819981496062992
0
LINE
8
BLACK
6
CONTINUOUS
10
-0.048019842519685
20
0.6819981496062992
11
-0.0479396456692913
21
0.6820676771653543
0
LINE
8
BLACK
6
CONTINUOUS
10
-0.0479396456692913
20
0.6820676771653543
11
-0.047411062992126
21
0.6823036614173228
0
LINE
8
BLACK
6
CONTINUOUS
10
-0.047411062992126
20
0.6823036614173228
11
-0.041786811023622
21
0.6841784251968503
0
LINE
8
BLACK
6
CONTINUOUS
10
-0.041786811023622
20
0.6841784251968503
11
-0.0415011811023622
21
0.6842433858267717
0
LINE
8
BLACK
6
CONTINUOUS
10
-0.0415011811023622
20
0.6842433858267717
11
-0.041429094488189
21
0.6842732283464567
0
LINE
8
BLACK
6
CONTINUOUS
10
-0.041429094488189
20
0.6842732283464567
11
-0.0413246456692913
21
0.6842835433070866
0
LINE
8
BLACK
6
CONTINUOUS
10
-0.0413246456692913
20
0.6842835433070866
11
-0.0412223622047244
21
0.6843067716535433
0
LINE
8
BLACK
6
CONTINUOUS
10
-0.0412223622047244
20
0.6843067716535433
11
-0.0411446456692913
21
0.6843012598425197
0
LINE
8
BLACK
6
CONTINUOUS
10
-0.0411446456692913
20
0.6843012598425197
11
-0.040853031496063
21
0.6843299606299212
0
LINE
8
BLACK
6
CONTINUOUS
10
-0.040853031496063
20
0.6843299606299212
11
-0.0371035039370079
21
0.6843299606299212
0
LINE
8
BLACK
6
CONTINUOUS
10
-0.0371035039370079
20
0.6843299606299212
11
-0.036811968503937
21
0.6843012598425197
0
LINE
8
BLACK
6
CONTINUOUS
10
-0.4595162992125984
20
0.6838323228346457
11
-0.4587016535433071
21
0.6830176771653543
0
LINE
8
BLACK
6
CONTINUOUS
10
-0.4587016535433071
20
0.6830176771653543
11
-0.4582607480314961
21
0.6819532677165354
0
LINE
8
BLACK
6
CONTINUOUS
10
-0.4582607480314961
20
0.6819532677165354
11
-0.4582040157480315
21
0.6813772047244094
0
LINE
8
BLACK
6
CONTINUOUS
10
-0.4582040157480315
20
0.6813772047244094
11
-0.4582040157480315
21
0.6420071259842519
0
LINE
8
BLACK
6
CONTINUOUS
10
-0.4582040157480315
20
0.6420071259842519
11
-0.4582607480314961
21
0.6414310629921259
0
LINE
8
BLACK
6
CONTINUOUS
10
-0.4582607480314961
20
0.6414310629921259
11
-0.4587016535433071
21
0.640366653543307
0
LINE
8
BLACK
6
CONTINUOUS
10
-0.4587016535433071
20
0.640366653543307
11
-0.4595162992125984
21
0.6395520078740158
0
LINE
8
BLACK
6
CONTINUOUS
10
-0.4595162992125984
20
0.6395520078740158
11
-0.4605807086614173
21
0.6391111023622047
0
LINE
8
BLACK
6
CONTINUOUS
10
-0.4605807086614173
20
0.6391111023622047
11
-0.4617328346456693
21
0.6391111023622047
0
LINE
8
BLACK
6
CONTINUOUS
10
-0.4617328346456693
20
0.6391111023622047
11
-0.4627972440944882
21
0.6395520078740158
0
LINE
8
BLACK
6
CONTINUOUS
10
-0.4627972440944882
20
0.6395520078740158
11
-0.4636118897637795
21
0.640366653543307
0
LINE
8
BLACK
6
CONTINUOUS
10
-0.4636118897637795
20
0.640366653543307
11
-0.4640527952755906
21
0.6414310629921259
0
LINE
8
BLACK
6
CONTINUOUS
10
-0.4640527952755906
20
0.6414310629921259
11
-0.4641095275590551
21
0.6420071259842519
0
LINE
8
BLACK
6
CONTINUOUS
10
-0.4641095275590551
20
0.6420071259842519
11
-0.4641095275590551
21
0.6813772047244094
0
LINE
8
BLACK
6
CONTINUOUS
10
-0.4641095275590551
20
0.6813772047244094
11
-0.4640527952755906
21
0.6819532677165354
0
LINE
8
BLACK
6
CONTINUOUS
10
-0.4640527952755906
20
0.6819532677165354
11
-0.4636118897637795
21
0.6830176771653543
0
LINE
8
BLACK
6
CONTINUOUS
10
-0.4636118897637795
20
0.6830176771653543
11
-0.4627972440944882
21
0.6838323228346457
0
LINE
8
BLACK
6
CONTINUOUS
10
-0.4627972440944882
20
0.6838323228346457
11
-0.4617328346456693
21
0.6842732283464567
0
LINE
8
BLACK
6
CONTINUOUS
10
-0.4617328346456693
20
0.6842732283464567
11
-0.4605807086614173
21
0.6842732283464567
0
LINE
8
BLACK
6
CONTINUOUS
10
-0.4605807086614173
20
0.6842732283464567
11
-0.4595162992125984
21
0.6838323228346457
0
LINE
8
BLACK
6
CONTINUOUS
10
-0.4268349212598425
20
0.6842732283464567
11
-0.4257705118110236
21
0.6838323228346457
0
LINE
8
BLACK
6
CONTINUOUS
10
-0.4257705118110236
20
0.6838323228346457
11
-0.4249558661417323
21
0.6830176771653543
0
LINE
8
BLACK
6
CONTINUOUS
10
-0.4249558661417323
20
0.6830176771653543
11
-0.4245149606299212
21
0.6819532677165354
0
LINE
8
BLACK
6
CONTINUOUS
10
-0.4245149606299212
20
0.6819532677165354
11
-0.4244582283464567
21
0.6813772047244094
0
LINE
8
BLACK
6
CONTINUOUS
10
-0.4244582283464567
20
0.6813772047244094
11
-0.4244582283464567
21
0.6420071259842519
0
LINE
8
BLACK
6
CONTINUOUS
10
-0.4244582283464567
20
0.6420071259842519
11
-0.4245149606299212
21
0.6414310629921259
0
LINE
8
BLACK
6
CONTINUOUS
10
-0.4245149606299212
20
0.6414310629921259
11
-0.4249558661417323
21
0.640366653543307
0
LINE
8
BLACK
6
CONTINUOUS
10
-0.4249558661417323
20
0.640366653543307
11
-0.4257705118110236
21
0.6395520078740158
0
LINE
8
BLACK
6
CONTINUOUS
10
-0.4257705118110236
20
0.6395520078740158
11
-0.4268349212598425
21
0.6391111023622047
0
LINE
8
BLACK
6
CONTINUOUS
10
-0.4268349212598425
20
0.6391111023622047
11
-0.4279870472440945
21
0.6391111023622047
0
LINE
8
BLACK
6
CONTINUOUS
10
-0.4279870472440945
20
0.6391111023622047
11
-0.4290514566929134
21
0.6395520078740158
0
LINE
8
BLACK
6
CONTINUOUS
10
-0.4290514566929134
20
0.6395520078740158
11
-0.4298661023622047
21
0.640366653543307
0
LINE
8
BLACK
6
CONTINUOUS
10
-0.4298661023622047
20
0.640366653543307
11
-0.4303070078740157
21
0.6414310629921259
0
LINE
8
BLACK
6
CONTINUOUS
10
-0.4303070078740157
20
0.6414310629921259
11
-0.4303637401574803
21
0.6420071259842519
0
LINE
8
BLACK
6
CONTINUOUS
10
-0.4303637401574803
20
0.6420071259842519
11
-0.4303637401574803
21
0.6596768110236221
0
LINE
8
BLACK
6
CONTINUOUS
10
-0.4303637401574803
20
0.6596768110236221
11
-0.4405343307086614
21
0.6596768110236221
0
LINE
8
BLACK
6
CONTINUOUS
10
-0.4405343307086614
20
0.6596768110236221
11
-0.4411103937007874
21
0.6597335433070866
0
LINE
8
BLACK
6
CONTINUOUS
10
-0.4411103937007874
20
0.6597335433070866
11
-0.4421748031496063
21
0.6601744488188976
0
LINE
8
BLACK
6
CONTINUOUS
10
-0.4421748031496063
20
0.6601744488188976
11
-0.4429894488188976
21
0.660989094488189
0
LINE
8
BLACK
6
CONTINUOUS
10
-0.4429894488188976
20
0.660989094488189
11
-0.4434303543307087
21
0.6620535039370079
0
LINE
8
BLACK
6
CONTINUOUS
10
-0.4434303543307087
20
0.6620535039370079
11
-0.4434303543307087
21
0.6632056299212599
0
LINE
8
BLACK
6
CONTINUOUS
10
-0.4434303543307087
20
0.6632056299212599
11
-0.4429894488188976
21
0.6642700393700788
0
LINE
8
BLACK
6
CONTINUOUS
10
-0.4429894488188976
20
0.6642700393700788
11
-0.4421748031496063
21
0.66508468503937
0
LINE
8
BLACK
6
CONTINUOUS
10
-0.4421748031496063
20
0.66508468503937
11
-0.4411103937007874
21
0.6655255905511811
0
LINE
8
BLACK
6
CONTINUOUS
10
-0.4411103937007874
20
0.6655255905511811
11
-0.4405343307086614
21
0.6655823228346457
0
LINE
8
BLACK
6
CONTINUOUS
10
-0.4405343307086614
20
0.6655823228346457
11
-0.4303637401574803
21
0.6655823228346457
0
LINE
8
BLACK
6
CONTINUOUS
10
-0.4303637401574803
20
0.6655823228346457
11
-0.4303637401574803
21
0.6784244488188976
0
LINE
8
BLACK
6
CONTINUOUS
10
-0.4303637401574803
20
0.6784244488188976
11
-0.4461586220472441
21
0.6784244488188976
0
LINE
8
BLACK
6
CONTINUOUS
10
-0.4461586220472441
20
0.6784244488188976
11
-0.4467346850393701
21
0.6784811811023622
0
LINE
8
BLACK
6
CONTINUOUS
10
-0.4467346850393701
20
0.6784811811023622
11
-0.4477990944881889
21
0.6789220866141732
0
LINE
8
BLACK
6
CONTINUOUS
10
-0.4477990944881889
20
0.6789220866141732
11
-0.4486137401574803
21
0.6797367322834645
0
LINE
8
BLACK
6
CONTINUOUS
10
-0.4486137401574803
20
0.6797367322834645
11
-0.4490546456692913
21
0.6808011417322835
0
LINE
8
BLACK
6
CONTINUOUS
10
-0.4490546456692913
20
0.6808011417322835
11
-0.4490546456692913
21
0.6819532677165354
0
LINE
8
BLACK
6
CONTINUOUS
10
-0.4490546456692913
20
0.6819532677165354
11
-0.4486137401574803
21
0.6830176771653543
0
LINE
8
BLACK
6
CONTINUOUS
10
-0.4486137401574803
20
0.6830176771653543
11
-0.4477990944881889
21
0.6838323228346457
0
LINE
8
BLACK
6
CONTINUOUS
10
-0.4477990944881889
20
0.6838323228346457
11
-0.4467346850393701
21
0.6842732283464567
0
LINE
8
BLACK
6
CONTINUOUS
10
-0.4467346850393701
20
0.6842732283464567
11
-0.4461586220472441
21
0.6843299606299212
0
LINE
8
BLACK
6
CONTINUOUS
10
-0.4461586220472441
20
0.6843299606299212
11
-0.4274109842519685
21
0.6843299606299212
0
LINE
8
BLACK
6
CONTINUOUS
10
-0.4274109842519685
20
0.6843299606299212
11
-0.4268349212598425
21
0.6842732283464567
0
LINE
8
BLACK
6
CONTINUOUS
10
-0.2162613779527559
20
0.7784343700787402
11
-0.2149829527559055
21
0.7771559448818898
0
LINE
8
BLACK
6
CONTINUOUS
10
-0.2149829527559055
20
0.7771559448818898
11
-0.2149829527559055
21
0.7753479921259843
0
LINE
8
BLACK
6
CONTINUOUS
10
-0.2149829527559055
20
0.7753479921259843
11
-0.2162613779527559
21
0.7740695669291339
0
LINE
8
BLACK
6
CONTINUOUS
10
-0.2162613779527559
20
0.7740695669291339
11
-0.2171653543307087
21
0.7738897637795276
0
LINE
8
BLACK
6
CONTINUOUS
10
-0.2171653543307087
20
0.7738897637795276
11
-0.3884251968503937
21
0.7738897637795276
0
LINE
8
BLACK
6
CONTINUOUS
10
-0.3884251968503937
20
0.7738897637795276
11
-0.3884251968503937
21
0.6912125984251969
0
LINE
8
BLACK
6
CONTINUOUS
10
-0.3884251968503937
20
0.6912125984251969
11
-0.2171653543307087
21
0.6912125984251969
0
LINE
8
BLACK
6
CONTINUOUS
10
-0.2171653543307087
20
0.6912125984251969
11
-0.2162613779527559
21
0.6910327952755906
0
LINE
8
BLACK
6
CONTINUOUS
10
-0.2162613779527559
20
0.6910327952755906
11
-0.2149829527559055
21
0.6897543700787402
0
LINE
8
BLACK
6
CONTINUOUS
10
-0.2149829527559055
20
0.6897543700787402
11
-0.2149829527559055
21
0.6879464173228347
0
LINE
8
BLACK
6
CONTINUOUS
10
-0.2149829527559055
20
0.6879464173228347
11
-0.2162613779527559
21
0.6866679921259843
0
LINE
8
BLACK
6
CONTINUOUS
10
-0.2162613779527559
20
0.6866679921259843
11
-0.2171653543307087
21
0.686488188976378
0
LINE
8
BLACK
6
CONTINUOUS
10
-0.2171653543307087
20
0.686488188976378
11
-0.3907874015748031
21
0.686488188976378
0
LINE
8
BLACK
6
CONTINUOUS
10
-0.3907874015748031
20
0.686488188976378
11
-0.3916913779527559
21
0.6866679921259843
0
LINE
8
BLACK
6
CONTINUOUS
10
-0.3916913779527559
20
0.6866679921259843
11
-0.3929698031496063
21
0.6879464173228347
0
LINE
8
BLACK
6
CONTINUOUS
10
-0.3929698031496063
20
0.6879464173228347
11
-0.3931496062992126
21
0.6888503937007874
0
LINE
8
BLACK
6
CONTINUOUS
10
-0.3931496062992126
20
0.6888503937007874
11
-0.3931496062992126
21
0.776251968503937
0
LINE
8
BLACK
6
CONTINUOUS
10
-0.3931496062992126
20
0.776251968503937
11
-0.3929698031496063
21
0.7771559448818898
0
LINE
8
BLACK
6
CONTINUOUS
10
-0.3929698031496063
20
0.7771559448818898
11
-0.3916913779527559
21
0.7784343700787402
0
LINE
8
BLACK
6
CONTINUOUS
10
-0.3916913779527559
20
0.7784343700787402
11
-0.3907874015748031
21
0.7786141732283465
0
LINE
8
BLACK
6
CONTINUOUS
10
-0.3907874015748031
20
0.7786141732283465
11
-0.2171653543307087
21
0.7786141732283465
0
LINE
8
BLACK
6
CONTINUOUS
10
-0.2171653543307087
20
0.7786141732283465
11
-0.2162613779527559
21
0.7784343700787402
0
LINE
8
BLACK
6
CONTINUOUS
10
-0.0624719291338583
20
0.6993005118110236
11
-0.0611935039370079
21
0.6980220866141732
0
LINE
8
BLACK
6
CONTINUOUS
10
-0.0611935039370079
20
0.6980220866141732
11
-0.0611935039370079
21
0.6962141338582677
0
LINE
8
BLACK
6
CONTINUOUS
10
-0.0611935039370079
20
0.6962141338582677
11
-0.0624719291338583
21
0.6949357086614173
0
LINE
8
BLACK
6
CONTINUOUS
10
-0.0624719291338583
20
0.6949357086614173
11
-0.063375905511811
21
0.694755905511811
0
LINE
8
BLACK
6
CONTINUOUS
10
-0.063375905511811
20
0.694755905511811
11
-0.0839469291338583
21
0.694755905511811
0
LINE
8
BLACK
6
CONTINUOUS
10
-0.0839469291338583
20
0.694755905511811
11
-0.084850905511811
21
0.6949357086614173
0
LINE
8
BLACK
6
CONTINUOUS
10
-0.084850905511811
20
0.6949357086614173
11
-0.0861293307086614
21
0.6962141338582677
0
LINE
8
BLACK
6
CONTINUOUS
10
-0.0861293307086614
20
0.6962141338582677
11
-0.0861293307086614
21
0.6980220866141732
0
LINE
8
BLACK
6
CONTINUOUS
10
-0.0861293307086614
20
0.6980220866141732
11
-0.084850905511811
21
0.6993005118110236
0
LINE
8
BLACK
6
CONTINUOUS
10
-0.084850905511811
20
0.6993005118110236
11
-0.0839469291338583
21
0.6994803149606299
0
LINE
8
BLACK
6
CONTINUOUS
10
-0.0839469291338583
20
0.6994803149606299
11
-0.063375905511811
21
0.6994803149606299
0
LINE
8
BLACK
6
CONTINUOUS
10
-0.063375905511811
20
0.6994803149606299
11
-0.0624719291338583
21
0.6993005118110236
0
LINE
8
BLACK
6
CONTINUOUS
10
0.5579461811023622
20
0.7655181496062992
11
0.5581259842519685
21
0.7646141732283465
0
LINE
8
BLACK
6
CONTINUOUS
10
0.5581259842519685
20
0.7646141732283465
11
0.5581259842519685
21
0.6984724409448819
0
LINE
8
BLACK
6
CONTINUOUS
10
0.5581259842519685
20
0.6984724409448819
11
0.5579461811023622
21
0.6975684645669291
0
LINE
8
BLACK
6
CONTINUOUS
10
0.5579461811023622
20
0.6975684645669291
11
0.5566677559055118
21
0.6962900393700787
0
LINE
8
BLACK
6
CONTINUOUS
10
0.5566677559055118
20
0.6962900393700787
11
0.5548598031496063
21
0.6962900393700787
0
LINE
8
BLACK
6
CONTINUOUS
10
0.5548598031496063
20
0.6962900393700787
11
0.5535813779527559
21
0.6975684645669291
0
LINE
8
BLACK
6
CONTINUOUS
10
0.5535813779527559
20
0.6975684645669291
11
0.5534015748031496
21
0.6984724409448819
0
LINE
8
BLACK
6
CONTINUOUS
10
0.5534015748031496
20
0.6984724409448819
11
0.5534015748031496
21
0.7646141732283465
0
LINE
8
BLACK
6
CONTINUOUS
10
0.5534015748031496
20
0.7646141732283465
11
0.5535813779527559
21
0.7655181496062992
0
LINE
8
BLACK
6
CONTINUOUS
10
0.5535813779527559
20
0.7655181496062992
11
0.5548598031496063
21
0.7667965748031496
0
LINE
8
BLACK
6
CONTINUOUS
10
0.5548598031496063
20
0.7667965748031496
11
0.5566677559055118
21
0.7667965748031496
0
LINE
8
BLACK
6
CONTINUOUS
10
0.5566677559055118
20
0.7667965748031496
11
0.5579461811023622
21
0.7655181496062992
0
LINE
8
BLACK
6
CONTINUOUS
10
1.8264501181102362
20
0.7655181496062992
11
1.8266299212598425
21
0.7646141732283465
0
LINE
8
BLACK
6
CONTINUOUS
10
1.8266299212598425
20
0.7646141732283465
11
1.8266299212598425
21
0.6984724409448819
0
LINE
8
BLACK
6
CONTINUOUS
10
1.8266299212598425
20
0.6984724409448819
11
1.8264501181102362
21
0.6975684645669291
0
LINE
8
BLACK
6
CONTINUOUS
10
1.8264501181102362
20
0.6975684645669291
11
1.8251716929133859
21
0.6962900393700787
0
LINE
8
BLACK
6
CONTINUOUS
10
1.8251716929133859
20
0.6962900393700787
11
1.8233637401574803
21
0.6962900393700787
0
LINE
8
BLACK
6
CONTINUOUS
10
1.8233637401574803
20
0.6962900393700787
11
1.82208531496063
21
0.6975684645669291
0
LINE
8
BLACK
6
CONTINUOUS
10
1.82208531496063
20
0.6975684645669291
11
1.8219055118110237
21
0.6984724409448819
0
LINE
8
BLACK
6
CONTINUOUS
10
1.8219055118110237
20
0.6984724409448819
11
1.8219055118110237
21
0.7646141732283465
0
LINE
8
BLACK
6
CONTINUOUS
10
1.8219055118110237
20
0.7646141732283465
11
1.82208531496063
21
0.7655181496062992
0
LINE
8
BLACK
6
CONTINUOUS
10
1.82208531496063
20
0.7655181496062992
11
1.8233637401574803
21
0.7667965748031496
0
LINE
8
BLACK
6
CONTINUOUS
10
1.8233637401574803
20
0.7667965748031496
11
1.8251716929133859
21
0.7667965748031496
0
LINE
8
BLACK
6
CONTINUOUS
10
1.8251716929133859
20
0.7667965748031496
11
1.8264501181102362
21
0.7655181496062992
0
LINE
8
BLACK
6
CONTINUOUS
10
-0.0624719291338583
20
0.7571745275590551
11
-0.0611935039370079
21
0.7558961023622047
0
LINE
8
BLACK
6
CONTINUOUS
10
-0.0611935039370079
20
0.7558961023622047
11
-0.0611935039370079
21
0.7540881496062992
0
LINE
8
BLACK
6
CONTINUOUS
10
-0.0611935039370079
20
0.7540881496062992
11
-0.0624719291338583
21
0.7528097244094488
0
LINE
8
BLACK
6
CONTINUOUS
10
-0.0624719291338583
20
0.7528097244094488
11
-0.063375905511811
21
0.7526299212598425
0
LINE
8
BLACK
6
CONTINUOUS
10
-0.063375905511811
20
0.7526299212598425
11
-0.0839469291338583
21
0.7526299212598425
0
LINE
8
BLACK
6
CONTINUOUS
10
-0.0839469291338583
20
0.7526299212598425
11
-0.084850905511811
21
0.7528097244094488
0
LINE
8
BLACK
6
CONTINUOUS
10
-0.084850905511811
20
0.7528097244094488
11
-0.0861293307086614
21
0.7540881496062992
0
LINE
8
BLACK
6
CONTINUOUS
10
-0.0861293307086614
20
0.7540881496062992
11
-0.0861293307086614
21
0.7558961023622047
0
LINE
8
BLACK
6
CONTINUOUS
10
-0.0861293307086614
20
0.7558961023622047
11
-0.084850905511811
21
0.7571745275590551
0
LINE
8
BLACK
6
CONTINUOUS
10
-0.084850905511811
20
0.7571745275590551
11
-0.0839469291338583
21
0.7573543307086614
0
LINE
8
BLACK
6
CONTINUOUS
10
-0.0839469291338583
20
0.7573543307086614
11
-0.063375905511811
21
0.7573543307086614
0
LINE
8
BLACK
6
CONTINUOUS
10
-0.063375905511811
20
0.7573543307086614
11
-0.0624719291338583
21
0.7571745275590551
0
LINE
8
BLACK
6
CONTINUOUS
10
-0.0743120472440945
20
0.8027771653543306
11
-0.0740227559055118
21
0.8027771653543306
0
LINE
8
BLACK
6
CONTINUOUS
10
-0.0740227559055118
20
0.8027771653543306
11
-0.0737526771653543
21
0.8026653149606299
0
LINE
8
BLACK
6
CONTINUOUS
10
-0.0737526771653543
20
0.8026653149606299
11
-0.0734660236220472
21
0.8026079527559055
0
LINE
8
BLACK
6
CONTINUOUS
10
-0.0734660236220472
20
0.8026079527559055
11
-0.0732256692913386
21
0.8024470078740157
0
LINE
8
BLACK
6
CONTINUOUS
10
-0.0732256692913386
20
0.8024470078740157
11
-0.0729583464566929
21
0.8023362598425197
0
LINE
8
BLACK
6
CONTINUOUS
10
-0.0729583464566929
20
0.8023362598425197
11
-0.0727516535433071
21
0.8021295669291338
0
LINE
8
BLACK
6
CONTINUOUS
10
-0.0727516535433071
20
0.8021295669291338
11
-0.0725087401574803
21
0.8019668897637795
0
LINE
8
BLACK
6
CONTINUOUS
10
-0.0725087401574803
20
0.8019668897637795
11
-0.0721457480314961
21
0.8015236614173228
0
LINE
8
BLACK
6
CONTINUOUS
10
-0.0721457480314961
20
0.8015236614173228
11
-0.0721437007874016
21
0.8015216141732283
0
LINE
8
BLACK
6
CONTINUOUS
10
-0.0721437007874016
20
0.8015216141732283
11
-0.0721433464566929
21
0.8015207480314961
0
LINE
8
BLACK
6
CONTINUOUS
10
-0.0721433464566929
20
0.8015207480314961
11
-0.072141968503937
21
0.8015190551181102
0
LINE
8
BLACK
6
CONTINUOUS
10
-0.072141968503937
20
0.8015190551181102
11
-0.0685546456692913
21
0.796138031496063
0
LINE
8
BLACK
6
CONTINUOUS
10
-0.0685546456692913
20
0.796138031496063
11
-0.0653506692913386
21
0.7929340551181102
0
LINE
8
BLACK
6
CONTINUOUS
10
-0.0653506692913386
20
0.7929340551181102
11
-0.0620297244094488
21
0.7912735826771653
0
LINE
8
BLACK
6
CONTINUOUS
10
-0.0620297244094488
20
0.7912735826771653
11
-0.061539842519685
21
0.7909652362204724
0
LINE
8
BLACK
6
CONTINUOUS
10
-0.061539842519685
20
0.7909652362204724
11
-0.060785
21
0.790094842519685
0
LINE
8
BLACK
6
CONTINUOUS
10
-0.060785
20
0.790094842519685
11
-0.0604206692913386
21
0.7890018897637795
0
LINE
8
BLACK
6
CONTINUOUS
10
-0.0604206692913386
20
0.7890018897637795
11
-0.0605023228346457
21
0.7878526771653543
0
LINE
8
BLACK
6
CONTINUOUS
10
-0.0605023228346457
20
0.7878526771653543
11
-0.0610175984251968
21
0.7868221653543307
0
LINE
8
BLACK
6
CONTINUOUS
10
-0.0610175984251968
20
0.7868221653543307
11
-0.0618879527559055
21
0.7860673228346456
0
LINE
8
BLACK
6
CONTINUOUS
10
-0.0618879527559055
20
0.7860673228346456
11
-0.0629809448818898
21
0.7857029921259843
0
LINE
8
BLACK
6
CONTINUOUS
10
-0.0629809448818898
20
0.7857029921259843
11
-0.064130157480315
21
0.7857846456692913
0
LINE
8
BLACK
6
CONTINUOUS
10
-0.064130157480315
20
0.7857846456692913
11
-0.0646707480314961
21
0.7859915354330709
0
LINE
8
BLACK
6
CONTINUOUS
10
-0.0646707480314961
20
0.7859915354330709
11
-0.0684202755905512
21
0.7878662992125984
0
LINE
8
BLACK
6
CONTINUOUS
10
-0.0684202755905512
20
0.7878662992125984
11
-0.0686681102362205
21
0.7880223228346457
0
LINE
8
BLACK
6
CONTINUOUS
10
-0.0686681102362205
20
0.7880223228346457
11
-0.0687402362204724
21
0.7880521653543306
0
LINE
8
BLACK
6
CONTINUOUS
10
-0.0687402362204724
20
0.7880521653543306
11
-0.0688214173228346
21
0.788118779527559
0
LINE
8
BLACK
6
CONTINUOUS
10
-0.0688214173228346
20
0.788118779527559
11
-0.068910157480315
21
0.7881746456692913
0
LINE
8
BLACK
6
CONTINUOUS
10
-0.068910157480315
20
0.7881746456692913
11
-0.0689612992125984
21
0.7882335826771654
0
LINE
8
BLACK
6
CONTINUOUS
10
-0.0689612992125984
20
0.7882335826771654
11
-0.0691876771653543
21
0.7884194094488188
0
LINE
8
BLACK
6
CONTINUOUS
10
-0.0691876771653543
20
0.7884194094488188
11
-0.071646062992126
21
0.7908777952755905
0
LINE
8
BLACK
6
CONTINUOUS
10
-0.071646062992126
20
0.7908777952755905
11
-0.071646062992126
21
0.7634638188976378
0
LINE
8
BLACK
6
CONTINUOUS
10
-0.071646062992126
20
0.7634638188976378
11
-0.0633502362204724
21
0.7634638188976378
0
LINE
8
BLACK
6
CONTINUOUS
10
-0.0633502362204724
20
0.7634638188976378
11
-0.0627741732283465
21
0.7634070866141732
0
LINE
8
BLACK
6
CONTINUOUS
10
-0.0627741732283465
20
0.7634070866141732
11
-0.0617097637795276
21
0.7629661811023621
0
LINE
8
BLACK
6
CONTINUOUS
10
-0.0617097637795276
20
0.7629661811023621
11
-0.0608951181102362
21
0.7621515354330709
0
LINE
8
BLACK
6
CONTINUOUS
10
-0.0608951181102362
20
0.7621515354330709
11
-0.0604542125984252
21
0.761087125984252
0
LINE
8
BLACK
6
CONTINUOUS
10
-0.0604542125984252
20
0.761087125984252
11
-0.0604542125984252
21
0.759935
0
LINE
8
BLACK
6
CONTINUOUS
10
-0.0604542125984252
20
0.759935
11
-0.0608951181102362
21
0.7588705905511811
0
LINE
8
BLACK
6
CONTINUOUS
10
-0.0608951181102362
20
0.7588705905511811
11
-0.0617097637795276
21
0.7580559448818898
0
LINE
8
BLACK
6
CONTINUOUS
10
-0.0617097637795276
20
0.7580559448818898
11
-0.0627741732283465
21
0.7576150393700787
0
LINE
8
BLACK
6
CONTINUOUS
10
-0.0627741732283465
20
0.7576150393700787
11
-0.0633502362204724
21
0.7575583070866142
0
LINE
8
BLACK
6
CONTINUOUS
10
-0.0633502362204724
20
0.7575583070866142
11
-0.0858474015748032
21
0.7575583070866142
0
LINE
8
BLACK
6
CONTINUOUS
10
-0.0858474015748032
20
0.7575583070866142
11
-0.0864234645669291
21
0.7576150393700787
0
LINE
8
BLACK
6
CONTINUOUS
10
-0.0864234645669291
20
0.7576150393700787
11
-0.087487874015748
21
0.7580559448818898
0
LINE
8
BLACK
6
CONTINUOUS
10
-0.087487874015748
20
0.7580559448818898
11
-0.0883025196850394
21
0.7588705905511811
0
LINE
8
BLACK
6
CONTINUOUS
10
-0.0883025196850394
20
0.7588705905511811
11
-0.0887434251968504
21
0.759935
0
LINE
8
BLACK
6
CONTINUOUS
10
-0.0887434251968504
20
0.759935
11
-0.0887434251968504
21
0.761087125984252
0
LINE
8
BLACK
6
CONTINUOUS
10
-0.0887434251968504
20
0.761087125984252
11
-0.0883025196850394
21
0.7621515354330709
0
LINE
8
BLACK
6
CONTINUOUS
10
-0.0883025196850394
20
0.7621515354330709
11
-0.087487874015748
21
0.7629661811023621
0
LINE
8
BLACK
6
CONTINUOUS
10
-0.087487874015748
20
0.7629661811023621
11
-0.0864234645669291
21
0.7634070866141732
0
LINE
8
BLACK
6
CONTINUOUS
10
-0.0864234645669291
20
0.7634070866141732
11
-0.0858474015748032
21
0.7634638188976378
0
LINE
8
BLACK
6
CONTINUOUS
10
-0.0858474015748032
20
0.7634638188976378
11
-0.0775515748031496
21
0.7634638188976378
0
LINE
8
BLACK
6
CONTINUOUS
10
-0.0775515748031496
20
0.7634638188976378
11
-0.0775515748031496
21
0.7998811417322834
0
LINE
8
BLACK
6
CONTINUOUS
10
-0.0775515748031496
20
0.7998811417322834
11
-0.0775513779527559
21
0.7998832283464566
0
LINE
8
BLACK
6
CONTINUOUS
10
-0.0775513779527559
20
0.7998832283464566
11
-0.0775515748031496
21
0.7998842519685039
0
LINE
8
BLACK
6
CONTINUOUS
10
-0.0775515748031496
20
0.7998842519685039
11
-0.0775509842519685
21
0.7998872834645669
0
LINE
8
BLACK
6
CONTINUOUS
10
-0.0775509842519685
20
0.7998872834645669
11
-0.077494842519685
21
0.8004572047244094
0
LINE
8
BLACK
6
CONTINUOUS
10
-0.077494842519685
20
0.8004572047244094
11
-0.0773829921259842
21
0.8007273228346456
0
LINE
8
BLACK
6
CONTINUOUS
10
-0.0773829921259842
20
0.8007273228346456
11
-0.0773256299212598
21
0.801013937007874
0
LINE
8
BLACK
6
CONTINUOUS
10
-0.0773256299212598
20
0.801013937007874
11
-0.0771646850393701
21
0.8012543307086614
0
LINE
8
BLACK
6
CONTINUOUS
10
-0.0771646850393701
20
0.8012543307086614
11
-0.077053937007874
21
0.8015216141732283
0
LINE
8
BLACK
6
CONTINUOUS
10
-0.077053937007874
20
0.8015216141732283
11
-0.0768472440944882
21
0.8017283464566929
0
LINE
8
BLACK
6
CONTINUOUS
10
-0.0768472440944882
20
0.8017283464566929
11
-0.0766845669291339
21
0.801971220472441
0
LINE
8
BLACK
6
CONTINUOUS
10
-0.0766845669291339
20
0.801971220472441
11
-0.0764438582677165
21
0.8021317322834646
0
LINE
8
BLACK
6
CONTINUOUS
10
-0.0764438582677165
20
0.8021317322834646
11
-0.0762392913385827
21
0.8023362598425197
0
LINE
8
BLACK
6
CONTINUOUS
10
-0.0762392913385827
20
0.8023362598425197
11
-0.0759692125984252
21
0.8024481496062992
0
LINE
8
BLACK
6
CONTINUOUS
10
-0.0759692125984252
20
0.8024481496062992
11
-0.0757259448818898
21
0.80261031496063
0
LINE
8
BLACK
6
CONTINUOUS
10
-0.0757259448818898
20
0.80261031496063
11
-0.0754421653543307
21
0.8026664566929134
0
LINE
8
BLACK
6
CONTINUOUS
10
-0.0754421653543307
20
0.8026664566929134
11
-0.0751748818897638
21
0.8027771653543306
0
LINE
8
BLACK
6
CONTINUOUS
10
-0.0751748818897638
20
0.8027771653543306
11
-0.0748824803149606
21
0.8027771653543306
0
LINE
8
BLACK
6
CONTINUOUS
10
-0.0748824803149606
20
0.8027771653543306
11
-0.0745957086614173
21
0.8028338976377952
0
LINE
8
BLACK
6
CONTINUOUS
10
-0.0745957086614173
20
0.8028338976377952
11
-0.0743120472440945
21
0.8027771653543306
0
LINE
8
BLACK
6
CONTINUOUS
10
-0.036811968503937
20
0.8028051968503936
11
-0.0367342125984252
21
0.8028107086614173
0
LINE
8
BLACK
6
CONTINUOUS
10
-0.0367342125984252
20
0.8028107086614173
11
-0.036631968503937
21
0.8027874803149606
0
LINE
8
BLACK
6
CONTINUOUS
10
-0.036631968503937
20
0.8027874803149606
11
-0.0365274409448819
21
0.8027771653543306
0
LINE
8
BLACK
6
CONTINUOUS
10
-0.0365274409448819
20
0.8027771653543306
11
-0.0364553543307087
21
0.8027473228346457
0
LINE
8
BLACK
6
CONTINUOUS
10
-0.0364553543307087
20
0.8027473228346457
11
-0.0361697637795276
21
0.8026823622047244
0
LINE
8
BLACK
6
CONTINUOUS
10
-0.0361697637795276
20
0.8026823622047244
11
-0.0305454724409449
21
0.8008075984251969
0
LINE
8
BLACK
6
CONTINUOUS
10
-0.0305454724409449
20
0.8008075984251969
11
-0.0300169291338583
21
0.8005716141732283
0
LINE
8
BLACK
6
CONTINUOUS
10
-0.0300169291338583
20
0.8005716141732283
11
-0.029936811023622
21
0.800502125984252
0
LINE
8
BLACK
6
CONTINUOUS
10
-0.029936811023622
20
0.800502125984252
11
-0.0298387401574803
21
0.8004614960629921
0
LINE
8
BLACK
6
CONTINUOUS
10
-0.0298387401574803
20
0.8004614960629921
11
-0.0293912992125984
21
0.8000942913385827
0
LINE
8
BLACK
6
CONTINUOUS
10
-0.0293912992125984
20
0.8000942913385827
11
-0.0256417716535433
21
0.7963447637795276
0
LINE
8
BLACK
6
CONTINUOUS
10
-0.0256417716535433
20
0.7963447637795276
11
-0.0254559448818898
21
0.7961183858267716
0
LINE
8
BLACK
6
CONTINUOUS
10
-0.0254559448818898
20
0.7961183858267716
11
-0.0253970078740157
21
0.7960672440944881
0
LINE
8
BLACK
6
CONTINUOUS
10
-0.0253970078740157
20
0.7960672440944881
11
-0.0253411417322835
21
0.7959785039370079
0
LINE
8
BLACK
6
CONTINUOUS
10
-0.0253411417322835
20
0.7959785039370079
11
-0.0252745275590551
21
0.7958973228346456
0
LINE
8
BLACK
6
CONTINUOUS
10
-0.0252745275590551
20
0.7958973228346456
11
-0.0252446850393701
21
0.7958251968503937
0
LINE
8
BLACK
6
CONTINUOUS
10
-0.0252446850393701
20
0.7958251968503937
11
-0.0250886614173228
21
0.7955773622047244
0
LINE
8
BLACK
6
CONTINUOUS
10
-0.0250886614173228
20
0.7955773622047244
11
-0.0232138976377953
21
0.7918278346456693
0
LINE
8
BLACK
6
CONTINUOUS
10
-0.0232138976377953
20
0.7918278346456693
11
-0.0231977952755906
21
0.791785748031496
0
LINE
8
BLACK
6
CONTINUOUS
10
-0.0231977952755906
20
0.791785748031496
11
-0.0231850787401575
21
0.7917685826771653
0
LINE
8
BLACK
6
CONTINUOUS
10
-0.0231850787401575
20
0.7917685826771653
11
-0.0230990157480315
21
0.7915276771653543
0
LINE
8
BLACK
6
CONTINUOUS
10
-0.0230990157480315
20
0.7915276771653543
11
-0.0230070078740157
21
0.7912872440944881
0
LINE
8
BLACK
6
CONTINUOUS
10
-0.0230070078740157
20
0.7912872440944881
11
-0.0230055118110236
21
0.7912659842519685
0
LINE
8
BLACK
6
CONTINUOUS
10
-0.0230055118110236
20
0.7912659842519685
11
-0.0229903149606299
21
0.7912234645669292
0
LINE
8
BLACK
6
CONTINUOUS
10
-0.0229903149606299
20
0.7912234645669292
11
-0.0211155511811024
21
0.7837244094488188
0
LINE
8
BLACK
6
CONTINUOUS
10
-0.0211155511811024
20
0.7837244094488188
11
-0.0211007874015748
21
0.7836245669291338
0
LINE
8
BLACK
6
CONTINUOUS
10
-0.0211007874015748
20
0.7836245669291338
11
-0.0210841338582677
21
0.7835843307086614
0
LINE
8
BLACK
6
CONTINUOUS
10
-0.0210841338582677
20
0.7835843307086614
11
-0.0210627952755905
21
0.7833673228346456
0
LINE
8
BLACK
6
CONTINUOUS
10
-0.0210627952755905
20
0.7833673228346456
11
-0.021030905511811
21
0.7831518110236221
0
LINE
8
BLACK
6
CONTINUOUS
10
-0.021030905511811
20
0.7831518110236221
11
-0.0210373228346457
21
0.7831088188976377
0
LINE
8
BLACK
6
CONTINUOUS
10
-0.0210373228346457
20
0.7831088188976377
11
-0.0210274015748032
21
0.7830082677165354
0
LINE
8
BLACK
6
CONTINUOUS
10
-0.0210274015748032
20
0.7830082677165354
11
-0.0210274015748032
21
0.7773839763779528
0
LINE
8
BLACK
6
CONTINUOUS
10
-0.0210274015748032
20
0.7773839763779528
11
-0.0210373228346457
21
0.7772834645669291
0
LINE
8
BLACK
6
CONTINUOUS
10
-0.0210373228346457
20
0.7772834645669291
11
-0.021030905511811
21
0.7772404330708661
0
LINE
8
BLACK
6
CONTINUOUS
10
-0.021030905511811
20
0.7772404330708661
11
-0.0210627952755905
21
0.7770249606299212
0
LINE
8
BLACK
6
CONTINUOUS
10
-0.0210627952755905
20
0.7770249606299212
11
-0.0210841338582677
21
0.7768079133858268
0
LINE
8
BLACK
6
CONTINUOUS
10
-0.0210841338582677
20
0.7768079133858268
11
-0.0211007874015748
21
0.7767677165354331
0
LINE
8
BLACK
6
CONTINUOUS
10
-0.0211007874015748
20
0.7767677165354331
11
-0.0211155511811024
21
0.7766678346456692
0
LINE
8
BLACK
6
CONTINUOUS
10
-0.0211155511811024
20
0.7766678346456692
11
-0.0229903149606299
21
0.769168779527559
0
LINE
8
BLACK
6
CONTINUOUS
10
-0.0229903149606299
20
0.769168779527559
11
-0.0230055118110236
21
0.7691262992125985
0
LINE
8
BLACK
6
CONTINUOUS
10
-0.0230055118110236
20
0.7691262992125985
11
-0.0230070078740157
21
0.7691049999999999
0
LINE
8
BLACK
6
CONTINUOUS
10
-0.0230070078740157
20
0.7691049999999999
11
-0.0230987795275591
21
0.7688652755905512
0
LINE
8
BLACK
6
CONTINUOUS
10
-0.0230987795275591
20
0.7688652755905512
11
-0.0231850787401575
21
0.7686236614173229
0
LINE
8
BLACK
6
CONTINUOUS
10
-0.0231850787401575
20
0.7686236614173229
11
-0.0231977952755906
21
0.7686065354330709
0
LINE
8
BLACK
6
CONTINUOUS
10
-0.0231977952755906
20
0.7686065354330709
11
-0.0232138976377953
21
0.7685644094488189
0
LINE
8
BLACK
6
CONTINUOUS
10
-0.0232138976377953
20
0.7685644094488189
11
-0.0250886614173228
21
0.7648148818897638
0
LINE
8
BLACK
6
CONTINUOUS
10
-0.0250886614173228
20
0.7648148818897638
11
-0.0252447244094488
21
0.7645670078740158
0
LINE
8
BLACK
6
CONTINUOUS
10
-0.0252447244094488
20
0.7645670078740158
11
-0.0252745275590551
21
0.7644949606299213
0
LINE
8
BLACK
6
CONTINUOUS
10
-0.0252745275590551
20
0.7644949606299213
11
-0.025341062992126
21
0.764413937007874
0
LINE
8
BLACK
6
CONTINUOUS
10
-0.025341062992126
20
0.764413937007874
11
-0.0253970078740157
21
0.764325
0
LINE
8
BLACK
6
CONTINUOUS
10
-0.0253970078740157
20
0.764325
11
-0.0254560236220472
21
0.7642738582677165
0
LINE
8
BLACK
6
CONTINUOUS
10
-0.0254560236220472
20
0.7642738582677165
11
-0.0256417322834646
21
0.7640475196850394
0
LINE
8
BLACK
6
CONTINUOUS
10
-0.0256417322834646
20
0.7640475196850394
11
-0.0293912992125984
21
0.7602979133858268
0
LINE
8
BLACK
6
CONTINUOUS
10
-0.0293912992125984
20
0.7602979133858268
11
-0.0298387401574803
21
0.7599307086614173
0
LINE
8
BLACK
6
CONTINUOUS
10
-0.0298387401574803
20
0.7599307086614173
11
-0.029936811023622
21
0.7598901181102362
0
LINE
8
BLACK
6
CONTINUOUS
10
-0.029936811023622
20
0.7598901181102362
11
-0.0300169291338583
21
0.7598205905511811
0
LINE
8
BLACK
6
CONTINUOUS
10
-0.0300169291338583
20
0.7598205905511811
11
-0.0305454724409449
21
0.7595846062992125
0
LINE
8
BLACK
6
CONTINUOUS
10
-0.0305454724409449
20
0.7595846062992125
11
-0.0361697637795276
21
0.757709842519685
0
LINE
8
BLACK
6
CONTINUOUS
10
-0.0361697637795276
20
0.757709842519685
11
-0.0364553543307087
21
0.7576449212598425
0
LINE
8
BLACK
6
CONTINUOUS
10
-0.0364553543307087
20
0.7576449212598425
11
-0.0365274409448819
21
0.7576150393700787
0
LINE
8
BLACK
6
CONTINUOUS
10
-0.0365274409448819
20
0.7576150393700787
11
-0.036631968503937
21
0.7576047637795276
0
LINE
8
BLACK
6
CONTINUOUS
10
-0.036631968503937
20
0.7576047637795276
11
-0.0367342125984252
21
0.7575814960629921
0
LINE
8
BLACK
6
CONTINUOUS
10
-0.0367342125984252
20
0.7575814960629921
11
-0.036811968503937
21
0.7575870472440944
0
LINE
8
BLACK
6
CONTINUOUS
10
-0.036811968503937
20
0.7575870472440944
11
-0.0371035039370079
21
0.7575583070866142
0
LINE
8
BLACK
6
CONTINUOUS
10
-0.0371035039370079
20
0.7575583070866142
11
-0.040853031496063
21
0.7575583070866142
0
LINE
8
BLACK
6
CONTINUOUS
10
-0.040853031496063
20
0.7575583070866142
11
-0.0411446456692913
21
0.7575870472440944
0
LINE
8
BLACK
6
CONTINUOUS
10
-0.0411446456692913
20
0.7575870472440944
11
-0.0412223622047244
21
0.7575814960629921
0
LINE
8
BLACK
6
CONTINUOUS
10
-0.0412223622047244
20
0.7575814960629921
11
-0.0413246456692913
21
0.7576047637795276
0
LINE
8
BLACK
6
CONTINUOUS
10
-0.0413246456692913
20
0.7576047637795276
11
-0.041429094488189
21
0.7576150393700787
0
LINE
8
BLACK
6
CONTINUOUS
10
-0.041429094488189
20
0.7576150393700787
11
-0.0415011811023622
21
0.7576449212598425
0
LINE
8
BLACK
6
CONTINUOUS
10
-0.0415011811023622
20
0.7576449212598425
11
-0.041786811023622
21
0.757709842519685
0
LINE
8
BLACK
6
CONTINUOUS
10
-0.041786811023622
20
0.757709842519685
11
-0.047411062992126
21
0.7595846062992125
0
LINE
8
BLACK
6
CONTINUOUS
10
-0.047411062992126
20
0.7595846062992125
11
-0.0479396456692913
21
0.7598205905511811
0
LINE
8
BLACK
6
CONTINUOUS
10
-0.0479396456692913
20
0.7598205905511811
11
-0.048019842519685
21
0.759890157480315
0
LINE
8
BLACK
6
CONTINUOUS
10
-0.048019842519685
20
0.759890157480315
11
-0.0481177952755905
21
0.7599307086614173
0
LINE
8
BLACK
6
CONTINUOUS
10
-0.0481177952755905
20
0.7599307086614173
11
-0.0485652755905512
21
0.7602979527559055
0
LINE
8
BLACK
6
CONTINUOUS
10
-0.0485652755905512
20
0.7602979527559055
11
-0.0504400393700787
21
0.7621727559055118
0
LINE
8
BLACK
6
CONTINUOUS
10
-0.0504400393700787
20
0.7621727559055118
11
-0.0508072440944882
21
0.7626201968503937
0
LINE
8
BLACK
6
CONTINUOUS
10
-0.0508072440944882
20
0.7626201968503937
11
-0.0512481102362205
21
0.7636846062992125
0
LINE
8
BLACK
6
CONTINUOUS
10
-0.0512481102362205
20
0.7636846062992125
11
-0.0512481102362205
21
0.7648366929133859
0
LINE
8
BLACK
6
CONTINUOUS
10
-0.0512481102362205
20
0.7648366929133859
11
-0.0508072047244095
21
0.7659011023622047
0
LINE
8
BLACK
6
CONTINUOUS
10
-0.0508072047244095
20
0.7659011023622047
11
-0.0499925196850394
21
0.7667157874015748
0
LINE
8
BLACK
6
CONTINUOUS
10
-0.0499925196850394
20
0.7667157874015748
11
-0.0489281102362205
21
0.7671566535433071
0
LINE
8
BLACK
6
CONTINUOUS
10
-0.0489281102362205
20
0.7671566535433071
11
-0.0477760236220472
21
0.7671566535433071
0
LINE
8
BLACK
6
CONTINUOUS
10
-0.0477760236220472
20
0.7671566535433071
11
-0.0467116141732283
21
0.766715748031496
0
LINE
8
BLACK
6
CONTINUOUS
10
-0.0467116141732283
20
0.766715748031496
11
-0.0462641338582677
21
0.7663485039370078
0
LINE
8
BLACK
6
CONTINUOUS
10
-0.0462641338582677
20
0.7663485039370078
11
-0.0448822834645669
21
0.7649666141732283
0
LINE
8
BLACK
6
CONTINUOUS
10
-0.0448822834645669
20
0.7649666141732283
11
-0.0403738976377953
21
0.7634638188976378
0
LINE
8
BLACK
6
CONTINUOUS
10
-0.0403738976377953
20
0.7634638188976378
11
-0.0375826377952756
21
0.7634638188976378
0
LINE
8
BLACK
6
CONTINUOUS
10
-0.0375826377952756
20
0.7634638188976378
11
-0.0330742519685039
21
0.7649666535433071
0
LINE
8
BLACK
6
CONTINUOUS
10
-0.0330742519685039
20
0.7649666535433071
11
-0.0301564566929134
21
0.7678844881889764
0
LINE
8
BLACK
6
CONTINUOUS
10
-0.0301564566929134
20
0.7678844881889764
11
-0.0286409448818898
21
0.7709154724409448
0
LINE
8
BLACK
6
CONTINUOUS
10
-0.0286409448818898
20
0.7709154724409448
11
-0.0269329133858268
21
0.7777475196850393
0
LINE
8
BLACK
6
CONTINUOUS
10
-0.0269329133858268
20
0.7777475196850393
11
-0.0269329133858268
21
0.7826447244094488
0
LINE
8
BLACK
6
CONTINUOUS
10
-0.0269329133858268
20
0.7826447244094488
11
-0.0286409448818898
21
0.7894767716535432
0
LINE
8
BLACK
6
CONTINUOUS
10
-0.0286409448818898
20
0.7894767716535432
11
-0.0301564173228346
21
0.7925077559055118
0
LINE
8
BLACK
6
CONTINUOUS
10
-0.0301564173228346
20
0.7925077559055118
11
-0.0330742519685039
21
0.7954255905511811
0
LINE
8
BLACK
6
CONTINUOUS
10
-0.0330742519685039
20
0.7954255905511811
11
-0.0375826377952756
21
0.7969283858267716
0
LINE
8
BLACK
6
CONTINUOUS
10
-0.0375826377952756
20
0.7969283858267716
11
-0.0403738976377953
21
0.7969283858267716
0
LINE
8
BLACK
6
CONTINUOUS
10
-0.0403738976377953
20
0.7969283858267716
11
-0.0448822834645669
21
0.7954255905511811
0
LINE
8
BLACK
6
CONTINUOUS
10
-0.0448822834645669
20
0.7954255905511811
11
-0.0462641732283465
21
0.7940437007874016
0
LINE
8
BLACK
6
CONTINUOUS
10
-0.0462641732283465
20
0.7940437007874016
11
-0.0467116141732283
21
0.7936764960629921
0
LINE
8
BLACK
6
CONTINUOUS
10
-0.0467116141732283
20
0.7936764960629921
11
-0.047776062992126
21
0.7932355905511811
0
LINE
8
BLACK
6
CONTINUOUS
10
-0.047776062992126
20
0.7932355905511811
11
-0.0489281102362205
21
0.7932355905511811
0
LINE
8
BLACK
6
CONTINUOUS
10
-0.0489281102362205
20
0.7932355905511811
11
-0.0499925590551181
21
0.7936764960629921
0
LINE
8
BLACK
6
CONTINUOUS
10
-0.0499925590551181
20
0.7936764960629921
11
-0.0508072047244095
21
0.7944911417322834
0
LINE
8
BLACK
6
CONTINUOUS
10
-0.0508072047244095
20
0.7944911417322834
11
-0.0512481102362205
21
0.7955555905511811
0
LINE
8
BLACK
6
CONTINUOUS
10
-0.0512481102362205
20
0.7955555905511811
11
-0.0512481102362205
21
0.7967076377952755
0
LINE
8
BLACK
6
CONTINUOUS
10
-0.0512481102362205
20
0.7967076377952755
11
-0.0508072047244095
21
0.7977720866141732
0
LINE
8
BLACK
6
CONTINUOUS
10
-0.0508072047244095
20
0.7977720866141732
11
-0.05044
21
0.7982195275590551
0
LINE
8
BLACK
6
CONTINUOUS
10
-0.05044
20
0.7982195275590551
11
-0.0485652362204724
21
0.8000942913385827
0
LINE
8
BLACK
6
CONTINUOUS
10
-0.0485652362204724
20
0.8000942913385827
11
-0.0481177952755905
21
0.8004614960629921
0
LINE
8
BLACK
6
CONTINUOUS
10
-0.0481177952755905
20
0.8004614960629921
11
-0.048019842519685
21
0.8005020866141732
0
LINE
8
BLACK
6
CONTINUOUS
10
-0.048019842519685
20
0.8005020866141732
11
-0.0479396456692913
21
0.8005716141732283
0
LINE
8
BLACK
6
CONTINUOUS
10
-0.0479396456692913
20
0.8005716141732283
11
-0.047411062992126
21
0.8008075984251969
0
LINE
8
BLACK
6
CONTINUOUS
10
-0.047411062992126
20
0.8008075984251969
11
-0.041786811023622
21
0.8026823622047244
0
LINE
8
BLACK
6
CONTINUOUS
10
-0.041786811023622
20
0.8026823622047244
11
-0.0415011811023622
21
0.8027473228346457
0
LINE
8
BLACK
6
CONTINUOUS
10
-0.0415011811023622
20
0.8027473228346457
11
-0.041429094488189
21
0.8027771653543306
0
LINE
8
BLACK
6
CONTINUOUS
10
-0.041429094488189
20
0.8027771653543306
11
-0.0413246456692913
21
0.8027874803149606
0
LINE
8
BLACK
6
CONTINUOUS
10
-0.0413246456692913
20
0.8027874803149606
11
-0.0412223622047244
21
0.8028107086614173
0
LINE
8
BLACK
6
CONTINUOUS
10
-0.0412223622047244
20
0.8028107086614173
11
-0.0411446456692913
21
0.8028051968503936
0
LINE
8
BLACK
6
CONTINUOUS
10
-0.0411446456692913
20
0.8028051968503936
11
-0.040853031496063
21
0.8028338976377952
0
LINE
8
BLACK
6
CONTINUOUS
10
-0.040853031496063
20
0.8028338976377952
11
-0.0371035039370079
21
0.8028338976377952
0
LINE
8
BLACK
6
CONTINUOUS
10
-0.0371035039370079
20
0.8028338976377952
11
-0.036811968503937
21
0.8028051968503936
0
LINE
8
BLACK
6
CONTINUOUS
10
-0.0983947244094488
20
0.8027771653543306
11
-0.0973303149606299
21
0.8023362598425197
0
LINE
8
BLACK
6
CONTINUOUS
10
-0.0973303149606299
20
0.8023362598425197
11
-0.0965156692913386
21
0.8015216141732283
0
LINE
8
BLACK
6
CONTINUOUS
10
-0.0965156692913386
20
0.8015216141732283
11
-0.0960747637795276
21
0.8004572047244094
0
LINE
8
BLACK
6
CONTINUOUS
10
-0.0960747637795276
20
0.8004572047244094
11
-0.0960747637795276
21
0.7993050787401574
0
LINE
8
BLACK
6
CONTINUOUS
10
-0.0960747637795276
20
0.7993050787401574
11
-0.0965156692913386
21
0.7982406692913385
0
LINE
8
BLACK
6
CONTINUOUS
10
-0.0965156692913386
20
0.7982406692913385
11
-0.0973303149606299
21
0.7974260236220472
0
LINE
8
BLACK
6
CONTINUOUS
10
-0.0973303149606299
20
0.7974260236220472
11
-0.0983947244094488
21
0.7969851181102362
0
LINE
8
BLACK
6
CONTINUOUS
10
-0.0983947244094488
20
0.7969851181102362
11
-0.0989707874015748
21
0.7969283858267716
0
LINE
8
BLACK
6
CONTINUOUS
10
-0.0989707874015748
20
0.7969283858267716
11
-0.1207394881889764
21
0.7969283858267716
0
LINE
8
BLACK
6
CONTINUOUS
10
-0.1207394881889764
20
0.7969283858267716
11
-0.1056305905511811
21
0.7616742125984252
0
LINE
8
BLACK
6
CONTINUOUS
10
-0.1056305905511811
20
0.7616742125984252
11
-0.1054558267716535
21
0.7611224015748032
0
LINE
8
BLACK
6
CONTINUOUS
10
-0.1054558267716535
20
0.7611224015748032
11
-0.1054417716535433
21
0.7599703543307087
0
LINE
8
BLACK
6
CONTINUOUS
10
-0.1054417716535433
20
0.7599703543307087
11
-0.1058696456692913
21
0.7589006692913386
0
LINE
8
BLACK
6
CONTINUOUS
10
-0.1058696456692913
20
0.7589006692913386
11
-0.1066743307086614
21
0.7580761417322834
0
LINE
8
BLACK
6
CONTINUOUS
10
-0.1066743307086614
20
0.7580761417322834
11
-0.1077333070866142
21
0.7576222834645669
0
LINE
8
BLACK
6
CONTINUOUS
10
-0.1077333070866142
20
0.7576222834645669
11
-0.1088853149606299
21
0.7576082677165354
0
LINE
8
BLACK
6
CONTINUOUS
10
-0.1088853149606299
20
0.7576082677165354
11
-0.109955
21
0.7580361417322834
0
LINE
8
BLACK
6
CONTINUOUS
10
-0.109955
20
0.7580361417322834
11
-0.1107795669291338
21
0.7588407874015748
0
LINE
8
BLACK
6
CONTINUOUS
10
-0.1107795669291338
20
0.7588407874015748
11
-0.1110586220472441
21
0.7593479133858267
0
LINE
8
BLACK
6
CONTINUOUS
10
-0.1110586220472441
20
0.7593479133858267
11
-0.1279314960629921
21
0.7987179921259843
0
LINE
8
BLACK
6
CONTINUOUS
10
-0.1279314960629921
20
0.7987179921259843
11
-0.1281062598425197
21
0.799269842519685
0
LINE
8
BLACK
6
CONTINUOUS
10
-0.1281062598425197
20
0.799269842519685
11
-0.1281064960629921
21
0.7992881496062992
0
LINE
8
BLACK
6
CONTINUOUS
10
-0.1281064960629921
20
0.7992881496062992
11
-0.1281135039370079
21
0.7993050787401574
0
LINE
8
BLACK
6
CONTINUOUS
10
-0.1281135039370079
20
0.7993050787401574
11
-0.1281135039370079
21
0.799863622047244
0
LINE
8
BLACK
6
CONTINUOUS
10
-0.1281135039370079
20
0.799863622047244
11
-0.1281203149606299
21
0.8004218503937007
0
LINE
8
BLACK
6
CONTINUOUS
10
-0.1281203149606299
20
0.8004218503937007
11
-0.1281135039370079
21
0.8004388976377953
0
LINE
8
BLACK
6
CONTINUOUS
10
-0.1281135039370079
20
0.8004388976377953
11
-0.1281135039370079
21
0.8004572047244094
0
LINE
8
BLACK
6
CONTINUOUS
10
-0.1281135039370079
20
0.8004572047244094
11
-0.1279000787401575
21
0.8009725590551181
0
LINE
8
BLACK
6
CONTINUOUS
10
-0.1279000787401575
20
0.8009725590551181
11
-0.1276924409448819
21
0.8014915354330708
0
LINE
8
BLACK
6
CONTINUOUS
10
-0.1276924409448819
20
0.8014915354330708
11
-0.1276796456692913
21
0.8015046850393701
0
LINE
8
BLACK
6
CONTINUOUS
10
-0.1276796456692913
20
0.8015046850393701
11
-0.1276725984251968
21
0.8015216141732283
0
LINE
8
BLACK
6
CONTINUOUS
10
-0.1276725984251968
20
0.8015216141732283
11
-0.1272781496062992
21
0.8019161023622047
0
LINE
8
BLACK
6
CONTINUOUS
10
-0.1272781496062992
20
0.8019161023622047
11
-0.1268877559055118
21
0.8023161023622047
0
LINE
8
BLACK
6
CONTINUOUS
10
-0.1268877559055118
20
0.8023161023622047
11
-0.126870905511811
21
0.8023233464566929
0
LINE
8
BLACK
6
CONTINUOUS
10
-0.126870905511811
20
0.8023233464566929
11
-0.1268579527559055
21
0.8023362598425197
0
LINE
8
BLACK
6
CONTINUOUS
10
-0.1268579527559055
20
0.8023362598425197
11
-0.1263422047244094
21
0.8025499212598425
0
LINE
8
BLACK
6
CONTINUOUS
10
-0.1263422047244094
20
0.8025499212598425
11
-0.1258287795275591
21
0.8027699212598425
0
LINE
8
BLACK
6
CONTINUOUS
10
-0.1258287795275591
20
0.8027699212598425
11
-0.1258105118110236
21
0.802770157480315
0
LINE
8
BLACK
6
CONTINUOUS
10
-0.1258105118110236
20
0.802770157480315
11
-0.1257935433070866
21
0.8027771653543306
0
LINE
8
BLACK
6
CONTINUOUS
10
-0.1257935433070866
20
0.8027771653543306
11
-0.1252174803149606
21
0.8028338976377952
0
LINE
8
BLACK
6
CONTINUOUS
10
-0.1252174803149606
20
0.8028338976377952
11
-0.0989707874015748
21
0.8028338976377952
0
LINE
8
BLACK
6
CONTINUOUS
10
-0.0989707874015748
20
0.8028338976377952
11
-0.0983947244094488
21
0.8027771653543306
0
LINE
8
BLACK
6
CONTINUOUS
10
-0.5224479527559055
20
0.8240370078740157
11
-0.5223499606299212
21
0.8239964173228346
0
LINE
8
BLACK
6
CONTINUOUS
10
-0.5223499606299212
20
0.8239964173228346
11
-0.5222441338582677
21
0.8239888976377953
0
LINE
8
BLACK
6
CONTINUOUS
10
-0.5222441338582677
20
0.8239888976377953
11
-0.5217035039370078
21
0.8237820078740157
0
LINE
8
BLACK
6
CONTINUOUS
10
-0.5217035039370078
20
0.8237820078740157
11
-0.5179539763779527
21
0.8219072440944881
0
LINE
8
BLACK
6
CONTINUOUS
10
-0.5179539763779527
20
0.8219072440944881
11
-0.5177059842519685
21
0.8217511811023622
0
LINE
8
BLACK
6
CONTINUOUS
10
-0.5177059842519685
20
0.8217511811023622
11
-0.5176340157480315
21
0.8217213385826772
0
LINE
8
BLACK
6
CONTINUOUS
10
-0.5176340157480315
20
0.8217213385826772
11
-0.5175530708661418
21
0.8216548818897638
0
LINE
8
BLACK
6
CONTINUOUS
10
-0.5175530708661418
20
0.8216548818897638
11
-0.517464094488189
21
0.8215988976377953
0
LINE
8
BLACK
6
CONTINUOUS
10
-0.517464094488189
20
0.8215988976377953
11
-0.5174129527559055
21
0.8215399212598425
0
LINE
8
BLACK
6
CONTINUOUS
10
-0.5174129527559055
20
0.8215399212598425
11
-0.5171865748031496
21
0.8213541338582677
0
LINE
8
BLACK
6
CONTINUOUS
10
-0.5171865748031496
20
0.8213541338582677
11
-0.515311811023622
21
0.8194793700787402
0
LINE
8
BLACK
6
CONTINUOUS
10
-0.515311811023622
20
0.8194793700787402
11
-0.5149446062992126
21
0.8190319291338582
0
LINE
8
BLACK
6
CONTINUOUS
10
-0.5149446062992126
20
0.8190319291338582
11
-0.5145037007874016
21
0.8179675196850393
0
LINE
8
BLACK
6
CONTINUOUS
10
-0.5145037007874016
20
0.8179675196850393
11
-0.5145037007874016
21
0.8168154330708661
0
LINE
8
BLACK
6
CONTINUOUS
10
-0.5145037007874016
20
0.8168154330708661
11
-0.5149446062992126
21
0.8157510236220472
0
LINE
8
BLACK
6
CONTINUOUS
10
-0.5149446062992126
20
0.8157510236220472
11
-0.5157592913385827
21
0.8149363385826771
0
LINE
8
BLACK
6
CONTINUOUS
10
-0.5157592913385827
20
0.8149363385826771
11
-0.5168237007874016
21
0.8144954330708661
0
LINE
8
BLACK
6
CONTINUOUS
10
-0.5168237007874016
20
0.8144954330708661
11
-0.5179757874015748
21
0.8144954330708661
0
LINE
8
BLACK
6
CONTINUOUS
10
-0.5179757874015748
20
0.8144954330708661
11
-0.5190401968503937
21
0.8149363385826771
0
LINE
8
BLACK
6
CONTINUOUS
10
-0.5190401968503937
20
0.8149363385826771
11
-0.5194876377952756
21
0.8153035433070865
0
LINE
8
BLACK
6
CONTINUOUS
10
-0.5194876377952756
20
0.8153035433070865
11
-0.5210235826771653
21
0.8168394881889763
0
LINE
8
BLACK
6
CONTINUOUS
10
-0.5210235826771653
20
0.8168394881889763
11
-0.523721062992126
21
0.8181882283464567
0
LINE
8
BLACK
6
CONTINUOUS
10
-0.523721062992126
20
0.8181882283464567
11
-0.5317007874015748
21
0.8181882283464567
0
LINE
8
BLACK
6
CONTINUOUS
10
-0.5317007874015748
20
0.8181882283464567
11
-0.5343982677165354
21
0.8168394881889763
0
LINE
8
BLACK
6
CONTINUOUS
10
-0.5343982677165354
20
0.8168394881889763
11
-0.5355953937007873
21
0.8156423622047244
0
LINE
8
BLACK
6
CONTINUOUS
10
-0.5355953937007873
20
0.8156423622047244
11
-0.5369441338582677
21
0.8129448818897638
0
LINE
8
BLACK
6
CONTINUOUS
10
-0.5369441338582677
20
0.8129448818897638
11
-0.5369441338582677
21
0.8103715748031496
0
LINE
8
BLACK
6
CONTINUOUS
10
-0.5369441338582677
20
0.8103715748031496
11
-0.5354413385826772
21
0.8058631496062992
0
LINE
8
BLACK
6
CONTINUOUS
10
-0.5354413385826772
20
0.8058631496062992
11
-0.5134370472440944
21
0.7838588188976378
0
LINE
8
BLACK
6
CONTINUOUS
10
-0.5134370472440944
20
0.7838588188976378
11
-0.5130698031496063
21
0.7834113779527558
0
LINE
8
BLACK
6
CONTINUOUS
10
-0.5130698031496063
20
0.7834113779527558
11
-0.512628937007874
21
0.7823469291338583
0
LINE
8
BLACK
6
CONTINUOUS
10
-0.512628937007874
20
0.7823469291338583
11
-0.512628937007874
21
0.7811948425196851
0
LINE
8
BLACK
6
CONTINUOUS
10
-0.512628937007874
20
0.7811948425196851
11
-0.513069842519685
21
0.7801304330708662
0
LINE
8
BLACK
6
CONTINUOUS
10
-0.513069842519685
20
0.7801304330708662
11
-0.5138844881889764
21
0.7793157480314961
0
LINE
8
BLACK
6
CONTINUOUS
10
-0.5138844881889764
20
0.7793157480314961
11
-0.5146371653543307
21
0.7790040157480315
0
LINE
8
BLACK
6
CONTINUOUS
10
-0.5146371653543307
20
0.7790040157480315
11
-0.5149488976377953
21
0.7788748818897637
0
LINE
8
BLACK
6
CONTINUOUS
10
-0.5149488976377953
20
0.7788748818897637
11
-0.5155249606299213
21
0.7788181496062992
0
LINE
8
BLACK
6
CONTINUOUS
10
-0.5155249606299213
20
0.7788181496062992
11
-0.5398968897637795
21
0.7788181496062992
0
LINE
8
BLACK
6
CONTINUOUS
10
-0.5398968897637795
20
0.7788181496062992
11
-0.5404729527559055
21
0.7788748818897637
0
LINE
8
BLACK
6
CONTINUOUS
10
-0.5404729527559055
20
0.7788748818897637
11
-0.5415373622047244
21
0.7793157874015748
0
LINE
8
BLACK
6
CONTINUOUS
10
-0.5415373622047244
20
0.7793157874015748
11
-0.5423520078740157
21
0.7801304330708662
0
LINE
8
BLACK
6
CONTINUOUS
10
-0.5423520078740157
20
0.7801304330708662
11
-0.5427929133858268
21
0.7811948425196851
0
LINE
8
BLACK
6
CONTINUOUS
10
-0.5427929133858268
20
0.7811948425196851
11
-0.5427929133858268
21
0.782346968503937
0
LINE
8
BLACK
6
CONTINUOUS
10
-0.5427929133858268
20
0.782346968503937
11
-0.5423520078740157
21
0.7834113779527558
0
LINE
8
BLACK
6
CONTINUOUS
10
-0.5423520078740157
20
0.7834113779527558
11
-0.5415373622047244
21
0.7842260236220472
0
LINE
8
BLACK
6
CONTINUOUS
10
-0.5415373622047244
20
0.7842260236220472
11
-0.5404729527559055
21
0.7846669291338583
0
LINE
8
BLACK
6
CONTINUOUS
10
-0.5404729527559055
20
0.7846669291338583
11
-0.5398968897637795
21
0.7847236614173229
0
LINE
8
BLACK
6
CONTINUOUS
10
-0.5398968897637795
20
0.7847236614173229
11
-0.5226535433070866
21
0.7847236614173229
0
LINE
8
BLACK
6
CONTINUOUS
10
-0.5226535433070866
20
0.7847236614173229
11
-0.5401100393700787
21
0.8021801968503937
0
LINE
8
BLACK
6
CONTINUOUS
10
-0.5401100393700787
20
0.8021801968503937
11
-0.5404772440944882
21
0.8026276377952756
0
LINE
8
BLACK
6
CONTINUOUS
10
-0.5404772440944882
20
0.8026276377952756
11
-0.540517874015748
21
0.8027257086614173
0
LINE
8
BLACK
6
CONTINUOUS
10
-0.540517874015748
20
0.8027257086614173
11
-0.5405873622047244
21
0.8028058267716536
0
LINE
8
BLACK
6
CONTINUOUS
10
-0.5405873622047244
20
0.8028058267716536
11
-0.5408233464566929
21
0.8033343700787401
0
LINE
8
BLACK
6
CONTINUOUS
10
-0.5408233464566929
20
0.8033343700787401
11
-0.5426981102362205
21
0.8089586614173229
0
LINE
8
BLACK
6
CONTINUOUS
10
-0.5426981102362205
20
0.8089586614173229
11
-0.5427630708661417
21
0.8092442519685039
0
LINE
8
BLACK
6
CONTINUOUS
10
-0.5427630708661417
20
0.8092442519685039
11
-0.5427929133858268
21
0.8093163385826772
0
LINE
8
BLACK
6
CONTINUOUS
10
-0.5427929133858268
20
0.8093163385826772
11
-0.5428032283464567
21
0.8094208661417323
0
LINE
8
BLACK
6
CONTINUOUS
10
-0.5428032283464567
20
0.8094208661417323
11
-0.5428264566929134
21
0.8095231102362205
0
LINE
8
BLACK
6
CONTINUOUS
10
-0.5428264566929134
20
0.8095231102362205
11
-0.5428209448818897
21
0.8096008661417322
0
LINE
8
BLACK
6
CONTINUOUS
10
-0.5428209448818897
20
0.8096008661417322
11
-0.5428496456692913
21
0.8098924015748031
0
LINE
8
BLACK
6
CONTINUOUS
10
-0.5428496456692913
20
0.8098924015748031
11
-0.5428496456692913
21
0.8136419291338582
0
LINE
8
BLACK
6
CONTINUOUS
10
-0.5428496456692913
20
0.8136419291338582
11
-0.5427929133858268
21
0.8142179921259842
0
LINE
8
BLACK
6
CONTINUOUS
10
-0.5427929133858268
20
0.8142179921259842
11
-0.5427523228346457
21
0.8143160236220472
0
LINE
8
BLACK
6
CONTINUOUS
10
-0.5427523228346457
20
0.8143160236220472
11
-0.5427448031496063
21
0.814421811023622
0
LINE
8
BLACK
6
CONTINUOUS
10
-0.5427448031496063
20
0.814421811023622
11
-0.5425379133858268
21
0.8149624409448819
0
LINE
8
BLACK
6
CONTINUOUS
10
-0.5425379133858268
20
0.8149624409448819
11
-0.5406631496062992
21
0.818711968503937
0
LINE
8
BLACK
6
CONTINUOUS
10
-0.5406631496062992
20
0.818711968503937
11
-0.5405070866141732
21
0.81896
0
LINE
8
BLACK
6
CONTINUOUS
10
-0.5405070866141732
20
0.81896
11
-0.5404772440944882
21
0.8190319291338582
0
LINE
8
BLACK
6
CONTINUOUS
10
-0.5404772440944882
20
0.8190319291338582
11
-0.5404107874015748
21
0.8191129133858267
0
LINE
8
BLACK
6
CONTINUOUS
10
-0.5404107874015748
20
0.8191129133858267
11
-0.5403548031496063
21
0.8192018503937007
0
LINE
8
BLACK
6
CONTINUOUS
10
-0.5403548031496063
20
0.8192018503937007
11
-0.5402958267716536
21
0.819253031496063
0
LINE
8
BLACK
6
CONTINUOUS
10
-0.5402958267716536
20
0.819253031496063
11
-0.5401100393700787
21
0.8194793700787402
0
LINE
8
BLACK
6
CONTINUOUS
10
-0.5401100393700787
20
0.8194793700787402
11
-0.5382352755905512
21
0.8213541338582677
0
LINE
8
BLACK
6
CONTINUOUS
10
-0.5382352755905512
20
0.8213541338582677
11
-0.538008937007874
21
0.8215399212598425
0
LINE
8
BLACK
6
CONTINUOUS
10
-0.538008937007874
20
0.8215399212598425
11
-0.5379577559055118
21
0.8215988976377953
0
LINE
8
BLACK
6
CONTINUOUS
10
-0.5379577559055118
20
0.8215988976377953
11
-0.5378688188976378
21
0.8216548818897638
0
LINE
8
BLACK
6
CONTINUOUS
10
-0.5378688188976378
20
0.8216548818897638
11
-0.5377878346456693
21
0.8217213385826772
0
LINE
8
BLACK
6
CONTINUOUS
10
-0.5377878346456693
20
0.8217213385826772
11
-0.537715905511811
21
0.8217511811023622
0
LINE
8
BLACK
6
CONTINUOUS
10
-0.537715905511811
20
0.8217511811023622
11
-0.537467874015748
21
0.8219072440944881
0
LINE
8
BLACK
6
CONTINUOUS
10
-0.537467874015748
20
0.8219072440944881
11
-0.5337183464566929
21
0.8237820078740157
0
LINE
8
BLACK
6
CONTINUOUS
10
-0.5337183464566929
20
0.8237820078740157
11
-0.5331777559055118
21
0.8239888976377953
0
LINE
8
BLACK
6
CONTINUOUS
10
-0.5331777559055118
20
0.8239888976377953
11
-0.5330718897637795
21
0.8239964566929133
0
LINE
8
BLACK
6
CONTINUOUS
10
-0.5330718897637795
20
0.8239964566929133
11
-0.5329738976377952
21
0.8240370078740157
0
LINE
8
BLACK
6
CONTINUOUS
10
-0.5329738976377952
20
0.8240370078740157
11
-0.5323978346456693
21
0.8240937401574803
0
LINE
8
BLACK
6
CONTINUOUS
10
-0.5323978346456693
20
0.8240937401574803
11
-0.5230240157480315
21
0.8240937401574803
0
LINE
8
BLACK
6
CONTINUOUS
10
-0.5230240157480315
20
0.8240937401574803
11
-0.5224479527559055
21
0.8240370078740157
0
LINE
8
BLACK
6
CONTINUOUS
10
-0.4793283464566929
20
0.8240370078740157
11
-0.478263937007874
21
0.8235961023622047
0
LINE
8
BLACK
6
CONTINUOUS
10
-0.478263937007874
20
0.8235961023622047
11
-0.4774492913385827
21
0.8227814566929134
0
LINE
8
BLACK
6
CONTINUOUS
10
-0.4774492913385827
20
0.8227814566929134
11
-0.4770083858267716
21
0.8217170472440944
0
LINE
8
BLACK
6
CONTINUOUS
10
-0.4770083858267716
20
0.8217170472440944
11
-0.4769516535433071
21
0.8211409842519685
0
LINE
8
BLACK
6
CONTINUOUS
10
-0.4769516535433071
20
0.8211409842519685
11
-0.4769516535433071
21
0.7817709055118111
0
LINE
8
BLACK
6
CONTINUOUS
10
-0.4769516535433071
20
0.7817709055118111
11
-0.4770083858267716
21
0.7811948425196851
0
LINE
8
BLACK
6
CONTINUOUS
10
-0.4770083858267716
20
0.7811948425196851
11
-0.4774492913385827
21
0.7801304330708662
0
LINE
8
BLACK
6
CONTINUOUS
10
-0.4774492913385827
20
0.7801304330708662
11
-0.478263937007874
21
0.7793157874015748
0
LINE
8
BLACK
6
CONTINUOUS
10
-0.478263937007874
20
0.7793157874015748
11
-0.4793283464566929
21
0.7788748818897637
0
LINE
8
BLACK
6
CONTINUOUS
10
-0.4793283464566929
20
0.7788748818897637
11
-0.4799044094488189
21
0.7788181496062992
0
LINE
8
BLACK
6
CONTINUOUS
10
-0.4799044094488189
20
0.7788181496062992
11
-0.4892782283464567
21
0.7788181496062992
0
LINE
8
BLACK
6
CONTINUOUS
10
-0.4892782283464567
20
0.7788181496062992
11
-0.4895698425196851
21
0.7788468897637795
0
LINE
8
BLACK
6
CONTINUOUS
10
-0.4895698425196851
20
0.7788468897637795
11
-0.4896475590551181
21
0.7788413385826771
0
LINE
8
BLACK
6
CONTINUOUS
10
-0.4896475590551181
20
0.7788413385826771
11
-0.489749842519685
21
0.7788646062992126
0
LINE
8
BLACK
6
CONTINUOUS
10
-0.489749842519685
20
0.7788646062992126
11
-0.4898542913385827
21
0.7788748818897637
0
LINE
8
BLACK
6
CONTINUOUS
10
-0.4898542913385827
20
0.7788748818897637
11
-0.4899263779527559
21
0.7789047637795276
0
LINE
8
BLACK
6
CONTINUOUS
10
-0.4899263779527559
20
0.7789047637795276
11
-0.4902120078740158
21
0.77896968503937
0
LINE
8
BLACK
6
CONTINUOUS
10
-0.4902120078740158
20
0.77896968503937
11
-0.4958362598425197
21
0.7808444488188976
0
LINE
8
BLACK
6
CONTINUOUS
10
-0.4958362598425197
20
0.7808444488188976
11
-0.496364842519685
21
0.7810804330708662
0
LINE
8
BLACK
6
CONTINUOUS
10
-0.496364842519685
20
0.7810804330708662
11
-0.4964449606299213
21
0.7811499212598425
0
LINE
8
BLACK
6
CONTINUOUS
10
-0.4964449606299213
20
0.7811499212598425
11
-0.4965429921259842
21
0.7811905118110236
0
LINE
8
BLACK
6
CONTINUOUS
10
-0.4965429921259842
20
0.7811905118110236
11
-0.4969904330708662
21
0.7815577559055118
0
LINE
8
BLACK
6
CONTINUOUS
10
-0.4969904330708662
20
0.7815577559055118
11
-0.5007399606299212
21
0.7853073228346457
0
LINE
8
BLACK
6
CONTINUOUS
10
-0.5007399606299212
20
0.7853073228346457
11
-0.500925748031496
21
0.7855337007874016
0
LINE
8
BLACK
6
CONTINUOUS
10
-0.500925748031496
20
0.7855337007874016
11
-0.5009847244094489
21
0.785584842519685
0
LINE
8
BLACK
6
CONTINUOUS
10
-0.5009847244094489
20
0.785584842519685
11
-0.5010407086614174
21
0.785673779527559
0
LINE
8
BLACK
6
CONTINUOUS
10
-0.5010407086614174
20
0.785673779527559
11
-0.5011072047244094
21
0.7857548031496063
0
LINE
8
BLACK
6
CONTINUOUS
10
-0.5011072047244094
20
0.7857548031496063
11
-0.5011370472440945
21
0.7858268503937008
0
LINE
8
BLACK
6
CONTINUOUS
10
-0.5011370472440945
20
0.7858268503937008
11
-0.5012930708661417
21
0.7860747244094488
0
LINE
8
BLACK
6
CONTINUOUS
10
-0.5012930708661417
20
0.7860747244094488
11
-0.5031678346456693
21
0.7898242519685039
0
LINE
8
BLACK
6
CONTINUOUS
10
-0.5031678346456693
20
0.7898242519685039
11
-0.5031839763779528
21
0.7898663779527559
0
LINE
8
BLACK
6
CONTINUOUS
10
-0.5031839763779528
20
0.7898663779527559
11
-0.5031966535433071
21
0.7898835039370079
0
LINE
8
BLACK
6
CONTINUOUS
10
-0.5031966535433071
20
0.7898835039370079
11
-0.5032831102362204
21
0.7901254724409449
0
LINE
8
BLACK
6
CONTINUOUS
10
-0.5032831102362204
20
0.7901254724409449
11
-0.5033747244094489
21
0.7903648818897637
0
LINE
8
BLACK
6
CONTINUOUS
10
-0.5033747244094489
20
0.7903648818897637
11
-0.5033762598425197
21
0.7903861417322835
0
LINE
8
BLACK
6
CONTINUOUS
10
-0.5033762598425197
20
0.7903861417322835
11
-0.5033914173228347
21
0.7904286220472441
0
LINE
8
BLACK
6
CONTINUOUS
10
-0.5033914173228347
20
0.7904286220472441
11
-0.5052661811023622
21
0.7979276771653543
0
LINE
8
BLACK
6
CONTINUOUS
10
-0.5052661811023622
20
0.7979276771653543
11
-0.5052809842519685
21
0.7980275590551181
0
LINE
8
BLACK
6
CONTINUOUS
10
-0.5052809842519685
20
0.7980275590551181
11
-0.5052975984251968
21
0.7980677559055118
0
LINE
8
BLACK
6
CONTINUOUS
10
-0.5052975984251968
20
0.7980677559055118
11
-0.5053189763779528
21
0.7982848031496063
0
LINE
8
BLACK
6
CONTINUOUS
10
-0.5053189763779528
20
0.7982848031496063
11
-0.5053508267716535
21
0.7985002755905511
0
LINE
8
BLACK
6
CONTINUOUS
10
-0.5053508267716535
20
0.7985002755905511
11
-0.5053444488188976
21
0.7985433070866141
0
LINE
8
BLACK
6
CONTINUOUS
10
-0.5053444488188976
20
0.7985433070866141
11
-0.5053543307086614
21
0.7986438188976378
0
LINE
8
BLACK
6
CONTINUOUS
10
-0.5053543307086614
20
0.7986438188976378
11
-0.5053543307086614
21
0.8042681102362205
0
LINE
8
BLACK
6
CONTINUOUS
10
-0.5053543307086614
20
0.8042681102362205
11
-0.5053444488188976
21
0.8043686614173228
0
LINE
8
BLACK
6
CONTINUOUS
10
-0.5053444488188976
20
0.8043686614173228
11
-0.5053508267716535
21
0.804411653543307
0
LINE
8
BLACK
6
CONTINUOUS
10
-0.5053508267716535
20
0.804411653543307
11
-0.5053189763779528
21
0.8046271653543307
0
LINE
8
BLACK
6
CONTINUOUS
10
-0.5053189763779528
20
0.8046271653543307
11
-0.5052975984251968
21
0.8048441732283464
0
LINE
8
BLACK
6
CONTINUOUS
10
-0.5052975984251968
20
0.8048441732283464
11
-0.5052809842519685
21
0.8048844094488189
0
LINE
8
BLACK
6
CONTINUOUS
10
-0.5052809842519685
20
0.8048844094488189
11
-0.5052661811023622
21
0.8049842519685039
0
LINE
8
BLACK
6
CONTINUOUS
10
-0.5052661811023622
20
0.8049842519685039
11
-0.5033914173228347
21
0.8124833070866142
0
LINE
8
BLACK
6
CONTINUOUS
10
-0.5033914173228347
20
0.8124833070866142
11
-0.5033762598425197
21
0.8125258267716535
0
LINE
8
BLACK
6
CONTINUOUS
10
-0.5033762598425197
20
0.8125258267716535
11
-0.5033747244094489
21
0.8125470472440944
0
LINE
8
BLACK
6
CONTINUOUS
10
-0.5033747244094489
20
0.8125470472440944
11
-0.5032831102362204
21
0.8127864960629921
0
LINE
8
BLACK
6
CONTINUOUS
10
-0.5032831102362204
20
0.8127864960629921
11
-0.5031966535433071
21
0.8130284251968504
0
LINE
8
BLACK
6
CONTINUOUS
10
-0.5031966535433071
20
0.8130284251968504
11
-0.5031839763779528
21
0.8130455905511811
0
LINE
8
BLACK
6
CONTINUOUS
10
-0.5031839763779528
20
0.8130455905511811
11
-0.5031678346456693
21
0.8130876771653543
0
LINE
8
BLACK
6
CONTINUOUS
10
-0.5031678346456693
20
0.8130876771653543
11
-0.5012930708661417
21
0.8168372047244095
0
LINE
8
BLACK
6
CONTINUOUS
10
-0.5012930708661417
20
0.8168372047244095
11
-0.5011370078740157
21
0.8170852362204725
0
LINE
8
BLACK
6
CONTINUOUS
10
-0.5011370078740157
20
0.8170852362204725
11
-0.5011071653543308
21
0.8171571653543307
0
LINE
8
BLACK
6
CONTINUOUS
10
-0.5011071653543308
20
0.8171571653543307
11
-0.5010407086614174
21
0.8172381496062991
0
LINE
8
BLACK
6
CONTINUOUS
10
-0.5010407086614174
20
0.8172381496062991
11
-0.5009847244094489
21
0.8173270866141732
0
LINE
8
BLACK
6
CONTINUOUS
10
-0.5009847244094489
20
0.8173270866141732
11
-0.500925748031496
21
0.8173782677165354
0
LINE
8
BLACK
6
CONTINUOUS
10
-0.500925748031496
20
0.8173782677165354
11
-0.5007399606299212
21
0.8176046062992126
0
LINE
8
BLACK
6
CONTINUOUS
10
-0.5007399606299212
20
0.8176046062992126
11
-0.4969904330708662
21
0.8213541338582677
0
LINE
8
BLACK
6
CONTINUOUS
10
-0.4969904330708662
20
0.8213541338582677
11
-0.4965429921259842
21
0.8217213779527559
0
LINE
8
BLACK
6
CONTINUOUS
10
-0.4965429921259842
20
0.8217213779527559
11
-0.4964449606299213
21
0.8217620078740158
0
LINE
8
BLACK
6
CONTINUOUS
10
-0.4964449606299213
20
0.8217620078740158
11
-0.496364842519685
21
0.8218314566929134
0
LINE
8
BLACK
6
CONTINUOUS
10
-0.496364842519685
20
0.8218314566929134
11
-0.4958362598425197
21
0.8220674409448818
0
LINE
8
BLACK
6
CONTINUOUS
10
-0.4958362598425197
20
0.8220674409448818
11
-0.4902120078740158
21
0.8239422047244094
0
LINE
8
BLACK
6
CONTINUOUS
10
-0.4902120078740158
20
0.8239422047244094
11
-0.4899263779527559
21
0.8240071653543307
0
LINE
8
BLACK
6
CONTINUOUS
10
-0.4899263779527559
20
0.8240071653543307
11
-0.4898542913385827
21
0.8240370078740157
0
LINE
8
BLACK
6
CONTINUOUS
10
-0.4898542913385827
20
0.8240370078740157
11
-0.489749842519685
21
0.8240473228346457
0
LINE
8
BLACK
6
CONTINUOUS
10
-0.489749842519685
20
0.8240473228346457
11
-0.4896475590551181
21
0.8240705511811024
0
LINE
8
BLACK
6
CONTINUOUS
10
-0.4896475590551181
20
0.8240705511811024
11
-0.4895698425196851
21
0.8240650393700787
0
LINE
8
BLACK
6
CONTINUOUS
10
-0.4895698425196851
20
0.8240650393700787
11
-0.4892782283464567
21
0.8240937401574803
0
LINE
8
BLACK
6
CONTINUOUS
10
-0.4892782283464567
20
0.8240937401574803
11
-0.4799044094488189
21
0.8240937401574803
0
LINE
8
BLACK
6
CONTINUOUS
10
-0.4799044094488189
20
0.8240937401574803
11
-0.4793283464566929
21
0.8240370078740157
0
LINE
8
BLACK
6
CONTINUOUS
10
-0.4933074803149606
20
0.8166854330708662
11
-0.4962253149606299
21
0.8137675984251969
0
LINE
8
BLACK
6
CONTINUOUS
10
-0.4962253149606299
20
0.8137675984251969
11
-0.4977408267716535
21
0.8107366141732283
0
LINE
8
BLACK
6
CONTINUOUS
10
-0.4977408267716535
20
0.8107366141732283
11
-0.4994488188976378
21
0.8039045669291338
0
LINE
8
BLACK
6
CONTINUOUS
10
-0.4994488188976378
20
0.8039045669291338
11
-0.4994488188976378
21
0.7990073622047243
0
LINE
8
BLACK
6
CONTINUOUS
10
-0.4994488188976378
20
0.7990073622047243
11
-0.4977408267716535
21
0.7921753149606299
0
LINE
8
BLACK
6
CONTINUOUS
10
-0.4977408267716535
20
0.7921753149606299
11
-0.4962253149606299
21
0.7891443307086614
0
LINE
8
BLACK
6
CONTINUOUS
10
-0.4962253149606299
20
0.7891443307086614
11
-0.4933074803149606
21
0.7862264566929134
0
LINE
8
BLACK
6
CONTINUOUS
10
-0.4933074803149606
20
0.7862264566929134
11
-0.488799094488189
21
0.7847236614173229
0
LINE
8
BLACK
6
CONTINUOUS
10
-0.488799094488189
20
0.7847236614173229
11
-0.4828571653543307
21
0.7847236614173229
0
LINE
8
BLACK
6
CONTINUOUS
10
-0.4828571653543307
20
0.7847236614173229
11
-0.4828571653543307
21
0.8181882283464567
0
LINE
8
BLACK
6
CONTINUOUS
10
-0.4828571653543307
20
0.8181882283464567
11
-0.488799094488189
21
0.8181882283464567
0
LINE
8
BLACK
6
CONTINUOUS
10
-0.488799094488189
20
0.8181882283464567
11
-0.4933074803149606
21
0.8166854330708662
0
LINE
8
BLACK
6
CONTINUOUS
10
-0.4595162992125984
20
0.8235961023622047
11
-0.4587016535433071
21
0.8227814566929134
0
LINE
8
BLACK
6
CONTINUOUS
10
-0.4587016535433071
20
0.8227814566929134
11
-0.4582607480314961
21
0.8217170472440944
0
LINE
8
BLACK
6
CONTINUOUS
10
-0.4582607480314961
20
0.8217170472440944
11
-0.4582040157480315
21
0.8211409842519685
0
LINE
8
BLACK
6
CONTINUOUS
10
-0.4582040157480315
20
0.8211409842519685
11
-0.4582040157480315
21
0.7817709055118111
0
LINE
8
BLACK
6
CONTINUOUS
10
-0.4582040157480315
20
0.7817709055118111
11
-0.4582607480314961
21
0.7811948425196851
0
LINE
8
BLACK
6
CONTINUOUS
10
-0.4582607480314961
20
0.7811948425196851
11
-0.4587016535433071
21
0.7801304330708662
0
LINE
8
BLACK
6
CONTINUOUS
10
-0.4587016535433071
20
0.7801304330708662
11
-0.4595162992125984
21
0.7793157874015748
0
LINE
8
BLACK
6
CONTINUOUS
10
-0.4595162992125984
20
0.7793157874015748
11
-0.4605807086614173
21
0.7788748818897637
0
LINE
8
BLACK
6
CONTINUOUS
10
-0.4605807086614173
20
0.7788748818897637
11
-0.4617328346456693
21
0.7788748818897637
0
LINE
8
BLACK
6
CONTINUOUS
10
-0.4617328346456693
20
0.7788748818897637
11
-0.4627972440944882
21
0.7793157874015748
0
LINE
8
BLACK
6
CONTINUOUS
10
-0.4627972440944882
20
0.7793157874015748
11
-0.4636118897637795
21
0.7801304330708662
0
LINE
8
BLACK
6
CONTINUOUS
10
-0.4636118897637795
20
0.7801304330708662
11
-0.4640527952755906
21
0.7811948425196851
0
LINE
8
BLACK
6
CONTINUOUS
10
-0.4640527952755906
20
0.7811948425196851
11
-0.4641095275590551
21
0.7817709055118111
0
LINE
8
BLACK
6
CONTINUOUS
10
-0.4641095275590551
20
0.7817709055118111
11
-0.4641095275590551
21
0.8211409842519685
0
LINE
8
BLACK
6
CONTINUOUS
10
-0.4641095275590551
20
0.8211409842519685
11
-0.4640527952755906
21
0.8217170472440944
0
LINE
8
BLACK
6
CONTINUOUS
10
-0.4640527952755906
20
0.8217170472440944
11
-0.4636118897637795
21
0.8227814566929134
0
LINE
8
BLACK
6
CONTINUOUS
10
-0.4636118897637795
20
0.8227814566929134
11
-0.4627972440944882
21
0.8235961023622047
0
LINE
8
BLACK
6
CONTINUOUS
10
-0.4627972440944882
20
0.8235961023622047
11
-0.4617328346456693
21
0.8240370078740157
0
LINE
8
BLACK
6
CONTINUOUS
10
-0.4617328346456693
20
0.8240370078740157
11
-0.4605807086614173
21
0.8240370078740157
0
LINE
8
BLACK
6
CONTINUOUS
10
-0.4605807086614173
20
0.8240370078740157
11
-0.4595162992125984
21
0.8235961023622047
0
LINE
8
BLACK
6
CONTINUOUS
10
-0.4268349212598425
20
0.8240370078740157
11
-0.4257705118110236
21
0.8235961023622047
0
LINE
8
BLACK
6
CONTINUOUS
10
-0.4257705118110236
20
0.8235961023622047
11
-0.4249558661417323
21
0.8227814566929134
0
LINE
8
BLACK
6
CONTINUOUS
10
-0.4249558661417323
20
0.8227814566929134
11
-0.4245149606299212
21
0.8217170472440944
0
LINE
8
BLACK
6
CONTINUOUS
10
-0.4245149606299212
20
0.8217170472440944
11
-0.4244582283464567
21
0.8211409842519685
0
LINE
8
BLACK
6
CONTINUOUS
10
-0.4244582283464567
20
0.8211409842519685
11
-0.4244582283464567
21
0.7817709055118111
0
LINE
8
BLACK
6
CONTINUOUS
10
-0.4244582283464567
20
0.7817709055118111
11
-0.4245149606299212
21
0.7811948425196851
0
LINE
8
BLACK
6
CONTINUOUS
10
-0.4245149606299212
20
0.7811948425196851
11
-0.4249558661417323
21
0.7801304330708662
0
LINE
8
BLACK
6
CONTINUOUS
10
-0.4249558661417323
20
0.7801304330708662
11
-0.4257705118110236
21
0.7793157874015748
0
LINE
8
BLACK
6
CONTINUOUS
10
-0.4257705118110236
20
0.7793157874015748
11
-0.4268349212598425
21
0.7788748818897637
0
LINE
8
BLACK
6
CONTINUOUS
10
-0.4268349212598425
20
0.7788748818897637
11
-0.4279870472440945
21
0.7788748818897637
0
LINE
8
BLACK
6
CONTINUOUS
10
-0.4279870472440945
20
0.7788748818897637
11
-0.4290514566929134
21
0.7793157874015748
0
LINE
8
BLACK
6
CONTINUOUS
10
-0.4290514566929134
20
0.7793157874015748
11
-0.4298661023622047
21
0.7801304330708662
0
LINE
8
BLACK
6
CONTINUOUS
10
-0.4298661023622047
20
0.7801304330708662
11
-0.4303070078740157
21
0.7811948425196851
0
LINE
8
BLACK
6
CONTINUOUS
10
-0.4303070078740157
20
0.7811948425196851
11
-0.4303637401574803
21
0.7817709055118111
0
LINE
8
BLACK
6
CONTINUOUS
10
-0.4303637401574803
20
0.7817709055118111
11
-0.4303637401574803
21
0.7994405905511811
0
LINE
8
BLACK
6
CONTINUOUS
10
-0.4303637401574803
20
0.7994405905511811
11
-0.4405343307086614
21
0.7994405905511811
0
LINE
8
BLACK
6
CONTINUOUS
10
-0.4405343307086614
20
0.7994405905511811
11
-0.4411103937007874
21
0.7994973228346457
0
LINE
8
BLACK
6
CONTINUOUS
10
-0.4411103937007874
20
0.7994973228346457
11
-0.4421748031496063
21
0.7999382283464567
0
LINE
8
BLACK
6
CONTINUOUS
10
-0.4421748031496063
20
0.7999382283464567
11
-0.4429894488188976
21
0.800752874015748
0
LINE
8
BLACK
6
CONTINUOUS
10
-0.4429894488188976
20
0.800752874015748
11
-0.4434303543307087
21
0.8018172834645669
0
LINE
8
BLACK
6
CONTINUOUS
10
-0.4434303543307087
20
0.8018172834645669
11
-0.4434303543307087
21
0.8029694094488189
0
LINE
8
BLACK
6
CONTINUOUS
10
-0.4434303543307087
20
0.8029694094488189
11
-0.4429894488188976
21
0.8040338188976378
0
LINE
8
BLACK
6
CONTINUOUS
10
-0.4429894488188976
20
0.8040338188976378
11
-0.4421748031496063
21
0.8048484645669292
0
LINE
8
BLACK
6
CONTINUOUS
10
-0.4421748031496063
20
0.8048484645669292
11
-0.4411103937007874
21
0.8052893700787401
0
LINE
8
BLACK
6
CONTINUOUS
10
-0.4411103937007874
20
0.8052893700787401
11
-0.4405343307086614
21
0.8053461023622047
0
LINE
8
BLACK
6
CONTINUOUS
10
-0.4405343307086614
20
0.8053461023622047
11
-0.4303637401574803
21
0.8053461023622047
0
LINE
8
BLACK
6
CONTINUOUS
10
-0.4303637401574803
20
0.8053461023622047
11
-0.4303637401574803
21
0.8181882283464567
0
LINE
8
BLACK
6
CONTINUOUS
10
-0.4303637401574803
20
0.8181882283464567
11
-0.4461586220472441
21
0.8181882283464567
0
LINE
8
BLACK
6
CONTINUOUS
10
-0.4461586220472441
20
0.8181882283464567
11
-0.4467346850393701
21
0.8182449606299212
0
LINE
8
BLACK
6
CONTINUOUS
10
-0.4467346850393701
20
0.8182449606299212
11
-0.4477990944881889
21
0.8186858661417322
0
LINE
8
BLACK
6
CONTINUOUS
10
-0.4477990944881889
20
0.8186858661417322
11
-0.4486137401574803
21
0.8195005118110236
0
LINE
8
BLACK
6
CONTINUOUS
10
-0.4486137401574803
20
0.8195005118110236
11
-0.4490546456692913
21
0.8205649212598425
0
LINE
8
BLACK
6
CONTINUOUS
10
-0.4490546456692913
20
0.8205649212598425
11
-0.4490546456692913
21
0.8217170472440944
0
LINE
8
BLACK
6
CONTINUOUS
10
-0.4490546456692913
20
0.8217170472440944
11
-0.4486137401574803
21
0.8227814566929134
0
LINE
8
BLACK
6
CONTINUOUS
10
-0.4486137401574803
20
0.8227814566929134
11
-0.4477990944881889
21
0.8235961023622047
0
LINE
8
BLACK
6
CONTINUOUS
10
-0.4477990944881889
20
0.8235961023622047
11
-0.4467346850393701
21
0.8240370078740157
0
LINE
8
BLACK
6
CONTINUOUS
10
-0.4467346850393701
20
0.8240370078740157
11
-0.4461586220472441
21
0.8240937401574803
0
LINE
8
BLACK
6
CONTINUOUS
10
-0.4461586220472441
20
0.8240937401574803
11
-0.4274109842519685
21
0.8240937401574803
0
LINE
8
BLACK
6
CONTINUOUS
10
-0.4274109842519685
20
0.8240937401574803
11
-0.4268349212598425
21
0.8240370078740157
0
LINE
8
BLACK
6
CONTINUOUS
10
-0.0624719291338583
20
0.8178044488188976
11
-0.0611935039370079
21
0.8165260236220472
0
LINE
8
BLACK
6
CONTINUOUS
10
-0.0611935039370079
20
0.8165260236220472
11
-0.0611935039370079
21
0.8147180708661417
0
LINE
8
BLACK
6
CONTINUOUS
10
-0.0611935039370079
20
0.8147180708661417
11
-0.0624719291338583
21
0.8134396456692913
0
LINE
8
BLACK
6
CONTINUOUS
10
-0.0624719291338583
20
0.8134396456692913
11
-0.063375905511811
21
0.813259842519685
0
LINE
8
BLACK
6
CONTINUOUS
10
-0.063375905511811
20
0.813259842519685
11
-0.0839469291338583
21
0.813259842519685
0
LINE
8
BLACK
6
CONTINUOUS
10
-0.0839469291338583
20
0.813259842519685
11
-0.084850905511811
21
0.8134396456692913
0
LINE
8
BLACK
6
CONTINUOUS
10
-0.084850905511811
20
0.8134396456692913
11
-0.0861293307086614
21
0.8147180708661417
0
LINE
8
BLACK
6
CONTINUOUS
10
-0.0861293307086614
20
0.8147180708661417
11
-0.0861293307086614
21
0.8165260236220472
0
LINE
8
BLACK
6
CONTINUOUS
10
-0.0861293307086614
20
0.8165260236220472
11
-0.084850905511811
21
0.8178044488188976
0
LINE
8
BLACK
6
CONTINUOUS
10
-0.084850905511811
20
0.8178044488188976
11
-0.0839469291338583
21
0.8179842519685039
0
LINE
8
BLACK
6
CONTINUOUS
10
-0.0839469291338583
20
0.8179842519685039
11
-0.063375905511811
21
0.8179842519685039
0
LINE
8
BLACK
6
CONTINUOUS
10
-0.063375905511811
20
0.8179842519685039
11
-0.0624719291338583
21
0.8178044488188976
0
LINE
8
BLACK
6
CONTINUOUS
10
-0.0624719291338583
20
0.8756784645669291
11
-0.0611935039370079
21
0.8744000393700787
0
LINE
8
BLACK
6
CONTINUOUS
10
-0.0611935039370079
20
0.8744000393700787
11
-0.0611935039370079
21
0.8725920866141732
0
LINE
8
BLACK
6
CONTINUOUS
10
-0.0611935039370079
20
0.8725920866141732
11
-0.0624719291338583
21
0.8713136614173228
0
LINE
8
BLACK
6
CONTINUOUS
10
-0.0624719291338583
20
0.8713136614173228
11
-0.063375905511811
21
0.8711338582677165
0
LINE
8
BLACK
6
CONTINUOUS
10
-0.063375905511811
20
0.8711338582677165
11
-0.0839469291338583
21
0.8711338582677165
0
LINE
8
BLACK
6
CONTINUOUS
10
-0.0839469291338583
20
0.8711338582677165
11
-0.084850905511811
21
0.8713136614173228
0
LINE
8
BLACK
6
CONTINUOUS
10
-0.084850905511811
20
0.8713136614173228
11
-0.0861293307086614
21
0.8725920866141732
0
LINE
8
BLACK
6
CONTINUOUS
10
-0.0861293307086614
20
0.8725920866141732
11
-0.0861293307086614
21
0.8744000393700787
0
LINE
8
BLACK
6
CONTINUOUS
10
-0.0861293307086614
20
0.8744000393700787
11
-0.084850905511811
21
0.8756784645669291
0
LINE
8
BLACK
6
CONTINUOUS
10
-0.084850905511811
20
0.8756784645669291
11
-0.0839469291338583
21
0.8758582677165354
0
LINE
8
BLACK
6
CONTINUOUS
10
-0.0839469291338583
20
0.8758582677165354
11
-0.063375905511811
21
0.8758582677165354
0
LINE
8
BLACK
6
CONTINUOUS
10
-0.063375905511811
20
0.8758582677165354
11
-0.0624719291338583
21
0.8756784645669291
0
LINE
8
BLACK
6
CONTINUOUS
10
0.5579461811023622
20
1.0017386220472442
11
0.5581259842519685
21
1.0008346456692914
0
LINE
8
BLACK
6
CONTINUOUS
10
0.5581259842519685
20
1.0008346456692914
11
0.5581259842519685
21
0.9346929133858267
0
LINE
8
BLACK
6
CONTINUOUS
10
0.5581259842519685
20
0.9346929133858267
11
0.5579461811023622
21
0.933788937007874
0
LINE
8
BLACK
6
CONTINUOUS
10
0.5579461811023622
20
0.933788937007874
11
0.5566677559055118
21
0.9325105118110236
0
LINE
8
BLACK
6
CONTINUOUS
10
0.5566677559055118
20
0.9325105118110236
11
0.5548598031496063
21
0.9325105118110236
0
LINE
8
BLACK
6
CONTINUOUS
10
0.5548598031496063
20
0.9325105118110236
11
0.5535813779527559
21
0.933788937007874
0
LINE
8
BLACK
6
CONTINUOUS
10
0.5535813779527559
20
0.933788937007874
11
0.5534015748031496
21
0.9346929133858267
0
LINE
8
BLACK
6
CONTINUOUS
10
0.5534015748031496
20
0.9346929133858267
11
0.5534015748031496
21
1.0008346456692914
0
LINE
8
BLACK
6
CONTINUOUS
10
0.5534015748031496
20
1.0008346456692914
11
0.5535813779527559
21
1.0017386220472442
0
LINE
8
BLACK
6
CONTINUOUS
10
0.5535813779527559
20
1.0017386220472442
11
0.5548598031496063
21
1.0030170472440945
0
LINE
8
BLACK
6
CONTINUOUS
10
0.5548598031496063
20
1.0030170472440945
11
0.5566677559055118
21
1.0030170472440945
0
LINE
8
BLACK
6
CONTINUOUS
10
0.5566677559055118
20
1.0030170472440945
11
0.5579461811023622
21
1.0017386220472442
0
LINE
8
BLACK
6
CONTINUOUS
10
1.8264501181102362
20
1.0017386220472442
11
1.8266299212598425
21
1.0008346456692914
0
LINE
8
BLACK
6
CONTINUOUS
10
1.8266299212598425
20
1.0008346456692914
11
1.8266299212598425
21
0.9346929133858267
0
LINE
8
BLACK
6
CONTINUOUS
10
1.8266299212598425
20
0.9346929133858267
11
1.8264501181102362
21
0.933788937007874
0
LINE
8
BLACK
6
CONTINUOUS
10
1.8264501181102362
20
0.933788937007874
11
1.8251716929133859
21
0.9325105118110236
0
LINE
8
BLACK
6
CONTINUOUS
10
1.8251716929133859
20
0.9325105118110236
11
1.8233637401574803
21
0.9325105118110236
0
LINE
8
BLACK
6
CONTINUOUS
10
1.8233637401574803
20
0.9325105118110236
11
1.82208531496063
21
0.933788937007874
0
LINE
8
BLACK
6
CONTINUOUS
10
1.82208531496063
20
0.933788937007874
11
1.8219055118110237
21
0.9346929133858267
0
LINE
8
BLACK
6
CONTINUOUS
10
1.8219055118110237
20
0.9346929133858267
11
1.8219055118110237
21
1.0008346456692914
0
LINE
8
BLACK
6
CONTINUOUS
10
1.8219055118110237
20
1.0008346456692914
11
1.82208531496063
21
1.0017386220472442
0
LINE
8
BLACK
6
CONTINUOUS
10
1.82208531496063
20
1.0017386220472442
11
1.8233637401574803
21
1.0030170472440945
0
LINE
8
BLACK
6
CONTINUOUS
10
1.8233637401574803
20
1.0030170472440945
11
1.8251716929133859
21
1.0030170472440945
0
LINE
8
BLACK
6
CONTINUOUS
10
1.8251716929133859
20
1.0030170472440945
11
1.8264501181102362
21
1.0017386220472442
0
LINE
8
BLACK
6
CONTINUOUS
10
0.5579461811023622
20
1.2379590944881889
11
0.5581259842519685
21
1.2370551181102363
0
LINE
8
BLACK
6
CONTINUOUS
10
0.5581259842519685
20
1.2370551181102363
11
0.5581259842519685
21
1.1709133858267717
0
LINE
8
BLACK
6
CONTINUOUS
10
0.5581259842519685
20
1.1709133858267717
11
0.5579461811023622
21
1.1700094094488189
0
LINE
8
BLACK
6
CONTINUOUS
10
0.5579461811023622
20
1.1700094094488189
11
0.5566677559055118
21
1.1687309842519684
0
LINE
8
BLACK
6
CONTINUOUS
10
0.5566677559055118
20
1.1687309842519684
11
0.5548598031496063
21
1.1687309842519684
0
LINE
8
BLACK
6
CONTINUOUS
10
0.5548598031496063
20
1.1687309842519684
11
0.5535813779527559
21
1.1700094094488189
0
LINE
8
BLACK
6
CONTINUOUS
10
0.5535813779527559
20
1.1700094094488189
11
0.5534015748031496
21
1.1709133858267717
0
LINE
8
BLACK
6
CONTINUOUS
10
0.5534015748031496
20
1.1709133858267717
11
0.5534015748031496
21
1.2370551181102363
0
LINE
8
BLACK
6
CONTINUOUS
10
0.5534015748031496
20
1.2370551181102363
11
0.5535813779527559
21
1.2379590944881889
0
LINE
8
BLACK
6
CONTINUOUS
10
0.5535813779527559
20
1.2379590944881889
11
0.5548598031496063
21
1.2392375196850394
0
LINE
8
BLACK
6
CONTINUOUS
10
0.5548598031496063
20
1.2392375196850394
11
0.5566677559055118
21
1.2392375196850394
0
LINE
8
BLACK
6
CONTINUOUS
10
0.5566677559055118
20
1.2392375196850394
11
0.5579461811023622
21
1.2379590944881889
0
LINE
8
BLACK
6
CONTINUOUS
10
1.8264501181102362
20
1.2379590944881889
11
1.8266299212598425
21
1.2370551181102363
0
LINE
8
BLACK
6
CONTINUOUS
10
1.8266299212598425
20
1.2370551181102363
11
1.8266299212598425
21
1.1709133858267717
0
LINE
8
BLACK
6
CONTINUOUS
10
1.8266299212598425
20
1.1709133858267717
11
1.8264501181102362
21
1.1700094094488189
0
LINE
8
BLACK
6
CONTINUOUS
10
1.8264501181102362
20
1.1700094094488189
11
1.8251716929133859
21
1.1687309842519684
0
LINE
8
BLACK
6
CONTINUOUS
10
1.8251716929133859
20
1.1687309842519684
11
1.8233637401574803
21
1.1687309842519684
0
LINE
8
BLACK
6
CONTINUOUS
10
1.8233637401574803
20
1.1687309842519684
11
1.82208531496063
21
1.1700094094488189
0
LINE
8
BLACK
6
CONTINUOUS
10
1.82208531496063
20
1.1700094094488189
11
1.8219055118110237
21
1.1709133858267717
0
LINE
8
BLACK
6
CONTINUOUS
10
1.8219055118110237
20
1.1709133858267717
11
1.8219055118110237
21
1.2370551181102363
0
LINE
8
BLACK
6
CONTINUOUS
10
1.8219055118110237
20
1.2370551181102363
11
1.82208531496063
21
1.2379590944881889
0
LINE
8
BLACK
6
CONTINUOUS
10
1.82208531496063
20
1.2379590944881889
11
1.8233637401574803
21
1.2392375196850394
0
LINE
8
BLACK
6
CONTINUOUS
10
1.8233637401574803
20
1.2392375196850394
11
1.8251716929133859
21
1.2392375196850394
0
LINE
8
BLACK
6
CONTINUOUS
10
1.8251716929133859
20
1.2392375196850394
11
1.8264501181102362
21
1.2379590944881889
0
LINE
8
BLACK
6
CONTINUOUS
10
0.5579461811023622
20
1.4741795669291338
11
0.5581259842519685
21
1.473275590551181
0
LINE
8
BLACK
6
CONTINUOUS
10
0.5581259842519685
20
1.473275590551181
11
0.5581259842519685
21
1.4071338582677164
0
LINE
8
BLACK
6
CONTINUOUS
10
0.5581259842519685
20
1.4071338582677164
11
0.5579461811023622
21
1.4062298818897638
0
LINE
8
BLACK
6
CONTINUOUS
10
0.5579461811023622
20
1.4062298818897638
11
0.5566677559055118
21
1.4049514566929133
0
LINE
8
BLACK
6
CONTINUOUS
10
0.5566677559055118
20
1.4049514566929133
11
0.5548598031496063
21
1.4049514566929133
0
LINE
8
BLACK
6
CONTINUOUS
10
0.5548598031496063
20
1.4049514566929133
11
0.5535813779527559
21
1.4062298818897638
0
LINE
8
BLACK
6
CONTINUOUS
10
0.5535813779527559
20
1.4062298818897638
11
0.5534015748031496
21
1.4071338582677164
0
LINE
8
BLACK
6
CONTINUOUS
10
0.5534015748031496
20
1.4071338582677164
11
0.5534015748031496
21
1.473275590551181
0
LINE
8
BLACK
6
CONTINUOUS
10
0.5534015748031496
20
1.473275590551181
11
0.5535813779527559
21
1.4741795669291338
0
LINE
8
BLACK
6
CONTINUOUS
10
0.5535813779527559
20
1.4741795669291338
11
0.5548598031496063
21
1.4754579921259843
0
LINE
8
BLACK
6
CONTINUOUS
10
0.5548598031496063
20
1.4754579921259843
11
0.5566677559055118
21
1.4754579921259843
0
LINE
8
BLACK
6
CONTINUOUS
10
0.5566677559055118
20
1.4754579921259843
11
0.5579461811023622
21
1.4741795669291338
0
LINE
8
BLACK
6
CONTINUOUS
10
1.8264501181102362
20
1.4741795669291338
11
1.8266299212598425
21
1.473275590551181
0
LINE
8
BLACK
6
CONTINUOUS
10
1.8266299212598425
20
1.473275590551181
11
1.8266299212598425
21
1.4071338582677164
0
LINE
8
BLACK
6
CONTINUOUS
10
1.8266299212598425
20
1.4071338582677164
11
1.8264501181102362
21
1.4062298818897638
0
LINE
8
BLACK
6
CONTINUOUS
10
1.8264501181102362
20
1.4062298818897638
11
1.8251716929133859
21
1.4049514566929133
0
LINE
8
BLACK
6
CONTINUOUS
10
1.8251716929133859
20
1.4049514566929133
11
1.8233637401574803
21
1.4049514566929133
0
LINE
8
BLACK
6
CONTINUOUS
10
1.8233637401574803
20
1.4049514566929133
11
1.82208531496063
21
1.4062298818897638
0
LINE
8
BLACK
6
CONTINUOUS
10
1.82208531496063
20
1.4062298818897638
11
1.8219055118110237
21
1.4071338582677164
0
LINE
8
BLACK
6
CONTINUOUS
10
1.8219055118110237
20
1.4071338582677164
11
1.8219055118110237
21
1.473275590551181
0
LINE
8
BLACK
6
CONTINUOUS
10
1.8219055118110237
20
1.473275590551181
11
1.82208531496063
21
1.4741795669291338
0
LINE
8
BLACK
6
CONTINUOUS
10
1.82208531496063
20
1.4741795669291338
11
1.8233637401574803
21
1.4754579921259843
0
LINE
8
BLACK
6
CONTINUOUS
10
1.8233637401574803
20
1.4754579921259843
11
1.8251716929133859
21
1.4754579921259843
0
LINE
8
BLACK
6
CONTINUOUS
10
1.8251716929133859
20
1.4754579921259843
11
1.8264501181102362
21
1.4741795669291338
0
LINE
8
BLACK
6
CONTINUOUS
10
0.5579461811023622
20
1.7104000393700787
11
0.5581259842519685
21
1.7094960629921259
0
LINE
8
BLACK
6
CONTINUOUS
10
0.5581259842519685
20
1.7094960629921259
11
0.5581259842519685
21
1.6433543307086613
0
LINE
8
BLACK
6
CONTINUOUS
10
0.5581259842519685
20
1.6433543307086613
11
0.5579461811023622
21
1.6424503543307085
0
LINE
8
BLACK
6
CONTINUOUS
10
0.5579461811023622
20
1.6424503543307085
11
0.5566677559055118
21
1.6411719291338582
0
LINE
8
BLACK
6
CONTINUOUS
10
0.5566677559055118
20
1.6411719291338582
11
0.5548598031496063
21
1.6411719291338582
0
LINE
8
BLACK
6
CONTINUOUS
10
0.5548598031496063
20
1.6411719291338582
11
0.5535813779527559
21
1.6424503543307085
0
LINE
8
BLACK
6
CONTINUOUS
10
0.5535813779527559
20
1.6424503543307085
11
0.5534015748031496
21
1.6433543307086613
0
LINE
8
BLACK
6
CONTINUOUS
10
0.5534015748031496
20
1.6433543307086613
11
0.5534015748031496
21
1.7094960629921259
0
LINE
8
BLACK
6
CONTINUOUS
10
0.5534015748031496
20
1.7094960629921259
11
0.5535813779527559
21
1.7104000393700787
0
LINE
8
BLACK
6
CONTINUOUS
10
0.5535813779527559
20
1.7104000393700787
11
0.5548598031496063
21
1.7116784645669292
0
LINE
8
BLACK
6
CONTINUOUS
10
0.5548598031496063
20
1.7116784645669292
11
0.5566677559055118
21
1.7116784645669292
0
LINE
8
BLACK
6
CONTINUOUS
10
0.5566677559055118
20
1.7116784645669292
11
0.5579461811023622
21
1.7104000393700787
0
LINE
8
BLACK
6
CONTINUOUS
10
1.8264501181102362
20
1.7104000393700787
11
1.8266299212598425
21
1.7094960629921259
0
LINE
8
BLACK
6
CONTINUOUS
10
1.8266299212598425
20
1.7094960629921259
11
1.8266299212598425
21
1.6433543307086613
0
LINE
8
BLACK
6
CONTINUOUS
10
1.8266299212598425
20
1.6433543307086613
11
1.8264501181102362
21
1.6424503543307085
0
LINE
8
BLACK
6
CONTINUOUS
10
1.8264501181102362
20
1.6424503543307085
11
1.8251716929133859
21
1.6411719291338582
0
LINE
8
BLACK
6
CONTINUOUS
10
1.8251716929133859
20
1.6411719291338582
11
1.8233637401574803
21
1.6411719291338582
0
LINE
8
BLACK
6
CONTINUOUS
10
1.8233637401574803
20
1.6411719291338582
11
1.82208531496063
21
1.6424503543307085
0
LINE
8
BLACK
6
CONTINUOUS
10
1.82208531496063
20
1.6424503543307085
11
1.8219055118110237
21
1.6433543307086613
0
LINE
8
BLACK
6
CONTINUOUS
10
1.8219055118110237
20
1.6433543307086613
11
1.8219055118110237
21
1.7094960629921259
0
LINE
8
BLACK
6
CONTINUOUS
10
1.8219055118110237
20
1.7094960629921259
11
1.82208531496063
21
1.7104000393700787
0
LINE
8
BLACK
6
CONTINUOUS
10
1.82208531496063
20
1.7104000393700787
11
1.8233637401574803
21
1.7116784645669292
0
LINE
8
BLACK
6
CONTINUOUS
10
1.8233637401574803
20
1.7116784645669292
11
1.8251716929133859
21
1.7116784645669292
0
LINE
8
BLACK
6
CONTINUOUS
10
1.8251716929133859
20
1.7116784645669292
11
1.8264501181102362
21
1.7104000393700787
0
LINE
8
BLACK
6
CONTINUOUS
10
0.7515496456692913
20
1.840418622047244
11
0.7528280708661417
21
1.8391401968503938
0
LINE
8
BLACK
6
CONTINUOUS
10
0.7528280708661417
20
1.8391401968503938
11
0.7528280708661417
21
1.8373322440944881
0
LINE
8
BLACK
6
CONTINUOUS
10
0.7528280708661417
20
1.8373322440944881
11
0.7515496456692913
21
1.8360538188976379
0
LINE
8
BLACK
6
CONTINUOUS
10
0.7515496456692913
20
1.8360538188976379
11
0.7506456692913386
21
1.8358740157480316
0
LINE
8
BLACK
6
CONTINUOUS
10
0.7506456692913386
20
1.8358740157480316
11
0.684503937007874
21
1.8358740157480316
0
LINE
8
BLACK
6
CONTINUOUS
10
0.684503937007874
20
1.8358740157480316
11
0.6835999606299212
21
1.8360538188976379
0
LINE
8
BLACK
6
CONTINUOUS
10
0.6835999606299212
20
1.8360538188976379
11
0.6823215354330708
21
1.8373322440944881
0
LINE
8
BLACK
6
CONTINUOUS
10
0.6823215354330708
20
1.8373322440944881
11
0.6823215354330708
21
1.8391401968503938
0
LINE
8
BLACK
6
CONTINUOUS
10
0.6823215354330708
20
1.8391401968503938
11
0.6835999606299212
21
1.840418622047244
0
LINE
8
BLACK
6
CONTINUOUS
10
0.6835999606299212
20
1.840418622047244
11
0.684503937007874
21
1.8405984251968504
0
LINE
8
BLACK
6
CONTINUOUS
10
0.684503937007874
20
1.8405984251968504
11
0.7506456692913386
21
1.8405984251968504
0
LINE
8
BLACK
6
CONTINUOUS
10
0.7506456692913386
20
1.8405984251968504
11
0.7515496456692913
21
1.840418622047244
0
LINE
8
BLACK
6
CONTINUOUS
10
0.9877701181102362
20
1.840418622047244
11
0.9890485433070866
21
1.8391401968503938
0
LINE
8
BLACK
6
CONTINUOUS
10
0.9890485433070866
20
1.8391401968503938
11
0.9890485433070866
21
1.8373322440944881
0
LINE
8
BLACK
6
CONTINUOUS
10
0.9890485433070866
20
1.8373322440944881
11
0.9877701181102362
21
1.8360538188976379
0
LINE
8
BLACK
6
CONTINUOUS
10
0.9877701181102362
20
1.8360538188976379
11
0.9868661417322835
21
1.8358740157480316
0
LINE
8
BLACK
6
CONTINUOUS
10
0.9868661417322835
20
1.8358740157480316
11
0.9207244094488188
21
1.8358740157480316
0
LINE
8
BLACK
6
CONTINUOUS
10
0.9207244094488188
20
1.8358740157480316
11
0.9198204330708661
21
1.8360538188976379
0
LINE
8
BLACK
6
CONTINUOUS
10
0.9198204330708661
20
1.8360538188976379
11
0.9185420078740157
21
1.8373322440944881
0
LINE
8
BLACK
6
CONTINUOUS
10
0.9185420078740157
20
1.8373322440944881
11
0.9185420078740157
21
1.8391401968503938
0
LINE
8
BLACK
6
CONTINUOUS
10
0.9185420078740157
20
1.8391401968503938
11
0.9198204330708661
21
1.840418622047244
0
LINE
8
BLACK
6
CONTINUOUS
10
0.9198204330708661
20
1.840418622047244
11
0.9207244094488188
21
1.8405984251968504
0
LINE
8
BLACK
6
CONTINUOUS
10
0.9207244094488188
20
1.8405984251968504
11
0.9868661417322835
21
1.8405984251968504
0
LINE
8
BLACK
6
CONTINUOUS
10
0.9868661417322835
20
1.8405984251968504
11
0.9877701181102362
21
1.840418622047244
0
LINE
8
BLACK
6
CONTINUOUS
10
1.223990590551181
20
1.840418622047244
11
1.2252690157480315
21
1.8391401968503938
0
LINE
8
BLACK
6
CONTINUOUS
10
1.2252690157480315
20
1.8391401968503938
11
1.2252690157480315
21
1.8373322440944881
0
LINE
8
BLACK
6
CONTINUOUS
10
1.2252690157480315
20
1.8373322440944881
11
1.223990590551181
21
1.8360538188976379
0
LINE
8
BLACK
6
CONTINUOUS
10
1.223990590551181
20
1.8360538188976379
11
1.2230866141732284
21
1.8358740157480316
0
LINE
8
BLACK
6
CONTINUOUS
10
1.2230866141732284
20
1.8358740157480316
11
1.1569448818897639
21
1.8358740157480316
0
LINE
8
BLACK
6
CONTINUOUS
10
1.1569448818897639
20
1.8358740157480316
11
1.156040905511811
21
1.8360538188976379
0
LINE
8
BLACK
6
CONTINUOUS
10
1.156040905511811
20
1.8360538188976379
11
1.1547624803149605
21
1.8373322440944881
0
LINE
8
BLACK
6
CONTINUOUS
10
1.1547624803149605
20
1.8373322440944881
11
1.1547624803149605
21
1.8391401968503938
0
LINE
8
BLACK
6
CONTINUOUS
10
1.1547624803149605
20
1.8391401968503938
11
1.156040905511811
21
1.840418622047244
0
LINE
8
BLACK
6
CONTINUOUS
10
1.156040905511811
20
1.840418622047244
11
1.1569448818897639
21
1.8405984251968504
0
LINE
8
BLACK
6
CONTINUOUS
10
1.1569448818897639
20
1.8405984251968504
11
1.2230866141732284
21
1.8405984251968504
0
LINE
8
BLACK
6
CONTINUOUS
10
1.2230866141732284
20
1.8405984251968504
11
1.223990590551181
21
1.840418622047244
0
LINE
8
BLACK
6
CONTINUOUS
10
1.4602110629921259
20
1.840418622047244
11
1.4614894881889764
21
1.8391401968503938
0
LINE
8
BLACK
6
CONTINUOUS
10
1.4614894881889764
20
1.8391401968503938
11
1.4614894881889764
21
1.8373322440944881
0
LINE
8
BLACK
6
CONTINUOUS
10
1.4614894881889764
20
1.8373322440944881
11
1.4602110629921259
21
1.8360538188976379
0
LINE
8
BLACK
6
CONTINUOUS
10
1.4602110629921259
20
1.8360538188976379
11
1.4593070866141733
21
1.8358740157480316
0
LINE
8
BLACK
6
CONTINUOUS
10
1.4593070866141733
20
1.8358740157480316
11
1.3931653543307085
21
1.8358740157480316
0
LINE
8
BLACK
6
CONTINUOUS
10
1.3931653543307085
20
1.8358740157480316
11
1.392261377952756
21
1.8360538188976379
0
LINE
8
BLACK
6
CONTINUOUS
10
1.392261377952756
20
1.8360538188976379
11
1.3909829527559054
21
1.8373322440944881
0
LINE
8
BLACK
6
CONTINUOUS
10
1.3909829527559054
20
1.8373322440944881
11
1.3909829527559054
21
1.8391401968503938
0
LINE
8
BLACK
6
CONTINUOUS
10
1.3909829527559054
20
1.8391401968503938
11
1.392261377952756
21
1.840418622047244
0
LINE
8
BLACK
6
CONTINUOUS
10
1.392261377952756
20
1.840418622047244
11
1.3931653543307085
21
1.8405984251968504
0
LINE
8
BLACK
6
CONTINUOUS
10
1.3931653543307085
20
1.8405984251968504
11
1.4593070866141733
21
1.8405984251968504
0
LINE
8
BLACK
6
CONTINUOUS
10
1.4593070866141733
20
1.8405984251968504
11
1.4602110629921259
21
1.840418622047244
0
LINE
8
BLACK
6
CONTINUOUS
10
1.6964315354330708
20
1.840418622047244
11
1.6977099606299213
21
1.8391401968503938
0
LINE
8
BLACK
6
CONTINUOUS
10
1.6977099606299213
20
1.8391401968503938
11
1.6977099606299213
21
1.8373322440944881
0
LINE
8
BLACK
6
CONTINUOUS
10
1.6977099606299213
20
1.8373322440944881
11
1.6964315354330708
21
1.8360538188976379
0
LINE
8
BLACK
6
CONTINUOUS
10
1.6964315354330708
20
1.8360538188976379
11
1.695527559055118
21
1.8358740157480316
0
LINE
8
BLACK
6
CONTINUOUS
10
1.695527559055118
20
1.8358740157480316
11
1.6293858267716534
21
1.8358740157480316
0
LINE
8
BLACK
6
CONTINUOUS
10
1.6293858267716534
20
1.8358740157480316
11
1.6284818503937009
21
1.8360538188976379
0
LINE
8
BLACK
6
CONTINUOUS
10
1.6284818503937009
20
1.8360538188976379
11
1.6272034251968504
21
1.8373322440944881
0
LINE
8
BLACK
6
CONTINUOUS
10
1.6272034251968504
20
1.8373322440944881
11
1.6272034251968504
21
1.8391401968503938
0
LINE
8
BLACK
6
CONTINUOUS
10
1.6272034251968504
20
1.8391401968503938
11
1.6284818503937009
21
1.840418622047244
0
LINE
8
BLACK
6
CONTINUOUS
10
1.6284818503937009
20
1.840418622047244
11
1.6293858267716534
21
1.8405984251968504
0
LINE
8
BLACK
6
CONTINUOUS
10
1.6293858267716534
20
1.8405984251968504
11
1.695527559055118
21
1.8405984251968504
0
LINE
8
BLACK
6
CONTINUOUS
10
1.695527559055118
20
1.8405984251968504
11
1.6964315354330708
21
1.840418622047244
0
LINE
8
BLACK
6
CONTINUOUS
10
-1.7913143307086614
20
2.9333572834645669
11
-1.7858951968503936
21
2.9311125984251967
0
LINE
8
BLACK
6
CONTINUOUS
10
-1.7858951968503936
20
2.9311125984251967
11
-1.7810181496062991
21
2.9278538582677163
0
LINE
8
BLACK
6
CONTINUOUS
10
-1.7810181496062991
20
2.9278538582677163
11
-1.7768705511811023
21
2.9237062598425196
0
LINE
8
BLACK
6
CONTINUOUS
10
-1.7768705511811023
20
2.9237062598425196
11
-1.7736118110236221
21
2.9188292125984252
0
LINE
8
BLACK
6
CONTINUOUS
10
-1.7736118110236221
20
2.9188292125984252
11
-1.7713671259842518
21
2.9134100787401573
0
LINE
8
BLACK
6
CONTINUOUS
10
-1.7713671259842518
20
2.9134100787401573
11
-1.7702228346456692
21
2.9076572047244094
0
LINE
8
BLACK
6
CONTINUOUS
10
-1.7702228346456692
20
2.9076572047244094
11
-1.7702228346456692
21
2.9017916141732281
0
LINE
8
BLACK
6
CONTINUOUS
10
-1.7702228346456692
20
2.9017916141732281
11
-1.7713671259842518
21
2.8960387401574801
0
LINE
8
BLACK
6
CONTINUOUS
10
-1.7713671259842518
20
2.8960387401574801
11
-1.7736118110236221
21
2.8906196062992127
0
LINE
8
BLACK
6
CONTINUOUS
10
-1.7736118110236221
20
2.8906196062992127
11
-1.7768705511811023
21
2.8857425590551182
0
LINE
8
BLACK
6
CONTINUOUS
10
-1.7768705511811023
20
2.8857425590551182
11
-1.7810181496062991
21
2.8815949606299212
0
LINE
8
BLACK
6
CONTINUOUS
10
-1.7810181496062991
20
2.8815949606299212
11
-1.7858951968503936
21
2.8783362204724408
0
LINE
8
BLACK
6
CONTINUOUS
10
-1.7858951968503936
20
2.8783362204724408
11
-1.7913143307086614
21
2.8760915354330709
0
LINE
8
BLACK
6
CONTINUOUS
10
-1.7913143307086614
20
2.8760915354330709
11
-1.7970672047244094
21
2.8749472440944883
0
LINE
8
BLACK
6
CONTINUOUS
10
-1.7970672047244094
20
2.8749472440944883
11
-1.8029327952755905
21
2.8749472440944883
0
LINE
8
BLACK
6
CONTINUOUS
10
-1.8029327952755905
20
2.8749472440944883
11
-1.8086856692913384
21
2.8760915354330709
0
LINE
8
BLACK
6
CONTINUOUS
10
-1.8086856692913384
20
2.8760915354330709
11
-1.8141048031496063
21
2.8783362204724408
0
LINE
8
BLACK
6
CONTINUOUS
10
-1.8141048031496063
20
2.8783362204724408
11
-1.8189818503937007
21
2.8815949606299212
0
LINE
8
BLACK
6
CONTINUOUS
10
-1.8189818503937007
20
2.8815949606299212
11
-1.8231294488188976
21
2.8857425590551182
0
LINE
8
BLACK
6
CONTINUOUS
10
-1.8231294488188976
20
2.8857425590551182
11
-1.826388188976378
21
2.8906196062992127
0
LINE
8
BLACK
6
CONTINUOUS
10
-1.826388188976378
20
2.8906196062992127
11
-1.828632874015748
21
2.8960387401574801
0
LINE
8
BLACK
6
CONTINUOUS
10
-1.828632874015748
20
2.8960387401574801
11
-1.8297771653543307
21
2.9017916141732281
0
LINE
8
BLACK
6
CONTINUOUS
10
-1.8297771653543307
20
2.9017916141732281
11
-1.8297771653543307
21
2.9072061023622044
0
LINE
8
BLACK
6
CONTINUOUS
10
-1.8297771653543307
20
2.9072061023622044
11
-1.8297771653543307
21
2.9076572047244094
0
LINE
8
BLACK
6
CONTINUOUS
10
-1.8297771653543307
20
2.9076572047244094
11
-1.828632874015748
21
2.9134100787401573
0
LINE
8
BLACK
6
CONTINUOUS
10
-1.828632874015748
20
2.9134100787401573
11
-1.826388188976378
21
2.9188292125984252
0
LINE
8
BLACK
6
CONTINUOUS
10
-1.826388188976378
20
2.9188292125984252
11
-1.8231294488188976
21
2.9237062598425196
0
LINE
8
BLACK
6
CONTINUOUS
10
-1.8231294488188976
20
2.9237062598425196
11
-1.8189818503937007
21
2.9278538582677163
0
LINE
8
BLACK
6
CONTINUOUS
10
-1.8189818503937007
20
2.9278538582677163
11
-1.8141048031496063
21
2.9311125984251967
0
LINE
8
BLACK
6
CONTINUOUS
10
-1.8141048031496063
20
2.9311125984251967
11
-1.8086856692913384
21
2.9333572834645669
0
LINE
8
BLACK
6
CONTINUOUS
10
-1.8086856692913384
20
2.9333572834645669
11
-1.8029327952755905
21
2.9345015748031495
0
LINE
8
BLACK
6
CONTINUOUS
10
-1.8029327952755905
20
2.9345015748031495
11
-1.7970672047244094
21
2.9345015748031495
0
LINE
8
BLACK
6
CONTINUOUS
10
-1.7970672047244094
20
2.9345015748031495
11
-1.7913143307086614
21
2.9333572834645669
0
LINE
8
BLACK
6
CONTINUOUS
10
-1.8251968503937008
20
2.902242716535433
11
-1.8242285433070866
21
2.8973747637795273
0
LINE
8
BLACK
6
CONTINUOUS
10
-1.8242285433070866
20
2.8973747637795273
11
-1.8223291732283464
21
2.8927892125984251
0
LINE
8
BLACK
6
CONTINUOUS
10
-1.8223291732283464
20
2.8927892125984251
11
-1.8195716929133858
21
2.8886623622047245
0
LINE
8
BLACK
6
CONTINUOUS
10
-1.8195716929133858
20
2.8886623622047245
11
-1.8160620472440945
21
2.8851527165354329
0
LINE
8
BLACK
6
CONTINUOUS
10
-1.8160620472440945
20
2.8851527165354329
11
-1.8119351968503936
21
2.8823952362204723
0
LINE
8
BLACK
6
CONTINUOUS
10
-1.8119351968503936
20
2.8823952362204723
11
-1.8073496456692912
21
2.8804958661417324
0
LINE
8
BLACK
6
CONTINUOUS
10
-1.8073496456692912
20
2.8804958661417324
11
-1.8024816929133858
21
2.8795275590551181
0
LINE
8
BLACK
6
CONTINUOUS
10
-1.8024816929133858
20
2.8795275590551181
11
-1.7975183070866141
21
2.8795275590551181
0
LINE
8
BLACK
6
CONTINUOUS
10
-1.7975183070866141
20
2.8795275590551181
11
-1.7926503543307086
21
2.8804958661417324
0
LINE
8
BLACK
6
CONTINUOUS
10
-1.7926503543307086
20
2.8804958661417324
11
-1.7880648031496063
21
2.8823952362204723
0
LINE
8
BLACK
6
CONTINUOUS
10
-1.7880648031496063
20
2.8823952362204723
11
-1.7839379527559054
21
2.8851527165354329
0
LINE
8
BLACK
6
CONTINUOUS
10
-1.7839379527559054
20
2.8851527165354329
11
-1.780428307086614
21
2.8886623622047245
0
LINE
8
BLACK
6
CONTINUOUS
10
-1.780428307086614
20
2.8886623622047245
11
-1.7776708267716534
21
2.8927892125984251
0
LINE
8
BLACK
6
CONTINUOUS
10
-1.7776708267716534
20
2.8927892125984251
11
-1.7757714566929133
21
2.8973747637795273
0
LINE
8
BLACK
6
CONTINUOUS
10
-1.7757714566929133
20
2.8973747637795273
11
-1.7748031496062993
21
2.902242716535433
0
LINE
8
BLACK
6
CONTINUOUS
10
-1.7748031496062993
20
2.902242716535433
11
-1.7748031496062993
21
2.9072061023622044
0
LINE
8
BLACK
6
CONTINUOUS
10
-1.7748031496062993
20
2.9072061023622044
11
-1.7757714566929133
21
2.9120740551181101
0
LINE
8
BLACK
6
CONTINUOUS
10
-1.7757714566929133
20
2.9120740551181101
11
-1.7776708267716534
21
2.9166596062992127
0
LINE
8
BLACK
6
CONTINUOUS
10
-1.7776708267716534
20
2.9166596062992127
11
-1.780428307086614
21
2.9207864566929134
0
LINE
8
BLACK
6
CONTINUOUS
10
-1.780428307086614
20
2.9207864566929134
11
-1.7839379527559054
21
2.9242961023622045
0
LINE
8
BLACK
6
CONTINUOUS
10
-1.7839379527559054
20
2.9242961023622045
11
-1.7880648031496063
21
2.9270535826771651
0
LINE
8
BLACK
6
CONTINUOUS
10
-1.7880648031496063
20
2.9270535826771651
11
-1.7926503543307086
21
2.9289529527559055
0
LINE
8
BLACK
6
CONTINUOUS
10
-1.7926503543307086
20
2.9289529527559055
11
-1.7975183070866141
21
2.9299212598425197
0
LINE
8
BLACK
6
CONTINUOUS
10
-1.7975183070866141
20
2.9299212598425197
11
-1.8024816929133858
21
2.9299212598425197
0
LINE
8
BLACK
6
CONTINUOUS
10
-1.8024816929133858
20
2.9299212598425197
11
-1.8073496456692912
21
2.9289529527559055
0
LINE
8
BLACK
6
CONTINUOUS
10
-1.8073496456692912
20
2.9289529527559055
11
-1.8119351968503936
21
2.9270535826771651
0
LINE
8
BLACK
6
CONTINUOUS
10
-1.8119351968503936
20
2.9270535826771651
11
-1.8160620472440945
21
2.9242961023622045
0
LINE
8
BLACK
6
CONTINUOUS
10
-1.8160620472440945
20
2.9242961023622045
11
-1.8195716929133858
21
2.9207864566929134
0
LINE
8
BLACK
6
CONTINUOUS
10
-1.8195716929133858
20
2.9207864566929134
11
-1.8223291732283464
21
2.9166596062992127
0
LINE
8
BLACK
6
CONTINUOUS
10
-1.8223291732283464
20
2.9166596062992127
11
-1.8242285433070866
21
2.9120740551181101
0
LINE
8
BLACK
6
CONTINUOUS
10
-1.8242285433070866
20
2.9120740551181101
11
-1.8251968503937008
21
2.9072061023622044
0
LINE
8
BLACK
6
CONTINUOUS
10
-1.8251968503937008
20
2.9072061023622044
11
-1.8251968503937008
21
2.902242716535433
0
LINE
8
BLACK
6
CONTINUOUS
10
-2.3506649212598423
20
3.0377092125984251
11
-2.3493332677165353
21
3.0363775590551181
0
LINE
8
BLACK
6
CONTINUOUS
10
-2.3493332677165353
20
3.0363775590551181
11
-2.3493332677165353
21
3.0344942519685039
0
LINE
8
BLACK
6
CONTINUOUS
10
-2.3493332677165353
20
3.0344942519685039
11
-2.3506649212598423
21
3.0331625984251969
0
LINE
8
BLACK
6
CONTINUOUS
10
-2.3506649212598423
20
3.0331625984251969
11
-2.3516065748031494
21
3.0329752755905512
0
LINE
8
BLACK
6
CONTINUOUS
10
-2.3516065748031494
20
3.0329752755905512
11
-2.3666047244094486
21
3.0329752755905512
0
LINE
8
BLACK
6
CONTINUOUS
10
-2.3666047244094486
20
3.0329752755905512
11
-2.3675463779527557
21
3.0331625984251969
0
LINE
8
BLACK
6
CONTINUOUS
10
-2.3675463779527557
20
3.0331625984251969
11
-2.3688780314960631
21
3.0344942519685039
0
LINE
8
BLACK
6
CONTINUOUS
10
-2.3688780314960631
20
3.0344942519685039
11
-2.3688780314960631
21
3.0363775590551181
0
LINE
8
BLACK
6
CONTINUOUS
10
-2.3688780314960631
20
3.0363775590551181
11
-2.3675463779527557
21
3.0377092125984251
0
LINE
8
BLACK
6
CONTINUOUS
10
-2.3675463779527557
20
3.0377092125984251
11
-2.3666047244094486
21
3.0378965354330707
0
LINE
8
BLACK
6
CONTINUOUS
10
-2.3666047244094486
20
3.0378965354330707
11
-2.3516065748031494
21
3.0378965354330707
0
LINE
8
BLACK
6
CONTINUOUS
10
-2.3516065748031494
20
3.0378965354330707
11
-2.3506649212598423
21
3.0377092125984251
0
LINE
8
BLACK
6
CONTINUOUS
10
-2.4374472440944883
20
3.0579373622047243
11
-2.4372599212598423
21
3.0569957086614172
0
LINE
8
BLACK
6
CONTINUOUS
10
-2.4372599212598423
20
3.0569957086614172
11
-2.4372599212598423
21
3.0373106692913385
0
LINE
8
BLACK
6
CONTINUOUS
10
-2.4372599212598423
20
3.0373106692913385
11
-2.4374472440944883
21
3.0363690157480314
0
LINE
8
BLACK
6
CONTINUOUS
10
-2.4374472440944883
20
3.0363690157480314
11
-2.4387788976377953
21
3.0350373622047244
0
LINE
8
BLACK
6
CONTINUOUS
10
-2.4387788976377953
20
3.0350373622047244
11
-2.4397205511811024
21
3.0348500393700788
0
LINE
8
BLACK
6
CONTINUOUS
10
-2.4397205511811024
20
3.0348500393700788
11
-2.4490943700787402
21
3.0348500393700788
0
LINE
8
BLACK
6
CONTINUOUS
10
-2.4490943700787402
20
3.0348500393700788
11
-2.4500360236220473
21
3.0350373622047244
0
LINE
8
BLACK
6
CONTINUOUS
10
-2.4500360236220473
20
3.0350373622047244
11
-2.4513676771653543
21
3.0363690157480314
0
LINE
8
BLACK
6
CONTINUOUS
10
-2.4513676771653543
20
3.0363690157480314
11
-2.4513676771653543
21
3.0382523228346456
0
LINE
8
BLACK
6
CONTINUOUS
10
-2.4513676771653543
20
3.0382523228346456
11
-2.4500360236220473
21
3.0395839763779526
0
LINE
8
BLACK
6
CONTINUOUS
10
-2.4500360236220473
20
3.0395839763779526
11
-2.4490943700787402
21
3.0397712992125983
0
LINE
8
BLACK
6
CONTINUOUS
10
-2.4490943700787402
20
3.0397712992125983
11
-2.4421811811023622
21
3.0397712992125983
0
LINE
8
BLACK
6
CONTINUOUS
10
-2.4421811811023622
20
3.0397712992125983
11
-2.4421811811023622
21
3.0569957086614172
0
LINE
8
BLACK
6
CONTINUOUS
10
-2.4421811811023622
20
3.0569957086614172
11
-2.4419938582677165
21
3.0579373622047243
0
LINE
8
BLACK
6
CONTINUOUS
10
-2.4419938582677165
20
3.0579373622047243
11
-2.4406622047244095
21
3.0592690157480313
0
LINE
8
BLACK
6
CONTINUOUS
10
-2.4406622047244095
20
3.0592690157480313
11
-2.4387788976377953
21
3.0592690157480313
0
LINE
8
BLACK
6
CONTINUOUS
10
-2.4387788976377953
20
3.0592690157480313
11
-2.4374472440944883
21
3.0579373622047243
0
LINE
8
BLACK
6
CONTINUOUS
10
-2.4209686220472442
20
3.0592690157480313
11
-2.4196369685039372
21
3.0579373622047243
0
LINE
8
BLACK
6
CONTINUOUS
10
-2.4196369685039372
20
3.0579373622047243
11
-2.4194496456692911
21
3.0569957086614172
0
LINE
8
BLACK
6
CONTINUOUS
10
-2.4194496456692911
20
3.0569957086614172
11
-2.4194496456692911
21
3.0373106692913385
0
LINE
8
BLACK
6
CONTINUOUS
10
-2.4194496456692911
20
3.0373106692913385
11
-2.4196369685039372
21
3.0363690157480314
0
LINE
8
BLACK
6
CONTINUOUS
10
-2.4196369685039372
20
3.0363690157480314
11
-2.4209686220472442
21
3.0350373622047244
0
LINE
8
BLACK
6
CONTINUOUS
10
-2.4209686220472442
20
3.0350373622047244
11
-2.4219102755905513
21
3.0348500393700788
0
LINE
8
BLACK
6
CONTINUOUS
10
-2.4219102755905513
20
3.0348500393700788
11
-2.4312840944881891
21
3.0348500393700788
0
LINE
8
BLACK
6
CONTINUOUS
10
-2.4312840944881891
20
3.0348500393700788
11
-2.4322257480314962
21
3.0350373622047244
0
LINE
8
BLACK
6
CONTINUOUS
10
-2.4322257480314962
20
3.0350373622047244
11
-2.4335574015748032
21
3.0363690157480314
0
LINE
8
BLACK
6
CONTINUOUS
10
-2.4335574015748032
20
3.0363690157480314
11
-2.4335574015748032
21
3.0382523228346456
0
LINE
8
BLACK
6
CONTINUOUS
10
-2.4335574015748032
20
3.0382523228346456
11
-2.4322257480314962
21
3.0395839763779526
0
LINE
8
BLACK
6
CONTINUOUS
10
-2.4322257480314962
20
3.0395839763779526
11
-2.4312840944881891
21
3.0397712992125983
0
LINE
8
BLACK
6
CONTINUOUS
10
-2.4312840944881891
20
3.0397712992125983
11
-2.424370905511811
21
3.0397712992125983
0
LINE
8
BLACK
6
CONTINUOUS
10
-2.424370905511811
20
3.0397712992125983
11
-2.424370905511811
21
3.0451612598425197
0
LINE
8
BLACK
6
CONTINUOUS
10
-2.424370905511811
20
3.0451612598425197
11
-2.4284719685039371
21
3.0451612598425197
0
LINE
8
BLACK
6
CONTINUOUS
10
-2.4284719685039371
20
3.0451612598425197
11
-2.4294136220472442
21
3.0453485826771653
0
LINE
8
BLACK
6
CONTINUOUS
10
-2.4294136220472442
20
3.0453485826771653
11
-2.4307452755905512
21
3.0466802362204723
0
LINE
8
BLACK
6
CONTINUOUS
10
-2.4307452755905512
20
3.0466802362204723
11
-2.4307452755905512
21
3.0485635433070866
0
LINE
8
BLACK
6
CONTINUOUS
10
-2.4307452755905512
20
3.0485635433070866
11
-2.4294136220472442
21
3.0498951968503936
0
LINE
8
BLACK
6
CONTINUOUS
10
-2.4294136220472442
20
3.0498951968503936
11
-2.4284719685039371
21
3.0500825196850392
0
LINE
8
BLACK
6
CONTINUOUS
10
-2.4284719685039371
20
3.0500825196850392
11
-2.424370905511811
21
3.0500825196850392
0
LINE
8
BLACK
6
CONTINUOUS
10
-2.424370905511811
20
3.0500825196850392
11
-2.424370905511811
21
3.0545350787401575
0
LINE
8
BLACK
6
CONTINUOUS
10
-2.424370905511811
20
3.0545350787401575
11
-2.4312840944881891
21
3.0545350787401575
0
LINE
8
BLACK
6
CONTINUOUS
10
-2.4312840944881891
20
3.0545350787401575
11
-2.4322257480314962
21
3.0547224015748031
0
LINE
8
BLACK
6
CONTINUOUS
10
-2.4322257480314962
20
3.0547224015748031
11
-2.4335574015748032
21
3.0560540551181101
0
LINE
8
BLACK
6
CONTINUOUS
10
-2.4335574015748032
20
3.0560540551181101
11
-2.4335574015748032
21
3.0579373622047243
0
LINE
8
BLACK
6
CONTINUOUS
10
-2.4335574015748032
20
3.0579373622047243
11
-2.4322257480314962
21
3.0592690157480313
0
LINE
8
BLACK
6
CONTINUOUS
10
-2.4322257480314962
20
3.0592690157480313
11
-2.4312840944881891
21
3.059456338582677
0
LINE
8
BLACK
6
CONTINUOUS
10
-2.4312840944881891
20
3.059456338582677
11
-2.4219102755905513
21
3.059456338582677
0
LINE
8
BLACK
6
CONTINUOUS
10
-2.4219102755905513
20
3.059456338582677
11
-2.4209686220472442
21
3.0592690157480313
0
LINE
8
BLACK
6
CONTINUOUS
10
-2.386285472440945
20
3.0592690157480313
11
-2.3849538188976376
21
3.0579373622047243
0
LINE
8
BLACK
6
CONTINUOUS
10
-2.3849538188976376
20
3.0579373622047243
11
-2.384766496062992
21
3.0569957086614172
0
LINE
8
BLACK
6
CONTINUOUS
10
-2.384766496062992
20
3.0569957086614172
11
-2.384766496062992
21
3.0373106692913385
0
LINE
8
BLACK
6
CONTINUOUS
10
-2.384766496062992
20
3.0373106692913385
11
-2.3849538188976376
21
3.0363690157480314
0
LINE
8
BLACK
6
CONTINUOUS
10
-2.3849538188976376
20
3.0363690157480314
11
-2.386285472440945
21
3.0350373622047244
0
LINE
8
BLACK
6
CONTINUOUS
10
-2.386285472440945
20
3.0350373622047244
11
-2.3872271259842521
21
3.0348500393700788
0
LINE
8
BLACK
6
CONTINUOUS
10
-2.3872271259842521
20
3.0348500393700788
11
-2.3966009448818899
21
3.0348500393700788
0
LINE
8
BLACK
6
CONTINUOUS
10
-2.3966009448818899
20
3.0348500393700788
11
-2.397542598425197
21
3.0350373622047244
0
LINE
8
BLACK
6
CONTINUOUS
10
-2.397542598425197
20
3.0350373622047244
11
-2.398874251968504
21
3.0363690157480314
0
LINE
8
BLACK
6
CONTINUOUS
10
-2.398874251968504
20
3.0363690157480314
11
-2.398874251968504
21
3.0382523228346456
0
LINE
8
BLACK
6
CONTINUOUS
10
-2.398874251968504
20
3.0382523228346456
11
-2.397542598425197
21
3.0395839763779526
0
LINE
8
BLACK
6
CONTINUOUS
10
-2.397542598425197
20
3.0395839763779526
11
-2.3966009448818899
21
3.0397712992125983
0
LINE
8
BLACK
6
CONTINUOUS
10
-2.3966009448818899
20
3.0397712992125983
11
-2.3896877559055119
21
3.0397712992125983
0
LINE
8
BLACK
6
CONTINUOUS
10
-2.3896877559055119
20
3.0397712992125983
11
-2.3896877559055119
21
3.0451612598425197
0
LINE
8
BLACK
6
CONTINUOUS
10
-2.3896877559055119
20
3.0451612598425197
11
-2.3937888188976379
21
3.0451612598425197
0
LINE
8
BLACK
6
CONTINUOUS
10
-2.3937888188976379
20
3.0451612598425197
11
-2.3947304724409446
21
3.0453485826771653
0
LINE
8
BLACK
6
CONTINUOUS
10
-2.3947304724409446
20
3.0453485826771653
11
-2.3960621259842521
21
3.0466802362204723
0
LINE
8
BLACK
6
CONTINUOUS
10
-2.3960621259842521
20
3.0466802362204723
11
-2.3960621259842521
21
3.0485635433070866
0
LINE
8
BLACK
6
CONTINUOUS
10
-2.3960621259842521
20
3.0485635433070866
11
-2.3947304724409446
21
3.0498951968503936
0
LINE
8
BLACK
6
CONTINUOUS
10
-2.3947304724409446
20
3.0498951968503936
11
-2.3937888188976379
21
3.0500825196850392
0
LINE
8
BLACK
6
CONTINUOUS
10
-2.3937888188976379
20
3.0500825196850392
11
-2.3896877559055119
21
3.0500825196850392
0
LINE
8
BLACK
6
CONTINUOUS
10
-2.3896877559055119
20
3.0500825196850392
11
-2.3896877559055119
21
3.0545350787401575
0
LINE
8
BLACK
6
CONTINUOUS
10
-2.3896877559055119
20
3.0545350787401575
11
-2.3966009448818899
21
3.0545350787401575
0
LINE
8
BLACK
6
CONTINUOUS
10
-2.3966009448818899
20
3.0545350787401575
11
-2.397542598425197
21
3.0547224015748031
0
LINE
8
BLACK
6
CONTINUOUS
10
-2.397542598425197
20
3.0547224015748031
11
-2.398874251968504
21
3.0560540551181101
0
LINE
8
BLACK
6
CONTINUOUS
10
-2.398874251968504
20
3.0560540551181101
11
-2.398874251968504
21
3.0579373622047243
0
LINE
8
BLACK
6
CONTINUOUS
10
-2.398874251968504
20
3.0579373622047243
11
-2.397542598425197
21
3.0592690157480313
0
LINE
8
BLACK
6
CONTINUOUS
10
-2.397542598425197
20
3.0592690157480313
11
-2.3966009448818899
21
3.059456338582677
0
LINE
8
BLACK
6
CONTINUOUS
10
-2.3966009448818899
20
3.059456338582677
11
-2.3872271259842521
21
3.059456338582677
0
LINE
8
BLACK
6
CONTINUOUS
10
-2.3872271259842521
20
3.059456338582677
11
-2.386285472440945
21
3.0592690157480313
0
LINE
8
BLACK
6
CONTINUOUS
10
-2.369018307086614
20
3.0579373622047243
11
-2.3688309842519684
21
3.0569957086614172
0
LINE
8
BLACK
6
CONTINUOUS
10
-2.3688309842519684
20
3.0569957086614172
11
-2.3688309842519684
21
3.0373106692913385
0
LINE
8
BLACK
6
CONTINUOUS
10
-2.3688309842519684
20
3.0373106692913385
11
-2.369018307086614
21
3.0363690157480314
0
LINE
8
BLACK
6
CONTINUOUS
10
-2.369018307086614
20
3.0363690157480314
11
-2.3703499606299214
21
3.0350373622047244
0
LINE
8
BLACK
6
CONTINUOUS
10
-2.3703499606299214
20
3.0350373622047244
11
-2.3712916141732281
21
3.0348500393700788
0
LINE
8
BLACK
6
CONTINUOUS
10
-2.3712916141732281
20
3.0348500393700788
11
-2.3806654330708659
21
3.0348500393700788
0
LINE
8
BLACK
6
CONTINUOUS
10
-2.3806654330708659
20
3.0348500393700788
11
-2.381607086614173
21
3.0350373622047244
0
LINE
8
BLACK
6
CONTINUOUS
10
-2.381607086614173
20
3.0350373622047244
11
-2.3829387401574804
21
3.0363690157480314
0
LINE
8
BLACK
6
CONTINUOUS
10
-2.3829387401574804
20
3.0363690157480314
11
-2.3829387401574804
21
3.0382523228346456
0
LINE
8
BLACK
6
CONTINUOUS
10
-2.3829387401574804
20
3.0382523228346456
11
-2.381607086614173
21
3.0395839763779526
0
LINE
8
BLACK
6
CONTINUOUS
10
-2.381607086614173
20
3.0395839763779526
11
-2.3806654330708659
21
3.0397712992125983
0
LINE
8
BLACK
6
CONTINUOUS
10
-2.3806654330708659
20
3.0397712992125983
11
-2.3737522440944883
21
3.0397712992125983
0
LINE
8
BLACK
6
CONTINUOUS
10
-2.3737522440944883
20
3.0397712992125983
11
-2.3737522440944883
21
3.0569957086614172
0
LINE
8
BLACK
6
CONTINUOUS
10
-2.3737522440944883
20
3.0569957086614172
11
-2.3735649212598426
21
3.0579373622047243
0
LINE
8
BLACK
6
CONTINUOUS
10
-2.3735649212598426
20
3.0579373622047243
11
-2.3722332677165352
21
3.0592690157480313
0
LINE
8
BLACK
6
CONTINUOUS
10
-2.3722332677165352
20
3.0592690157480313
11
-2.3703499606299214
21
3.0592690157480313
0
LINE
8
BLACK
6
CONTINUOUS
10
-2.3703499606299214
20
3.0592690157480313
11
-2.369018307086614
21
3.0579373622047243
0
LINE
8
BLACK
6
CONTINUOUS
10
-2.4006130708661417
20
3.0588545669291336
11
-2.3997708661417323
21
3.0571701574803147
0
LINE
8
BLACK
6
CONTINUOUS
10
-2.3997708661417323
20
3.0571701574803147
11
-2.3998909055118109
21
3.0562175984251967
0
LINE
8
BLACK
6
CONTINUOUS
10
-2.3998909055118109
20
3.0562175984251967
11
-2.406452559055118
21
3.036532559055118
0
LINE
8
BLACK
6
CONTINUOUS
10
-2.406452559055118
20
3.036532559055118
11
-2.4069280708661416
21
3.0356984645669289
0
LINE
8
BLACK
6
CONTINUOUS
10
-2.4069280708661416
20
3.0356984645669289
11
-2.4070925196850395
21
3.0356162598425196
0
LINE
8
BLACK
6
CONTINUOUS
10
-2.4070925196850395
20
3.0356162598425196
11
-2.4071747244094488
21
3.0354518110236222
0
LINE
8
BLACK
6
CONTINUOUS
10
-2.4071747244094488
20
3.0354518110236222
11
-2.40791468503937
21
3.0352051574803149
0
LINE
8
BLACK
6
CONTINUOUS
10
-2.40791468503937
20
3.0352051574803149
11
-2.4086124803149604
21
3.0348562598425195
0
LINE
8
BLACK
6
CONTINUOUS
10
-2.4086124803149604
20
3.0348562598425195
11
-2.4087869291338584
21
3.034914409448819
0
LINE
8
BLACK
6
CONTINUOUS
10
-2.4087869291338584
20
3.034914409448819
11
-2.4089613779527559
21
3.0348562598425195
0
LINE
8
BLACK
6
CONTINUOUS
10
-2.4089613779527559
20
3.0348562598425195
11
-2.4096591732283463
21
3.0352051574803149
0
LINE
8
BLACK
6
CONTINUOUS
10
-2.4096591732283463
20
3.0352051574803149
11
-2.4103991338582675
21
3.0354518110236222
0
LINE
8
BLACK
6
CONTINUOUS
10
-2.4103991338582675
20
3.0354518110236222
11
-2.4104813779527556
21
3.0356162598425196
0
LINE
8
BLACK
6
CONTINUOUS
10
-2.4104813779527556
20
3.0356162598425196
11
-2.4106457874015748
21
3.0356984645669289
0
LINE
8
BLACK
6
CONTINUOUS
10
-2.4106457874015748
20
3.0356984645669289
11
-2.4111212992125983
21
3.036532559055118
0
LINE
8
BLACK
6
CONTINUOUS
10
-2.4111212992125983
20
3.036532559055118
11
-2.4176829921259841
21
3.0562175984251967
0
LINE
8
BLACK
6
CONTINUOUS
10
-2.4176829921259841
20
3.0562175984251967
11
-2.4178030314960628
21
3.0571701574803147
0
LINE
8
BLACK
6
CONTINUOUS
10
-2.4178030314960628
20
3.0571701574803147
11
-2.4169608267716534
21
3.0588545669291336
0
LINE
8
BLACK
6
CONTINUOUS
10
-2.4169608267716534
20
3.0588545669291336
11
-2.4151741732283463
21
3.0594501181102363
0
LINE
8
BLACK
6
CONTINUOUS
10
-2.4151741732283463
20
3.0594501181102363
11
-2.4134897637795274
21
3.0586079133858268
0
LINE
8
BLACK
6
CONTINUOUS
10
-2.4134897637795274
20
3.0586079133858268
11
-2.4130142519685038
21
3.0577738188976378
0
LINE
8
BLACK
6
CONTINUOUS
10
-2.4130142519685038
20
3.0577738188976378
11
-2.4087869685039371
21
3.0450919291338581
0
LINE
8
BLACK
6
CONTINUOUS
10
-2.4087869685039371
20
3.0450919291338581
11
-2.4045596456692913
21
3.0577738188976378
0
LINE
8
BLACK
6
CONTINUOUS
10
-2.4045596456692913
20
3.0577738188976378
11
-2.4040841338582677
21
3.0586079133858268
0
LINE
8
BLACK
6
CONTINUOUS
10
-2.4040841338582677
20
3.0586079133858268
11
-2.4023997244094488
21
3.0594501181102363
0
LINE
8
BLACK
6
CONTINUOUS
10
-2.4023997244094488
20
3.0594501181102363
11
-2.4006130708661417
21
3.0588545669291336
0
LINE
8
BLACK
6
CONTINUOUS
10
-2.3187939370078738
20
3.0592690157480313
11
-2.3174622834645668
21
3.0579373622047243
0
LINE
8
BLACK
6
CONTINUOUS
10
-2.3174622834645668
20
3.0579373622047243
11
-2.3172749606299212
21
3.0569957086614172
0
LINE
8
BLACK
6
CONTINUOUS
10
-2.3172749606299212
20
3.0569957086614172
11
-2.3172749606299212
21
3.0373106692913385
0
LINE
8
BLACK
6
CONTINUOUS
10
-2.3172749606299212
20
3.0373106692913385
11
-2.3174622834645668
21
3.0363690157480314
0
LINE
8
BLACK
6
CONTINUOUS
10
-2.3174622834645668
20
3.0363690157480314
11
-2.3187939370078738
21
3.0350373622047244
0
LINE
8
BLACK
6
CONTINUOUS
10
-2.3187939370078738
20
3.0350373622047244
11
-2.3206772440944881
21
3.0350373622047244
0
LINE
8
BLACK
6
CONTINUOUS
10
-2.3206772440944881
20
3.0350373622047244
11
-2.3220088976377951
21
3.0363690157480314
0
LINE
8
BLACK
6
CONTINUOUS
10
-2.3220088976377951
20
3.0363690157480314
11
-2.3221962204724407
21
3.0373106692913385
0
LINE
8
BLACK
6
CONTINUOUS
10
-2.3221962204724407
20
3.0373106692913385
11
-2.3221962204724407
21
3.0442238582677166
0
LINE
8
BLACK
6
CONTINUOUS
10
-2.3221962204724407
20
3.0442238582677166
11
-2.3231413779527559
21
3.0442238582677166
0
LINE
8
BLACK
6
CONTINUOUS
10
-2.3231413779527559
20
3.0442238582677166
11
-2.3289683464566928
21
3.0358996062992127
0
LINE
8
BLACK
6
CONTINUOUS
10
-2.3289683464566928
20
3.0358996062992127
11
-2.3296618110236218
21
3.035235590551181
0
LINE
8
BLACK
6
CONTINUOUS
10
-2.3296618110236218
20
3.035235590551181
11
-2.3315163779527559
21
3.0349083070866141
0
LINE
8
BLACK
6
CONTINUOUS
10
-2.3315163779527559
20
3.0349083070866141
11
-2.3330592519685038
21
3.035988307086614
0
LINE
8
BLACK
6
CONTINUOUS
10
-2.3330592519685038
20
3.035988307086614
11
-2.3333865354330707
21
3.0378428740157482
0
LINE
8
BLACK
6
CONTINUOUS
10
-2.3333865354330707
20
3.0378428740157482
11
-2.3329999999999997
21
3.0387217322834643
0
LINE
8
BLACK
6
CONTINUOUS
10
-2.3329999999999997
20
3.0387217322834643
11
-2.3288029527559053
21
3.0447175984251968
0
LINE
8
BLACK
6
CONTINUOUS
10
-2.3288029527559053
20
3.0447175984251968
11
-2.3302098425196851
21
3.0454210629921259
0
LINE
8
BLACK
6
CONTINUOUS
10
-2.3302098425196851
20
3.0454210629921259
11
-2.3305212204724408
21
3.0456627559055116
0
LINE
8
BLACK
6
CONTINUOUS
10
-2.3305212204724408
20
3.0456627559055116
11
-2.3308492913385828
21
3.0458819291338584
0
LINE
8
BLACK
6
CONTINUOUS
10
-2.3308492913385828
20
3.0458819291338584
11
-2.3317866929133859
21
3.0468192913385828
0
LINE
8
BLACK
6
CONTINUOUS
10
-2.3317866929133859
20
3.0468192913385828
11
-2.3320058661417322
21
3.0471472834645668
0
LINE
8
BLACK
6
CONTINUOUS
10
-2.3320058661417322
20
3.0471472834645668
11
-2.3322476771653542
21
3.0474588582677167
0
LINE
8
BLACK
6
CONTINUOUS
10
-2.3322476771653542
20
3.0474588582677167
11
-2.3331850393700786
21
3.0493336220472442
0
LINE
8
BLACK
6
CONTINUOUS
10
-2.3331850393700786
20
3.0493336220472442
11
-2.3332175984251968
21
3.0494524803149607
0
LINE
8
BLACK
6
CONTINUOUS
10
-2.3332175984251968
20
3.0494524803149607
11
-2.3332574803149604
21
3.0494923622047243
0
LINE
8
BLACK
6
CONTINUOUS
10
-2.3332574803149604
20
3.0494923622047243
11
-2.3333344094488186
21
3.0498790551181103
0
LINE
8
BLACK
6
CONTINUOUS
10
-2.3333344094488186
20
3.0498790551181103
11
-2.3334386220472441
21
3.0502596062992127
0
LINE
8
BLACK
6
CONTINUOUS
10
-2.3334386220472441
20
3.0502596062992127
11
-2.3334207874015749
21
3.0503131889763777
0
LINE
8
BLACK
6
CONTINUOUS
10
-2.3334207874015749
20
3.0503131889763777
11
-2.3334448031496065
21
3.0504340157480314
0
LINE
8
BLACK
6
CONTINUOUS
10
-2.3334448031496065
20
3.0504340157480314
11
-2.3334448031496065
21
3.0532461811023621
0
LINE
8
BLACK
6
CONTINUOUS
10
-2.3334448031496065
20
3.0532461811023621
11
-2.3334207874015749
21
3.0533670472440946
0
LINE
8
BLACK
6
CONTINUOUS
10
-2.3334207874015749
20
3.0533670472440946
11
-2.3334386220472441
21
3.0534205905511809
0
LINE
8
BLACK
6
CONTINUOUS
10
-2.3334386220472441
20
3.0534205905511809
11
-2.3333344094488186
21
3.053801181102362
0
LINE
8
BLACK
6
CONTINUOUS
10
-2.3333344094488186
20
3.053801181102362
11
-2.3332574803149604
21
3.0541878346456692
0
LINE
8
BLACK
6
CONTINUOUS
10
-2.3332574803149604
20
3.0541878346456692
11
-2.3332175984251968
21
3.0542277559055115
0
LINE
8
BLACK
6
CONTINUOUS
10
-2.3332175984251968
20
3.0542277559055115
11
-2.3331850393700786
21
3.0543465748031497
0
LINE
8
BLACK
6
CONTINUOUS
10
-2.3331850393700786
20
3.0543465748031497
11
-2.3322476771653542
21
3.0562213385826773
0
LINE
8
BLACK
6
CONTINUOUS
10
-2.3322476771653542
20
3.0562213385826773
11
-2.3320058661417322
21
3.0565329527559055
0
LINE
8
BLACK
6
CONTINUOUS
10
-2.3320058661417322
20
3.0565329527559055
11
-2.3317866929133859
21
3.0568609055118108
0
LINE
8
BLACK
6
CONTINUOUS
10
-2.3317866929133859
20
3.0568609055118108
11
-2.3308492913385828
21
3.0577982677165352
0
LINE
8
BLACK
6
CONTINUOUS
10
-2.3308492913385828
20
3.0577982677165352
11
-2.3305212204724408
21
3.0580174803149607
0
LINE
8
BLACK
6
CONTINUOUS
10
-2.3305212204724408
20
3.0580174803149607
11
-2.3302098425196851
21
3.0582591338582676
0
LINE
8
BLACK
6
CONTINUOUS
10
-2.3302098425196851
20
3.0582591338582676
11
-2.3283350787401575
21
3.0591965748031495
0
LINE
8
BLACK
6
CONTINUOUS
10
-2.3283350787401575
20
3.0591965748031495
11
-2.328216220472441
21
3.0592291338582678
0
LINE
8
BLACK
6
CONTINUOUS
10
-2.328216220472441
20
3.0592291338582678
11
-2.3281762992125983
21
3.0592690157480313
0
LINE
8
BLACK
6
CONTINUOUS
10
-2.3281762992125983
20
3.0592690157480313
11
-2.3277894881889765
21
3.0593459842519684
0
LINE
8
BLACK
6
CONTINUOUS
10
-2.3277894881889765
20
3.0593459842519684
11
-2.3274090944881891
21
3.0594501181102363
0
LINE
8
BLACK
6
CONTINUOUS
10
-2.3274090944881891
20
3.0594501181102363
11
-2.3273555905511811
21
3.0594322834645666
0
LINE
8
BLACK
6
CONTINUOUS
10
-2.3273555905511811
20
3.0594322834645666
11
-2.3272346456692912
21
3.059456338582677
0
LINE
8
BLACK
6
CONTINUOUS
10
-2.3272346456692912
20
3.059456338582677
11
-2.3197355905511809
21
3.059456338582677
0
LINE
8
BLACK
6
CONTINUOUS
10
-2.3197355905511809
20
3.059456338582677
11
-2.3187939370078738
21
3.0592690157480313
0
LINE
8
BLACK
6
CONTINUOUS
10
-2.3276518503937007
20
3.0540360629921257
11
-2.3280245275590552
21
3.0536634251968504
0
LINE
8
BLACK
6
CONTINUOUS
10
-2.3280245275590552
20
3.0536634251968504
11
-2.3285235433070866
21
3.0526653149606298
0
LINE
8
BLACK
6
CONTINUOUS
10
-2.3285235433070866
20
3.0526653149606298
11
-2.3285235433070866
21
3.0510148818897638
0
LINE
8
BLACK
6
CONTINUOUS
10
-2.3285235433070866
20
3.0510148818897638
11
-2.3280245275590552
21
3.0500168110236219
0
LINE
8
BLACK
6
CONTINUOUS
10
-2.3280245275590552
20
3.0500168110236219
11
-2.3276518503937007
21
3.0496441732283466
0
LINE
8
BLACK
6
CONTINUOUS
10
-2.3276518503937007
20
3.0496441732283466
11
-2.3266538188976376
21
3.049145118110236
0
LINE
8
BLACK
6
CONTINUOUS
10
-2.3266538188976376
20
3.049145118110236
11
-2.3221962204724407
21
3.049145118110236
0
LINE
8
BLACK
6
CONTINUOUS
10
-2.3221962204724407
20
3.049145118110236
11
-2.3221962204724407
21
3.0545350787401575
0
LINE
8
BLACK
6
CONTINUOUS
10
-2.3221962204724407
20
3.0545350787401575
11
-2.3266538188976376
21
3.0545350787401575
0
LINE
8
BLACK
6
CONTINUOUS
10
-2.3266538188976376
20
3.0545350787401575
11
-2.3276518503937007
21
3.0540360629921257
0
LINE
8
BLACK
6
CONTINUOUS
10
-2.3384789763779525
20
3.0592690157480313
11
-2.3371473228346455
21
3.0579373622047243
0
LINE
8
BLACK
6
CONTINUOUS
10
-2.3371473228346455
20
3.0579373622047243
11
-2.3369599999999999
21
3.0569957086614172
0
LINE
8
BLACK
6
CONTINUOUS
10
-2.3369599999999999
20
3.0569957086614172
11
-2.3369599999999999
21
3.0373106692913385
0
LINE
8
BLACK
6
CONTINUOUS
10
-2.3369599999999999
20
3.0373106692913385
11
-2.3371473228346455
21
3.0363690157480314
0
LINE
8
BLACK
6
CONTINUOUS
10
-2.3371473228346455
20
3.0363690157480314
11
-2.3384789763779525
21
3.0350373622047244
0
LINE
8
BLACK
6
CONTINUOUS
10
-2.3384789763779525
20
3.0350373622047244
11
-2.3403622834645668
21
3.0350373622047244
0
LINE
8
BLACK
6
CONTINUOUS
10
-2.3403622834645668
20
3.0350373622047244
11
-2.3416939370078738
21
3.0363690157480314
0
LINE
8
BLACK
6
CONTINUOUS
10
-2.3416939370078738
20
3.0363690157480314
11
-2.3418812598425198
21
3.0373106692913385
0
LINE
8
BLACK
6
CONTINUOUS
10
-2.3418812598425198
20
3.0373106692913385
11
-2.3418812598425198
21
3.0451612598425197
0
LINE
8
BLACK
6
CONTINUOUS
10
-2.3418812598425198
20
3.0451612598425197
11
-2.3459823228346455
21
3.0451612598425197
0
LINE
8
BLACK
6
CONTINUOUS
10
-2.3459823228346455
20
3.0451612598425197
11
-2.3469239763779526
21
3.0453485826771653
0
LINE
8
BLACK
6
CONTINUOUS
10
-2.3469239763779526
20
3.0453485826771653
11
-2.3482556299212596
21
3.0466802362204723
0
LINE
8
BLACK
6
CONTINUOUS
10
-2.3482556299212596
20
3.0466802362204723
11
-2.3482556299212596
21
3.0485635433070866
0
LINE
8
BLACK
6
CONTINUOUS
10
-2.3482556299212596
20
3.0485635433070866
11
-2.3469239763779526
21
3.0498951968503936
0
LINE
8
BLACK
6
CONTINUOUS
10
-2.3469239763779526
20
3.0498951968503936
11
-2.3459823228346455
21
3.0500825196850392
0
LINE
8
BLACK
6
CONTINUOUS
10
-2.3459823228346455
20
3.0500825196850392
11
-2.3418812598425198
21
3.0500825196850392
0
LINE
8
BLACK
6
CONTINUOUS
10
-2.3418812598425198
20
3.0500825196850392
11
-2.3418812598425198
21
3.0545350787401575
0
LINE
8
BLACK
6
CONTINUOUS
10
-2.3418812598425198
20
3.0545350787401575
11
-2.3487944488188974
21
3.0545350787401575
0
LINE
8
BLACK
6
CONTINUOUS
10
-2.3487944488188974
20
3.0545350787401575
11
-2.3497361023622045
21
3.0547224015748031
0
LINE
8
BLACK
6
CONTINUOUS
10
-2.3497361023622045
20
3.0547224015748031
11
-2.3510677559055115
21
3.0560540551181101
0
LINE
8
BLACK
6
CONTINUOUS
10
-2.3510677559055115
20
3.0560540551181101
11
-2.3510677559055115
21
3.0579373622047243
0
LINE
8
BLACK
6
CONTINUOUS
10
-2.3510677559055115
20
3.0579373622047243
11
-2.3497361023622045
21
3.0592690157480313
0
LINE
8
BLACK
6
CONTINUOUS
10
-2.3497361023622045
20
3.0592690157480313
11
-2.3487944488188974
21
3.059456338582677
0
LINE
8
BLACK
6
CONTINUOUS
10
-2.3487944488188974
20
3.059456338582677
11
-2.3394206299212597
21
3.059456338582677
0
LINE
8
BLACK
6
CONTINUOUS
10
-2.3394206299212597
20
3.059456338582677
11
-2.3384789763779525
21
3.0592690157480313
0
LINE
8
BLACK
6
CONTINUOUS
10
-2.279503307086614
20
3.10658562992126
11
-2.2740841732283466
21
3.1043409448818897
0
LINE
8
BLACK
6
CONTINUOUS
10
-2.2740841732283466
20
3.1043409448818897
11
-2.2692071259842521
21
3.1010822047244093
0
LINE
8
BLACK
6
CONTINUOUS
10
-2.2692071259842521
20
3.1010822047244093
11
-2.265059527559055
21
3.0969346062992127
0
LINE
8
BLACK
6
CONTINUOUS
10
-2.265059527559055
20
3.0969346062992127
11
-2.2618007874015746
21
3.0920575590551183
0
LINE
8
BLACK
6
CONTINUOUS
10
-2.2618007874015746
20
3.0920575590551183
11
-2.2595561023622048
21
3.0866384251968504
0
LINE
8
BLACK
6
CONTINUOUS
10
-2.2595561023622048
20
3.0866384251968504
11
-2.2584118110236222
21
3.0808855511811024
0
LINE
8
BLACK
6
CONTINUOUS
10
-2.2584118110236222
20
3.0808855511811024
11
-2.2584118110236222
21
3.0750199606299211
0
LINE
8
BLACK
6
CONTINUOUS
10
-2.2584118110236222
20
3.0750199606299211
11
-2.2595561023622048
21
3.0692670866141731
0
LINE
8
BLACK
6
CONTINUOUS
10
-2.2595561023622048
20
3.0692670866141731
11
-2.2618007874015746
21
3.0638479527559053
0
LINE
8
BLACK
6
CONTINUOUS
10
-2.2618007874015746
20
3.0638479527559053
11
-2.265059527559055
21
3.0589709055118108
0
LINE
8
BLACK
6
CONTINUOUS
10
-2.265059527559055
20
3.0589709055118108
11
-2.2692071259842521
21
3.0548233070866142
0
LINE
8
BLACK
6
CONTINUOUS
10
-2.2692071259842521
20
3.0548233070866142
11
-2.2740841732283466
21
3.0515645669291338
0
LINE
8
BLACK
6
CONTINUOUS
10
-2.2740841732283466
20
3.0515645669291338
11
-2.279503307086614
21
3.0493198818897636
0
LINE
8
BLACK
6
CONTINUOUS
10
-2.279503307086614
20
3.0493198818897636
11
-2.2852561811023619
21
3.0481755905511809
0
LINE
8
BLACK
6
CONTINUOUS
10
-2.2852561811023619
20
3.0481755905511809
11
-2.2911217716535432
21
3.0481755905511809
0
LINE
8
BLACK
6
CONTINUOUS
10
-2.2911217716535432
20
3.0481755905511809
11
-2.2968746456692912
21
3.0493198818897636
0
LINE
8
BLACK
6
CONTINUOUS
10
-2.2968746456692912
20
3.0493198818897636
11
-2.3022937795275591
21
3.0515645669291338
0
LINE
8
BLACK
6
CONTINUOUS
10
-2.3022937795275591
20
3.0515645669291338
11
-2.3071708267716535
21
3.0548233070866142
0
LINE
8
BLACK
6
CONTINUOUS
10
-2.3071708267716535
20
3.0548233070866142
11
-2.3113184251968502
21
3.0589709055118108
0
LINE
8
BLACK
6
CONTINUOUS
10
-2.3113184251968502
20
3.0589709055118108
11
-2.3145771653543306
21
3.0638479527559053
0
LINE
8
BLACK
6
CONTINUOUS
10
-2.3145771653543306
20
3.0638479527559053
11
-2.3168218503937008
21
3.0692670866141731
0
LINE
8
BLACK
6
CONTINUOUS
10
-2.3168218503937008
20
3.0692670866141731
11
-2.3179661417322834
21
3.0750199606299211
0
LINE
8
BLACK
6
CONTINUOUS
10
-2.3179661417322834
20
3.0750199606299211
11
-2.3179661417322834
21
3.0804344488188975
0
LINE
8
BLACK
6
CONTINUOUS
10
-2.3179661417322834
20
3.0804344488188975
11
-2.3179661417322834
21
3.0808855511811024
0
LINE
8
BLACK
6
CONTINUOUS
10
-2.3179661417322834
20
3.0808855511811024
11
-2.3168218503937008
21
3.0866384251968504
0
LINE
8
BLACK
6
CONTINUOUS
10
-2.3168218503937008
20
3.0866384251968504
11
-2.3145771653543306
21
3.0920575590551183
0
LINE
8
BLACK
6
CONTINUOUS
10
-2.3145771653543306
20
3.0920575590551183
11
-2.3113184251968502
21
3.0969346062992127
0
LINE
8
BLACK
6
CONTINUOUS
10
-2.3113184251968502
20
3.0969346062992127
11
-2.3071708267716535
21
3.1010822047244093
0
LINE
8
BLACK
6
CONTINUOUS
10
-2.3071708267716535
20
3.1010822047244093
11
-2.3022937795275591
21
3.1043409448818897
0
LINE
8
BLACK
6
CONTINUOUS
10
-2.3022937795275591
20
3.1043409448818897
11
-2.2968746456692912
21
3.10658562992126
0
LINE
8
BLACK
6
CONTINUOUS
10
-2.2968746456692912
20
3.10658562992126
11
-2.2911217716535432
21
3.1077299212598426
0
LINE
8
BLACK
6
CONTINUOUS
10
-2.2911217716535432
20
3.1077299212598426
11
-2.2852561811023619
21
3.1077299212598426
0
LINE
8
BLACK
6
CONTINUOUS
10
-2.2852561811023619
20
3.1077299212598426
11
-2.279503307086614
21
3.10658562992126
0
LINE
8
BLACK
6
CONTINUOUS
10
-2.3133858267716536
20
3.075471062992126
11
-2.3124175196850394
21
3.0706031102362203
0
LINE
8
BLACK
6
CONTINUOUS
10
-2.3124175196850394
20
3.0706031102362203
11
-2.310518149606299
21
3.0660175590551182
0
LINE
8
BLACK
6
CONTINUOUS
10
-2.310518149606299
20
3.0660175590551182
11
-2.3077606692913384
21
3.0618907086614171
0
LINE
8
BLACK
6
CONTINUOUS
10
-2.3077606692913384
20
3.0618907086614171
11
-2.3042510236220473
21
3.058381062992126
0
LINE
8
BLACK
6
CONTINUOUS
10
-2.3042510236220473
20
3.058381062992126
11
-2.3001241732283466
21
3.0556235826771654
0
LINE
8
BLACK
6
CONTINUOUS
10
-2.3001241732283466
20
3.0556235826771654
11
-2.295538622047244
21
3.053724212598425
0
LINE
8
BLACK
6
CONTINUOUS
10
-2.295538622047244
20
3.053724212598425
11
-2.2906706692913383
21
3.0527559055118108
0
LINE
8
BLACK
6
CONTINUOUS
10
-2.2906706692913383
20
3.0527559055118108
11
-2.2857072834645669
21
3.0527559055118108
0
LINE
8
BLACK
6
CONTINUOUS
10
-2.2857072834645669
20
3.0527559055118108
11
-2.2808393307086612
21
3.053724212598425
0
LINE
8
BLACK
6
CONTINUOUS
10
-2.2808393307086612
20
3.053724212598425
11
-2.276253779527559
21
3.0556235826771654
0
LINE
8
BLACK
6
CONTINUOUS
10
-2.276253779527559
20
3.0556235826771654
11
-2.2721269291338584
21
3.058381062992126
0
LINE
8
BLACK
6
CONTINUOUS
10
-2.2721269291338584
20
3.058381062992126
11
-2.2686172834645668
21
3.0618907086614171
0
LINE
8
BLACK
6
CONTINUOUS
10
-2.2686172834645668
20
3.0618907086614171
11
-2.2658598031496062
21
3.0660175590551182
0
LINE
8
BLACK
6
CONTINUOUS
10
-2.2658598031496062
20
3.0660175590551182
11
-2.2639604330708663
21
3.0706031102362203
0
LINE
8
BLACK
6
CONTINUOUS
10
-2.2639604330708663
20
3.0706031102362203
11
-2.262992125984252
21
3.075471062992126
0
LINE
8
BLACK
6
CONTINUOUS
10
-2.262992125984252
20
3.075471062992126
11
-2.262992125984252
21
3.0804344488188975
0
LINE
8
BLACK
6
CONTINUOUS
10
-2.262992125984252
20
3.0804344488188975
11
-2.2639604330708663
21
3.0853024015748032
0
LINE
8
BLACK
6
CONTINUOUS
10
-2.2639604330708663
20
3.0853024015748032
11
-2.2658598031496062
21
3.0898879527559053
0
LINE
8
BLACK
6
CONTINUOUS
10
-2.2658598031496062
20
3.0898879527559053
11
-2.2686172834645668
21
3.0940148031496064
0
LINE
8
BLACK
6
CONTINUOUS
10
-2.2686172834645668
20
3.0940148031496064
11
-2.2721269291338584
21
3.0975244488188975
0
LINE
8
BLACK
6
CONTINUOUS
10
-2.2721269291338584
20
3.0975244488188975
11
-2.276253779527559
21
3.1002819291338581
0
LINE
8
BLACK
6
CONTINUOUS
10
-2.276253779527559
20
3.1002819291338581
11
-2.2808393307086612
21
3.1021812992125986
0
LINE
8
BLACK
6
CONTINUOUS
10
-2.2808393307086612
20
3.1021812992125986
11
-2.2857072834645669
21
3.1031496062992123
0
LINE
8
BLACK
6
CONTINUOUS
10
-2.2857072834645669
20
3.1031496062992123
11
-2.2906706692913383
21
3.1031496062992123
0
LINE
8
BLACK
6
CONTINUOUS
10
-2.2906706692913383
20
3.1031496062992123
11
-2.295538622047244
21
3.1021812992125986
0
LINE
8
BLACK
6
CONTINUOUS
10
-2.295538622047244
20
3.1021812992125986
11
-2.3001241732283466
21
3.1002819291338581
0
LINE
8
BLACK
6
CONTINUOUS
10
-2.3001241732283466
20
3.1002819291338581
11
-2.3042510236220473
21
3.0975244488188975
0
LINE
8
BLACK
6
CONTINUOUS
10
-2.3042510236220473
20
3.0975244488188975
11
-2.3077606692913384
21
3.0940148031496064
0
LINE
8
BLACK
6
CONTINUOUS
10
-2.3077606692913384
20
3.0940148031496064
11
-2.310518149606299
21
3.0898879527559053
0
LINE
8
BLACK
6
CONTINUOUS
10
-2.310518149606299
20
3.0898879527559053
11
-2.3124175196850394
21
3.0853024015748032
0
LINE
8
BLACK
6
CONTINUOUS
10
-2.3124175196850394
20
3.0853024015748032
11
-2.3133858267716536
21
3.0804344488188975
0
LINE
8
BLACK
6
CONTINUOUS
10
-2.3133858267716536
20
3.0804344488188975
11
-2.3133858267716536
21
3.075471062992126
0
LINE
8
BLACK
6
CONTINUOUS
10
-2.4212355905511811
20
3.2207588582677165
11
-2.4158164566929132
21
3.2185141732283462
0
LINE
8
BLACK
6
CONTINUOUS
10
-2.4158164566929132
20
3.2185141732283462
11
-2.4109394094488188
21
3.2152554330708663
0
LINE
8
BLACK
6
CONTINUOUS
10
-2.4109394094488188
20
3.2152554330708663
11
-2.4067918110236222
21
3.2111078346456692
0
LINE
8
BLACK
6
CONTINUOUS
10
-2.4067918110236222
20
3.2111078346456692
11
-2.4035330708661418
21
3.2062307874015747
0
LINE
8
BLACK
6
CONTINUOUS
10
-2.4035330708661418
20
3.2062307874015747
11
-2.4012883858267715
21
3.2008116535433069
0
LINE
8
BLACK
6
CONTINUOUS
10
-2.4012883858267715
20
3.2008116535433069
11
-2.4001440944881889
21
3.1950587795275589
0
LINE
8
BLACK
6
CONTINUOUS
10
-2.4001440944881889
20
3.1950587795275589
11
-2.4001440944881889
21
3.189193188976378
0
LINE
8
BLACK
6
CONTINUOUS
10
-2.4001440944881889
20
3.189193188976378
11
-2.4012883858267715
21
3.1834403149606301
0
LINE
8
BLACK
6
CONTINUOUS
10
-2.4012883858267715
20
3.1834403149606301
11
-2.4035330708661418
21
3.1780211811023622
0
LINE
8
BLACK
6
CONTINUOUS
10
-2.4035330708661418
20
3.1780211811023622
11
-2.4067918110236222
21
3.1731441338582678
0
LINE
8
BLACK
6
CONTINUOUS
10
-2.4067918110236222
20
3.1731441338582678
11
-2.4109394094488188
21
3.1689965354330707
0
LINE
8
BLACK
6
CONTINUOUS
10
-2.4109394094488188
20
3.1689965354330707
11
-2.4158164566929132
21
3.1657377952755903
0
LINE
8
BLACK
6
CONTINUOUS
10
-2.4158164566929132
20
3.1657377952755903
11
-2.4212355905511811
21
3.1634931102362205
0
LINE
8
BLACK
6
CONTINUOUS
10
-2.4212355905511811
20
3.1634931102362205
11
-2.4269884645669291
21
3.1623488188976379
0
LINE
8
BLACK
6
CONTINUOUS
10
-2.4269884645669291
20
3.1623488188976379
11
-2.4328540551181104
21
3.1623488188976379
0
LINE
8
BLACK
6
CONTINUOUS
10
-2.4328540551181104
20
3.1623488188976379
11
-2.4386069291338583
21
3.1634931102362205
0
LINE
8
BLACK
6
CONTINUOUS
10
-2.4386069291338583
20
3.1634931102362205
11
-2.4440260629921258
21
3.1657377952755903
0
LINE
8
BLACK
6
CONTINUOUS
10
-2.4440260629921258
20
3.1657377952755903
11
-2.4489031102362202
21
3.1689965354330707
0
LINE
8
BLACK
6
CONTINUOUS
10
-2.4489031102362202
20
3.1689965354330707
11
-2.4530507086614173
21
3.1731441338582678
0
LINE
8
BLACK
6
CONTINUOUS
10
-2.4530507086614173
20
3.1731441338582678
11
-2.4563094488188977
21
3.1780211811023622
0
LINE
8
BLACK
6
CONTINUOUS
10
-2.4563094488188977
20
3.1780211811023622
11
-2.4585541338582675
21
3.1834403149606301
0
LINE
8
BLACK
6
CONTINUOUS
10
-2.4585541338582675
20
3.1834403149606301
11
-2.4596984251968506
21
3.189193188976378
0
LINE
8
BLACK
6
CONTINUOUS
10
-2.4596984251968506
20
3.189193188976378
11
-2.4596984251968506
21
3.1946076771653544
0
LINE
8
BLACK
6
CONTINUOUS
10
-2.4596984251968506
20
3.1946076771653544
11
-2.4596984251968506
21
3.1950587795275589
0
LINE
8
BLACK
6
CONTINUOUS
10
-2.4596984251968506
20
3.1950587795275589
11
-2.4585541338582675
21
3.2008116535433069
0
LINE
8
BLACK
6
CONTINUOUS
10
-2.4585541338582675
20
3.2008116535433069
11
-2.4563094488188977
21
3.2062307874015747
0
LINE
8
BLACK
6
CONTINUOUS
10
-2.4563094488188977
20
3.2062307874015747
11
-2.4530507086614173
21
3.2111078346456692
0
LINE
8
BLACK
6
CONTINUOUS
10
-2.4530507086614173
20
3.2111078346456692
11
-2.4489031102362202
21
3.2152554330708663
0
LINE
8
BLACK
6
CONTINUOUS
10
-2.4489031102362202
20
3.2152554330708663
11
-2.4440260629921258
21
3.2185141732283462
0
LINE
8
BLACK
6
CONTINUOUS
10
-2.4440260629921258
20
3.2185141732283462
11
-2.4386069291338583
21
3.2207588582677165
0
LINE
8
BLACK
6
CONTINUOUS
10
-2.4386069291338583
20
3.2207588582677165
11
-2.4328540551181104
21
3.2219031496062991
0
LINE
8
BLACK
6
CONTINUOUS
10
-2.4328540551181104
20
3.2219031496062991
11
-2.4269884645669291
21
3.2219031496062991
0
LINE
8
BLACK
6
CONTINUOUS
10
-2.4269884645669291
20
3.2219031496062991
11
-2.4212355905511811
21
3.2207588582677165
0
LINE
8
BLACK
6
CONTINUOUS
10
-2.4551181102362203
20
3.1896442913385825
11
-2.4541498031496061
21
3.1847763385826773
0
LINE
8
BLACK
6
CONTINUOUS
10
-2.4541498031496061
20
3.1847763385826773
11
-2.4522504330708661
21
3.1801907874015747
0
LINE
8
BLACK
6
CONTINUOUS
10
-2.4522504330708661
20
3.1801907874015747
11
-2.4494929527559055
21
3.176063937007874
0
LINE
8
BLACK
6
CONTINUOUS
10
-2.4494929527559055
20
3.176063937007874
11
-2.4459833070866139
21
3.1725542913385825
0
LINE
8
BLACK
6
CONTINUOUS
10
-2.4459833070866139
20
3.1725542913385825
11
-2.4418564566929133
21
3.1697968110236219
0
LINE
8
BLACK
6
CONTINUOUS
10
-2.4418564566929133
20
3.1697968110236219
11
-2.4372709055118111
21
3.1678974409448819
0
LINE
8
BLACK
6
CONTINUOUS
10
-2.4372709055118111
20
3.1678974409448819
11
-2.4324029527559055
21
3.1669291338582677
0
LINE
8
BLACK
6
CONTINUOUS
10
-2.4324029527559055
20
3.1669291338582677
11
-2.427439566929134
21
3.1669291338582677
0
LINE
8
BLACK
6
CONTINUOUS
10
-2.427439566929134
20
3.1669291338582677
11
-2.4225716141732283
21
3.1678974409448819
0
LINE
8
BLACK
6
CONTINUOUS
10
-2.4225716141732283
20
3.1678974409448819
11
-2.4179860629921262
21
3.1697968110236219
0
LINE
8
BLACK
6
CONTINUOUS
10
-2.4179860629921262
20
3.1697968110236219
11
-2.4138592125984251
21
3.1725542913385825
0
LINE
8
BLACK
6
CONTINUOUS
10
-2.4138592125984251
20
3.1725542913385825
11
-2.4103495669291339
21
3.176063937007874
0
LINE
8
BLACK
6
CONTINUOUS
10
-2.4103495669291339
20
3.176063937007874
11
-2.4075920866141733
21
3.1801907874015747
0
LINE
8
BLACK
6
CONTINUOUS
10
-2.4075920866141733
20
3.1801907874015747
11
-2.4056927165354329
21
3.1847763385826773
0
LINE
8
BLACK
6
CONTINUOUS
10
-2.4056927165354329
20
3.1847763385826773
11
-2.4047244094488187
21
3.1896442913385825
0
LINE
8
BLACK
6
CONTINUOUS
10
-2.4047244094488187
20
3.1896442913385825
11
-2.4047244094488187
21
3.1946076771653544
0
LINE
8
BLACK
6
CONTINUOUS
10
-2.4047244094488187
20
3.1946076771653544
11
-2.4056927165354329
21
3.1994756299212597
0
LINE
8
BLACK
6
CONTINUOUS
10
-2.4056927165354329
20
3.1994756299212597
11
-2.4075920866141733
21
3.2040611811023623
0
LINE
8
BLACK
6
CONTINUOUS
10
-2.4075920866141733
20
3.2040611811023623
11
-2.4103495669291339
21
3.2081880314960629
0
LINE
8
BLACK
6
CONTINUOUS
10
-2.4103495669291339
20
3.2081880314960629
11
-2.4138592125984251
21
3.211697677165354
0
LINE
8
BLACK
6
CONTINUOUS
10
-2.4138592125984251
20
3.211697677165354
11
-2.4179860629921262
21
3.2144551574803151
0
LINE
8
BLACK
6
CONTINUOUS
10
-2.4179860629921262
20
3.2144551574803151
11
-2.4225716141732283
21
3.216354527559055
0
LINE
8
BLACK
6
CONTINUOUS
10
-2.4225716141732283
20
3.216354527559055
11
-2.427439566929134
21
3.2173228346456693
0
LINE
8
BLACK
6
CONTINUOUS
10
-2.427439566929134
20
3.2173228346456693
11
-2.4324029527559055
21
3.2173228346456693
0
LINE
8
BLACK
6
CONTINUOUS
10
-2.4324029527559055
20
3.2173228346456693
11
-2.4372709055118111
21
3.216354527559055
0
LINE
8
BLACK
6
CONTINUOUS
10
-2.4372709055118111
20
3.216354527559055
11
-2.4418564566929133
21
3.2144551574803151
0
LINE
8
BLACK
6
CONTINUOUS
10
-2.4418564566929133
20
3.2144551574803151
11
-2.4459833070866139
21
3.211697677165354
0
LINE
8
BLACK
6
CONTINUOUS
10
-2.4459833070866139
20
3.211697677165354
11
-2.4494929527559055
21
3.2081880314960629
0
LINE
8
BLACK
6
CONTINUOUS
10
-2.4494929527559055
20
3.2081880314960629
11
-2.4522504330708661
21
3.2040611811023623
0
LINE
8
BLACK
6
CONTINUOUS
10
-2.4522504330708661
20
3.2040611811023623
11
-2.4541498031496061
21
3.1994756299212597
0
LINE
8
BLACK
6
CONTINUOUS
10
-2.4541498031496061
20
3.1994756299212597
11
-2.4551181102362203
21
3.1946076771653544
0
LINE
8
BLACK
6
CONTINUOUS
10
-2.4551181102362203
20
3.1946076771653544
11
-2.4551181102362203
21
3.1896442913385825
0
LINE
8
BLACK
6
CONTINUOUS
10
-2.3109993700787399
20
3.2483179133858266
11
-2.3055802362204725
21
3.2460732283464568
0
LINE
8
BLACK
6
CONTINUOUS
10
-2.3055802362204725
20
3.2460732283464568
11
-2.300703188976378
21
3.2428144881889764
0
LINE
8
BLACK
6
CONTINUOUS
10
-2.300703188976378
20
3.2428144881889764
11
-2.296555590551181
21
3.2386668897637794
0
LINE
8
BLACK
6
CONTINUOUS
10
-2.296555590551181
20
3.2386668897637794
11
-2.2932968503937006
21
3.2337898425196849
0
LINE
8
BLACK
6
CONTINUOUS
10
-2.2932968503937006
20
3.2337898425196849
11
-2.2910521653543308
21
3.2283707086614171
0
LINE
8
BLACK
6
CONTINUOUS
10
-2.2910521653543308
20
3.2283707086614171
11
-2.2899078740157481
21
3.2226178346456691
0
LINE
8
BLACK
6
CONTINUOUS
10
-2.2899078740157481
20
3.2226178346456691
11
-2.2899078740157481
21
3.2167522440944882
0
LINE
8
BLACK
6
CONTINUOUS
10
-2.2899078740157481
20
3.2167522440944882
11
-2.2910521653543308
21
3.2109993700787403
0
LINE
8
BLACK
6
CONTINUOUS
10
-2.2910521653543308
20
3.2109993700787403
11
-2.2932968503937006
21
3.2055802362204724
0
LINE
8
BLACK
6
CONTINUOUS
10
-2.2932968503937006
20
3.2055802362204724
11
-2.296555590551181
21
3.200703188976378
0
LINE
8
BLACK
6
CONTINUOUS
10
-2.296555590551181
20
3.200703188976378
11
-2.300703188976378
21
3.1965555905511809
0
LINE
8
BLACK
6
CONTINUOUS
10
-2.300703188976378
20
3.1965555905511809
11
-2.3055802362204725
21
3.1932968503937009
0
LINE
8
BLACK
6
CONTINUOUS
10
-2.3055802362204725
20
3.1932968503937009
11
-2.3109993700787399
21
3.1910521653543307
0
LINE
8
BLACK
6
CONTINUOUS
10
-2.3109993700787399
20
3.1910521653543307
11
-2.3167522440944883
21
3.189907874015748
0
LINE
8
BLACK
6
CONTINUOUS
10
-2.3167522440944883
20
3.189907874015748
11
-2.3226178346456692
21
3.189907874015748
0
LINE
8
BLACK
6
CONTINUOUS
10
-2.3226178346456692
20
3.189907874015748
11
-2.3283707086614172
21
3.1910521653543307
0
LINE
8
BLACK
6
CONTINUOUS
10
-2.3283707086614172
20
3.1910521653543307
11
-2.333789842519685
21
3.1932968503937009
0
LINE
8
BLACK
6
CONTINUOUS
10
-2.333789842519685
20
3.1932968503937009
11
-2.3386668897637795
21
3.1965555905511809
0
LINE
8
BLACK
6
CONTINUOUS
10
-2.3386668897637795
20
3.1965555905511809
11
-2.3428144881889765
21
3.200703188976378
0
LINE
8
BLACK
6
CONTINUOUS
10
-2.3428144881889765
20
3.200703188976378
11
-2.3460732283464565
21
3.2055802362204724
0
LINE
8
BLACK
6
CONTINUOUS
10
-2.3460732283464565
20
3.2055802362204724
11
-2.3483179133858267
21
3.2109993700787403
0
LINE
8
BLACK
6
CONTINUOUS
10
-2.3483179133858267
20
3.2109993700787403
11
-2.3494622047244094
21
3.2167522440944882
0
LINE
8
BLACK
6
CONTINUOUS
10
-2.3494622047244094
20
3.2167522440944882
11
-2.3494622047244094
21
3.2221667322834646
0
LINE
8
BLACK
6
CONTINUOUS
10
-2.3494622047244094
20
3.2221667322834646
11
-2.3494622047244094
21
3.2226178346456691
0
LINE
8
BLACK
6
CONTINUOUS
10
-2.3494622047244094
20
3.2226178346456691
11
-2.3483179133858267
21
3.2283707086614171
0
LINE
8
BLACK
6
CONTINUOUS
10
-2.3483179133858267
20
3.2283707086614171
11
-2.3460732283464565
21
3.2337898425196849
0
LINE
8
BLACK
6
CONTINUOUS
10
-2.3460732283464565
20
3.2337898425196849
11
-2.3428144881889765
21
3.2386668897637794
0
LINE
8
BLACK
6
CONTINUOUS
10
-2.3428144881889765
20
3.2386668897637794
11
-2.3386668897637795
21
3.2428144881889764
0
LINE
8
BLACK
6
CONTINUOUS
10
-2.3386668897637795
20
3.2428144881889764
11
-2.333789842519685
21
3.2460732283464568
0
LINE
8
BLACK
6
CONTINUOUS
10
-2.333789842519685
20
3.2460732283464568
11
-2.3283707086614172
21
3.2483179133858266
0
LINE
8
BLACK
6
CONTINUOUS
10
-2.3283707086614172
20
3.2483179133858266
11
-2.3226178346456692
21
3.2494622047244093
0
LINE
8
BLACK
6
CONTINUOUS
10
-2.3226178346456692
20
3.2494622047244093
11
-2.3167522440944883
21
3.2494622047244093
0
LINE
8
BLACK
6
CONTINUOUS
10
-2.3167522440944883
20
3.2494622047244093
11
-2.3109993700787399
21
3.2483179133858266
0
LINE
8
BLACK
6
CONTINUOUS
10
-2.3448818897637795
20
3.2172033464566927
11
-2.3439135826771653
21
3.2123353937007875
0
LINE
8
BLACK
6
CONTINUOUS
10
-2.3439135826771653
20
3.2123353937007875
11
-2.3420142125984253
21
3.2077498425196849
0
LINE
8
BLACK
6
CONTINUOUS
10
-2.3420142125984253
20
3.2077498425196849
11
-2.3392567322834643
21
3.2036229921259842
0
LINE
8
BLACK
6
CONTINUOUS
10
-2.3392567322834643
20
3.2036229921259842
11
-2.3357470866141732
21
3.2001133464566927
0
LINE
8
BLACK
6
CONTINUOUS
10
-2.3357470866141732
20
3.2001133464566927
11
-2.3316202362204725
21
3.1973558661417321
0
LINE
8
BLACK
6
CONTINUOUS
10
-2.3316202362204725
20
3.1973558661417321
11
-2.3270346850393699
21
3.1954564960629921
0
LINE
8
BLACK
6
CONTINUOUS
10
-2.3270346850393699
20
3.1954564960629921
11
-2.3221667322834647
21
3.1944881889763779
0
LINE
8
BLACK
6
CONTINUOUS
10
-2.3221667322834647
20
3.1944881889763779
11
-2.3172033464566928
21
3.1944881889763779
0
LINE
8
BLACK
6
CONTINUOUS
10
-2.3172033464566928
20
3.1944881889763779
11
-2.3123353937007876
21
3.1954564960629921
0
LINE
8
BLACK
6
CONTINUOUS
10
-2.3123353937007876
20
3.1954564960629921
11
-2.307749842519685
21
3.1973558661417321
0
LINE
8
BLACK
6
CONTINUOUS
10
-2.307749842519685
20
3.1973558661417321
11
-2.3036229921259843
21
3.2001133464566927
0
LINE
8
BLACK
6
CONTINUOUS
10
-2.3036229921259843
20
3.2001133464566927
11
-2.3001133464566927
21
3.2036229921259842
0
LINE
8
BLACK
6
CONTINUOUS
10
-2.3001133464566927
20
3.2036229921259842
11
-2.2973558661417322
21
3.2077498425196849
0
LINE
8
BLACK
6
CONTINUOUS
10
-2.2973558661417322
20
3.2077498425196849
11
-2.2954564960629922
21
3.2123353937007875
0
LINE
8
BLACK
6
CONTINUOUS
10
-2.2954564960629922
20
3.2123353937007875
11
-2.294488188976378
21
3.2172033464566927
0
LINE
8
BLACK
6
CONTINUOUS
10
-2.294488188976378
20
3.2172033464566927
11
-2.294488188976378
21
3.2221667322834646
0
LINE
8
BLACK
6
CONTINUOUS
10
-2.294488188976378
20
3.2221667322834646
11
-2.2954564960629922
21
3.2270346850393699
0
LINE
8
BLACK
6
CONTINUOUS
10
-2.2954564960629922
20
3.2270346850393699
11
-2.2973558661417322
21
3.2316202362204725
0
LINE
8
BLACK
6
CONTINUOUS
10
-2.2973558661417322
20
3.2316202362204725
11
-2.3001133464566927
21
3.2357470866141731
0
LINE
8
BLACK
6
CONTINUOUS
10
-2.3001133464566927
20
3.2357470866141731
11
-2.3036229921259843
21
3.2392567322834647
0
LINE
8
BLACK
6
CONTINUOUS
10
-2.3036229921259843
20
3.2392567322834647
11
-2.307749842519685
21
3.2420142125984253
0
LINE
8
BLACK
6
CONTINUOUS
10
-2.307749842519685
20
3.2420142125984253
11
-2.3123353937007876
21
3.2439135826771652
0
LINE
8
BLACK
6
CONTINUOUS
10
-2.3123353937007876
20
3.2439135826771652
11
-2.3172033464566928
21
3.2448818897637794
0
LINE
8
BLACK
6
CONTINUOUS
10
-2.3172033464566928
20
3.2448818897637794
11
-2.3221667322834647
21
3.2448818897637794
0
LINE
8
BLACK
6
CONTINUOUS
10
-2.3221667322834647
20
3.2448818897637794
11
-2.3270346850393699
21
3.2439135826771652
0
LINE
8
BLACK
6
CONTINUOUS
10
-2.3270346850393699
20
3.2439135826771652
11
-2.3316202362204725
21
3.2420142125984253
0
LINE
8
BLACK
6
CONTINUOUS
10
-2.3316202362204725
20
3.2420142125984253
11
-2.3357470866141732
21
3.2392567322834647
0
LINE
8
BLACK
6
CONTINUOUS
10
-2.3357470866141732
20
3.2392567322834647
11
-2.3392567322834643
21
3.2357470866141731
0
LINE
8
BLACK
6
CONTINUOUS
10
-2.3392567322834643
20
3.2357470866141731
11
-2.3420142125984253
21
3.2316202362204725
0
LINE
8
BLACK
6
CONTINUOUS
10
-2.3420142125984253
20
3.2316202362204725
11
-2.3439135826771653
21
3.2270346850393699
0
LINE
8
BLACK
6
CONTINUOUS
10
-2.3439135826771653
20
3.2270346850393699
11
-2.3448818897637795
21
3.2221667322834646
0
LINE
8
BLACK
6
CONTINUOUS
10
-2.3448818897637795
20
3.2221667322834646
11
-2.3448818897637795
21
3.2172033464566927
0
LINE
8
BLACK
6
CONTINUOUS
10
-2.4394121653543306
20
3.2562826771653541
11
-2.4393586220472439
21
3.2563005118110238
0
LINE
8
BLACK
6
CONTINUOUS
10
-2.4393586220472439
20
3.2563005118110238
11
-2.438978464566929
21
3.2561964173228346
0
LINE
8
BLACK
6
CONTINUOUS
10
-2.438978464566929
20
3.2561964173228346
11
-2.4385914173228347
21
3.2561194094488188
0
LINE
8
BLACK
6
CONTINUOUS
10
-2.4385914173228347
20
3.2561194094488188
11
-2.4385514960629919
21
3.2560794881889765
0
LINE
8
BLACK
6
CONTINUOUS
10
-2.4385514960629919
20
3.2560794881889765
11
-2.4384326377952754
21
3.2560469291338583
0
LINE
8
BLACK
6
CONTINUOUS
10
-2.4384326377952754
20
3.2560469291338583
11
-2.4365578740157479
21
3.2551095275590551
0
LINE
8
BLACK
6
CONTINUOUS
10
-2.4365578740157479
20
3.2551095275590551
11
-2.4362465354330709
21
3.2548678740157482
0
LINE
8
BLACK
6
CONTINUOUS
10
-2.4362465354330709
20
3.2548678740157482
11
-2.4359184251968502
21
3.2546486614173227
0
LINE
8
BLACK
6
CONTINUOUS
10
-2.4359184251968502
20
3.2546486614173227
11
-2.434981023622047
21
3.2537112992125983
0
LINE
8
BLACK
6
CONTINUOUS
10
-2.434981023622047
20
3.2537112992125983
11
-2.434761968503937
21
3.2533834645669288
0
LINE
8
BLACK
6
CONTINUOUS
10
-2.434761968503937
20
3.2533834645669288
11
-2.4345200393700788
21
3.2530717322834644
0
LINE
8
BLACK
6
CONTINUOUS
10
-2.4345200393700788
20
3.2530717322834644
11
-2.4335826771653544
21
3.2511970078740156
0
LINE
8
BLACK
6
CONTINUOUS
10
-2.4335826771653544
20
3.2511970078740156
11
-2.4335501574803149
21
3.251078149606299
0
LINE
8
BLACK
6
CONTINUOUS
10
-2.4335501574803149
20
3.251078149606299
11
-2.4335102362204726
21
3.2510382283464567
0
LINE
8
BLACK
6
CONTINUOUS
10
-2.4335102362204726
20
3.2510382283464567
11
-2.4334333070866143
21
3.250651338582677
0
LINE
8
BLACK
6
CONTINUOUS
10
-2.4334333070866143
20
3.250651338582677
11
-2.4333291338582677
21
3.2502709842519684
0
LINE
8
BLACK
6
CONTINUOUS
10
-2.4333291338582677
20
3.2502709842519684
11
-2.4333469685039368
21
3.2502175196850391
0
LINE
8
BLACK
6
CONTINUOUS
10
-2.4333469685039368
20
3.2502175196850391
11
-2.4333229133858265
21
3.2500965748031496
0
LINE
8
BLACK
6
CONTINUOUS
10
-2.4333229133858265
20
3.2500965748031496
11
-2.4333229133858265
21
3.2482218110236221
0
LINE
8
BLACK
6
CONTINUOUS
10
-2.4333229133858265
20
3.2482218110236221
11
-2.4333469685039368
21
3.2481009055118109
0
LINE
8
BLACK
6
CONTINUOUS
10
-2.4333469685039368
20
3.2481009055118109
11
-2.4333291338582677
21
3.2480474015748029
0
LINE
8
BLACK
6
CONTINUOUS
10
-2.4333291338582677
20
3.2480474015748029
11
-2.4334333070866143
21
3.247667086614173
0
LINE
8
BLACK
6
CONTINUOUS
10
-2.4334333070866143
20
3.247667086614173
11
-2.4335102362204726
21
3.247280157480315
0
LINE
8
BLACK
6
CONTINUOUS
10
-2.4335102362204726
20
3.247280157480315
11
-2.4335501574803149
21
3.247240275590551
0
LINE
8
BLACK
6
CONTINUOUS
10
-2.4335501574803149
20
3.247240275590551
11
-2.4335826771653544
21
3.2471213779527557
0
LINE
8
BLACK
6
CONTINUOUS
10
-2.4335826771653544
20
3.2471213779527557
11
-2.4345200393700788
21
3.2452466535433069
0
LINE
8
BLACK
6
CONTINUOUS
10
-2.4345200393700788
20
3.2452466535433069
11
-2.434761968503937
21
3.2449349606299212
0
LINE
8
BLACK
6
CONTINUOUS
10
-2.434761968503937
20
3.2449349606299212
11
-2.4349809842519683
21
3.2446071259842517
0
LINE
8
BLACK
6
CONTINUOUS
10
-2.4349809842519683
20
3.2446071259842517
11
-2.4359183858267714
21
3.2436697244094486
0
LINE
8
BLACK
6
CONTINUOUS
10
-2.4359183858267714
20
3.2436697244094486
11
-2.4362462992125984
21
3.2434506692913385
0
LINE
8
BLACK
6
CONTINUOUS
10
-2.4362462992125984
20
3.2434506692913385
11
-2.4365579133858266
21
3.243208779527559
0
LINE
8
BLACK
6
CONTINUOUS
10
-2.4365579133858266
20
3.243208779527559
11
-2.4384326771653542
21
3.2422714173228346
0
LINE
8
BLACK
6
CONTINUOUS
10
-2.4384326771653542
20
3.2422714173228346
11
-2.4386925984251966
21
3.2422002755905512
0
LINE
8
BLACK
6
CONTINUOUS
10
-2.4386925984251966
20
3.2422002755905512
11
-2.4389362598425195
21
3.2420851181102361
0
LINE
8
BLACK
6
CONTINUOUS
10
-2.4389362598425195
20
3.2420851181102361
11
-2.4424238582677167
21
3.2412132283464565
0
LINE
8
BLACK
6
CONTINUOUS
10
-2.4424238582677167
20
3.2412132283464565
11
-2.4436998031496064
21
3.240575275590551
0
LINE
8
BLACK
6
CONTINUOUS
10
-2.4436998031496064
20
3.240575275590551
11
-2.4440724409448817
21
3.2402026377952757
0
LINE
8
BLACK
6
CONTINUOUS
10
-2.4440724409448817
20
3.2402026377952757
11
-2.4445714960629923
21
3.2392045275590551
0
LINE
8
BLACK
6
CONTINUOUS
10
-2.4445714960629923
20
3.2392045275590551
11
-2.4445714960629923
21
3.2384914566929135
0
LINE
8
BLACK
6
CONTINUOUS
10
-2.4445714960629923
20
3.2384914566929135
11
-2.4440724409448817
21
3.2374933464566928
0
LINE
8
BLACK
6
CONTINUOUS
10
-2.4440724409448817
20
3.2374933464566928
11
-2.4436998031496064
21
3.2371207086614171
0
LINE
8
BLACK
6
CONTINUOUS
10
-2.4436998031496064
20
3.2371207086614171
11
-2.4427017322834645
21
3.2366216929133858
0
LINE
8
BLACK
6
CONTINUOUS
10
-2.4427017322834645
20
3.2366216929133858
11
-2.4389949999999998
21
3.2366216929133858
0
LINE
8
BLACK
6
CONTINUOUS
10
-2.4389949999999998
20
3.2366216929133858
11
-2.4365616535433072
21
3.2374327952755904
0
LINE
8
BLACK
6
CONTINUOUS
10
-2.4365616535433072
20
3.2374327952755904
11
-2.43560905511811
21
3.2375528740157478
0
LINE
8
BLACK
6
CONTINUOUS
10
-2.43560905511811
20
3.2375528740157478
11
-2.4339246456692911
21
3.2367106299212596
0
LINE
8
BLACK
6
CONTINUOUS
10
-2.4339246456692911
20
3.2367106299212596
11
-2.4333290944881889
21
3.2349239763779525
0
LINE
8
BLACK
6
CONTINUOUS
10
-2.4333290944881889
20
3.2349239763779525
11
-2.434046968503937
21
3.233488346456693
0
LINE
8
BLACK
6
CONTINUOUS
10
-2.434046968503937
20
3.233488346456693
11
-2.4329756692913387
21
3.2345596062992126
0
LINE
8
BLACK
6
CONTINUOUS
10
-2.4329756692913387
20
3.2345596062992126
11
-2.4320340157480316
21
3.2347469291338582
0
LINE
8
BLACK
6
CONTINUOUS
10
-2.4320340157480316
20
3.2347469291338582
11
-2.4170358661417324
21
3.2347469291338582
0
LINE
8
BLACK
6
CONTINUOUS
10
-2.4170358661417324
20
3.2347469291338582
11
-2.4160942125984253
21
3.2345596062992126
0
LINE
8
BLACK
6
CONTINUOUS
10
-2.4160942125984253
20
3.2345596062992126
11
-2.4155596850393701
21
3.2340250787401574
0
LINE
8
BLACK
6
CONTINUOUS
10
-2.4155596850393701
20
3.2340250787401574
11
-2.4155596850393701
21
3.2351027165354331
0
LINE
8
BLACK
6
CONTINUOUS
10
-2.4155596850393701
20
3.2351027165354331
11
-2.4142280314960631
21
3.2364343700787401
0
LINE
8
BLACK
6
CONTINUOUS
10
-2.4142280314960631
20
3.2364343700787401
11
-2.413286377952756
21
3.2366216929133858
0
LINE
8
BLACK
6
CONTINUOUS
10
-2.413286377952756
20
3.2366216929133858
11
-2.4101227165354331
21
3.2366216929133858
0
LINE
8
BLACK
6
CONTINUOUS
10
-2.4101227165354331
20
3.2366216929133858
11
-2.4101227165354331
21
3.2538461023622047
0
LINE
8
BLACK
6
CONTINUOUS
10
-2.4101227165354331
20
3.2538461023622047
11
-2.4099353937007875
21
3.2547877559055118
0
LINE
8
BLACK
6
CONTINUOUS
10
-2.4099353937007875
20
3.2547877559055118
11
-2.4097562598425197
21
3.2549669291338583
0
LINE
8
BLACK
6
CONTINUOUS
10
-2.4097562598425197
20
3.2549669291338583
11
-2.4097065748031494
21
3.255215275590551
0
LINE
8
BLACK
6
CONTINUOUS
10
-2.4097065748031494
20
3.255215275590551
11
-2.4091104724409447
21
3.2556127165354329
0
LINE
8
BLACK
6
CONTINUOUS
10
-2.4091104724409447
20
3.2556127165354329
11
-2.4086037401574805
21
3.2561194094488188
0
LINE
8
BLACK
6
CONTINUOUS
10
-2.4086037401574805
20
3.2561194094488188
11
-2.4083503937007875
21
3.2561194094488188
0
LINE
8
BLACK
6
CONTINUOUS
10
-2.4083503937007875
20
3.2561194094488188
11
-2.4081395669291337
21
3.2562599606299214
0
LINE
8
BLACK
6
CONTINUOUS
10
-2.4081395669291337
20
3.2562599606299214
11
-2.4074368897637797
21
3.2561194094488188
0
LINE
8
BLACK
6
CONTINUOUS
10
-2.4074368897637797
20
3.2561194094488188
11
-2.4067204330708662
21
3.2561194094488188
0
LINE
8
BLACK
6
CONTINUOUS
10
-2.4067204330708662
20
3.2561194094488188
11
-2.4065412992125985
21
3.2559402755905511
0
LINE
8
BLACK
6
CONTINUOUS
10
-2.4065412992125985
20
3.2559402755905511
11
-2.4062929133858266
21
3.2558905905511812
0
LINE
8
BLACK
6
CONTINUOUS
10
-2.4062929133858266
20
3.2558905905511812
11
-2.4056147244094488
21
3.2552110236220471
0
LINE
8
BLACK
6
CONTINUOUS
10
-2.4056147244094488
20
3.2552110236220471
11
-2.4038751574803148
21
3.2526016141732281
0
LINE
8
BLACK
6
CONTINUOUS
10
-2.4038751574803148
20
3.2526016141732281
11
-2.4024550393700785
21
3.2511814960629919
0
LINE
8
BLACK
6
CONTINUOUS
10
-2.4024550393700785
20
3.2511814960629919
11
-2.4009374015748031
21
3.2504226771653544
0
LINE
8
BLACK
6
CONTINUOUS
10
-2.4009374015748031
20
3.2504226771653544
11
-2.4001789370078739
21
3.2498340157480312
0
LINE
8
BLACK
6
CONTINUOUS
10
-2.4001789370078739
20
3.2498340157480312
11
-2.3995833858267717
21
3.2480474409448816
0
LINE
8
BLACK
6
CONTINUOUS
10
-2.3995833858267717
20
3.2480474409448816
11
-2.4004255905511811
21
3.2463629527559053
0
LINE
8
BLACK
6
CONTINUOUS
10
-2.4004255905511811
20
3.2463629527559053
11
-2.4022122047244094
21
3.245767401574803
0
LINE
8
BLACK
6
CONTINUOUS
10
-2.4022122047244094
20
3.245767401574803
11
-2.4031382283464566
21
3.2460209448818897
0
LINE
8
BLACK
6
CONTINUOUS
10
-2.4031382283464566
20
3.2460209448818897
11
-2.4050129527559054
21
3.2469583070866141
0
LINE
8
BLACK
6
CONTINUOUS
10
-2.4050129527559054
20
3.2469583070866141
11
-2.4052014566929132
21
3.2471046062992124
0
LINE
8
BLACK
6
CONTINUOUS
10
-2.4052014566929132
20
3.2471046062992124
11
-2.4052014566929132
21
3.2366216929133858
0
LINE
8
BLACK
6
CONTINUOUS
10
-2.4052014566929132
20
3.2366216929133858
11
-2.4020377952755907
21
3.2366216929133858
0
LINE
8
BLACK
6
CONTINUOUS
10
-2.4020377952755907
20
3.2366216929133858
11
-2.4010961417322836
21
3.2364343700787401
0
LINE
8
BLACK
6
CONTINUOUS
10
-2.4010961417322836
20
3.2364343700787401
11
-2.3997644881889761
21
3.2351027165354331
0
LINE
8
BLACK
6
CONTINUOUS
10
-2.3997644881889761
20
3.2351027165354331
11
-2.3997644881889761
21
3.2332194094488189
0
LINE
8
BLACK
6
CONTINUOUS
10
-2.3997644881889761
20
3.2332194094488189
11
-2.4010961417322836
21
3.2318877559055119
0
LINE
8
BLACK
6
CONTINUOUS
10
-2.4010961417322836
20
3.2318877559055119
11
-2.4020377952755907
21
3.2317004330708659
0
LINE
8
BLACK
6
CONTINUOUS
10
-2.4020377952755907
20
3.2317004330708659
11
-2.413286377952756
21
3.2317004330708659
0
LINE
8
BLACK
6
CONTINUOUS
10
-2.413286377952756
20
3.2317004330708659
11
-2.4142280314960631
21
3.2318877559055119
0
LINE
8
BLACK
6
CONTINUOUS
10
-2.4142280314960631
20
3.2318877559055119
11
-2.4147625590551183
21
3.2324222834645671
0
LINE
8
BLACK
6
CONTINUOUS
10
-2.4147625590551183
20
3.2324222834645671
11
-2.4147625590551183
21
3.2313446456692914
0
LINE
8
BLACK
6
CONTINUOUS
10
-2.4147625590551183
20
3.2313446456692914
11
-2.4160942125984253
21
3.2300129921259844
0
LINE
8
BLACK
6
CONTINUOUS
10
-2.4160942125984253
20
3.2300129921259844
11
-2.4170358661417324
21
3.2298256692913383
0
LINE
8
BLACK
6
CONTINUOUS
10
-2.4170358661417324
20
3.2298256692913383
11
-2.4320340157480316
21
3.2298256692913383
0
LINE
8
BLACK
6
CONTINUOUS
10
-2.4320340157480316
20
3.2298256692913383
11
-2.4329756692913387
21
3.2300129921259844
0
LINE
8
BLACK
6
CONTINUOUS
10
-2.4329756692913387
20
3.2300129921259844
11
-2.4343073228346457
21
3.2313446456692914
0
LINE
8
BLACK
6
CONTINUOUS
10
-2.4343073228346457
20
3.2313446456692914
11
-2.4343073228346457
21
3.2331620472440945
0
LINE
8
BLACK
6
CONTINUOUS
10
-2.4343073228346457
20
3.2331620472440945
11
-2.4350054330708661
21
3.23276405511811
0
LINE
8
BLACK
6
CONTINUOUS
10
-2.4350054330708661
20
3.23276405511811
11
-2.4378175590551181
21
3.2318266929133856
0
LINE
8
BLACK
6
CONTINUOUS
10
-2.4378175590551181
20
3.2318266929133856
11
-2.4382088582677164
21
3.2317774015748029
0
LINE
8
BLACK
6
CONTINUOUS
10
-2.4382088582677164
20
3.2317774015748029
11
-2.4385956692913386
21
3.2317004330708659
0
LINE
8
BLACK
6
CONTINUOUS
10
-2.4385956692913386
20
3.2317004330708659
11
-2.4432825984251969
21
3.2317004330708659
0
LINE
8
BLACK
6
CONTINUOUS
10
-2.4432825984251969
20
3.2317004330708659
11
-2.4434035433070864
21
3.2317244881889762
0
LINE
8
BLACK
6
CONTINUOUS
10
-2.4434035433070864
20
3.2317244881889762
11
-2.4434570078740157
21
3.231706653543307
0
LINE
8
BLACK
6
CONTINUOUS
10
-2.4434570078740157
20
3.231706653543307
11
-2.4438373622047243
21
3.2318108267716537
0
LINE
8
BLACK
6
CONTINUOUS
10
-2.4438373622047243
20
3.2318108267716537
11
-2.444224251968504
21
3.2318877559055119
0
LINE
8
BLACK
6
CONTINUOUS
10
-2.444224251968504
20
3.2318877559055119
11
-2.4442641732283463
21
3.2319276771653542
0
LINE
8
BLACK
6
CONTINUOUS
10
-2.4442641732283463
20
3.2319276771653542
11
-2.4443830314960628
21
3.2319601968503937
0
LINE
8
BLACK
6
CONTINUOUS
10
-2.4443830314960628
20
3.2319601968503937
11
-2.4462577559055116
21
3.2328975590551181
0
LINE
8
BLACK
6
CONTINUOUS
10
-2.4462577559055116
20
3.2328975590551181
11
-2.4465694881889761
21
3.2331394881889763
0
LINE
8
BLACK
6
CONTINUOUS
10
-2.4465694881889761
20
3.2331394881889763
11
-2.4468973228346456
21
3.2333585433070864
0
LINE
8
BLACK
6
CONTINUOUS
10
-2.4468973228346456
20
3.2333585433070864
11
-2.44783468503937
21
3.2342959448818895
0
LINE
8
BLACK
6
CONTINUOUS
10
-2.44783468503937
20
3.2342959448818895
11
-2.448053897637795
21
3.2346240551181102
0
LINE
8
BLACK
6
CONTINUOUS
10
-2.448053897637795
20
3.2346240551181102
11
-2.4482955511811024
21
3.2349353937007872
0
LINE
8
BLACK
6
CONTINUOUS
10
-2.4482955511811024
20
3.2349353937007872
11
-2.4492329527559056
21
3.2368101574803148
0
LINE
8
BLACK
6
CONTINUOUS
10
-2.4492329527559056
20
3.2368101574803148
11
-2.4492655118110234
21
3.2369290157480313
0
LINE
8
BLACK
6
CONTINUOUS
10
-2.4492655118110234
20
3.2369290157480313
11
-2.4493054330708661
21
3.236968937007874
0
LINE
8
BLACK
6
CONTINUOUS
10
-2.4493054330708661
20
3.236968937007874
11
-2.4493824409448819
21
3.2373559842519684
0
LINE
8
BLACK
6
CONTINUOUS
10
-2.4493824409448819
20
3.2373559842519684
11
-2.4494865354330706
21
3.2377361417322832
0
LINE
8
BLACK
6
CONTINUOUS
10
-2.4494865354330706
20
3.2377361417322832
11
-2.4494687007874014
21
3.2377896850393699
0
LINE
8
BLACK
6
CONTINUOUS
10
-2.4494687007874014
20
3.2377896850393699
11
-2.4494927559055117
21
3.2379105905511811
0
LINE
8
BLACK
6
CONTINUOUS
10
-2.4494927559055117
20
3.2379105905511811
11
-2.4494927559055117
21
3.2397853543307087
0
LINE
8
BLACK
6
CONTINUOUS
10
-2.4494927559055117
20
3.2397853543307087
11
-2.4494687007874014
21
3.2399062992125982
0
LINE
8
BLACK
6
CONTINUOUS
10
-2.4494687007874014
20
3.2399062992125982
11
-2.4494865354330706
21
3.2399598031496062
0
LINE
8
BLACK
6
CONTINUOUS
10
-2.4494865354330706
20
3.2399598031496062
11
-2.4493824409448819
21
3.2403399999999998
0
LINE
8
BLACK
6
CONTINUOUS
10
-2.4493824409448819
20
3.2403399999999998
11
-2.4493054330708661
21
3.2407270078740158
0
LINE
8
BLACK
6
CONTINUOUS
10
-2.4493054330708661
20
3.2407270078740158
11
-2.4492655118110234
21
3.2407669685039369
0
LINE
8
BLACK
6
CONTINUOUS
10
-2.4492655118110234
20
3.2407669685039369
11
-2.4492329527559056
21
3.2408857874015746
0
LINE
8
BLACK
6
CONTINUOUS
10
-2.4492329527559056
20
3.2408857874015746
11
-2.4482955511811024
21
3.2427605511811022
0
LINE
8
BLACK
6
CONTINUOUS
10
-2.4482955511811024
20
3.2427605511811022
11
-2.448053897637795
21
3.2430719291338583
0
LINE
8
BLACK
6
CONTINUOUS
10
-2.448053897637795
20
3.2430719291338583
11
-2.44783468503937
21
3.2433999999999998
0
LINE
8
BLACK
6
CONTINUOUS
10
-2.44783468503937
20
3.2433999999999998
11
-2.4468973228346456
21
3.244337401574803
0
LINE
8
BLACK
6
CONTINUOUS
10
-2.4468973228346456
20
3.244337401574803
11
-2.4465694881889761
21
3.2445564960629922
0
LINE
8
BLACK
6
CONTINUOUS
10
-2.4465694881889761
20
3.2445564960629922
11
-2.4462577559055116
21
3.2447983858267717
0
LINE
8
BLACK
6
CONTINUOUS
10
-2.4462577559055116
20
3.2447983858267717
11
-2.4443830314960628
21
3.2457357480314961
0
LINE
8
BLACK
6
CONTINUOUS
10
-2.4443830314960628
20
3.2457357480314961
11
-2.4441231496062992
21
3.2458069291338583
0
LINE
8
BLACK
6
CONTINUOUS
10
-2.4441231496062992
20
3.2458069291338583
11
-2.4438794094488188
21
3.2459220472440946
0
LINE
8
BLACK
6
CONTINUOUS
10
-2.4438794094488188
20
3.2459220472440946
11
-2.4403918897637795
21
3.2467939763779525
0
LINE
8
BLACK
6
CONTINUOUS
10
-2.4403918897637795
20
3.2467939763779525
11
-2.4391158267716535
21
3.2474319685039368
0
LINE
8
BLACK
6
CONTINUOUS
10
-2.4391158267716535
20
3.2474319685039368
11
-2.4387432283464565
21
3.2478046062992125
0
LINE
8
BLACK
6
CONTINUOUS
10
-2.4387432283464565
20
3.2478046062992125
11
-2.4382441732283464
21
3.2488026771653544
0
LINE
8
BLACK
6
CONTINUOUS
10
-2.4382441732283464
20
3.2488026771653544
11
-2.4382441732283464
21
3.249515748031496
0
LINE
8
BLACK
6
CONTINUOUS
10
-2.4382441732283464
20
3.249515748031496
11
-2.4387431889763778
21
3.2505137795275592
0
LINE
8
BLACK
6
CONTINUOUS
10
-2.4387431889763778
20
3.2505137795275592
11
-2.4391158267716535
21
3.2508864173228345
0
LINE
8
BLACK
6
CONTINUOUS
10
-2.4391158267716535
20
3.2508864173228345
11
-2.4401139370078742
21
3.251385472440945
0
LINE
8
BLACK
6
CONTINUOUS
10
-2.4401139370078742
20
3.251385472440945
11
-2.4438205905511809
21
3.251385472440945
0
LINE
8
BLACK
6
CONTINUOUS
10
-2.4438205905511809
20
3.251385472440945
11
-2.4462540157480315
21
3.2505743307086612
0
LINE
8
BLACK
6
CONTINUOUS
10
-2.4462540157480315
20
3.2505743307086612
11
-2.4472065748031495
21
3.2504542913385825
0
LINE
8
BLACK
6
CONTINUOUS
10
-2.4472065748031495
20
3.2504542913385825
11
-2.4488909842519684
21
3.251296496062992
0
LINE
8
BLACK
6
CONTINUOUS
10
-2.4488909842519684
20
3.251296496062992
11
-2.4494865354330706
21
3.2530831496062991
0
LINE
8
BLACK
6
CONTINUOUS
10
-2.4494865354330706
20
3.2530831496062991
11
-2.4486443307086612
21
3.2547675590551179
0
LINE
8
BLACK
6
CONTINUOUS
10
-2.4486443307086612
20
3.2547675590551179
11
-2.4478102362204726
21
3.2552430708661415
0
LINE
8
BLACK
6
CONTINUOUS
10
-2.4478102362204726
20
3.2552430708661415
11
-2.4449980708661418
21
3.2561804724409447
0
LINE
8
BLACK
6
CONTINUOUS
10
-2.4449980708661418
20
3.2561804724409447
11
-2.4446068110236219
21
3.2562298031496062
0
LINE
8
BLACK
6
CONTINUOUS
10
-2.4446068110236219
20
3.2562298031496062
11
-2.4442199606299213
21
3.2563067322834645
0
LINE
8
BLACK
6
CONTINUOUS
10
-2.4442199606299213
20
3.2563067322834645
11
-2.4395330708661418
21
3.2563067322834645
0
LINE
8
BLACK
6
CONTINUOUS
10
-2.4395330708661418
20
3.2563067322834645
11
-2.4394121653543306
21
3.2562826771653541
0
LINE
8
BLACK
6
CONTINUOUS
10
-2.4728802755905512
20
3.2547877559055118
11
-2.4726929527559056
21
3.2538461023622047
0
LINE
8
BLACK
6
CONTINUOUS
10
-2.4726929527559056
20
3.2538461023622047
11
-2.4726929527559056
21
3.234161062992126
0
LINE
8
BLACK
6
CONTINUOUS
10
-2.4726929527559056
20
3.234161062992126
11
-2.4728802755905512
21
3.2332194488188977
0
LINE
8
BLACK
6
CONTINUOUS
10
-2.4728802755905512
20
3.2332194488188977
11
-2.4728802755905512
21
3.2332194094488189
0
LINE
8
BLACK
6
CONTINUOUS
10
-2.4728802755905512
20
3.2332194094488189
11
-2.4742119291338582
21
3.2318877559055119
0
LINE
8
BLACK
6
CONTINUOUS
10
-2.4742119291338582
20
3.2318877559055119
11
-2.4751535826771653
21
3.2317004330708659
0
LINE
8
BLACK
6
CONTINUOUS
10
-2.4751535826771653
20
3.2317004330708659
11
-2.4845274015748031
21
3.2317004330708659
0
LINE
8
BLACK
6
CONTINUOUS
10
-2.4845274015748031
20
3.2317004330708659
11
-2.4854690551181102
21
3.2318877559055119
0
LINE
8
BLACK
6
CONTINUOUS
10
-2.4854690551181102
20
3.2318877559055119
11
-2.4868007086614172
21
3.2332194094488189
0
LINE
8
BLACK
6
CONTINUOUS
10
-2.4868007086614172
20
3.2332194094488189
11
-2.4868007086614172
21
3.2351027165354331
0
LINE
8
BLACK
6
CONTINUOUS
10
-2.4868007086614172
20
3.2351027165354331
11
-2.4854690551181102
21
3.2364343700787401
0
LINE
8
BLACK
6
CONTINUOUS
10
-2.4854690551181102
20
3.2364343700787401
11
-2.4845274015748031
21
3.2366216929133858
0
LINE
8
BLACK
6
CONTINUOUS
10
-2.4845274015748031
20
3.2366216929133858
11
-2.4776142125984251
21
3.2366216929133858
0
LINE
8
BLACK
6
CONTINUOUS
10
-2.4776142125984251
20
3.2366216929133858
11
-2.4776142125984251
21
3.2538461023622047
0
LINE
8
BLACK
6
CONTINUOUS
10
-2.4776142125984251
20
3.2538461023622047
11
-2.4774268897637794
21
3.2547877559055118
0
LINE
8
BLACK
6
CONTINUOUS
10
-2.4774268897637794
20
3.2547877559055118
11
-2.4760952362204725
21
3.2561194094488188
0
LINE
8
BLACK
6
CONTINUOUS
10
-2.4760952362204725
20
3.2561194094488188
11
-2.4742119291338582
21
3.2561194094488188
0
LINE
8
BLACK
6
CONTINUOUS
10
-2.4742119291338582
20
3.2561194094488188
11
-2.4728802755905512
21
3.2547877559055118
0
LINE
8
BLACK
6
CONTINUOUS
10
-2.4607061023622046
20
3.2562298031496062
11
-2.46031468503937
21
3.2561804724409447
0
LINE
8
BLACK
6
CONTINUOUS
10
-2.46031468503937
20
3.2561804724409447
11
-2.4575025590551181
21
3.2552430708661415
0
LINE
8
BLACK
6
CONTINUOUS
10
-2.4575025590551181
20
3.2552430708661415
11
-2.4573954330708663
21
3.2551820078740157
0
LINE
8
BLACK
6
CONTINUOUS
10
-2.4573954330708663
20
3.2551820078740157
11
-2.457339094488189
21
3.2551820078740157
0
LINE
8
BLACK
6
CONTINUOUS
10
-2.457339094488189
20
3.2551820078740157
11
-2.4570114566929133
21
3.2549631102362202
0
LINE
8
BLACK
6
CONTINUOUS
10
-2.4570114566929133
20
3.2549631102362202
11
-2.456668464566929
21
3.2547675590551179
0
LINE
8
BLACK
6
CONTINUOUS
10
-2.456668464566929
20
3.2547675590551179
11
-2.4566432283464565
21
3.254717086614173
0
LINE
8
BLACK
6
CONTINUOUS
10
-2.4566432283464565
20
3.254717086614173
11
-2.4565407874015746
21
3.2546486220472439
0
LINE
8
BLACK
6
CONTINUOUS
10
-2.4565407874015746
20
3.2546486220472439
11
-2.454666023622047
21
3.2527738582677164
0
LINE
8
BLACK
6
CONTINUOUS
10
-2.454666023622047
20
3.2527738582677164
11
-2.4544468897637794
21
3.2524458661417324
0
LINE
8
BLACK
6
CONTINUOUS
10
-2.4544468897637794
20
3.2524458661417324
11
-2.4542051181102362
21
3.25213437007874
0
LINE
8
BLACK
6
CONTINUOUS
10
-2.4542051181102362
20
3.25213437007874
11
-2.4532676771653543
21
3.2502596062992124
0
LINE
8
BLACK
6
CONTINUOUS
10
-2.4532676771653543
20
3.2502596062992124
11
-2.4531964960629922
21
3.2499996062992125
0
LINE
8
BLACK
6
CONTINUOUS
10
-2.4531964960629922
20
3.2499996062992125
11
-2.4530813779527558
21
3.2497559448818896
0
LINE
8
BLACK
6
CONTINUOUS
10
-2.4530813779527558
20
3.2497559448818896
11
-2.4521440157480314
21
3.2460064173228345
0
LINE
8
BLACK
6
CONTINUOUS
10
-2.4521440157480314
20
3.2460064173228345
11
-2.4521293700787403
21
3.2457053149606296
0
LINE
8
BLACK
6
CONTINUOUS
10
-2.4521293700787403
20
3.2457053149606296
11
-2.4520705511811025
21
3.2454096456692914
0
LINE
8
BLACK
6
CONTINUOUS
10
-2.4520705511811025
20
3.2454096456692914
11
-2.4520705511811025
21
3.2425975196850394
0
LINE
8
BLACK
6
CONTINUOUS
10
-2.4520705511811025
20
3.2425975196850394
11
-2.4521293700787403
21
3.2423018897637794
0
LINE
8
BLACK
6
CONTINUOUS
10
-2.4521293700787403
20
3.2423018897637794
11
-2.4521440157480314
21
3.2420007480314958
0
LINE
8
BLACK
6
CONTINUOUS
10
-2.4521440157480314
20
3.2420007480314958
11
-2.4530813779527558
21
3.2382512204724407
0
LINE
8
BLACK
6
CONTINUOUS
10
-2.4530813779527558
20
3.2382512204724407
11
-2.4531964960629922
21
3.2380075984251966
0
LINE
8
BLACK
6
CONTINUOUS
10
-2.4531964960629922
20
3.2380075984251966
11
-2.4532676771653543
21
3.2377475590551179
0
LINE
8
BLACK
6
CONTINUOUS
10
-2.4532676771653543
20
3.2377475590551179
11
-2.4542051181102362
21
3.2358727952755904
0
LINE
8
BLACK
6
CONTINUOUS
10
-2.4542051181102362
20
3.2358727952755904
11
-2.4544467322834644
21
3.2355615354330709
0
LINE
8
BLACK
6
CONTINUOUS
10
-2.4544467322834644
20
3.2355615354330709
11
-2.4546659842519682
21
3.2352333070866139
0
LINE
8
BLACK
6
CONTINUOUS
10
-2.4546659842519682
20
3.2352333070866139
11
-2.4565407480314958
21
3.2333585039370076
0
LINE
8
BLACK
6
CONTINUOUS
10
-2.4565407480314958
20
3.2333585039370076
11
-2.456643307086614
21
3.2332899999999998
0
LINE
8
BLACK
6
CONTINUOUS
10
-2.456643307086614
20
3.2332899999999998
11
-2.4566685039370078
21
3.2332395669291336
0
LINE
8
BLACK
6
CONTINUOUS
10
-2.4566685039370078
20
3.2332395669291336
11
-2.4570109842519683
21
3.2330443700787401
0
LINE
8
BLACK
6
CONTINUOUS
10
-2.4570109842519683
20
3.2330443700787401
11
-2.4573390551181102
21
3.2328251181102363
0
LINE
8
BLACK
6
CONTINUOUS
10
-2.4573390551181102
20
3.2328251181102363
11
-2.4573955118110238
21
3.2328251181102363
0
LINE
8
BLACK
6
CONTINUOUS
10
-2.4573955118110238
20
3.2328251181102363
11
-2.4575025984251968
21
3.23276405511811
0
LINE
8
BLACK
6
CONTINUOUS
10
-2.4575025984251968
20
3.23276405511811
11
-2.4603147244094488
21
3.2318266929133856
0
LINE
8
BLACK
6
CONTINUOUS
10
-2.4603147244094488
20
3.2318266929133856
11
-2.460706023622047
21
3.2317774015748029
0
LINE
8
BLACK
6
CONTINUOUS
10
-2.460706023622047
20
3.2317774015748029
11
-2.4610928346456693
21
3.2317004330708659
0
LINE
8
BLACK
6
CONTINUOUS
10
-2.4610928346456693
20
3.2317004330708659
11
-2.4629675984251969
21
3.2317004330708659
0
LINE
8
BLACK
6
CONTINUOUS
10
-2.4629675984251969
20
3.2317004330708659
11
-2.4633542913385824
21
3.2317773622047246
0
LINE
8
BLACK
6
CONTINUOUS
10
-2.4633542913385824
20
3.2317773622047246
11
-2.4637456692913386
21
3.2318266929133856
0
LINE
8
BLACK
6
CONTINUOUS
10
-2.4637456692913386
20
3.2318266929133856
11
-2.4665578740157481
21
3.23276405511811
0
LINE
8
BLACK
6
CONTINUOUS
10
-2.4665578740157481
20
3.23276405511811
11
-2.4666649999999999
21
3.2328251181102363
0
LINE
8
BLACK
6
CONTINUOUS
10
-2.4666649999999999
20
3.2328251181102363
11
-2.4667214173228347
21
3.2328251181102363
0
LINE
8
BLACK
6
CONTINUOUS
10
-2.4667214173228347
20
3.2328251181102363
11
-2.4670491338582679
21
3.2330440944881889
0
LINE
8
BLACK
6
CONTINUOUS
10
-2.4670491338582679
20
3.2330440944881889
11
-2.4673919685039372
21
3.2332395275590549
0
LINE
8
BLACK
6
CONTINUOUS
10
-2.4673919685039372
20
3.2332395275590549
11
-2.4674172440944879
21
3.2332900787401573
0
LINE
8
BLACK
6
CONTINUOUS
10
-2.4674172440944879
20
3.2332900787401573
11
-2.4675197244094487
21
3.2333585433070864
0
LINE
8
BLACK
6
CONTINUOUS
10
-2.4675197244094487
20
3.2333585433070864
11
-2.4684570866141731
21
3.2342959448818895
0
LINE
8
BLACK
6
CONTINUOUS
10
-2.4684570866141731
20
3.2342959448818895
11
-2.4689904724409448
21
3.235094251968504
0
LINE
8
BLACK
6
CONTINUOUS
10
-2.4689904724409448
20
3.235094251968504
11
-2.4689904330708661
21
3.2369774803149607
0
LINE
8
BLACK
6
CONTINUOUS
10
-2.4689904330708661
20
3.2369774803149607
11
-2.4676587007874016
21
3.2383091732283464
0
LINE
8
BLACK
6
CONTINUOUS
10
-2.4676587007874016
20
3.2383091732283464
11
-2.4657754724409449
21
3.2383091338582677
0
LINE
8
BLACK
6
CONTINUOUS
10
-2.4657754724409449
20
3.2383091338582677
11
-2.4649771653543309
21
3.2377757086614172
0
LINE
8
BLACK
6
CONTINUOUS
10
-2.4649771653543309
20
3.2377757086614172
11
-2.4644506299212598
21
3.2372491338582678
0
LINE
8
BLACK
6
CONTINUOUS
10
-2.4644506299212598
20
3.2372491338582678
11
-2.4625682677165353
21
3.2366216929133858
0
LINE
8
BLACK
6
CONTINUOUS
10
-2.4625682677165353
20
3.2366216929133858
11
-2.4614921653543305
21
3.2366216929133858
0
LINE
8
BLACK
6
CONTINUOUS
10
-2.4614921653543305
20
3.2366216929133858
11
-2.4596099606299213
21
3.2372490944881891
0
LINE
8
BLACK
6
CONTINUOUS
10
-2.4596099606299213
20
3.2372490944881891
11
-2.458428149606299
21
3.238430905511811
0
LINE
8
BLACK
6
CONTINUOUS
10
-2.458428149606299
20
3.238430905511811
11
-2.4577902362204722
21
3.2397067716535433
0
LINE
8
BLACK
6
CONTINUOUS
10
-2.4577902362204722
20
3.2397067716535433
11
-2.456991811023622
21
3.242900433070866
0
LINE
8
BLACK
6
CONTINUOUS
10
-2.456991811023622
20
3.242900433070866
11
-2.456991811023622
21
3.2451067716535431
0
LINE
8
BLACK
6
CONTINUOUS
10
-2.456991811023622
20
3.2451067716535431
11
-2.4577902362204722
21
3.2483004330708662
0
LINE
8
BLACK
6
CONTINUOUS
10
-2.4577902362204722
20
3.2483004330708662
11
-2.4584281889763777
21
3.2495763385826772
0
LINE
8
BLACK
6
CONTINUOUS
10
-2.4584281889763777
20
3.2495763385826772
11
-2.4596098818897638
21
3.2507580314960629
0
LINE
8
BLACK
6
CONTINUOUS
10
-2.4596098818897638
20
3.2507580314960629
11
-2.4614922047244092
21
3.251385472440945
0
LINE
8
BLACK
6
CONTINUOUS
10
-2.4614922047244092
20
3.251385472440945
11
-2.4625682283464565
21
3.251385472440945
0
LINE
8
BLACK
6
CONTINUOUS
10
-2.4625682283464565
20
3.251385472440945
11
-2.4644506299212598
21
3.2507580314960629
0
LINE
8
BLACK
6
CONTINUOUS
10
-2.4644506299212598
20
3.2507580314960629
11
-2.4649772047244092
21
3.2502314173228344
0
LINE
8
BLACK
6
CONTINUOUS
10
-2.4649772047244092
20
3.2502314173228344
11
-2.4657755118110236
21
3.2496980314960631
0
LINE
8
BLACK
6
CONTINUOUS
10
-2.4657755118110236
20
3.2496980314960631
11
-2.4676587401574803
21
3.2496980314960631
0
LINE
8
BLACK
6
CONTINUOUS
10
-2.4676587401574803
20
3.2496980314960631
11
-2.4689904330708661
21
3.2510297244094488
0
LINE
8
BLACK
6
CONTINUOUS
10
-2.4689904330708661
20
3.2510297244094488
11
-2.4689904330708661
21
3.2529129527559055
0
LINE
8
BLACK
6
CONTINUOUS
10
-2.4689904330708661
20
3.2529129527559055
11
-2.4684570472440943
21
3.2537112598425195
0
LINE
8
BLACK
6
CONTINUOUS
10
-2.4684570472440943
20
3.2537112598425195
11
-2.4675196850393699
21
3.2546486220472439
0
LINE
8
BLACK
6
CONTINUOUS
10
-2.4675196850393699
20
3.2546486220472439
11
-2.4674172047244092
21
3.2547171259842518
0
LINE
8
BLACK
6
CONTINUOUS
10
-2.4674172047244092
20
3.2547171259842518
11
-2.4673919685039372
21
3.2547675590551179
0
LINE
8
BLACK
6
CONTINUOUS
10
-2.4673919685039372
20
3.2547675590551179
11
-2.4670492913385824
21
3.2549629527559056
0
LINE
8
BLACK
6
CONTINUOUS
10
-2.4670492913385824
20
3.2549629527559056
11
-2.4667213779527559
21
3.2551820078740157
0
LINE
8
BLACK
6
CONTINUOUS
10
-2.4667213779527559
20
3.2551820078740157
11
-2.4666649999999999
21
3.2551820078740157
0
LINE
8
BLACK
6
CONTINUOUS
10
-2.4666649999999999
20
3.2551820078740157
11
-2.4665578740157481
21
3.2552430708661415
0
LINE
8
BLACK
6
CONTINUOUS
10
-2.4665578740157481
20
3.2552430708661415
11
-2.4637457086614174
21
3.2561804724409447
0
LINE
8
BLACK
6
CONTINUOUS
10
-2.4637457086614174
20
3.2561804724409447
11
-2.4633544488188974
21
3.2562298031496062
0
LINE
8
BLACK
6
CONTINUOUS
10
-2.4633544488188974
20
3.2562298031496062
11
-2.4629675984251969
21
3.2563067322834645
0
LINE
8
BLACK
6
CONTINUOUS
10
-2.4629675984251969
20
3.2563067322834645
11
-2.4610928346456693
21
3.2563067322834645
0
LINE
8
BLACK
6
CONTINUOUS
10
-2.4610928346456693
20
3.2563067322834645
11
-2.4607061023622046
21
3.2562298031496062
0
LINE
8
BLACK
6
CONTINUOUS
10
-2.3885276771653543
20
3.2562298031496062
11
-2.3881362598425198
21
3.2561804724409447
0
LINE
8
BLACK
6
CONTINUOUS
10
-2.3881362598425198
20
3.2561804724409447
11
-2.3853241338582678
21
3.2552430708661415
0
LINE
8
BLACK
6
CONTINUOUS
10
-2.3853241338582678
20
3.2552430708661415
11
-2.3852170078740156
21
3.2551820078740157
0
LINE
8
BLACK
6
CONTINUOUS
10
-2.3852170078740156
20
3.2551820078740157
11
-2.3851606692913387
21
3.2551820078740157
0
LINE
8
BLACK
6
CONTINUOUS
10
-2.3851606692913387
20
3.2551820078740157
11
-2.3848330314960631
21
3.2549631102362202
0
LINE
8
BLACK
6
CONTINUOUS
10
-2.3848330314960631
20
3.2549631102362202
11
-2.3844900393700788
21
3.2547675590551179
0
LINE
8
BLACK
6
CONTINUOUS
10
-2.3844900393700788
20
3.2547675590551179
11
-2.3844648031496063
21
3.254717086614173
0
LINE
8
BLACK
6
CONTINUOUS
10
-2.3844648031496063
20
3.254717086614173
11
-2.3843623622047243
21
3.2546486220472439
0
LINE
8
BLACK
6
CONTINUOUS
10
-2.3843623622047243
20
3.2546486220472439
11
-2.3824875984251968
21
3.2527738582677164
0
LINE
8
BLACK
6
CONTINUOUS
10
-2.3824875984251968
20
3.2527738582677164
11
-2.3822684645669292
21
3.2524458661417324
0
LINE
8
BLACK
6
CONTINUOUS
10
-2.3822684645669292
20
3.2524458661417324
11
-2.382026692913386
21
3.25213437007874
0
LINE
8
BLACK
6
CONTINUOUS
10
-2.382026692913386
20
3.25213437007874
11
-2.3810892519685041
21
3.2502596062992124
0
LINE
8
BLACK
6
CONTINUOUS
10
-2.3810892519685041
20
3.2502596062992124
11
-2.3810180708661415
21
3.2499996062992125
0
LINE
8
BLACK
6
CONTINUOUS
10
-2.3810180708661415
20
3.2499996062992125
11
-2.3809029527559056
21
3.2497559448818896
0
LINE
8
BLACK
6
CONTINUOUS
10
-2.3809029527559056
20
3.2497559448818896
11
-2.3799655905511812
21
3.2460064173228345
0
LINE
8
BLACK
6
CONTINUOUS
10
-2.3799655905511812
20
3.2460064173228345
11
-2.3799509448818896
21
3.2457053149606296
0
LINE
8
BLACK
6
CONTINUOUS
10
-2.3799509448818896
20
3.2457053149606296
11
-2.3798921259842518
21
3.2454096456692914
0
LINE
8
BLACK
6
CONTINUOUS
10
-2.3798921259842518
20
3.2454096456692914
11
-2.3798921259842518
21
3.2425975196850394
0
LINE
8
BLACK
6
CONTINUOUS
10
-2.3798921259842518
20
3.2425975196850394
11
-2.3799509448818896
21
3.2423018897637794
0
LINE
8
BLACK
6
CONTINUOUS
10
-2.3799509448818896
20
3.2423018897637794
11
-2.3799655905511812
21
3.2420007480314958
0
LINE
8
BLACK
6
CONTINUOUS
10
-2.3799655905511812
20
3.2420007480314958
11
-2.3809029527559056
21
3.2382512204724407
0
LINE
8
BLACK
6
CONTINUOUS
10
-2.3809029527559056
20
3.2382512204724407
11
-2.3810180708661415
21
3.2380075984251966
0
LINE
8
BLACK
6
CONTINUOUS
10
-2.3810180708661415
20
3.2380075984251966
11
-2.3810892519685041
21
3.2377475590551179
0
LINE
8
BLACK
6
CONTINUOUS
10
-2.3810892519685041
20
3.2377475590551179
11
-2.382026692913386
21
3.2358727952755904
0
LINE
8
BLACK
6
CONTINUOUS
10
-2.382026692913386
20
3.2358727952755904
11
-2.3822683070866142
21
3.2355615354330709
0
LINE
8
BLACK
6
CONTINUOUS
10
-2.3822683070866142
20
3.2355615354330709
11
-2.382487559055118
21
3.2352333070866139
0
LINE
8
BLACK
6
CONTINUOUS
10
-2.382487559055118
20
3.2352333070866139
11
-2.3843623228346456
21
3.2333585039370076
0
LINE
8
BLACK
6
CONTINUOUS
10
-2.3843623228346456
20
3.2333585039370076
11
-2.3844648818897638
21
3.2332899999999998
0
LINE
8
BLACK
6
CONTINUOUS
10
-2.3844648818897638
20
3.2332899999999998
11
-2.3844900787401575
21
3.2332395669291336
0
LINE
8
BLACK
6
CONTINUOUS
10
-2.3844900787401575
20
3.2332395669291336
11
-2.384832559055118
21
3.2330443700787401
0
LINE
8
BLACK
6
CONTINUOUS
10
-2.384832559055118
20
3.2330443700787401
11
-2.38516062992126
21
3.2328251181102363
0
LINE
8
BLACK
6
CONTINUOUS
10
-2.38516062992126
20
3.2328251181102363
11
-2.3852170866141731
21
3.2328251181102363
0
LINE
8
BLACK
6
CONTINUOUS
10
-2.3852170866141731
20
3.2328251181102363
11
-2.3853241732283466
21
3.23276405511811
0
LINE
8
BLACK
6
CONTINUOUS
10
-2.3853241732283466
20
3.23276405511811
11
-2.3881362992125985
21
3.2318266929133856
0
LINE
8
BLACK
6
CONTINUOUS
10
-2.3881362992125985
20
3.2318266929133856
11
-2.3885275984251968
21
3.2317774015748029
0
LINE
8
BLACK
6
CONTINUOUS
10
-2.3885275984251968
20
3.2317774015748029
11
-2.3889144094488191
21
3.2317004330708659
0
LINE
8
BLACK
6
CONTINUOUS
10
-2.3889144094488191
20
3.2317004330708659
11
-2.3907891732283466
21
3.2317004330708659
0
LINE
8
BLACK
6
CONTINUOUS
10
-2.3907891732283466
20
3.2317004330708659
11
-2.3911758661417322
21
3.2317773622047246
0
LINE
8
BLACK
6
CONTINUOUS
10
-2.3911758661417322
20
3.2317773622047246
11
-2.391567244094488
21
3.2318266929133856
0
LINE
8
BLACK
6
CONTINUOUS
10
-2.391567244094488
20
3.2318266929133856
11
-2.3943794488188974
21
3.23276405511811
0
LINE
8
BLACK
6
CONTINUOUS
10
-2.3943794488188974
20
3.23276405511811
11
-2.3944865748031496
21
3.2328251181102363
0
LINE
8
BLACK
6
CONTINUOUS
10
-2.3944865748031496
20
3.2328251181102363
11
-2.394542992125984
21
3.2328251181102363
0
LINE
8
BLACK
6
CONTINUOUS
10
-2.394542992125984
20
3.2328251181102363
11
-2.3948707086614172
21
3.2330440944881889
0
LINE
8
BLACK
6
CONTINUOUS
10
-2.3948707086614172
20
3.2330440944881889
11
-2.3952135433070865
21
3.2332395275590549
0
LINE
8
BLACK
6
CONTINUOUS
10
-2.3952135433070865
20
3.2332395275590549
11
-2.3952388188976377
21
3.2332900787401573
0
LINE
8
BLACK
6
CONTINUOUS
10
-2.3952388188976377
20
3.2332900787401573
11
-2.3953412992125984
21
3.2333585433070864
0
LINE
8
BLACK
6
CONTINUOUS
10
-2.3953412992125984
20
3.2333585433070864
11
-2.3962786614173228
21
3.2342959448818895
0
LINE
8
BLACK
6
CONTINUOUS
10
-2.3962786614173228
20
3.2342959448818895
11
-2.3968120472440946
21
3.235094251968504
0
LINE
8
BLACK
6
CONTINUOUS
10
-2.3968120472440946
20
3.235094251968504
11
-2.3968120078740158
21
3.2369774803149607
0
LINE
8
BLACK
6
CONTINUOUS
10
-2.3968120078740158
20
3.2369774803149607
11
-2.3954802755905513
21
3.2383091732283464
0
LINE
8
BLACK
6
CONTINUOUS
10
-2.3954802755905513
20
3.2383091732283464
11
-2.3935970472440946
21
3.2383091338582677
0
LINE
8
BLACK
6
CONTINUOUS
10
-2.3935970472440946
20
3.2383091338582677
11
-2.3927987401574802
21
3.2377757086614172
0
LINE
8
BLACK
6
CONTINUOUS
10
-2.3927987401574802
20
3.2377757086614172
11
-2.3922722047244096
21
3.2372491338582678
0
LINE
8
BLACK
6
CONTINUOUS
10
-2.3922722047244096
20
3.2372491338582678
11
-2.390389842519685
21
3.2366216929133858
0
LINE
8
BLACK
6
CONTINUOUS
10
-2.390389842519685
20
3.2366216929133858
11
-2.3893137401574802
21
3.2366216929133858
0
LINE
8
BLACK
6
CONTINUOUS
10
-2.3893137401574802
20
3.2366216929133858
11
-2.3874315354330706
21
3.2372490944881891
0
LINE
8
BLACK
6
CONTINUOUS
10
-2.3874315354330706
20
3.2372490944881891
11
-2.3862497244094487
21
3.238430905511811
0
LINE
8
BLACK
6
CONTINUOUS
10
-2.3862497244094487
20
3.238430905511811
11
-2.385611811023622
21
3.2397067716535433
0
LINE
8
BLACK
6
CONTINUOUS
10
-2.385611811023622
20
3.2397067716535433
11
-2.3848133858267717
21
3.242900433070866
0
LINE
8
BLACK
6
CONTINUOUS
10
-2.3848133858267717
20
3.242900433070866
11
-2.3848133858267717
21
3.2451067716535431
0
LINE
8
BLACK
6
CONTINUOUS
10
-2.3848133858267717
20
3.2451067716535431
11
-2.385611811023622
21
3.2483004330708662
0
LINE
8
BLACK
6
CONTINUOUS
10
-2.385611811023622
20
3.2483004330708662
11
-2.3862497637795275
21
3.2495763385826772
0
LINE
8
BLACK
6
CONTINUOUS
10
-2.3862497637795275
20
3.2495763385826772
11
-2.3874314566929131
21
3.2507580314960629
0
LINE
8
BLACK
6
CONTINUOUS
10
-2.3874314566929131
20
3.2507580314960629
11
-2.389313779527559
21
3.251385472440945
0
LINE
8
BLACK
6
CONTINUOUS
10
-2.389313779527559
20
3.251385472440945
11
-2.3903898031496063
21
3.251385472440945
0
LINE
8
BLACK
6
CONTINUOUS
10
-2.3903898031496063
20
3.251385472440945
11
-2.3922722047244096
21
3.2507580314960629
0
LINE
8
BLACK
6
CONTINUOUS
10
-2.3922722047244096
20
3.2507580314960629
11
-2.3927987795275589
21
3.2502314173228344
0
LINE
8
BLACK
6
CONTINUOUS
10
-2.3927987795275589
20
3.2502314173228344
11
-2.3935970866141734
21
3.2496980314960631
0
LINE
8
BLACK
6
CONTINUOUS
10
-2.3935970866141734
20
3.2496980314960631
11
-2.3954803149606301
21
3.2496980314960631
0
LINE
8
BLACK
6
CONTINUOUS
10
-2.3954803149606301
20
3.2496980314960631
11
-2.3968120078740158
21
3.2510297244094488
0
LINE
8
BLACK
6
CONTINUOUS
10
-2.3968120078740158
20
3.2510297244094488
11
-2.3968120078740158
21
3.2529129527559055
0
LINE
8
BLACK
6
CONTINUOUS
10
-2.3968120078740158
20
3.2529129527559055
11
-2.3962786220472441
21
3.2537112598425195
0
LINE
8
BLACK
6
CONTINUOUS
10
-2.3962786220472441
20
3.2537112598425195
11
-2.3953412598425197
21
3.2546486220472439
0
LINE
8
BLACK
6
CONTINUOUS
10
-2.3953412598425197
20
3.2546486220472439
11
-2.3952387795275589
21
3.2547171259842518
0
LINE
8
BLACK
6
CONTINUOUS
10
-2.3952387795275589
20
3.2547171259842518
11
-2.3952135433070865
21
3.2547675590551179
0
LINE
8
BLACK
6
CONTINUOUS
10
-2.3952135433070865
20
3.2547675590551179
11
-2.3948708661417322
21
3.2549629527559056
0
LINE
8
BLACK
6
CONTINUOUS
10
-2.3948708661417322
20
3.2549629527559056
11
-2.3945429527559057
21
3.2551820078740157
0
LINE
8
BLACK
6
CONTINUOUS
10
-2.3945429527559057
20
3.2551820078740157
11
-2.3944865748031496
21
3.2551820078740157
0
LINE
8
BLACK
6
CONTINUOUS
10
-2.3944865748031496
20
3.2551820078740157
11
-2.3943794488188974
21
3.2552430708661415
0
LINE
8
BLACK
6
CONTINUOUS
10
-2.3943794488188974
20
3.2552430708661415
11
-2.3915672834645667
21
3.2561804724409447
0
LINE
8
BLACK
6
CONTINUOUS
10
-2.3915672834645667
20
3.2561804724409447
11
-2.3911760236220472
21
3.2562298031496062
0
LINE
8
BLACK
6
CONTINUOUS
10
-2.3911760236220472
20
3.2562298031496062
11
-2.3907891732283466
21
3.2563067322834645
0
LINE
8
BLACK
6
CONTINUOUS
10
-2.3907891732283466
20
3.2563067322834645
11
-2.3889144094488191
21
3.2563067322834645
0
LINE
8
BLACK
6
CONTINUOUS
10
-2.3889144094488191
20
3.2563067322834645
11
-2.3885276771653543
21
3.2562298031496062
0
LINE
8
BLACK
6
CONTINUOUS
10
-2.3662963385826772
20
3.2562826771653541
11
-2.3662427952755904
21
3.2563005118110238
0
LINE
8
BLACK
6
CONTINUOUS
10
-2.3662427952755904
20
3.2563005118110238
11
-2.3658626377952756
21
3.2561964173228346
0
LINE
8
BLACK
6
CONTINUOUS
10
-2.3658626377952756
20
3.2561964173228346
11
-2.3654755905511808
21
3.2561194094488188
0
LINE
8
BLACK
6
CONTINUOUS
10
-2.3654755905511808
20
3.2561194094488188
11
-2.3654356692913385
21
3.2560794881889765
0
LINE
8
BLACK
6
CONTINUOUS
10
-2.3654356692913385
20
3.2560794881889765
11
-2.365316811023622
21
3.2560469291338583
0
LINE
8
BLACK
6
CONTINUOUS
10
-2.365316811023622
20
3.2560469291338583
11
-2.3634420472440945
21
3.2551095275590551
0
LINE
8
BLACK
6
CONTINUOUS
10
-2.3634420472440945
20
3.2551095275590551
11
-2.3631305905511812
21
3.2548677952755907
0
LINE
8
BLACK
6
CONTINUOUS
10
-2.3631305905511812
20
3.2548677952755907
11
-2.362802559055118
21
3.2546486220472439
0
LINE
8
BLACK
6
CONTINUOUS
10
-2.362802559055118
20
3.2546486220472439
11
-2.3618651968503936
21
3.2537112598425195
0
LINE
8
BLACK
6
CONTINUOUS
10
-2.3618651968503936
20
3.2537112598425195
11
-2.3613318110236219
21
3.2529129527559055
0
LINE
8
BLACK
6
CONTINUOUS
10
-2.3613318110236219
20
3.2529129527559055
11
-2.3613318110236219
21
3.2510297244094488
0
LINE
8
BLACK
6
CONTINUOUS
10
-2.3613318110236219
20
3.2510297244094488
11
-2.3626635039370076
21
3.2496980314960631
0
LINE
8
BLACK
6
CONTINUOUS
10
-2.3626635039370076
20
3.2496980314960631
11
-2.3645467322834643
21
3.2496980314960631
0
LINE
8
BLACK
6
CONTINUOUS
10
-2.3645467322834643
20
3.2496980314960631
11
-2.3653450393700788
21
3.2502314173228344
0
LINE
8
BLACK
6
CONTINUOUS
10
-2.3653450393700788
20
3.2502314173228344
11
-2.3660000393700789
21
3.2508864173228345
0
LINE
8
BLACK
6
CONTINUOUS
10
-2.3660000393700789
20
3.2508864173228345
11
-2.3669981102362203
21
3.251385472440945
0
LINE
8
BLACK
6
CONTINUOUS
10
-2.3669981102362203
20
3.251385472440945
11
-2.370523346456693
21
3.251385472440945
0
LINE
8
BLACK
6
CONTINUOUS
10
-2.370523346456693
20
3.251385472440945
11
-2.371521338582677
21
3.250886496062992
0
LINE
8
BLACK
6
CONTINUOUS
10
-2.371521338582677
20
3.250886496062992
11
-2.3718940157480315
21
3.2505138188976379
0
LINE
8
BLACK
6
CONTINUOUS
10
-2.3718940157480315
20
3.2505138188976379
11
-2.3723930708661416
21
3.249515748031496
0
LINE
8
BLACK
6
CONTINUOUS
10
-2.3723930708661416
20
3.249515748031496
11
-2.3723930708661416
21
3.248621181102362
0
LINE
8
BLACK
6
CONTINUOUS
10
-2.3723930708661416
20
3.248621181102362
11
-2.3717656299212599
21
3.2467388188976378
0
LINE
8
BLACK
6
CONTINUOUS
10
-2.3717656299212599
20
3.2467388188976378
11
-2.3609277952755905
21
3.2359009842519684
0
LINE
8
BLACK
6
CONTINUOUS
10
-2.3609277952755905
20
3.2359009842519684
11
-2.36039437007874
21
3.2351026771653544
0
LINE
8
BLACK
6
CONTINUOUS
10
-2.36039437007874
20
3.2351026771653544
11
-2.36039437007874
21
3.2332194488188977
0
LINE
8
BLACK
6
CONTINUOUS
10
-2.36039437007874
20
3.2332194488188977
11
-2.3617261023622045
21
3.2318877165354332
0
LINE
8
BLACK
6
CONTINUOUS
10
-2.3617261023622045
20
3.2318877165354332
11
-2.3617262598425195
21
3.2318877165354332
0
LINE
8
BLACK
6
CONTINUOUS
10
-2.3617262598425195
20
3.2318877165354332
11
-2.3626677165354328
21
3.2317004330708659
0
LINE
8
BLACK
6
CONTINUOUS
10
-2.3626677165354328
20
3.2317004330708659
11
-2.3748537007874013
21
3.2317004330708659
0
LINE
8
BLACK
6
CONTINUOUS
10
-2.3748537007874013
20
3.2317004330708659
11
-2.3757953543307084
21
3.2318877559055119
0
LINE
8
BLACK
6
CONTINUOUS
10
-2.3757953543307084
20
3.2318877559055119
11
-2.3771270078740159
21
3.2332194094488189
0
LINE
8
BLACK
6
CONTINUOUS
10
-2.3771270078740159
20
3.2332194094488189
11
-2.3771270078740159
21
3.2351027165354331
0
LINE
8
BLACK
6
CONTINUOUS
10
-2.3771270078740159
20
3.2351027165354331
11
-2.3757953543307084
21
3.2364343700787401
0
LINE
8
BLACK
6
CONTINUOUS
10
-2.3757953543307084
20
3.2364343700787401
11
-2.3748537007874013
21
3.2366216929133858
0
LINE
8
BLACK
6
CONTINUOUS
10
-2.3748537007874013
20
3.2366216929133858
11
-2.3686081889763777
21
3.2366216929133858
0
LINE
8
BLACK
6
CONTINUOUS
10
-2.3686081889763777
20
3.2366216929133858
11
-2.375656220472441
21
3.2436697244094486
0
LINE
8
BLACK
6
CONTINUOUS
10
-2.375656220472441
20
3.2436697244094486
11
-2.3757246850393701
21
3.2437721653543306
0
LINE
8
BLACK
6
CONTINUOUS
10
-2.3757246850393701
20
3.2437721653543306
11
-2.375775157480315
21
3.243797401574803
0
LINE
8
BLACK
6
CONTINUOUS
10
-2.375775157480315
20
3.243797401574803
11
-2.3759707086614172
21
3.2441403937007873
0
LINE
8
BLACK
6
CONTINUOUS
10
-2.3759707086614172
20
3.2441403937007873
11
-2.3761896062992127
21
3.244468031496063
0
LINE
8
BLACK
6
CONTINUOUS
10
-2.3761896062992127
20
3.244468031496063
11
-2.3761896062992127
21
3.244524409448819
0
LINE
8
BLACK
6
CONTINUOUS
10
-2.3761896062992127
20
3.244524409448819
11
-2.3762506692913385
21
3.2446314960629921
0
LINE
8
BLACK
6
CONTINUOUS
10
-2.3762506692913385
20
3.2446314960629921
11
-2.3771880708661417
21
3.2474437007874015
0
LINE
8
BLACK
6
CONTINUOUS
10
-2.3771880708661417
20
3.2474437007874015
11
-2.3772374015748032
21
3.2478349999999998
0
LINE
8
BLACK
6
CONTINUOUS
10
-2.3772374015748032
20
3.2478349999999998
11
-2.3773143307086615
21
3.2482218110236221
0
LINE
8
BLACK
6
CONTINUOUS
10
-2.3773143307086615
20
3.2482218110236221
11
-2.3773143307086615
21
3.2500965748031496
0
LINE
8
BLACK
6
CONTINUOUS
10
-2.3773143307086615
20
3.2500965748031496
11
-2.3772902755905512
21
3.2502175196850391
0
LINE
8
BLACK
6
CONTINUOUS
10
-2.3772902755905512
20
3.2502175196850391
11
-2.3773081102362204
21
3.2502710236220471
0
LINE
8
BLACK
6
CONTINUOUS
10
-2.3773081102362204
20
3.2502710236220471
11
-2.3772040157480316
21
3.2506512204724407
0
LINE
8
BLACK
6
CONTINUOUS
10
-2.3772040157480316
20
3.2506512204724407
11
-2.3771270078740159
21
3.2510382283464567
0
LINE
8
BLACK
6
CONTINUOUS
10
-2.3771270078740159
20
3.2510382283464567
11
-2.3770870866141731
21
3.2510781889763778
0
LINE
8
BLACK
6
CONTINUOUS
10
-2.3770870866141731
20
3.2510781889763778
11
-2.3770545275590549
21
3.2511970078740156
0
LINE
8
BLACK
6
CONTINUOUS
10
-2.3770545275590549
20
3.2511970078740156
11
-2.3761171259842517
21
3.2530717716535431
0
LINE
8
BLACK
6
CONTINUOUS
10
-2.3761171259842517
20
3.2530717716535431
11
-2.3758753937007873
21
3.2533832677165355
0
LINE
8
BLACK
6
CONTINUOUS
10
-2.3758753937007873
20
3.2533832677165355
11
-2.375656220472441
21
3.2537112598425195
0
LINE
8
BLACK
6
CONTINUOUS
10
-2.375656220472441
20
3.2537112598425195
11
-2.3747188582677166
21
3.2546486220472439
0
LINE
8
BLACK
6
CONTINUOUS
10
-2.3747188582677166
20
3.2546486220472439
11
-2.3743908661417321
21
3.2548677952755907
0
LINE
8
BLACK
6
CONTINUOUS
10
-2.3743908661417321
20
3.2548677952755907
11
-2.3740793700787401
21
3.2551095275590551
0
LINE
8
BLACK
6
CONTINUOUS
10
-2.3740793700787401
20
3.2551095275590551
11
-2.3722046062992126
21
3.256046968503937
0
LINE
8
BLACK
6
CONTINUOUS
10
-2.3722046062992126
20
3.256046968503937
11
-2.3720857480314961
21
3.2560795275590548
0
LINE
8
BLACK
6
CONTINUOUS
10
-2.3720857480314961
20
3.2560795275590548
11
-2.3720458267716533
21
3.2561194094488188
0
LINE
8
BLACK
6
CONTINUOUS
10
-2.3720458267716533
20
3.2561194094488188
11
-2.3716590157480315
21
3.2561963779527558
0
LINE
8
BLACK
6
CONTINUOUS
10
-2.3716590157480315
20
3.2561963779527558
11
-2.3712786220472442
21
3.2563005118110238
0
LINE
8
BLACK
6
CONTINUOUS
10
-2.3712786220472442
20
3.2563005118110238
11
-2.3712251181102362
21
3.2562826771653541
0
LINE
8
BLACK
6
CONTINUOUS
10
-2.3712251181102362
20
3.2562826771653541
11
-2.3711041732283462
21
3.2563067322834645
0
LINE
8
BLACK
6
CONTINUOUS
10
-2.3711041732283462
20
3.2563067322834645
11
-2.3664172440944879
21
3.2563067322834645
0
LINE
8
BLACK
6
CONTINUOUS
10
-2.3664172440944879
20
3.2563067322834645
11
-2.3662963385826772
21
3.2562826771653541
0
LINE
8
BLACK
6
CONTINUOUS
10
-2.3528953543307085
20
3.2547877559055118
11
-2.3527080314960629
21
3.2538461023622047
0
LINE
8
BLACK
6
CONTINUOUS
10
-2.3527080314960629
20
3.2538461023622047
11
-2.3527080314960629
21
3.234161062992126
0
LINE
8
BLACK
6
CONTINUOUS
10
-2.3527080314960629
20
3.234161062992126
11
-2.3528953543307085
21
3.2332194094488189
0
LINE
8
BLACK
6
CONTINUOUS
10
-2.3528953543307085
20
3.2332194094488189
11
-2.3542270078740155
21
3.2318877559055119
0
LINE
8
BLACK
6
CONTINUOUS
10
-2.3542270078740155
20
3.2318877559055119
11
-2.3561103149606297
21
3.2318877559055119
0
LINE
8
BLACK
6
CONTINUOUS
10
-2.3561103149606297
20
3.2318877559055119
11
-2.3574419685039372
21
3.2332194094488189
0
LINE
8
BLACK
6
CONTINUOUS
10
-2.3574419685039372
20
3.2332194094488189
11
-2.3576292913385828
21
3.234161062992126
0
LINE
8
BLACK
6
CONTINUOUS
10
-2.3576292913385828
20
3.234161062992126
11
-2.3576292913385828
21
3.2538461023622047
0
LINE
8
BLACK
6
CONTINUOUS
10
-2.3576292913385828
20
3.2538461023622047
11
-2.3574419685039372
21
3.2547877559055118
0
LINE
8
BLACK
6
CONTINUOUS
10
-2.3574419685039372
20
3.2547877559055118
11
-2.3561103149606297
21
3.2561194094488188
0
LINE
8
BLACK
6
CONTINUOUS
10
-2.3561103149606297
20
3.2561194094488188
11
-2.3542270078740155
21
3.2561194094488188
0
LINE
8
BLACK
6
CONTINUOUS
10
-2.3542270078740155
20
3.2561194094488188
11
-2.3528953543307085
21
3.2547877559055118
0
LINE
8
BLACK
6
CONTINUOUS
10
-1.9274292913385827
20
3.2975517322834644
11
-1.9260976377952757
21
3.2962200787401574
0
LINE
8
BLACK
6
CONTINUOUS
10
-1.9260976377952757
20
3.2962200787401574
11
-1.9260976377952757
21
3.2943367716535432
0
LINE
8
BLACK
6
CONTINUOUS
10
-1.9260976377952757
20
3.2943367716535432
11
-1.9274292913385827
21
3.2930051181102362
0
LINE
8
BLACK
6
CONTINUOUS
10
-1.9274292913385827
20
3.2930051181102362
11
-1.9283709448818898
21
3.2928177952755906
0
LINE
8
BLACK
6
CONTINUOUS
10
-1.9283709448818898
20
3.2928177952755906
11
-1.943369094488189
21
3.2928177952755906
0
LINE
8
BLACK
6
CONTINUOUS
10
-1.943369094488189
20
3.2928177952755906
11
-1.9443107480314961
21
3.2930051181102362
0
LINE
8
BLACK
6
CONTINUOUS
10
-1.9443107480314961
20
3.2930051181102362
11
-1.9456424015748031
21
3.2943367716535432
0
LINE
8
BLACK
6
CONTINUOUS
10
-1.9456424015748031
20
3.2943367716535432
11
-1.9456424015748031
21
3.2962200787401574
0
LINE
8
BLACK
6
CONTINUOUS
10
-1.9456424015748031
20
3.2962200787401574
11
-1.9443107480314961
21
3.2975517322834644
0
LINE
8
BLACK
6
CONTINUOUS
10
-1.9443107480314961
20
3.2975517322834644
11
-1.943369094488189
21
3.2977390551181101
0
LINE
8
BLACK
6
CONTINUOUS
10
-1.943369094488189
20
3.2977390551181101
11
-1.9283709448818898
21
3.2977390551181101
0
LINE
8
BLACK
6
CONTINUOUS
10
-1.9283709448818898
20
3.2977390551181101
11
-1.9274292913385827
21
3.2975517322834644
0
LINE
8
BLACK
6
CONTINUOUS
10
-1.9179388582677166
20
3.3192748031496064
11
-1.9178853149606299
21
3.3192926377952756
0
LINE
8
BLACK
6
CONTINUOUS
10
-1.9178853149606299
20
3.3192926377952756
11
-1.917505157480315
21
3.3191885433070865
0
LINE
8
BLACK
6
CONTINUOUS
10
-1.917505157480315
20
3.3191885433070865
11
-1.9171181102362205
21
3.3191115354330707
0
LINE
8
BLACK
6
CONTINUOUS
10
-1.9171181102362205
20
3.3191115354330707
11
-1.9170781889763779
21
3.3190716141732284
0
LINE
8
BLACK
6
CONTINUOUS
10
-1.9170781889763779
20
3.3190716141732284
11
-1.9169593307086614
21
3.3190390551181101
0
LINE
8
BLACK
6
CONTINUOUS
10
-1.9169593307086614
20
3.3190390551181101
11
-1.9150845669291339
21
3.318101653543307
0
LINE
8
BLACK
6
CONTINUOUS
10
-1.9150845669291339
20
3.318101653543307
11
-1.9147731102362204
21
3.3178599212598425
0
LINE
8
BLACK
6
CONTINUOUS
10
-1.9147731102362204
20
3.3178599212598425
11
-1.9144450787401575
21
3.3176407480314958
0
LINE
8
BLACK
6
CONTINUOUS
10
-1.9144450787401575
20
3.3176407480314958
11
-1.9135077165354331
21
3.3167033858267714
0
LINE
8
BLACK
6
CONTINUOUS
10
-1.9135077165354331
20
3.3167033858267714
11
-1.9132885826771653
21
3.3163753937007874
0
LINE
8
BLACK
6
CONTINUOUS
10
-1.9132885826771653
20
3.3163753937007874
11
-1.9130468110236221
21
3.3160638976377954
0
LINE
8
BLACK
6
CONTINUOUS
10
-1.9130468110236221
20
3.3160638976377954
11
-1.9121093700787402
21
3.3141891338582679
0
LINE
8
BLACK
6
CONTINUOUS
10
-1.9121093700787402
20
3.3141891338582679
11
-1.912038188976378
21
3.3139291338582675
0
LINE
8
BLACK
6
CONTINUOUS
10
-1.912038188976378
20
3.3139291338582675
11
-1.9119230708661417
21
3.313685472440945
0
LINE
8
BLACK
6
CONTINUOUS
10
-1.9119230708661417
20
3.313685472440945
11
-1.9109857086614173
21
3.3099359448818895
0
LINE
8
BLACK
6
CONTINUOUS
10
-1.9109857086614173
20
3.3099359448818895
11
-1.9109710629921259
21
3.3096348425196851
0
LINE
8
BLACK
6
CONTINUOUS
10
-1.9109710629921259
20
3.3096348425196851
11
-1.9109122440944881
21
3.3093391732283464
0
LINE
8
BLACK
6
CONTINUOUS
10
-1.9109122440944881
20
3.3093391732283464
11
-1.9109122440944881
21
3.3046522440944881
0
LINE
8
BLACK
6
CONTINUOUS
10
-1.9109122440944881
20
3.3046522440944881
11
-1.9109710629921259
21
3.3043566141732281
0
LINE
8
BLACK
6
CONTINUOUS
10
-1.9109710629921259
20
3.3043566141732281
11
-1.9109857086614173
21
3.304055472440945
0
LINE
8
BLACK
6
CONTINUOUS
10
-1.9109857086614173
20
3.304055472440945
11
-1.9119230708661417
21
3.3003059448818899
0
LINE
8
BLACK
6
CONTINUOUS
10
-1.9119230708661417
20
3.3003059448818899
11
-1.912038188976378
21
3.3000623228346457
0
LINE
8
BLACK
6
CONTINUOUS
10
-1.912038188976378
20
3.3000623228346457
11
-1.9121093700787402
21
3.2998022834645671
0
LINE
8
BLACK
6
CONTINUOUS
10
-1.9121093700787402
20
3.2998022834645671
11
-1.9130468110236221
21
3.2979275196850395
0
LINE
8
BLACK
6
CONTINUOUS
10
-1.9130468110236221
20
3.2979275196850395
11
-1.9132885039370078
21
3.2976161811023621
0
LINE
8
BLACK
6
CONTINUOUS
10
-1.9132885039370078
20
3.2976161811023621
11
-1.9135076771653543
21
3.2972880708661418
0
LINE
8
BLACK
6
CONTINUOUS
10
-1.9135076771653543
20
3.2972880708661418
11
-1.9144450393700787
21
3.2963506692913387
0
LINE
8
BLACK
6
CONTINUOUS
10
-1.9144450393700787
20
3.2963506692913387
11
-1.9147730314960629
21
3.2961315354330707
0
LINE
8
BLACK
6
CONTINUOUS
10
-1.9147730314960629
20
3.2961315354330707
11
-1.9150846062992126
21
3.29588968503937
0
LINE
8
BLACK
6
CONTINUOUS
10
-1.9150846062992126
20
3.29588968503937
11
-1.9169593700787402
21
3.2949523228346456
0
LINE
8
BLACK
6
CONTINUOUS
10
-1.9169593700787402
20
3.2949523228346456
11
-1.9170782283464567
21
3.2949198031496061
0
LINE
8
BLACK
6
CONTINUOUS
10
-1.9170782283464567
20
3.2949198031496061
11
-1.9171181102362205
21
3.2948798818897638
0
LINE
8
BLACK
6
CONTINUOUS
10
-1.9171181102362205
20
3.2948798818897638
11
-1.9175048031496063
21
3.2948029921259843
0
LINE
8
BLACK
6
CONTINUOUS
10
-1.9175048031496063
20
3.2948029921259843
11
-1.9178853543307086
21
3.2946987401574801
0
LINE
8
BLACK
6
CONTINUOUS
10
-1.9178853543307086
20
3.2946987401574801
11
-1.9179389370078739
21
3.2947166141732285
0
LINE
8
BLACK
6
CONTINUOUS
10
-1.9179389370078739
20
3.2947166141732285
11
-1.9180597637795276
21
3.2946925590551182
0
LINE
8
BLACK
6
CONTINUOUS
10
-1.9180597637795276
20
3.2946925590551182
11
-1.9199345275590551
21
3.2946925590551182
0
LINE
8
BLACK
6
CONTINUOUS
10
-1.9199345275590551
20
3.2946925590551182
11
-1.9200554724409449
21
3.2947166141732285
0
LINE
8
BLACK
6
CONTINUOUS
10
-1.9200554724409449
20
3.2947166141732285
11
-1.9201089370078739
21
3.2946987795275589
0
LINE
8
BLACK
6
CONTINUOUS
10
-1.9201089370078739
20
3.2946987795275589
11
-1.9204892913385827
21
3.2948029527559055
0
LINE
8
BLACK
6
CONTINUOUS
10
-1.9204892913385827
20
3.2948029527559055
11
-1.9208761811023622
21
3.2948798818897638
0
LINE
8
BLACK
6
CONTINUOUS
10
-1.9208761811023622
20
3.2948798818897638
11
-1.9209161023622048
21
3.2949198031496061
0
LINE
8
BLACK
6
CONTINUOUS
10
-1.9209161023622048
20
3.2949198031496061
11
-1.9210349606299213
21
3.2949523228346456
0
LINE
8
BLACK
6
CONTINUOUS
10
-1.9210349606299213
20
3.2949523228346456
11
-1.9229096850393701
21
3.29588968503937
0
LINE
8
BLACK
6
CONTINUOUS
10
-1.9229096850393701
20
3.29588968503937
11
-1.9232214173228346
21
3.2961316141732282
0
LINE
8
BLACK
6
CONTINUOUS
10
-1.9232214173228346
20
3.2961316141732282
11
-1.9235492125984253
21
3.2963506299212599
0
LINE
8
BLACK
6
CONTINUOUS
10
-1.9235492125984253
20
3.2963506299212599
11
-1.9244866141732282
21
3.2972880314960631
0
LINE
8
BLACK
6
CONTINUOUS
10
-1.9244866141732282
20
3.2972880314960631
11
-1.9247057086614172
21
3.2976159448818896
0
LINE
8
BLACK
6
CONTINUOUS
10
-1.9247057086614172
20
3.2976159448818896
11
-1.9249475590551182
21
3.2979275590551183
0
LINE
8
BLACK
6
CONTINUOUS
10
-1.9249475590551182
20
3.2979275590551183
11
-1.9258849212598426
21
3.2998023228346458
0
LINE
8
BLACK
6
CONTINUOUS
10
-1.9258849212598426
20
3.2998023228346458
11
-1.9259561023622047
21
3.3000622440944882
0
LINE
8
BLACK
6
CONTINUOUS
10
-1.9259561023622047
20
3.3000622440944882
11
-1.9260712204724408
21
3.3003059055118111
0
LINE
8
BLACK
6
CONTINUOUS
10
-1.9260712204724408
20
3.3003059055118111
11
-1.927008622047244
21
3.3040554330708662
0
LINE
8
BLACK
6
CONTINUOUS
10
-1.927008622047244
20
3.3040554330708662
11
-1.9270233070866141
21
3.3043566141732281
0
LINE
8
BLACK
6
CONTINUOUS
10
-1.9270233070866141
20
3.3043566141732281
11
-1.9270820866141731
21
3.3046522440944881
0
LINE
8
BLACK
6
CONTINUOUS
10
-1.9270820866141731
20
3.3046522440944881
11
-1.9270820866141731
21
3.3093391732283464
0
LINE
8
BLACK
6
CONTINUOUS
10
-1.9270820866141731
20
3.3093391732283464
11
-1.9270233070866141
21
3.3096348425196851
0
LINE
8
BLACK
6
CONTINUOUS
10
-1.9270233070866141
20
3.3096348425196851
11
-1.927008622047244
21
3.3099359842519682
0
LINE
8
BLACK
6
CONTINUOUS
10
-1.927008622047244
20
3.3099359842519682
11
-1.9260712204724408
21
3.3136855118110233
0
LINE
8
BLACK
6
CONTINUOUS
10
-1.9260712204724408
20
3.3136855118110233
11
-1.9259561023622047
21
3.313929212598425
0
LINE
8
BLACK
6
CONTINUOUS
10
-1.9259561023622047
20
3.313929212598425
11
-1.9258849212598426
21
3.3141890944881891
0
LINE
8
BLACK
6
CONTINUOUS
10
-1.9258849212598426
20
3.3141890944881891
11
-1.9249475590551182
21
3.3160638582677167
0
LINE
8
BLACK
6
CONTINUOUS
10
-1.9249475590551182
20
3.3160638582677167
11
-1.924705748031496
21
3.3163754724409449
0
LINE
8
BLACK
6
CONTINUOUS
10
-1.924705748031496
20
3.3163754724409449
11
-1.9244865748031497
21
3.3167034251968501
0
LINE
8
BLACK
6
CONTINUOUS
10
-1.9244865748031497
20
3.3167034251968501
11
-1.9235491732283465
21
3.3176407874015745
0
LINE
8
BLACK
6
CONTINUOUS
10
-1.9235491732283465
20
3.3176407874015745
11
-1.9232211023622048
21
3.31786
0
LINE
8
BLACK
6
CONTINUOUS
10
-1.9232211023622048
20
3.31786
11
-1.9229097244094489
21
3.318101653543307
0
LINE
8
BLACK
6
CONTINUOUS
10
-1.9229097244094489
20
3.318101653543307
11
-1.9210349606299213
21
3.3190390944881889
0
LINE
8
BLACK
6
CONTINUOUS
10
-1.9210349606299213
20
3.3190390944881889
11
-1.9209161023622048
21
3.3190716535433071
0
LINE
8
BLACK
6
CONTINUOUS
10
-1.9209161023622048
20
3.3190716535433071
11
-1.9208761811023622
21
3.3191115354330707
0
LINE
8
BLACK
6
CONTINUOUS
10
-1.9208761811023622
20
3.3191115354330707
11
-1.9204893700787402
21
3.3191885039370077
0
LINE
8
BLACK
6
CONTINUOUS
10
-1.9204893700787402
20
3.3191885039370077
11
-1.9201089763779526
21
3.3192926377952756
0
LINE
8
BLACK
6
CONTINUOUS
10
-1.9201089763779526
20
3.3192926377952756
11
-1.9200554724409449
21
3.3192748031496064
0
LINE
8
BLACK
6
CONTINUOUS
10
-1.9200554724409449
20
3.3192748031496064
11
-1.9199345275590551
21
3.3192988582677163
0
LINE
8
BLACK
6
CONTINUOUS
10
-1.9199345275590551
20
3.3192988582677163
11
-1.9180597637795276
21
3.3192988582677163
0
LINE
8
BLACK
6
CONTINUOUS
10
-1.9180597637795276
20
3.3192988582677163
11
-1.9179388582677166
21
3.3192748031496064
0
LINE
8
BLACK
6
CONTINUOUS
10
-1.9203517322834645
20
3.3138785826771651
11
-1.9207244094488189
21
3.3135059448818898
0
LINE
8
BLACK
6
CONTINUOUS
10
-1.9207244094488189
20
3.3135059448818898
11
-1.9213624015748032
21
3.3122299212598425
0
LINE
8
BLACK
6
CONTINUOUS
10
-1.9213624015748032
20
3.3122299212598425
11
-1.9221608267716535
21
3.3090362204724411
0
LINE
8
BLACK
6
CONTINUOUS
10
-1.9221608267716535
20
3.3090362204724411
11
-1.9221608267716535
21
3.3049552362204722
0
LINE
8
BLACK
6
CONTINUOUS
10
-1.9221608267716535
20
3.3049552362204722
11
-1.9213624015748032
21
3.3017615354330707
0
LINE
8
BLACK
6
CONTINUOUS
10
-1.9213624015748032
20
3.3017615354330707
11
-1.9207243700787402
21
3.3004854724409447
0
LINE
8
BLACK
6
CONTINUOUS
10
-1.9207243700787402
20
3.3004854724409447
11
-1.9203517716535432
21
3.3001128740157482
0
LINE
8
BLACK
6
CONTINUOUS
10
-1.9203517716535432
20
3.3001128740157482
11
-1.9193536614173228
21
3.2996138188976376
0
LINE
8
BLACK
6
CONTINUOUS
10
-1.9193536614173228
20
3.2996138188976376
11
-1.9186406299212597
21
3.2996138188976376
0
LINE
8
BLACK
6
CONTINUOUS
10
-1.9186406299212597
20
3.2996138188976376
11
-1.917642559055118
21
3.3001128740157482
0
LINE
8
BLACK
6
CONTINUOUS
10
-1.917642559055118
20
3.3001128740157482
11
-1.9172699212598425
21
3.3004855511811022
0
LINE
8
BLACK
6
CONTINUOUS
10
-1.9172699212598425
20
3.3004855511811022
11
-1.9166319291338583
21
3.301761496062992
0
LINE
8
BLACK
6
CONTINUOUS
10
-1.9166319291338583
20
3.301761496062992
11
-1.9158335039370078
21
3.3049551574803151
0
LINE
8
BLACK
6
CONTINUOUS
10
-1.9158335039370078
20
3.3049551574803151
11
-1.9158335039370078
21
3.3090362992125986
0
LINE
8
BLACK
6
CONTINUOUS
10
-1.9158335039370078
20
3.3090362992125986
11
-1.9166319291338583
21
3.3122299606299213
0
LINE
8
BLACK
6
CONTINUOUS
10
-1.9166319291338583
20
3.3122299606299213
11
-1.9172698818897638
21
3.3135058661417323
0
LINE
8
BLACK
6
CONTINUOUS
10
-1.9172698818897638
20
3.3135058661417323
11
-1.917642559055118
21
3.3138785433070868
0
LINE
8
BLACK
6
CONTINUOUS
10
-1.917642559055118
20
3.3138785433070868
11
-1.9186406299212597
21
3.3143775984251969
0
LINE
8
BLACK
6
CONTINUOUS
10
-1.9186406299212597
20
3.3143775984251969
11
-1.9193537007874015
21
3.3143775984251969
0
LINE
8
BLACK
6
CONTINUOUS
10
-1.9193537007874015
20
3.3143775984251969
11
-1.9203517322834645
21
3.3138785826771651
0
LINE
8
BLACK
6
CONTINUOUS
10
-1.8511070472440945
20
3.3177798818897637
11
-1.8509197244094489
21
3.3168382283464566
0
LINE
8
BLACK
6
CONTINUOUS
10
-1.8509197244094489
20
3.3168382283464566
11
-1.8509197244094489
21
3.3014835826771654
0
LINE
8
BLACK
6
CONTINUOUS
10
-1.8509197244094489
20
3.3014835826771654
11
-1.8504206692913385
21
3.3004854724409447
0
LINE
8
BLACK
6
CONTINUOUS
10
-1.8504206692913385
20
3.3004854724409447
11
-1.8500480708661418
21
3.3001128740157482
0
LINE
8
BLACK
6
CONTINUOUS
10
-1.8500480708661418
20
3.3001128740157482
11
-1.8490499606299211
21
3.2996138188976376
0
LINE
8
BLACK
6
CONTINUOUS
10
-1.8490499606299211
20
3.2996138188976376
11
-1.8464621653543307
21
3.2996138188976376
0
LINE
8
BLACK
6
CONTINUOUS
10
-1.8464621653543307
20
3.2996138188976376
11
-1.845464094488189
21
3.3001128740157482
0
LINE
8
BLACK
6
CONTINUOUS
10
-1.845464094488189
20
3.3001128740157482
11
-1.8450914566929133
21
3.3004855511811022
0
LINE
8
BLACK
6
CONTINUOUS
10
-1.8450914566929133
20
3.3004855511811022
11
-1.8445924015748032
21
3.3014835826771654
0
LINE
8
BLACK
6
CONTINUOUS
10
-1.8445924015748032
20
3.3014835826771654
11
-1.8445924015748032
21
3.3168382283464566
0
LINE
8
BLACK
6
CONTINUOUS
10
-1.8445924015748032
20
3.3168382283464566
11
-1.8444050787401574
21
3.3177798818897637
0
LINE
8
BLACK
6
CONTINUOUS
10
-1.8444050787401574
20
3.3177798818897637
11
-1.8430734251968504
21
3.3191115354330707
0
LINE
8
BLACK
6
CONTINUOUS
10
-1.8430734251968504
20
3.3191115354330707
11
-1.8411901181102361
21
3.3191115354330707
0
LINE
8
BLACK
6
CONTINUOUS
10
-1.8411901181102361
20
3.3191115354330707
11
-1.8398584645669291
21
3.3177798818897637
0
LINE
8
BLACK
6
CONTINUOUS
10
-1.8398584645669291
20
3.3177798818897637
11
-1.8396711417322835
21
3.3168382283464566
0
LINE
8
BLACK
6
CONTINUOUS
10
-1.8396711417322835
20
3.3168382283464566
11
-1.8396711417322835
21
3.300902716535433
0
LINE
8
BLACK
6
CONTINUOUS
10
-1.8396711417322835
20
3.300902716535433
11
-1.8396952362204724
21
3.3007818110236218
0
LINE
8
BLACK
6
CONTINUOUS
10
-1.8396952362204724
20
3.3007818110236218
11
-1.8396773622047244
21
3.3007282677165355
0
LINE
8
BLACK
6
CONTINUOUS
10
-1.8396773622047244
20
3.3007282677165355
11
-1.8397815354330709
21
3.3003479133858269
0
LINE
8
BLACK
6
CONTINUOUS
10
-1.8397815354330709
20
3.3003479133858269
11
-1.8398584645669291
21
3.2999610629921259
0
LINE
8
BLACK
6
CONTINUOUS
10
-1.8398584645669291
20
3.2999610629921259
11
-1.8398983858267717
21
3.2999211811023623
0
LINE
8
BLACK
6
CONTINUOUS
10
-1.8398983858267717
20
3.2999211811023623
11
-1.8399309055118109
21
3.2998022834645671
0
LINE
8
BLACK
6
CONTINUOUS
10
-1.8399309055118109
20
3.2998022834645671
11
-1.8408683464566928
21
3.2979275196850395
0
LINE
8
BLACK
6
CONTINUOUS
10
-1.8408683464566928
20
3.2979275196850395
11
-1.8411100393700788
21
3.2976161811023621
0
LINE
8
BLACK
6
CONTINUOUS
10
-1.8411100393700788
20
3.2976161811023621
11
-1.8413292125984251
21
3.2972880708661418
0
LINE
8
BLACK
6
CONTINUOUS
10
-1.8413292125984251
20
3.2972880708661418
11
-1.8422665748031495
21
3.2963506692913387
0
LINE
8
BLACK
6
CONTINUOUS
10
-1.8422665748031495
20
3.2963506692913387
11
-1.8425945669291339
21
3.2961315354330707
0
LINE
8
BLACK
6
CONTINUOUS
10
-1.8425945669291339
20
3.2961315354330707
11
-1.8429061417322834
21
3.29588968503937
0
LINE
8
BLACK
6
CONTINUOUS
10
-1.8429061417322834
20
3.29588968503937
11
-1.844780905511811
21
3.2949523228346456
0
LINE
8
BLACK
6
CONTINUOUS
10
-1.844780905511811
20
3.2949523228346456
11
-1.8448997637795275
21
3.2949198031496061
0
LINE
8
BLACK
6
CONTINUOUS
10
-1.8448997637795275
20
3.2949198031496061
11
-1.8449396456692913
21
3.2948798818897638
0
LINE
8
BLACK
6
CONTINUOUS
10
-1.8449396456692913
20
3.2948798818897638
11
-1.845326338582677
21
3.2948029921259843
0
LINE
8
BLACK
6
CONTINUOUS
10
-1.845326338582677
20
3.2948029921259843
11
-1.8457068897637794
21
3.2946987401574801
0
LINE
8
BLACK
6
CONTINUOUS
10
-1.8457068897637794
20
3.2946987401574801
11
-1.8457604724409449
21
3.2947166141732285
0
LINE
8
BLACK
6
CONTINUOUS
10
-1.8457604724409449
20
3.2947166141732285
11
-1.8458812992125984
21
3.2946925590551182
0
LINE
8
BLACK
6
CONTINUOUS
10
-1.8458812992125984
20
3.2946925590551182
11
-1.8496308267716535
21
3.2946925590551182
0
LINE
8
BLACK
6
CONTINUOUS
10
-1.8496308267716535
20
3.2946925590551182
11
-1.8497517716535432
21
3.2947166141732285
0
LINE
8
BLACK
6
CONTINUOUS
10
-1.8497517716535432
20
3.2947166141732285
11
-1.8498052362204724
21
3.2946987795275589
0
LINE
8
BLACK
6
CONTINUOUS
10
-1.8498052362204724
20
3.2946987795275589
11
-1.850185590551181
21
3.2948029527559055
0
LINE
8
BLACK
6
CONTINUOUS
10
-1.850185590551181
20
3.2948029527559055
11
-1.8505724803149606
21
3.2948798818897638
0
LINE
8
BLACK
6
CONTINUOUS
10
-1.8505724803149606
20
3.2948798818897638
11
-1.8506124015748031
21
3.2949198031496061
0
LINE
8
BLACK
6
CONTINUOUS
10
-1.8506124015748031
20
3.2949198031496061
11
-1.8507312598425196
21
3.2949523228346456
0
LINE
8
BLACK
6
CONTINUOUS
10
-1.8507312598425196
20
3.2949523228346456
11
-1.8526059842519684
21
3.29588968503937
0
LINE
8
BLACK
6
CONTINUOUS
10
-1.8526059842519684
20
3.29588968503937
11
-1.8529177165354331
21
3.2961316141732282
0
LINE
8
BLACK
6
CONTINUOUS
10
-1.8529177165354331
20
3.2961316141732282
11
-1.8532455118110236
21
3.2963506299212599
0
LINE
8
BLACK
6
CONTINUOUS
10
-1.8532455118110236
20
3.2963506299212599
11
-1.8541829133858267
21
3.2972880314960631
0
LINE
8
BLACK
6
CONTINUOUS
10
-1.8541829133858267
20
3.2972880314960631
11
-1.8544020078740158
21
3.2976159448818896
0
LINE
8
BLACK
6
CONTINUOUS
10
-1.8544020078740158
20
3.2976159448818896
11
-1.8546438582677165
21
3.2979275590551183
0
LINE
8
BLACK
6
CONTINUOUS
10
-1.8546438582677165
20
3.2979275590551183
11
-1.8555812204724409
21
3.2998023228346458
0
LINE
8
BLACK
6
CONTINUOUS
10
-1.8555812204724409
20
3.2998023228346458
11
-1.8556137795275589
21
3.2999211811023623
0
LINE
8
BLACK
6
CONTINUOUS
10
-1.8556137795275589
20
3.2999211811023623
11
-1.8556536614173227
21
3.2999610629921259
0
LINE
8
BLACK
6
CONTINUOUS
10
-1.8556536614173227
20
3.2999610629921259
11
-1.8557305905511812
21
3.3003477559055119
0
LINE
8
BLACK
6
CONTINUOUS
10
-1.8557305905511812
20
3.3003477559055119
11
-1.8558348031496064
21
3.3007283070866142
0
LINE
8
BLACK
6
CONTINUOUS
10
-1.8558348031496064
20
3.3007283070866142
11
-1.855816968503937
21
3.3007818897637793
0
LINE
8
BLACK
6
CONTINUOUS
10
-1.855816968503937
20
3.3007818897637793
11
-1.8558409842519685
21
3.300902716535433
0
LINE
8
BLACK
6
CONTINUOUS
10
-1.8558409842519685
20
3.300902716535433
11
-1.8558409842519685
21
3.3168382283464566
0
LINE
8
BLACK
6
CONTINUOUS
10
-1.8558409842519685
20
3.3168382283464566
11
-1.8556536614173227
21
3.3177798818897637
0
LINE
8
BLACK
6
CONTINUOUS
10
-1.8556536614173227
20
3.3177798818897637
11
-1.8543220078740157
21
3.3191115354330707
0
LINE
8
BLACK
6
CONTINUOUS
10
-1.8543220078740157
20
3.3191115354330707
11
-1.8524387007874015
21
3.3191115354330707
0
LINE
8
BLACK
6
CONTINUOUS
10
-1.8524387007874015
20
3.3191115354330707
11
-1.8511070472440945
21
3.3177798818897637
0
LINE
8
BLACK
6
CONTINUOUS
10
-1.8656314960629921
20
3.3189437401574802
11
-1.8648915354330708
21
3.318697086614173
0
LINE
8
BLACK
6
CONTINUOUS
10
-1.8648915354330708
20
3.318697086614173
11
-1.8648093307086613
21
3.3185326771653543
0
LINE
8
BLACK
6
CONTINUOUS
10
-1.8648093307086613
20
3.3185326771653543
11
-1.8646448818897636
21
3.3184504330708662
0
LINE
8
BLACK
6
CONTINUOUS
10
-1.8646448818897636
20
3.3184504330708662
11
-1.8641693700787401
21
3.3176163385826771
0
LINE
8
BLACK
6
CONTINUOUS
10
-1.8641693700787401
20
3.3176163385826771
11
-1.857607716535433
21
3.2979312992125984
0
LINE
8
BLACK
6
CONTINUOUS
10
-1.857607716535433
20
3.2979312992125984
11
-1.8574876771653543
21
3.2969787401574804
0
LINE
8
BLACK
6
CONTINUOUS
10
-1.8574876771653543
20
3.2969787401574804
11
-1.8583298818897638
21
3.2952943307086615
0
LINE
8
BLACK
6
CONTINUOUS
10
-1.8583298818897638
20
3.2952943307086615
11
-1.8601165354330709
21
3.2946987795275589
0
LINE
8
BLACK
6
CONTINUOUS
10
-1.8601165354330709
20
3.2946987795275589
11
-1.8618009448818897
21
3.2955409842519683
0
LINE
8
BLACK
6
CONTINUOUS
10
-1.8618009448818897
20
3.2955409842519683
11
-1.8622764566929133
21
3.2963750787401573
0
LINE
8
BLACK
6
CONTINUOUS
10
-1.8622764566929133
20
3.2963750787401573
11
-1.8635903937007874
21
3.3003168503937008
0
LINE
8
BLACK
6
CONTINUOUS
10
-1.8635903937007874
20
3.3003168503937008
11
-1.869417125984252
21
3.3003168503937008
0
LINE
8
BLACK
6
CONTINUOUS
10
-1.869417125984252
20
3.3003168503937008
11
-1.8707310629921259
21
3.2963750787401573
0
LINE
8
BLACK
6
CONTINUOUS
10
-1.8707310629921259
20
3.2963750787401573
11
-1.8712065748031497
21
3.2955409842519683
0
LINE
8
BLACK
6
CONTINUOUS
10
-1.8712065748031497
20
3.2955409842519683
11
-1.8728909842519685
21
3.2946987795275589
0
LINE
8
BLACK
6
CONTINUOUS
10
-1.8728909842519685
20
3.2946987795275589
11
-1.8746776377952756
21
3.2952943307086615
0
LINE
8
BLACK
6
CONTINUOUS
10
-1.8746776377952756
20
3.2952943307086615
11
-1.8755198425196851
21
3.2969787401574804
0
LINE
8
BLACK
6
CONTINUOUS
10
-1.8755198425196851
20
3.2969787401574804
11
-1.8753998031496062
21
3.2979312992125984
0
LINE
8
BLACK
6
CONTINUOUS
10
-1.8753998031496062
20
3.2979312992125984
11
-1.8688381102362204
21
3.3176163385826771
0
LINE
8
BLACK
6
CONTINUOUS
10
-1.8688381102362204
20
3.3176163385826771
11
-1.8683625984251968
21
3.3184504330708662
0
LINE
8
BLACK
6
CONTINUOUS
10
-1.8683625984251968
20
3.3184504330708662
11
-1.8681981889763779
21
3.3185326771653543
0
LINE
8
BLACK
6
CONTINUOUS
10
-1.8681981889763779
20
3.3185326771653543
11
-1.8681159448818898
21
3.318697086614173
0
LINE
8
BLACK
6
CONTINUOUS
10
-1.8681159448818898
20
3.318697086614173
11
-1.8673759842519684
21
3.3189437401574802
0
LINE
8
BLACK
6
CONTINUOUS
10
-1.8673759842519684
20
3.3189437401574802
11
-1.8666781889763779
21
3.3192926377952756
0
LINE
8
BLACK
6
CONTINUOUS
10
-1.8666781889763779
20
3.3192926377952756
11
-1.8665037401574802
21
3.3192344881889762
0
LINE
8
BLACK
6
CONTINUOUS
10
-1.8665037401574802
20
3.3192344881889762
11
-1.8663292913385827
21
3.3192926377952756
0
LINE
8
BLACK
6
CONTINUOUS
10
-1.8663292913385827
20
3.3192926377952756
11
-1.8656314960629921
21
3.3189437401574802
0
LINE
8
BLACK
6
CONTINUOUS
10
-1.8677766929133859
20
3.3052381102362203
11
-1.8652307874015748
21
3.3052381102362203
0
LINE
8
BLACK
6
CONTINUOUS
10
-1.8652307874015748
20
3.3052381102362203
11
-1.866503779527559
21
3.3090570078740158
0
LINE
8
BLACK
6
CONTINUOUS
10
-1.866503779527559
20
3.3090570078740158
11
-1.8677766929133859
21
3.3052381102362203
0
LINE
8
BLACK
6
CONTINUOUS
10
-1.9638217716535433
20
3.3182074015748029
11
-1.9634524015748032
21
3.3163607086614171
0
LINE
8
BLACK
6
CONTINUOUS
10
-1.9634524015748032
20
3.3163607086614171
11
-1.9638188976377953
21
3.3154733070866143
0
LINE
8
BLACK
6
CONTINUOUS
10
-1.9638188976377953
20
3.3154733070866143
11
-1.9694706299212599
21
3.3069957086614172
0
LINE
8
BLACK
6
CONTINUOUS
10
-1.9694706299212599
20
3.3069957086614172
11
-1.9638188976377953
21
3.2985181102362202
0
LINE
8
BLACK
6
CONTINUOUS
10
-1.9638188976377953
20
3.2985181102362202
11
-1.9634524015748032
21
3.2976307086614174
0
LINE
8
BLACK
6
CONTINUOUS
10
-1.9634524015748032
20
3.2976307086614174
11
-1.9638217716535433
21
3.2957840157480316
0
LINE
8
BLACK
6
CONTINUOUS
10
-1.9638217716535433
20
3.2957840157480316
11
-1.9653887795275591
21
3.2947393307086612
0
LINE
8
BLACK
6
CONTINUOUS
10
-1.9653887795275591
20
3.2947393307086612
11
-1.9672354330708661
21
3.2951087007874014
0
LINE
8
BLACK
6
CONTINUOUS
10
-1.9672354330708661
20
3.2951087007874014
11
-1.967913622047244
21
3.2957882677165355
0
LINE
8
BLACK
6
CONTINUOUS
10
-1.967913622047244
20
3.2957882677165355
11
-1.9724279527559054
21
3.3025597637795276
0
LINE
8
BLACK
6
CONTINUOUS
10
-1.9724279527559054
20
3.3025597637795276
11
-1.9769422440944882
21
3.2957882677165355
0
LINE
8
BLACK
6
CONTINUOUS
10
-1.9769422440944882
20
3.2957882677165355
11
-1.977620433070866
21
3.2951087007874014
0
LINE
8
BLACK
6
CONTINUOUS
10
-1.977620433070866
20
3.2951087007874014
11
-1.9794670866141733
21
3.2947393307086612
0
LINE
8
BLACK
6
CONTINUOUS
10
-1.9794670866141733
20
3.2947393307086612
11
-1.981034094488189
21
3.2957840157480316
0
LINE
8
BLACK
6
CONTINUOUS
10
-1.981034094488189
20
3.2957840157480316
11
-1.9814034645669292
21
3.2976306692913386
0
LINE
8
BLACK
6
CONTINUOUS
10
-1.9814034645669292
20
3.2976306692913386
11
-1.9810369685039371
21
3.2985181102362202
0
LINE
8
BLACK
6
CONTINUOUS
10
-1.9810369685039371
20
3.2985181102362202
11
-1.9753852755905512
21
3.3069957086614172
0
LINE
8
BLACK
6
CONTINUOUS
10
-1.9753852755905512
20
3.3069957086614172
11
-1.9810369685039371
21
3.3154733070866143
0
LINE
8
BLACK
6
CONTINUOUS
10
-1.9810369685039371
20
3.3154733070866143
11
-1.9814034645669292
21
3.3163607480314958
0
LINE
8
BLACK
6
CONTINUOUS
10
-1.9814034645669292
20
3.3163607480314958
11
-1.981034094488189
21
3.3182074015748029
0
LINE
8
BLACK
6
CONTINUOUS
10
-1.981034094488189
20
3.3182074015748029
11
-1.9794670866141733
21
3.3192520866141733
0
LINE
8
BLACK
6
CONTINUOUS
10
-1.9794670866141733
20
3.3192520866141733
11
-1.977620433070866
21
3.3188827165354331
0
LINE
8
BLACK
6
CONTINUOUS
10
-1.977620433070866
20
3.3188827165354331
11
-1.9769422440944882
21
3.3182031496062989
0
LINE
8
BLACK
6
CONTINUOUS
10
-1.9769422440944882
20
3.3182031496062989
11
-1.9724279527559054
21
3.3114316929133856
0
LINE
8
BLACK
6
CONTINUOUS
10
-1.9724279527559054
20
3.3114316929133856
11
-1.967913622047244
21
3.3182031496062989
0
LINE
8
BLACK
6
CONTINUOUS
10
-1.967913622047244
20
3.3182031496062989
11
-1.9672354330708661
21
3.3188827165354331
0
LINE
8
BLACK
6
CONTINUOUS
10
-1.9672354330708661
20
3.3188827165354331
11
-1.9653887795275591
21
3.3192520866141733
0
LINE
8
BLACK
6
CONTINUOUS
10
-1.9653887795275591
20
3.3192520866141733
11
-1.9638217716535433
21
3.3182074015748029
0
LINE
8
BLACK
6
CONTINUOUS
10
-1.9471143307086614
20
3.3191115354330707
11
-1.9457826771653544
21
3.3177798818897637
0
LINE
8
BLACK
6
CONTINUOUS
10
-1.9457826771653544
20
3.3177798818897637
11
-1.9455953543307085
21
3.3168382283464566
0
LINE
8
BLACK
6
CONTINUOUS
10
-1.9455953543307085
20
3.3168382283464566
11
-1.9455953543307085
21
3.2971531889763779
0
LINE
8
BLACK
6
CONTINUOUS
10
-1.9455953543307085
20
3.2971531889763779
11
-1.9457826771653544
21
3.2962115354330708
0
LINE
8
BLACK
6
CONTINUOUS
10
-1.9457826771653544
20
3.2962115354330708
11
-1.9471143307086614
21
3.2948798818897638
0
LINE
8
BLACK
6
CONTINUOUS
10
-1.9471143307086614
20
3.2948798818897638
11
-1.9489976377952756
21
3.2948798818897638
0
LINE
8
BLACK
6
CONTINUOUS
10
-1.9489976377952756
20
3.2948798818897638
11
-1.9503292913385826
21
3.2962115354330708
0
LINE
8
BLACK
6
CONTINUOUS
10
-1.9503292913385826
20
3.2962115354330708
11
-1.9505166141732282
21
3.2971531889763779
0
LINE
8
BLACK
6
CONTINUOUS
10
-1.9505166141732282
20
3.2971531889763779
11
-1.9505166141732282
21
3.3040663779527559
0
LINE
8
BLACK
6
CONTINUOUS
10
-1.9505166141732282
20
3.3040663779527559
11
-1.9514617716535432
21
3.3040663779527559
0
LINE
8
BLACK
6
CONTINUOUS
10
-1.9514617716535432
20
3.3040663779527559
11
-1.9572887401574803
21
3.2957421259842521
0
LINE
8
BLACK
6
CONTINUOUS
10
-1.9572887401574803
20
3.2957421259842521
11
-1.9579822047244093
21
3.2950781102362203
0
LINE
8
BLACK
6
CONTINUOUS
10
-1.9579822047244093
20
3.2950781102362203
11
-1.9598367716535432
21
3.2947508267716534
0
LINE
8
BLACK
6
CONTINUOUS
10
-1.9598367716535432
20
3.2947508267716534
11
-1.9613796456692913
21
3.2958308267716534
0
LINE
8
BLACK
6
CONTINUOUS
10
-1.9613796456692913
20
3.2958308267716534
11
-1.9617069291338582
21
3.2976853937007875
0
LINE
8
BLACK
6
CONTINUOUS
10
-1.9617069291338582
20
3.2976853937007875
11
-1.9613203937007873
21
3.2985642519685037
0
LINE
8
BLACK
6
CONTINUOUS
10
-1.9613203937007873
20
3.2985642519685037
11
-1.9571233464566928
21
3.3045601181102362
0
LINE
8
BLACK
6
CONTINUOUS
10
-1.9571233464566928
20
3.3045601181102362
11
-1.9585302362204724
21
3.3052635826771652
0
LINE
8
BLACK
6
CONTINUOUS
10
-1.9585302362204724
20
3.3052635826771652
11
-1.9588416141732283
21
3.305505275590551
0
LINE
8
BLACK
6
CONTINUOUS
10
-1.9588416141732283
20
3.305505275590551
11
-1.9591696850393701
21
3.3057244488188977
0
LINE
8
BLACK
6
CONTINUOUS
10
-1.9591696850393701
20
3.3057244488188977
11
-1.9601070866141732
21
3.3066618110236221
0
LINE
8
BLACK
6
CONTINUOUS
10
-1.9601070866141732
20
3.3066618110236221
11
-1.9603262598425197
21
3.3069898031496061
0
LINE
8
BLACK
6
CONTINUOUS
10
-1.9603262598425197
20
3.3069898031496061
11
-1.9605680708661417
21
3.307301377952756
0
LINE
8
BLACK
6
CONTINUOUS
10
-1.9605680708661417
20
3.307301377952756
11
-1.9615054330708661
21
3.3091761417322836
0
LINE
8
BLACK
6
CONTINUOUS
10
-1.9615054330708661
20
3.3091761417322836
11
-1.9615379921259841
21
3.3092950000000001
0
LINE
8
BLACK
6
CONTINUOUS
10
-1.9615379921259841
20
3.3092950000000001
11
-1.9615778740157479
21
3.3093348818897637
0
LINE
8
BLACK
6
CONTINUOUS
10
-1.9615778740157479
20
3.3093348818897637
11
-1.9616548031496062
21
3.3097215748031497
0
LINE
8
BLACK
6
CONTINUOUS
10
-1.9616548031496062
20
3.3097215748031497
11
-1.9617590157480314
21
3.310102125984252
0
LINE
8
BLACK
6
CONTINUOUS
10
-1.9617590157480314
20
3.310102125984252
11
-1.9617411811023622
21
3.3101557086614171
0
LINE
8
BLACK
6
CONTINUOUS
10
-1.9617411811023622
20
3.3101557086614171
11
-1.9617651968503937
21
3.3102765354330708
0
LINE
8
BLACK
6
CONTINUOUS
10
-1.9617651968503937
20
3.3102765354330708
11
-1.9617651968503937
21
3.3130887007874015
0
LINE
8
BLACK
6
CONTINUOUS
10
-1.9617651968503937
20
3.3130887007874015
11
-1.9617411811023622
21
3.3132095669291339
0
LINE
8
BLACK
6
CONTINUOUS
10
-1.9617411811023622
20
3.3132095669291339
11
-1.9617590157480314
21
3.3132631102362202
0
LINE
8
BLACK
6
CONTINUOUS
10
-1.9617590157480314
20
3.3132631102362202
11
-1.9616548031496062
21
3.3136437007874013
0
LINE
8
BLACK
6
CONTINUOUS
10
-1.9616548031496062
20
3.3136437007874013
11
-1.9615778740157479
21
3.3140303543307086
0
LINE
8
BLACK
6
CONTINUOUS
10
-1.9615778740157479
20
3.3140303543307086
11
-1.9615379921259841
21
3.3140702755905509
0
LINE
8
BLACK
6
CONTINUOUS
10
-1.9615379921259841
20
3.3140702755905509
11
-1.9615054330708661
21
3.3141890944881891
0
LINE
8
BLACK
6
CONTINUOUS
10
-1.9615054330708661
20
3.3141890944881891
11
-1.9605680708661417
21
3.3160638582677167
0
LINE
8
BLACK
6
CONTINUOUS
10
-1.9605680708661417
20
3.3160638582677167
11
-1.9603262598425197
21
3.3163754724409449
0
LINE
8
BLACK
6
CONTINUOUS
10
-1.9603262598425197
20
3.3163754724409449
11
-1.9601070866141732
21
3.3167034251968501
0
LINE
8
BLACK
6
CONTINUOUS
10
-1.9601070866141732
20
3.3167034251968501
11
-1.9591696850393701
21
3.3176407874015745
0
LINE
8
BLACK
6
CONTINUOUS
10
-1.9591696850393701
20
3.3176407874015745
11
-1.9588416141732283
21
3.31786
0
LINE
8
BLACK
6
CONTINUOUS
10
-1.9588416141732283
20
3.31786
11
-1.9585302362204724
21
3.318101653543307
0
LINE
8
BLACK
6
CONTINUOUS
10
-1.9585302362204724
20
3.318101653543307
11
-1.9566554724409448
21
3.3190390944881889
0
LINE
8
BLACK
6
CONTINUOUS
10
-1.9566554724409448
20
3.3190390944881889
11
-1.9565366141732283
21
3.3190716535433071
0
LINE
8
BLACK
6
CONTINUOUS
10
-1.9565366141732283
20
3.3190716535433071
11
-1.9564966929133858
21
3.3191115354330707
0
LINE
8
BLACK
6
CONTINUOUS
10
-1.9564966929133858
20
3.3191115354330707
11
-1.9561098818897638
21
3.3191885039370077
0
LINE
8
BLACK
6
CONTINUOUS
10
-1.9561098818897638
20
3.3191885039370077
11
-1.9557294881889764
21
3.3192926377952756
0
LINE
8
BLACK
6
CONTINUOUS
10
-1.9557294881889764
20
3.3192926377952756
11
-1.9556759842519684
21
3.3192748031496064
0
LINE
8
BLACK
6
CONTINUOUS
10
-1.9556759842519684
20
3.3192748031496064
11
-1.9555550393700787
21
3.3192988582677163
0
LINE
8
BLACK
6
CONTINUOUS
10
-1.9555550393700787
20
3.3192988582677163
11
-1.9480559842519685
21
3.3192988582677163
0
LINE
8
BLACK
6
CONTINUOUS
10
-1.9480559842519685
20
3.3192988582677163
11
-1.9471143307086614
21
3.3191115354330707
0
LINE
8
BLACK
6
CONTINUOUS
10
-1.9559722440944882
20
3.3138785826771651
11
-1.9563449212598425
21
3.3135059448818898
0
LINE
8
BLACK
6
CONTINUOUS
10
-1.9563449212598425
20
3.3135059448818898
11
-1.9568439370078741
21
3.3125078346456691
0
LINE
8
BLACK
6
CONTINUOUS
10
-1.9568439370078741
20
3.3125078346456691
11
-1.9568439370078741
21
3.3108574015748031
0
LINE
8
BLACK
6
CONTINUOUS
10
-1.9568439370078741
20
3.3108574015748031
11
-1.9563449212598425
21
3.3098593307086612
0
LINE
8
BLACK
6
CONTINUOUS
10
-1.9563449212598425
20
3.3098593307086612
11
-1.9559722440944882
21
3.3094866929133859
0
LINE
8
BLACK
6
CONTINUOUS
10
-1.9559722440944882
20
3.3094866929133859
11
-1.9549742125984251
21
3.3089876377952754
0
LINE
8
BLACK
6
CONTINUOUS
10
-1.9549742125984251
20
3.3089876377952754
11
-1.9505166141732282
21
3.3089876377952754
0
LINE
8
BLACK
6
CONTINUOUS
10
-1.9505166141732282
20
3.3089876377952754
11
-1.9505166141732282
21
3.3143775984251969
0
LINE
8
BLACK
6
CONTINUOUS
10
-1.9505166141732282
20
3.3143775984251969
11
-1.9549742125984251
21
3.3143775984251969
0
LINE
8
BLACK
6
CONTINUOUS
10
-1.9549742125984251
20
3.3143775984251969
11
-1.9559722440944882
21
3.3138785826771651
0
LINE
8
BLACK
6
CONTINUOUS
10
-1.878685433070866
20
3.3191115354330707
11
-1.877353779527559
21
3.3177798818897637
0
LINE
8
BLACK
6
CONTINUOUS
10
-1.877353779527559
20
3.3177798818897637
11
-1.8771664566929134
21
3.3168382283464566
0
LINE
8
BLACK
6
CONTINUOUS
10
-1.8771664566929134
20
3.3168382283464566
11
-1.8771664566929134
21
3.2971531889763779
0
LINE
8
BLACK
6
CONTINUOUS
10
-1.8771664566929134
20
3.2971531889763779
11
-1.877353779527559
21
3.2962115354330708
0
LINE
8
BLACK
6
CONTINUOUS
10
-1.877353779527559
20
3.2962115354330708
11
-1.878685433070866
21
3.2948798818897638
0
LINE
8
BLACK
6
CONTINUOUS
10
-1.878685433070866
20
3.2948798818897638
11
-1.8805687401574802
21
3.2948798818897638
0
LINE
8
BLACK
6
CONTINUOUS
10
-1.8805687401574802
20
3.2948798818897638
11
-1.8819003937007874
21
3.2962115354330708
0
LINE
8
BLACK
6
CONTINUOUS
10
-1.8819003937007874
20
3.2962115354330708
11
-1.8820877165354331
21
3.2971531889763779
0
LINE
8
BLACK
6
CONTINUOUS
10
-1.8820877165354331
20
3.2971531889763779
11
-1.8820877165354331
21
3.3040663779527559
0
LINE
8
BLACK
6
CONTINUOUS
10
-1.8820877165354331
20
3.3040663779527559
11
-1.883032874015748
21
3.3040663779527559
0
LINE
8
BLACK
6
CONTINUOUS
10
-1.883032874015748
20
3.3040663779527559
11
-1.888859842519685
21
3.2957421259842521
0
LINE
8
BLACK
6
CONTINUOUS
10
-1.888859842519685
20
3.2957421259842521
11
-1.8895533070866142
21
3.2950781102362203
0
LINE
8
BLACK
6
CONTINUOUS
10
-1.8895533070866142
20
3.2950781102362203
11
-1.8914078740157481
21
3.2947508267716534
0
LINE
8
BLACK
6
CONTINUOUS
10
-1.8914078740157481
20
3.2947508267716534
11
-1.892950748031496
21
3.2958308267716534
0
LINE
8
BLACK
6
CONTINUOUS
10
-1.892950748031496
20
3.2958308267716534
11
-1.8932780314960629
21
3.2976853937007875
0
LINE
8
BLACK
6
CONTINUOUS
10
-1.8932780314960629
20
3.2976853937007875
11
-1.8928914960629921
21
3.2985642519685037
0
LINE
8
BLACK
6
CONTINUOUS
10
-1.8928914960629921
20
3.2985642519685037
11
-1.8886944488188977
21
3.3045601181102362
0
LINE
8
BLACK
6
CONTINUOUS
10
-1.8886944488188977
20
3.3045601181102362
11
-1.890101338582677
21
3.3052635826771652
0
LINE
8
BLACK
6
CONTINUOUS
10
-1.890101338582677
20
3.3052635826771652
11
-1.890412716535433
21
3.305505275590551
0
LINE
8
BLACK
6
CONTINUOUS
10
-1.890412716535433
20
3.305505275590551
11
-1.8907407874015747
21
3.3057244488188977
0
LINE
8
BLACK
6
CONTINUOUS
10
-1.8907407874015747
20
3.3057244488188977
11
-1.8916781889763779
21
3.3066618110236221
0
LINE
8
BLACK
6
CONTINUOUS
10
-1.8916781889763779
20
3.3066618110236221
11
-1.8918973622047244
21
3.3069898031496061
0
LINE
8
BLACK
6
CONTINUOUS
10
-1.8918973622047244
20
3.3069898031496061
11
-1.8921391732283463
21
3.307301377952756
0
LINE
8
BLACK
6
CONTINUOUS
10
-1.8921391732283463
20
3.307301377952756
11
-1.8930765354330708
21
3.3091761417322836
0
LINE
8
BLACK
6
CONTINUOUS
10
-1.8930765354330708
20
3.3091761417322836
11
-1.893109094488189
21
3.3092950000000001
0
LINE
8
BLACK
6
CONTINUOUS
10
-1.893109094488189
20
3.3092950000000001
11
-1.8931489763779528
21
3.3093348818897637
0
LINE
8
BLACK
6
CONTINUOUS
10
-1.8931489763779528
20
3.3093348818897637
11
-1.893225905511811
21
3.3097215748031497
0
LINE
8
BLACK
6
CONTINUOUS
10
-1.893225905511811
20
3.3097215748031497
11
-1.8933301181102362
21
3.310102125984252
0
LINE
8
BLACK
6
CONTINUOUS
10
-1.8933301181102362
20
3.310102125984252
11
-1.8933122834645668
21
3.3101557086614171
0
LINE
8
BLACK
6
CONTINUOUS
10
-1.8933122834645668
20
3.3101557086614171
11
-1.8933362992125984
21
3.3102765354330708
0
LINE
8
BLACK
6
CONTINUOUS
10
-1.8933362992125984
20
3.3102765354330708
11
-1.8933362992125984
21
3.3130887007874015
0
LINE
8
BLACK
6
CONTINUOUS
10
-1.8933362992125984
20
3.3130887007874015
11
-1.8933122834645668
21
3.3132095669291339
0
LINE
8
BLACK
6
CONTINUOUS
10
-1.8933122834645668
20
3.3132095669291339
11
-1.8933301181102362
21
3.3132631102362202
0
LINE
8
BLACK
6
CONTINUOUS
10
-1.8933301181102362
20
3.3132631102362202
11
-1.893225905511811
21
3.3136437007874013
0
LINE
8
BLACK
6
CONTINUOUS
10
-1.893225905511811
20
3.3136437007874013
11
-1.8931489763779528
21
3.3140303543307086
0
LINE
8
BLACK
6
CONTINUOUS
10
-1.8931489763779528
20
3.3140303543307086
11
-1.893109094488189
21
3.3140702755905509
0
LINE
8
BLACK
6
CONTINUOUS
10
-1.893109094488189
20
3.3140702755905509
11
-1.8930765354330708
21
3.3141890944881891
0
LINE
8
BLACK
6
CONTINUOUS
10
-1.8930765354330708
20
3.3141890944881891
11
-1.8921391732283463
21
3.3160638582677167
0
LINE
8
BLACK
6
CONTINUOUS
10
-1.8921391732283463
20
3.3160638582677167
11
-1.8918973622047244
21
3.3163754724409449
0
LINE
8
BLACK
6
CONTINUOUS
10
-1.8918973622047244
20
3.3163754724409449
11
-1.8916781889763779
21
3.3167034251968501
0
LINE
8
BLACK
6
CONTINUOUS
10
-1.8916781889763779
20
3.3167034251968501
11
-1.8907407874015747
21
3.3176407874015745
0
LINE
8
BLACK
6
CONTINUOUS
10
-1.8907407874015747
20
3.3176407874015745
11
-1.890412716535433
21
3.31786
0
LINE
8
BLACK
6
CONTINUOUS
10
-1.890412716535433
20
3.31786
11
-1.890101338582677
21
3.318101653543307
0
LINE
8
BLACK
6
CONTINUOUS
10
-1.890101338582677
20
3.318101653543307
11
-1.8882265748031495
21
3.3190390944881889
0
LINE
8
BLACK
6
CONTINUOUS
10
-1.8882265748031495
20
3.3190390944881889
11
-1.888107716535433
21
3.3190716535433071
0
LINE
8
BLACK
6
CONTINUOUS
10
-1.888107716535433
20
3.3190716535433071
11
-1.8880677952755904
21
3.3191115354330707
0
LINE
8
BLACK
6
CONTINUOUS
10
-1.8880677952755904
20
3.3191115354330707
11
-1.8876809842519684
21
3.3191885039370077
0
LINE
8
BLACK
6
CONTINUOUS
10
-1.8876809842519684
20
3.3191885039370077
11
-1.887300590551181
21
3.3192926377952756
0
LINE
8
BLACK
6
CONTINUOUS
10
-1.887300590551181
20
3.3192926377952756
11
-1.8872470866141733
21
3.3192748031496064
0
LINE
8
BLACK
6
CONTINUOUS
10
-1.8872470866141733
20
3.3192748031496064
11
-1.8871261417322833
21
3.3192988582677163
0
LINE
8
BLACK
6
CONTINUOUS
10
-1.8871261417322833
20
3.3192988582677163
11
-1.8796270866141731
21
3.3192988582677163
0
LINE
8
BLACK
6
CONTINUOUS
10
-1.8796270866141731
20
3.3192988582677163
11
-1.878685433070866
21
3.3191115354330707
0
LINE
8
BLACK
6
CONTINUOUS
10
-1.8875433464566929
20
3.3138785826771651
11
-1.8879160236220471
21
3.3135059448818898
0
LINE
8
BLACK
6
CONTINUOUS
10
-1.8879160236220471
20
3.3135059448818898
11
-1.8884150393700787
21
3.3125078346456691
0
LINE
8
BLACK
6
CONTINUOUS
10
-1.8884150393700787
20
3.3125078346456691
11
-1.8884150393700787
21
3.3108574015748031
0
LINE
8
BLACK
6
CONTINUOUS
10
-1.8884150393700787
20
3.3108574015748031
11
-1.8879160236220471
21
3.3098593307086612
0
LINE
8
BLACK
6
CONTINUOUS
10
-1.8879160236220471
20
3.3098593307086612
11
-1.8875433464566929
21
3.3094866929133859
0
LINE
8
BLACK
6
CONTINUOUS
10
-1.8875433464566929
20
3.3094866929133859
11
-1.8865453149606299
21
3.3089876377952754
0
LINE
8
BLACK
6
CONTINUOUS
10
-1.8865453149606299
20
3.3089876377952754
11
-1.8820877165354331
21
3.3089876377952754
0
LINE
8
BLACK
6
CONTINUOUS
10
-1.8820877165354331
20
3.3089876377952754
11
-1.8820877165354331
21
3.3143775984251969
0
LINE
8
BLACK
6
CONTINUOUS
10
-1.8820877165354331
20
3.3143775984251969
11
-1.8865453149606299
21
3.3143775984251969
0
LINE
8
BLACK
6
CONTINUOUS
10
-1.8865453149606299
20
3.3143775984251969
11
-1.8875433464566929
21
3.3138785826771651
0
LINE
8
BLACK
6
CONTINUOUS
10
-1.895558346456693
20
3.3191115354330707
11
-1.8942266929133857
21
3.3177798818897637
0
LINE
8
BLACK
6
CONTINUOUS
10
-1.8942266929133857
20
3.3177798818897637
11
-1.8942266929133857
21
3.3158965748031495
0
LINE
8
BLACK
6
CONTINUOUS
10
-1.8942266929133857
20
3.3158965748031495
11
-1.895558346456693
21
3.3145649212598425
0
LINE
8
BLACK
6
CONTINUOUS
10
-1.895558346456693
20
3.3145649212598425
11
-1.8964999999999999
21
3.3143775984251969
0
LINE
8
BLACK
6
CONTINUOUS
10
-1.8964999999999999
20
3.3143775984251969
11
-1.8996636614173228
21
3.3143775984251969
0
LINE
8
BLACK
6
CONTINUOUS
10
-1.8996636614173228
20
3.3143775984251969
11
-1.8996636614173228
21
3.2971531889763779
0
LINE
8
BLACK
6
CONTINUOUS
10
-1.8996636614173228
20
3.2971531889763779
11
-1.8998509842519684
21
3.2962115354330708
0
LINE
8
BLACK
6
CONTINUOUS
10
-1.8998509842519684
20
3.2962115354330708
11
-1.9011826377952756
21
3.2948798818897638
0
LINE
8
BLACK
6
CONTINUOUS
10
-1.9011826377952756
20
3.2948798818897638
11
-1.9030659448818896
21
3.2948798818897638
0
LINE
8
BLACK
6
CONTINUOUS
10
-1.9030659448818896
20
3.2948798818897638
11
-1.9043975984251968
21
3.2962115354330708
0
LINE
8
BLACK
6
CONTINUOUS
10
-1.9043975984251968
20
3.2962115354330708
11
-1.9045849212598425
21
3.2971531889763779
0
LINE
8
BLACK
6
CONTINUOUS
10
-1.9045849212598425
20
3.2971531889763779
11
-1.9045849212598425
21
3.3143775984251969
0
LINE
8
BLACK
6
CONTINUOUS
10
-1.9045849212598425
20
3.3143775984251969
11
-1.9077485826771654
21
3.3143775984251969
0
LINE
8
BLACK
6
CONTINUOUS
10
-1.9077485826771654
20
3.3143775984251969
11
-1.9086902362204723
21
3.3145649212598425
0
LINE
8
BLACK
6
CONTINUOUS
10
-1.9086902362204723
20
3.3145649212598425
11
-1.9100218897637795
21
3.3158965748031495
0
LINE
8
BLACK
6
CONTINUOUS
10
-1.9100218897637795
20
3.3158965748031495
11
-1.9100218897637795
21
3.3177798818897637
0
LINE
8
BLACK
6
CONTINUOUS
10
-1.9100218897637795
20
3.3177798818897637
11
-1.9086902362204723
21
3.3191115354330707
0
LINE
8
BLACK
6
CONTINUOUS
10
-1.9086902362204723
20
3.3191115354330707
11
-1.9077485826771654
21
3.3192988582677163
0
LINE
8
BLACK
6
CONTINUOUS
10
-1.9077485826771654
20
3.3192988582677163
11
-1.8964999999999999
21
3.3192988582677163
0
LINE
8
BLACK
6
CONTINUOUS
10
-1.8964999999999999
20
3.3192988582677163
11
-1.895558346456693
21
3.3191115354330707
0
LINE
8
BLACK
6
CONTINUOUS
10
-2.358913897637795
20
3.3014887401574802
11
-2.357582244094488
21
3.3001570866141732
0
LINE
8
BLACK
6
CONTINUOUS
10
-2.357582244094488
20
3.3001570866141732
11
-2.357582244094488
21
3.298273779527559
0
LINE
8
BLACK
6
CONTINUOUS
10
-2.357582244094488
20
3.298273779527559
11
-2.358913897637795
21
3.296942125984252
0
LINE
8
BLACK
6
CONTINUOUS
10
-2.358913897637795
20
3.296942125984252
11
-2.3598555511811021
21
3.2967548031496063
0
LINE
8
BLACK
6
CONTINUOUS
10
-2.3598555511811021
20
3.2967548031496063
11
-2.3748537007874013
21
3.2967548031496063
0
LINE
8
BLACK
6
CONTINUOUS
10
-2.3748537007874013
20
3.2967548031496063
11
-2.3757953543307084
21
3.296942125984252
0
LINE
8
BLACK
6
CONTINUOUS
10
-2.3757953543307084
20
3.296942125984252
11
-2.3771270078740159
21
3.298273779527559
0
LINE
8
BLACK
6
CONTINUOUS
10
-2.3771270078740159
20
3.298273779527559
11
-2.3771270078740159
21
3.3001570866141732
0
LINE
8
BLACK
6
CONTINUOUS
10
-2.3771270078740159
20
3.3001570866141732
11
-2.3757953543307084
21
3.3014887401574802
0
LINE
8
BLACK
6
CONTINUOUS
10
-2.3757953543307084
20
3.3014887401574802
11
-2.3748537007874013
21
3.3016760629921258
0
LINE
8
BLACK
6
CONTINUOUS
10
-2.3748537007874013
20
3.3016760629921258
11
-2.3598555511811021
21
3.3016760629921258
0
LINE
8
BLACK
6
CONTINUOUS
10
-2.3598555511811021
20
3.3016760629921258
11
-2.358913897637795
21
3.3014887401574802
0
LINE
8
BLACK
6
CONTINUOUS
10
-2.4234766929133857
20
3.3232118110236222
11
-2.423423149606299
21
3.3232296456692914
0
LINE
8
BLACK
6
CONTINUOUS
10
-2.423423149606299
20
3.3232296456692914
11
-2.4230429921259842
21
3.3231255511811022
0
LINE
8
BLACK
6
CONTINUOUS
10
-2.4230429921259842
20
3.3231255511811022
11
-2.4226559448818898
21
3.3230485433070864
0
LINE
8
BLACK
6
CONTINUOUS
10
-2.4226559448818898
20
3.3230485433070864
11
-2.4226160236220471
21
3.3230086220472441
0
LINE
8
BLACK
6
CONTINUOUS
10
-2.4226160236220471
20
3.3230086220472441
11
-2.4224971653543306
21
3.3229760629921259
0
LINE
8
BLACK
6
CONTINUOUS
10
-2.4224971653543306
20
3.3229760629921259
11
-2.420622401574803
21
3.3220386614173227
0
LINE
8
BLACK
6
CONTINUOUS
10
-2.420622401574803
20
3.3220386614173227
11
-2.4203109448818898
21
3.3217969291338583
0
LINE
8
BLACK
6
CONTINUOUS
10
-2.4203109448818898
20
3.3217969291338583
11
-2.4199829133858266
21
3.3215777559055115
0
LINE
8
BLACK
6
CONTINUOUS
10
-2.4199829133858266
20
3.3215777559055115
11
-2.4181081496062991
21
3.319702992125984
0
LINE
8
BLACK
6
CONTINUOUS
10
-2.4181081496062991
20
3.319702992125984
11
-2.4179601181102361
21
3.3194814173228346
0
LINE
8
BLACK
6
CONTINUOUS
10
-2.4179601181102361
20
3.3194814173228346
11
-2.4178710236220473
21
3.3194279527559054
0
LINE
8
BLACK
6
CONTINUOUS
10
-2.4178710236220473
20
3.3194279527559054
11
-2.4177422440944882
21
3.3191553543307086
0
LINE
8
BLACK
6
CONTINUOUS
10
-2.4177422440944882
20
3.3191553543307086
11
-2.4175747637795273
21
3.31890468503937
0
LINE
8
BLACK
6
CONTINUOUS
10
-2.4175747637795273
20
3.31890468503937
11
-2.4175747637795273
21
3.3188008661417321
0
LINE
8
BLACK
6
CONTINUOUS
10
-2.4175747637795273
20
3.3188008661417321
11
-2.417460905511811
21
3.3185598425196852
0
LINE
8
BLACK
6
CONTINUOUS
10
-2.417460905511811
20
3.3185598425196852
11
-2.4165235433070866
21
3.3148103149606301
0
LINE
8
BLACK
6
CONTINUOUS
10
-2.4165235433070866
20
3.3148103149606301
11
-2.4165088976377951
21
3.3145092125984252
0
LINE
8
BLACK
6
CONTINUOUS
10
-2.4165088976377951
20
3.3145092125984252
11
-2.4164500787401573
21
3.3142135433070865
0
LINE
8
BLACK
6
CONTINUOUS
10
-2.4164500787401573
20
3.3142135433070865
11
-2.4164500787401573
21
3.3076518897637794
0
LINE
8
BLACK
6
CONTINUOUS
10
-2.4164500787401573
20
3.3076518897637794
11
-2.4165088976377951
21
3.3073562598425195
0
LINE
8
BLACK
6
CONTINUOUS
10
-2.4165088976377951
20
3.3073562598425195
11
-2.4165235433070866
21
3.3070551181102363
0
LINE
8
BLACK
6
CONTINUOUS
10
-2.4165235433070866
20
3.3070551181102363
11
-2.417460905511811
21
3.3033055905511812
0
LINE
8
BLACK
6
CONTINUOUS
10
-2.417460905511811
20
3.3033055905511812
11
-2.4175747637795273
21
3.3030646062992126
0
LINE
8
BLACK
6
CONTINUOUS
10
-2.4175747637795273
20
3.3030646062992126
11
-2.4175747637795273
21
3.302960748031496
0
LINE
8
BLACK
6
CONTINUOUS
10
-2.4175747637795273
20
3.302960748031496
11
-2.417742283464567
21
3.3027100787401573
0
LINE
8
BLACK
6
CONTINUOUS
10
-2.417742283464567
20
3.3027100787401573
11
-2.4178710236220473
21
3.3024374803149605
0
LINE
8
BLACK
6
CONTINUOUS
10
-2.4178710236220473
20
3.3024374803149605
11
-2.4179600787401574
21
3.3023840944881888
0
LINE
8
BLACK
6
CONTINUOUS
10
-2.4179600787401574
20
3.3023840944881888
11
-2.4181081102362203
21
3.302162440944882
0
LINE
8
BLACK
6
CONTINUOUS
10
-2.4181081102362203
20
3.302162440944882
11
-2.4199828740157479
21
3.3002876377952757
0
LINE
8
BLACK
6
CONTINUOUS
10
-2.4199828740157479
20
3.3002876377952757
11
-2.4203111023622048
21
3.3000683858267714
0
LINE
8
BLACK
6
CONTINUOUS
10
-2.4203111023622048
20
3.3000683858267714
11
-2.4206224409448818
21
3.2998266929133857
0
LINE
8
BLACK
6
CONTINUOUS
10
-2.4206224409448818
20
3.2998266929133857
11
-2.4224972047244093
21
3.2988893307086613
0
LINE
8
BLACK
6
CONTINUOUS
10
-2.4224972047244093
20
3.2988893307086613
11
-2.4226160629921258
21
3.2988568110236218
0
LINE
8
BLACK
6
CONTINUOUS
10
-2.4226160629921258
20
3.2988568110236218
11
-2.4226559448818898
21
3.2988168897637795
0
LINE
8
BLACK
6
CONTINUOUS
10
-2.4226559448818898
20
3.2988168897637795
11
-2.4230426377952754
21
3.29874
0
LINE
8
BLACK
6
CONTINUOUS
10
-2.4230426377952754
20
3.29874
11
-2.4234231889763778
21
3.2986357480314958
0
LINE
8
BLACK
6
CONTINUOUS
10
-2.4234231889763778
20
3.2986357480314958
11
-2.4234767716535432
21
3.2986536220472442
0
LINE
8
BLACK
6
CONTINUOUS
10
-2.4234767716535432
20
3.2986536220472442
11
-2.423597598425197
21
3.2986295669291339
0
LINE
8
BLACK
6
CONTINUOUS
10
-2.423597598425197
20
3.2986295669291339
11
-2.4273471259842521
21
3.2986295669291339
0
LINE
8
BLACK
6
CONTINUOUS
10
-2.4273471259842521
20
3.2986295669291339
11
-2.4274680708661416
21
3.2986536220472442
0
LINE
8
BLACK
6
CONTINUOUS
10
-2.4274680708661416
20
3.2986536220472442
11
-2.4275215354330708
21
3.2986357874015746
0
LINE
8
BLACK
6
CONTINUOUS
10
-2.4275215354330708
20
3.2986357874015746
11
-2.4279018897637794
21
3.2987399606299213
0
LINE
8
BLACK
6
CONTINUOUS
10
-2.4279018897637794
20
3.2987399606299213
11
-2.4282887795275592
21
3.2988168897637795
0
LINE
8
BLACK
6
CONTINUOUS
10
-2.4282887795275592
20
3.2988168897637795
11
-2.4283287007874015
21
3.2988568110236218
0
LINE
8
BLACK
6
CONTINUOUS
10
-2.4283287007874015
20
3.2988568110236218
11
-2.428447559055118
21
3.2988893307086613
0
LINE
8
BLACK
6
CONTINUOUS
10
-2.428447559055118
20
3.2988893307086613
11
-2.4303222834645668
21
3.2998266929133857
0
LINE
8
BLACK
6
CONTINUOUS
10
-2.4303222834645668
20
3.2998266929133857
11
-2.4306337795275592
21
3.3000684645669289
0
LINE
8
BLACK
6
CONTINUOUS
10
-2.4306337795275592
20
3.3000684645669289
11
-2.4309618503937007
21
3.3002876377952757
0
LINE
8
BLACK
6
CONTINUOUS
10
-2.4309618503937007
20
3.3002876377952757
11
-2.4328366141732283
21
3.302162440944882
0
LINE
8
BLACK
6
CONTINUOUS
10
-2.4328366141732283
20
3.302162440944882
11
-2.4329847244094487
21
3.3023840944881888
0
LINE
8
BLACK
6
CONTINUOUS
10
-2.4329847244094487
20
3.3023840944881888
11
-2.4330737007874017
21
3.3024374803149605
0
LINE
8
BLACK
6
CONTINUOUS
10
-2.4330737007874017
20
3.3024374803149605
11
-2.433202440944882
21
3.3027099606299211
0
LINE
8
BLACK
6
CONTINUOUS
10
-2.433202440944882
20
3.3027099606299211
11
-2.43337
21
3.302960748031496
0
LINE
8
BLACK
6
CONTINUOUS
10
-2.43337
20
3.302960748031496
11
-2.43337
21
3.3030646456692914
0
LINE
8
BLACK
6
CONTINUOUS
10
-2.43337
20
3.3030646456692914
11
-2.4334838188976375
21
3.3033055511811025
0
LINE
8
BLACK
6
CONTINUOUS
10
-2.4334838188976375
20
3.3033055511811025
11
-2.4344212204724407
21
3.3070550787401576
0
LINE
8
BLACK
6
CONTINUOUS
10
-2.4344212204724407
20
3.3070550787401576
11
-2.434435905511811
21
3.3073562598425195
0
LINE
8
BLACK
6
CONTINUOUS
10
-2.434435905511811
20
3.3073562598425195
11
-2.4344946850393701
21
3.3076518897637794
0
LINE
8
BLACK
6
CONTINUOUS
10
-2.4344946850393701
20
3.3076518897637794
11
-2.4344946850393701
21
3.3142135433070865
0
LINE
8
BLACK
6
CONTINUOUS
10
-2.4344946850393701
20
3.3142135433070865
11
-2.434435905511811
21
3.3145092125984252
0
LINE
8
BLACK
6
CONTINUOUS
10
-2.434435905511811
20
3.3145092125984252
11
-2.4344212204724407
21
3.3148103543307084
0
LINE
8
BLACK
6
CONTINUOUS
10
-2.4344212204724407
20
3.3148103543307084
11
-2.4334838188976375
21
3.3185598818897639
0
LINE
8
BLACK
6
CONTINUOUS
10
-2.4334838188976375
20
3.3185598818897639
11
-2.4333699606299213
21
3.3188009055118108
0
LINE
8
BLACK
6
CONTINUOUS
10
-2.4333699606299213
20
3.3188009055118108
11
-2.4333699606299213
21
3.31890468503937
0
LINE
8
BLACK
6
CONTINUOUS
10
-2.4333699606299213
20
3.31890468503937
11
-2.4332025196850395
21
3.3191553149606299
0
LINE
8
BLACK
6
CONTINUOUS
10
-2.4332025196850395
20
3.3191553149606299
11
-2.4330737007874017
21
3.3194279527559054
0
LINE
8
BLACK
6
CONTINUOUS
10
-2.4330737007874017
20
3.3194279527559054
11
-2.4329846456692912
21
3.3194814173228346
0
LINE
8
BLACK
6
CONTINUOUS
10
-2.4329846456692912
20
3.3194814173228346
11
-2.4328365748031495
21
3.319702992125984
0
LINE
8
BLACK
6
CONTINUOUS
10
-2.4328365748031495
20
3.319702992125984
11
-2.430961811023622
21
3.3215777559055115
0
LINE
8
BLACK
6
CONTINUOUS
10
-2.430961811023622
20
3.3215777559055115
11
-2.4306338188976375
21
3.3217969291338583
0
LINE
8
BLACK
6
CONTINUOUS
10
-2.4306338188976375
20
3.3217969291338583
11
-2.4303223228346456
21
3.3220386614173227
0
LINE
8
BLACK
6
CONTINUOUS
10
-2.4303223228346456
20
3.3220386614173227
11
-2.428447559055118
21
3.3229761023622046
0
LINE
8
BLACK
6
CONTINUOUS
10
-2.428447559055118
20
3.3229761023622046
11
-2.4283287007874015
21
3.3230086614173229
0
LINE
8
BLACK
6
CONTINUOUS
10
-2.4283287007874015
20
3.3230086614173229
11
-2.4282887795275592
21
3.3230485433070864
0
LINE
8
BLACK
6
CONTINUOUS
10
-2.4282887795275592
20
3.3230485433070864
11
-2.4279019685039369
21
3.3231255118110234
0
LINE
8
BLACK
6
CONTINUOUS
10
-2.4279019685039369
20
3.3231255118110234
11
-2.4275215748031496
21
3.3232296456692914
0
LINE
8
BLACK
6
CONTINUOUS
10
-2.4275215748031496
20
3.3232296456692914
11
-2.4274680708661416
21
3.3232118110236222
0
LINE
8
BLACK
6
CONTINUOUS
10
-2.4274680708661416
20
3.3232118110236222
11
-2.4273471259842521
21
3.3232358661417321
0
LINE
8
BLACK
6
CONTINUOUS
10
-2.4273471259842521
20
3.3232358661417321
11
-2.423597598425197
21
3.3232358661417321
0
LINE
8
BLACK
6
CONTINUOUS
10
-2.423597598425197
20
3.3232358661417321
11
-2.4234766929133857
21
3.3232118110236222
0
LINE
8
BLACK
6
CONTINUOUS
10
-2.4277642913385824
20
3.3178156299212596
11
-2.4288748031496064
21
3.3167051181102361
0
LINE
8
BLACK
6
CONTINUOUS
10
-2.4288748031496064
20
3.3167051181102361
11
-2.4295734251968502
21
3.3139105905511812
0
LINE
8
BLACK
6
CONTINUOUS
10
-2.4295734251968502
20
3.3139105905511812
11
-2.4295734251968502
21
3.3079548818897635
0
LINE
8
BLACK
6
CONTINUOUS
10
-2.4295734251968502
20
3.3079548818897635
11
-2.4288748031496064
21
3.3051603937007874
0
LINE
8
BLACK
6
CONTINUOUS
10
-2.4288748031496064
20
3.3051603937007874
11
-2.4277642519685041
21
3.3040498425196851
0
LINE
8
BLACK
6
CONTINUOUS
10
-2.4277642519685041
20
3.3040498425196851
11
-2.4267662598425197
21
3.3035508267716533
0
LINE
8
BLACK
6
CONTINUOUS
10
-2.4267662598425197
20
3.3035508267716533
11
-2.4241784645669289
21
3.3035508267716533
0
LINE
8
BLACK
6
CONTINUOUS
10
-2.4241784645669289
20
3.3035508267716533
11
-2.4231804724409449
21
3.3040498425196851
0
LINE
8
BLACK
6
CONTINUOUS
10
-2.4231804724409449
20
3.3040498425196851
11
-2.4220699606299214
21
3.3051603937007874
0
LINE
8
BLACK
6
CONTINUOUS
10
-2.4220699606299214
20
3.3051603937007874
11
-2.4213713385826772
21
3.3079548031496064
0
LINE
8
BLACK
6
CONTINUOUS
10
-2.4213713385826772
20
3.3079548031496064
11
-2.4213713385826772
21
3.3139106692913387
0
LINE
8
BLACK
6
CONTINUOUS
10
-2.4213713385826772
20
3.3139106692913387
11
-2.4220699606299214
21
3.3167051181102361
0
LINE
8
BLACK
6
CONTINUOUS
10
-2.4220699606299214
20
3.3167051181102361
11
-2.4231803937007874
21
3.3178155511811025
0
LINE
8
BLACK
6
CONTINUOUS
10
-2.4231803937007874
20
3.3178155511811025
11
-2.4241784645669289
21
3.3183146062992126
0
LINE
8
BLACK
6
CONTINUOUS
10
-2.4241784645669289
20
3.3183146062992126
11
-2.4267662992125985
21
3.3183146062992126
0
LINE
8
BLACK
6
CONTINUOUS
10
-2.4267662992125985
20
3.3183146062992126
11
-2.4277642913385824
21
3.3178156299212596
0
LINE
8
BLACK
6
CONTINUOUS
10
-2.4028542519685039
20
3.3232118110236222
11
-2.4028007086614172
21
3.3232296456692914
0
LINE
8
BLACK
6
CONTINUOUS
10
-2.4028007086614172
20
3.3232296456692914
11
-2.4024205511811023
21
3.3231255511811022
0
LINE
8
BLACK
6
CONTINUOUS
10
-2.4024205511811023
20
3.3231255511811022
11
-2.402033503937008
21
3.3230485433070864
0
LINE
8
BLACK
6
CONTINUOUS
10
-2.402033503937008
20
3.3230485433070864
11
-2.4019935826771652
21
3.3230086220472441
0
LINE
8
BLACK
6
CONTINUOUS
10
-2.4019935826771652
20
3.3230086220472441
11
-2.4018747244094487
21
3.3229760629921259
0
LINE
8
BLACK
6
CONTINUOUS
10
-2.4018747244094487
20
3.3229760629921259
11
-2.3999999606299212
21
3.3220386614173227
0
LINE
8
BLACK
6
CONTINUOUS
10
-2.3999999606299212
20
3.3220386614173227
11
-2.3996885039370079
21
3.3217969291338583
0
LINE
8
BLACK
6
CONTINUOUS
10
-2.3996885039370079
20
3.3217969291338583
11
-2.3993604724409447
21
3.3215777559055115
0
LINE
8
BLACK
6
CONTINUOUS
10
-2.3993604724409447
20
3.3215777559055115
11
-2.3974857086614172
21
3.319702992125984
0
LINE
8
BLACK
6
CONTINUOUS
10
-2.3974857086614172
20
3.319702992125984
11
-2.3973376771653543
21
3.3194814173228346
0
LINE
8
BLACK
6
CONTINUOUS
10
-2.3973376771653543
20
3.3194814173228346
11
-2.3972485826771655
21
3.3194279527559054
0
LINE
8
BLACK
6
CONTINUOUS
10
-2.3972485826771655
20
3.3194279527559054
11
-2.3971198031496064
21
3.3191553543307086
0
LINE
8
BLACK
6
CONTINUOUS
10
-2.3971198031496064
20
3.3191553543307086
11
-2.3969523228346454
21
3.31890468503937
0
LINE
8
BLACK
6
CONTINUOUS
10
-2.3969523228346454
20
3.31890468503937
11
-2.3969523228346454
21
3.3188008661417321
0
LINE
8
BLACK
6
CONTINUOUS
10
-2.3969523228346454
20
3.3188008661417321
11
-2.3968384645669292
21
3.3185598425196852
0
LINE
8
BLACK
6
CONTINUOUS
10
-2.3968384645669292
20
3.3185598425196852
11
-2.3959011023622048
21
3.3148103149606301
0
LINE
8
BLACK
6
CONTINUOUS
10
-2.3959011023622048
20
3.3148103149606301
11
-2.3958864566929132
21
3.3145092125984252
0
LINE
8
BLACK
6
CONTINUOUS
10
-2.3958864566929132
20
3.3145092125984252
11
-2.3958276377952754
21
3.3142135433070865
0
LINE
8
BLACK
6
CONTINUOUS
10
-2.3958276377952754
20
3.3142135433070865
11
-2.3958276377952754
21
3.3076518897637794
0
LINE
8
BLACK
6
CONTINUOUS
10
-2.3958276377952754
20
3.3076518897637794
11
-2.3958864566929132
21
3.3073562598425195
0
LINE
8
BLACK
6
CONTINUOUS
10
-2.3958864566929132
20
3.3073562598425195
11
-2.3959011023622048
21
3.3070551181102363
0
LINE
8
BLACK
6
CONTINUOUS
10
-2.3959011023622048
20
3.3070551181102363
11
-2.3968384645669292
21
3.3033055905511812
0
LINE
8
BLACK
6
CONTINUOUS
10
-2.3968384645669292
20
3.3033055905511812
11
-2.3969523228346454
21
3.3030646062992126
0
LINE
8
BLACK
6
CONTINUOUS
10
-2.3969523228346454
20
3.3030646062992126
11
-2.3969523228346454
21
3.302960748031496
0
LINE
8
BLACK
6
CONTINUOUS
10
-2.3969523228346454
20
3.302960748031496
11
-2.3971198425196851
21
3.3027100787401573
0
LINE
8
BLACK
6
CONTINUOUS
10
-2.3971198425196851
20
3.3027100787401573
11
-2.3972485826771655
21
3.3024374803149605
0
LINE
8
BLACK
6
CONTINUOUS
10
-2.3972485826771655
20
3.3024374803149605
11
-2.3973376377952755
21
3.3023840944881888
0
LINE
8
BLACK
6
CONTINUOUS
10
-2.3973376377952755
20
3.3023840944881888
11
-2.3974856692913384
21
3.302162440944882
0
LINE
8
BLACK
6
CONTINUOUS
10
-2.3974856692913384
20
3.302162440944882
11
-2.399360433070866
21
3.3002876377952757
0
LINE
8
BLACK
6
CONTINUOUS
10
-2.399360433070866
20
3.3002876377952757
11
-2.399688661417323
21
3.3000683858267714
0
LINE
8
BLACK
6
CONTINUOUS
10
-2.399688661417323
20
3.3000683858267714
11
-2.3999999999999999
21
3.2998266929133857
0
LINE
8
BLACK
6
CONTINUOUS
10
-2.3999999999999999
20
3.2998266929133857
11
-2.4018747637795275
21
3.2988893307086613
0
LINE
8
BLACK
6
CONTINUOUS
10
-2.4018747637795275
20
3.2988893307086613
11
-2.401993622047244
21
3.2988568110236218
0
LINE
8
BLACK
6
CONTINUOUS
10
-2.401993622047244
20
3.2988568110236218
11
-2.402033503937008
21
3.2988168897637795
0
LINE
8
BLACK
6
CONTINUOUS
10
-2.402033503937008
20
3.2988168897637795
11
-2.4024201968503935
21
3.29874
0
LINE
8
BLACK
6
CONTINUOUS
10
-2.4024201968503935
20
3.29874
11
-2.4028007480314959
21
3.2986357480314958
0
LINE
8
BLACK
6
CONTINUOUS
10
-2.4028007480314959
20
3.2986357480314958
11
-2.4028543307086614
21
3.2986536220472442
0
LINE
8
BLACK
6
CONTINUOUS
10
-2.4028543307086614
20
3.2986536220472442
11
-2.4029751574803151
21
3.2986295669291339
0
LINE
8
BLACK
6
CONTINUOUS
10
-2.4029751574803151
20
3.2986295669291339
11
-2.4067246850393702
21
3.2986295669291339
0
LINE
8
BLACK
6
CONTINUOUS
10
-2.4067246850393702
20
3.2986295669291339
11
-2.4068456299212597
21
3.2986536220472442
0
LINE
8
BLACK
6
CONTINUOUS
10
-2.4068456299212597
20
3.2986536220472442
11
-2.406899094488189
21
3.2986357874015746
0
LINE
8
BLACK
6
CONTINUOUS
10
-2.406899094488189
20
3.2986357874015746
11
-2.4072794488188975
21
3.2987399606299213
0
LINE
8
BLACK
6
CONTINUOUS
10
-2.4072794488188975
20
3.2987399606299213
11
-2.4076663385826773
21
3.2988168897637795
0
LINE
8
BLACK
6
CONTINUOUS
10
-2.4076663385826773
20
3.2988168897637795
11
-2.4077062598425196
21
3.2988568110236218
0
LINE
8
BLACK
6
CONTINUOUS
10
-2.4077062598425196
20
3.2988568110236218
11
-2.4078251181102361
21
3.2988893307086613
0
LINE
8
BLACK
6
CONTINUOUS
10
-2.4078251181102361
20
3.2988893307086613
11
-2.4096998425196849
21
3.2998266929133857
0
LINE
8
BLACK
6
CONTINUOUS
10
-2.4096998425196849
20
3.2998266929133857
11
-2.4100113385826769
21
3.3000684645669289
0
LINE
8
BLACK
6
CONTINUOUS
10
-2.4100113385826769
20
3.3000684645669289
11
-2.4103394094488189
21
3.3002876377952757
0
LINE
8
BLACK
6
CONTINUOUS
10
-2.4103394094488189
20
3.3002876377952757
11
-2.4122141732283464
21
3.302162440944882
0
LINE
8
BLACK
6
CONTINUOUS
10
-2.4122141732283464
20
3.302162440944882
11
-2.4123622834645668
21
3.3023840944881888
0
LINE
8
BLACK
6
CONTINUOUS
10
-2.4123622834645668
20
3.3023840944881888
11
-2.4124512598425198
21
3.3024374803149605
0
LINE
8
BLACK
6
CONTINUOUS
10
-2.4124512598425198
20
3.3024374803149605
11
-2.4125799999999997
21
3.3027099606299211
0
LINE
8
BLACK
6
CONTINUOUS
10
-2.4125799999999997
20
3.3027099606299211
11
-2.4127475590551182
21
3.302960748031496
0
LINE
8
BLACK
6
CONTINUOUS
10
-2.4127475590551182
20
3.302960748031496
11
-2.4127475590551182
21
3.3030646456692914
0
LINE
8
BLACK
6
CONTINUOUS
10
-2.4127475590551182
20
3.3030646456692914
11
-2.4128613779527557
21
3.3033055511811025
0
LINE
8
BLACK
6
CONTINUOUS
10
-2.4128613779527557
20
3.3033055511811025
11
-2.4137987795275588
21
3.3070550787401576
0
LINE
8
BLACK
6
CONTINUOUS
10
-2.4137987795275588
20
3.3070550787401576
11
-2.4138134645669291
21
3.3073562598425195
0
LINE
8
BLACK
6
CONTINUOUS
10
-2.4138134645669291
20
3.3073562598425195
11
-2.4138722440944882
21
3.3076518897637794
0
LINE
8
BLACK
6
CONTINUOUS
10
-2.4138722440944882
20
3.3076518897637794
11
-2.4138722440944882
21
3.3142135433070865
0
LINE
8
BLACK
6
CONTINUOUS
10
-2.4138722440944882
20
3.3142135433070865
11
-2.4138134645669291
21
3.3145092125984252
0
LINE
8
BLACK
6
CONTINUOUS
10
-2.4138134645669291
20
3.3145092125984252
11
-2.4137987795275588
21
3.3148103543307084
0
LINE
8
BLACK
6
CONTINUOUS
10
-2.4137987795275588
20
3.3148103543307084
11
-2.4128613779527557
21
3.3185598818897639
0
LINE
8
BLACK
6
CONTINUOUS
10
-2.4128613779527557
20
3.3185598818897639
11
-2.4127475196850394
21
3.3188009055118108
0
LINE
8
BLACK
6
CONTINUOUS
10
-2.4127475196850394
20
3.3188009055118108
11
-2.4127475196850394
21
3.31890468503937
0
LINE
8
BLACK
6
CONTINUOUS
10
-2.4127475196850394
20
3.31890468503937
11
-2.4125800787401572
21
3.3191553149606299
0
LINE
8
BLACK
6
CONTINUOUS
10
-2.4125800787401572
20
3.3191553149606299
11
-2.4124512598425198
21
3.3194279527559054
0
LINE
8
BLACK
6
CONTINUOUS
10
-2.4124512598425198
20
3.3194279527559054
11
-2.4123622047244093
21
3.3194814173228346
0
LINE
8
BLACK
6
CONTINUOUS
10
-2.4123622047244093
20
3.3194814173228346
11
-2.4122141338582677
21
3.319702992125984
0
LINE
8
BLACK
6
CONTINUOUS
10
-2.4122141338582677
20
3.319702992125984
11
-2.4103393700787401
21
3.3215777559055115
0
LINE
8
BLACK
6
CONTINUOUS
10
-2.4103393700787401
20
3.3215777559055115
11
-2.4100113779527557
21
3.3217969291338583
0
LINE
8
BLACK
6
CONTINUOUS
10
-2.4100113779527557
20
3.3217969291338583
11
-2.4096998818897637
21
3.3220386614173227
0
LINE
8
BLACK
6
CONTINUOUS
10
-2.4096998818897637
20
3.3220386614173227
11
-2.4078251181102361
21
3.3229761023622046
0
LINE
8
BLACK
6
CONTINUOUS
10
-2.4078251181102361
20
3.3229761023622046
11
-2.4077062598425196
21
3.3230086614173229
0
LINE
8
BLACK
6
CONTINUOUS
10
-2.4077062598425196
20
3.3230086614173229
11
-2.4076663385826773
21
3.3230485433070864
0
LINE
8
BLACK
6
CONTINUOUS
10
-2.4076663385826773
20
3.3230485433070864
11
-2.4072795275590551
21
3.3231255118110234
0
LINE
8
BLACK
6
CONTINUOUS
10
-2.4072795275590551
20
3.3231255118110234
11
-2.4068991338582677
21
3.3232296456692914
0
LINE
8
BLACK
6
CONTINUOUS
10
-2.4068991338582677
20
3.3232296456692914
11
-2.4068456299212597
21
3.3232118110236222
0
LINE
8
BLACK
6
CONTINUOUS
10
-2.4068456299212597
20
3.3232118110236222
11
-2.4067246850393702
21
3.3232358661417321
0
LINE
8
BLACK
6
CONTINUOUS
10
-2.4067246850393702
20
3.3232358661417321
11
-2.4029751574803151
21
3.3232358661417321
0
LINE
8
BLACK
6
CONTINUOUS
10
-2.4029751574803151
20
3.3232358661417321
11
-2.4028542519685039
21
3.3232118110236222
0
LINE
8
BLACK
6
CONTINUOUS
10
-2.4071418503937005
20
3.3178156299212596
11
-2.4082523622047245
21
3.3167051181102361
0
LINE
8
BLACK
6
CONTINUOUS
10
-2.4082523622047245
20
3.3167051181102361
11
-2.4089509842519683
21
3.3139105905511812
0
LINE
8
BLACK
6
CONTINUOUS
10
-2.4089509842519683
20
3.3139105905511812
11
-2.4089509842519683
21
3.3079548818897635
0
LINE
8
BLACK
6
CONTINUOUS
10
-2.4089509842519683
20
3.3079548818897635
11
-2.4082523622047245
21
3.3051603937007874
0
LINE
8
BLACK
6
CONTINUOUS
10
-2.4082523622047245
20
3.3051603937007874
11
-2.4071418110236218
21
3.3040498425196851
0
LINE
8
BLACK
6
CONTINUOUS
10
-2.4071418110236218
20
3.3040498425196851
11
-2.4061438188976378
21
3.3035508267716533
0
LINE
8
BLACK
6
CONTINUOUS
10
-2.4061438188976378
20
3.3035508267716533
11
-2.403556023622047
21
3.3035508267716533
0
LINE
8
BLACK
6
CONTINUOUS
10
-2.403556023622047
20
3.3035508267716533
11
-2.4025580314960631
21
3.3040498425196851
0
LINE
8
BLACK
6
CONTINUOUS
10
-2.4025580314960631
20
3.3040498425196851
11
-2.4014475196850391
21
3.3051603937007874
0
LINE
8
BLACK
6
CONTINUOUS
10
-2.4014475196850391
20
3.3051603937007874
11
-2.4007488976377953
21
3.3079548031496064
0
LINE
8
BLACK
6
CONTINUOUS
10
-2.4007488976377953
20
3.3079548031496064
11
-2.4007488976377953
21
3.3139106692913387
0
LINE
8
BLACK
6
CONTINUOUS
10
-2.4007488976377953
20
3.3139106692913387
11
-2.4014475196850391
21
3.3167051181102361
0
LINE
8
BLACK
6
CONTINUOUS
10
-2.4014475196850391
20
3.3167051181102361
11
-2.4025579527559056
21
3.3178155511811025
0
LINE
8
BLACK
6
CONTINUOUS
10
-2.4025579527559056
20
3.3178155511811025
11
-2.403556023622047
21
3.3183146062992126
0
LINE
8
BLACK
6
CONTINUOUS
10
-2.403556023622047
20
3.3183146062992126
11
-2.4061438582677166
21
3.3183146062992126
0
LINE
8
BLACK
6
CONTINUOUS
10
-2.4061438582677166
20
3.3183146062992126
11
-2.4071418503937005
21
3.3178156299212596
0
LINE
8
BLACK
6
CONTINUOUS
10
-2.3785989370078742
20
3.3230485433070864
11
-2.3772672834645667
21
3.3217168897637794
0
LINE
8
BLACK
6
CONTINUOUS
10
-2.3772672834645667
20
3.3217168897637794
11
-2.3770799606299211
21
3.3207752362204723
0
LINE
8
BLACK
6
CONTINUOUS
10
-2.3770799606299211
20
3.3207752362204723
11
-2.3770799606299211
21
3.3010901968503936
0
LINE
8
BLACK
6
CONTINUOUS
10
-2.3770799606299211
20
3.3010901968503936
11
-2.3772672834645667
21
3.3001485433070865
0
LINE
8
BLACK
6
CONTINUOUS
10
-2.3772672834645667
20
3.3001485433070865
11
-2.3785989370078742
21
3.2988168897637795
0
LINE
8
BLACK
6
CONTINUOUS
10
-2.3785989370078742
20
3.2988168897637795
11
-2.3795405905511808
21
3.2986295669291339
0
LINE
8
BLACK
6
CONTINUOUS
10
-2.3795405905511808
20
3.2986295669291339
11
-2.3870396456692915
21
3.2986295669291339
0
LINE
8
BLACK
6
CONTINUOUS
10
-2.3870396456692915
20
3.2986295669291339
11
-2.387160590551181
21
3.2986536220472442
0
LINE
8
BLACK
6
CONTINUOUS
10
-2.387160590551181
20
3.2986536220472442
11
-2.3872140551181102
21
3.2986357874015746
0
LINE
8
BLACK
6
CONTINUOUS
10
-2.3872140551181102
20
3.2986357874015746
11
-2.3875944094488188
21
3.2987399606299213
0
LINE
8
BLACK
6
CONTINUOUS
10
-2.3875944094488188
20
3.2987399606299213
11
-2.3879812992125982
21
3.2988168897637795
0
LINE
8
BLACK
6
CONTINUOUS
10
-2.3879812992125982
20
3.2988168897637795
11
-2.3880212204724409
21
3.2988568110236218
0
LINE
8
BLACK
6
CONTINUOUS
10
-2.3880212204724409
20
3.2988568110236218
11
-2.3881400787401574
21
3.2988893307086613
0
LINE
8
BLACK
6
CONTINUOUS
10
-2.3881400787401574
20
3.2988893307086613
11
-2.3900148031496062
21
3.2998266929133857
0
LINE
8
BLACK
6
CONTINUOUS
10
-2.3900148031496062
20
3.2998266929133857
11
-2.3903265354330707
21
3.3000686220472439
0
LINE
8
BLACK
6
CONTINUOUS
10
-2.3903265354330707
20
3.3000686220472439
11
-2.3906543307086614
21
3.3002876377952757
0
LINE
8
BLACK
6
CONTINUOUS
10
-2.3906543307086614
20
3.3002876377952757
11
-2.3915917322834646
21
3.3012250393700788
0
LINE
8
BLACK
6
CONTINUOUS
10
-2.3915917322834646
20
3.3012250393700788
11
-2.3918108267716534
21
3.3015529527559053
0
LINE
8
BLACK
6
CONTINUOUS
10
-2.3918108267716534
20
3.3015529527559053
11
-2.3920526771653541
21
3.301864566929134
0
LINE
8
BLACK
6
CONTINUOUS
10
-2.3920526771653541
20
3.301864566929134
11
-2.3929900393700785
21
3.3037393307086615
0
LINE
8
BLACK
6
CONTINUOUS
10
-2.3929900393700785
20
3.3037393307086615
11
-2.3930225984251967
21
3.3038581889763781
0
LINE
8
BLACK
6
CONTINUOUS
10
-2.3930225984251967
20
3.3038581889763781
11
-2.3930624803149607
21
3.3038980708661416
0
LINE
8
BLACK
6
CONTINUOUS
10
-2.3930624803149607
20
3.3038980708661416
11
-2.393139409448819
21
3.3042847637795276
0
LINE
8
BLACK
6
CONTINUOUS
10
-2.393139409448819
20
3.3042847637795276
11
-2.3932436220472439
21
3.30466531496063
0
LINE
8
BLACK
6
CONTINUOUS
10
-2.3932436220472439
20
3.30466531496063
11
-2.3932257874015748
21
3.304718897637795
0
LINE
8
BLACK
6
CONTINUOUS
10
-2.3932257874015748
20
3.304718897637795
11
-2.3932498031496063
21
3.3048397244094487
0
LINE
8
BLACK
6
CONTINUOUS
10
-2.3932498031496063
20
3.3048397244094487
11
-2.3932498031496063
21
3.3076518897637794
0
LINE
8
BLACK
6
CONTINUOUS
10
-2.3932498031496063
20
3.3076518897637794
11
-2.3932257874015748
21
3.3077727559055119
0
LINE
8
BLACK
6
CONTINUOUS
10
-2.3932257874015748
20
3.3077727559055119
11
-2.3932436220472439
21
3.3078262992125982
0
LINE
8
BLACK
6
CONTINUOUS
10
-2.3932436220472439
20
3.3078262992125982
11
-2.393139409448819
21
3.3082068897637793
0
LINE
8
BLACK
6
CONTINUOUS
10
-2.393139409448819
20
3.3082068897637793
11
-2.3930624803149607
21
3.3085935433070865
0
LINE
8
BLACK
6
CONTINUOUS
10
-2.3930624803149607
20
3.3085935433070865
11
-2.3930225984251967
21
3.3086334645669289
0
LINE
8
BLACK
6
CONTINUOUS
10
-2.3930225984251967
20
3.3086334645669289
11
-2.3929900393700785
21
3.3087522834645671
0
LINE
8
BLACK
6
CONTINUOUS
10
-2.3929900393700785
20
3.3087522834645671
11
-2.3920526771653541
21
3.3106270472440946
0
LINE
8
BLACK
6
CONTINUOUS
10
-2.3920526771653541
20
3.3106270472440946
11
-2.3918108661417321
21
3.3109386614173228
0
LINE
8
BLACK
6
CONTINUOUS
10
-2.3918108661417321
20
3.3109386614173228
11
-2.3915916929133858
21
3.3112666141732281
0
LINE
8
BLACK
6
CONTINUOUS
10
-2.3915916929133858
20
3.3112666141732281
11
-2.3909261811023623
21
3.311932125984252
0
LINE
8
BLACK
6
CONTINUOUS
10
-2.3909261811023623
20
3.311932125984252
11
-2.3911152362204722
21
3.3121757480314962
0
LINE
8
BLACK
6
CONTINUOUS
10
-2.3911152362204722
20
3.3121757480314962
11
-2.3920526377952753
21
3.3140505118110237
0
LINE
8
BLACK
6
CONTINUOUS
10
-2.3920526377952753
20
3.3140505118110237
11
-2.3920851968503936
21
3.3141693700787402
0
LINE
8
BLACK
6
CONTINUOUS
10
-2.3920851968503936
20
3.3141693700787402
11
-2.3921251181102363
21
3.3142092913385826
0
LINE
8
BLACK
6
CONTINUOUS
10
-2.3921251181102363
20
3.3142092913385826
11
-2.3922021259842521
21
3.3145963385826769
0
LINE
8
BLACK
6
CONTINUOUS
10
-2.3922021259842521
20
3.3145963385826769
11
-2.3923062204724408
21
3.3149764960629922
0
LINE
8
BLACK
6
CONTINUOUS
10
-2.3923062204724408
20
3.3149764960629922
11
-2.3922883858267716
21
3.3150300393700785
0
LINE
8
BLACK
6
CONTINUOUS
10
-2.3922883858267716
20
3.3150300393700785
11
-2.3923124409448819
21
3.3151509448818897
0
LINE
8
BLACK
6
CONTINUOUS
10
-2.3923124409448819
20
3.3151509448818897
11
-2.3923124409448819
21
3.3170257086614172
0
LINE
8
BLACK
6
CONTINUOUS
10
-2.3923124409448819
20
3.3170257086614172
11
-2.3922883858267716
21
3.3171466535433072
0
LINE
8
BLACK
6
CONTINUOUS
10
-2.3922883858267716
20
3.3171466535433072
11
-2.3923062204724408
21
3.3172001574803147
0
LINE
8
BLACK
6
CONTINUOUS
10
-2.3923062204724408
20
3.3172001574803147
11
-2.3922021259842521
21
3.3175803543307087
0
LINE
8
BLACK
6
CONTINUOUS
10
-2.3922021259842521
20
3.3175803543307087
11
-2.3921251181102363
21
3.3179673622047243
0
LINE
8
BLACK
6
CONTINUOUS
10
-2.3921251181102363
20
3.3179673622047243
11
-2.3920851968503936
21
3.3180073228346454
0
LINE
8
BLACK
6
CONTINUOUS
10
-2.3920851968503936
20
3.3180073228346454
11
-2.3920526377952753
21
3.3181261417322836
0
LINE
8
BLACK
6
CONTINUOUS
10
-2.3920526377952753
20
3.3181261417322836
11
-2.3911152362204722
21
3.3200009055118112
0
LINE
8
BLACK
6
CONTINUOUS
10
-2.3911152362204722
20
3.3200009055118112
11
-2.3908735039370077
21
3.3203124015748031
0
LINE
8
BLACK
6
CONTINUOUS
10
-2.3908735039370077
20
3.3203124015748031
11
-2.3906543307086614
21
3.3206403937007871
0
LINE
8
BLACK
6
CONTINUOUS
10
-2.3906543307086614
20
3.3206403937007871
11
-2.389716968503937
21
3.3215777559055115
0
LINE
8
BLACK
6
CONTINUOUS
10
-2.389716968503937
20
3.3215777559055115
11
-2.3893889763779526
21
3.3217969291338583
0
LINE
8
BLACK
6
CONTINUOUS
10
-2.3893889763779526
20
3.3217969291338583
11
-2.3890774803149606
21
3.3220386614173227
0
LINE
8
BLACK
6
CONTINUOUS
10
-2.3890774803149606
20
3.3220386614173227
11
-2.387202716535433
21
3.3229761023622046
0
LINE
8
BLACK
6
CONTINUOUS
10
-2.387202716535433
20
3.3229761023622046
11
-2.3870838582677165
21
3.3230086614173229
0
LINE
8
BLACK
6
CONTINUOUS
10
-2.3870838582677165
20
3.3230086614173229
11
-2.3870439370078738
21
3.3230485433070864
0
LINE
8
BLACK
6
CONTINUOUS
10
-2.3870439370078738
20
3.3230485433070864
11
-2.3866571259842519
21
3.3231255118110234
0
LINE
8
BLACK
6
CONTINUOUS
10
-2.3866571259842519
20
3.3231255118110234
11
-2.3862767322834646
21
3.3232296456692914
0
LINE
8
BLACK
6
CONTINUOUS
10
-2.3862767322834646
20
3.3232296456692914
11
-2.3862232283464566
21
3.3232118110236222
0
LINE
8
BLACK
6
CONTINUOUS
10
-2.3862232283464566
20
3.3232118110236222
11
-2.3861022834645667
21
3.3232358661417321
0
LINE
8
BLACK
6
CONTINUOUS
10
-2.3861022834645667
20
3.3232358661417321
11
-2.3795405905511808
21
3.3232358661417321
0
LINE
8
BLACK
6
CONTINUOUS
10
-2.3795405905511808
20
3.3232358661417321
11
-2.3785989370078742
21
3.3230485433070864
0
LINE
8
BLACK
6
CONTINUOUS
10
-2.3875853149606296
20
3.308313307086614
11
-2.3878295275590551
21
3.3080691338582677
0
LINE
8
BLACK
6
CONTINUOUS
10
-2.3878295275590551
20
3.3080691338582677
11
-2.3883285433070864
21
3.3070710236220471
0
LINE
8
BLACK
6
CONTINUOUS
10
-2.3883285433070864
20
3.3070710236220471
11
-2.3883285433070864
21
3.3054205905511811
0
LINE
8
BLACK
6
CONTINUOUS
10
-2.3883285433070864
20
3.3054205905511811
11
-2.3878294881889763
21
3.3044224803149604
0
LINE
8
BLACK
6
CONTINUOUS
10
-2.3878294881889763
20
3.3044224803149604
11
-2.3874568897637793
21
3.3040498818897639
0
LINE
8
BLACK
6
CONTINUOUS
10
-2.3874568897637793
20
3.3040498818897639
11
-2.3864587795275591
21
3.3035508267716533
0
LINE
8
BLACK
6
CONTINUOUS
10
-2.3864587795275591
20
3.3035508267716533
11
-2.382001220472441
21
3.3035508267716533
0
LINE
8
BLACK
6
CONTINUOUS
10
-2.382001220472441
20
3.3035508267716533
11
-2.382001220472441
21
3.3089407874015748
0
LINE
8
BLACK
6
CONTINUOUS
10
-2.382001220472441
20
3.3089407874015748
11
-2.3857029133858267
21
3.3089407874015748
0
LINE
8
BLACK
6
CONTINUOUS
10
-2.3857029133858267
20
3.3089407874015748
11
-2.3875853149606296
21
3.308313307086614
0
LINE
8
BLACK
6
CONTINUOUS
10
-2.3865194488188974
20
3.3178156299212596
11
-2.3868921259842519
21
3.3174429527559055
0
LINE
8
BLACK
6
CONTINUOUS
10
-2.3868921259842519
20
3.3174429527559055
11
-2.387391181102362
21
3.3164448818897636
0
LINE
8
BLACK
6
CONTINUOUS
10
-2.387391181102362
20
3.3164448818897636
11
-2.387391181102362
21
3.315731811023622
0
LINE
8
BLACK
6
CONTINUOUS
10
-2.387391181102362
20
3.315731811023622
11
-2.3868921259842519
21
3.3147337007874014
0
LINE
8
BLACK
6
CONTINUOUS
10
-2.3868921259842519
20
3.3147337007874014
11
-2.3865194881889762
21
3.3143610629921261
0
LINE
8
BLACK
6
CONTINUOUS
10
-2.3865194881889762
20
3.3143610629921261
11
-2.3855214173228347
21
3.3138620472440943
0
LINE
8
BLACK
6
CONTINUOUS
10
-2.3855214173228347
20
3.3138620472440943
11
-2.382001220472441
21
3.3138620472440943
0
LINE
8
BLACK
6
CONTINUOUS
10
-2.382001220472441
20
3.3138620472440943
11
-2.382001220472441
21
3.3183146062992126
0
LINE
8
BLACK
6
CONTINUOUS
10
-2.382001220472441
20
3.3183146062992126
11
-2.3855214566929135
21
3.3183146062992126
0
LINE
8
BLACK
6
CONTINUOUS
10
-2.3855214566929135
20
3.3183146062992126
11
-2.3865194488188974
21
3.3178156299212596
0
LINE
8
BLACK
6
CONTINUOUS
10
-2.3494234645669292
20
3.3232118110236222
11
-2.3493699212598425
21
3.3232296456692914
0
LINE
8
BLACK
6
CONTINUOUS
10
-2.3493699212598425
20
3.3232296456692914
11
-2.3489897637795276
21
3.3231255511811022
0
LINE
8
BLACK
6
CONTINUOUS
10
-2.3489897637795276
20
3.3231255511811022
11
-2.3486027165354328
21
3.3230485433070864
0
LINE
8
BLACK
6
CONTINUOUS
10
-2.3486027165354328
20
3.3230485433070864
11
-2.3485627952755905
21
3.3230086220472441
0
LINE
8
BLACK
6
CONTINUOUS
10
-2.3485627952755905
20
3.3230086220472441
11
-2.348443937007874
21
3.3229760629921259
0
LINE
8
BLACK
6
CONTINUOUS
10
-2.348443937007874
20
3.3229760629921259
11
-2.3465691732283465
21
3.3220386614173227
0
LINE
8
BLACK
6
CONTINUOUS
10
-2.3465691732283465
20
3.3220386614173227
11
-2.3462577165354328
21
3.3217969291338583
0
LINE
8
BLACK
6
CONTINUOUS
10
-2.3462577165354328
20
3.3217969291338583
11
-2.34592968503937
21
3.3215777559055115
0
LINE
8
BLACK
6
CONTINUOUS
10
-2.34592968503937
20
3.3215777559055115
11
-2.3449923228346456
21
3.3206403937007871
0
LINE
8
BLACK
6
CONTINUOUS
10
-2.3449923228346456
20
3.3206403937007871
11
-2.3447731889763781
21
3.3203124015748031
0
LINE
8
BLACK
6
CONTINUOUS
10
-2.3447731889763781
20
3.3203124015748031
11
-2.3445314173228344
21
3.3200009055118112
0
LINE
8
BLACK
6
CONTINUOUS
10
-2.3445314173228344
20
3.3200009055118112
11
-2.3435939763779525
21
3.3181261417322836
0
LINE
8
BLACK
6
CONTINUOUS
10
-2.3435939763779525
20
3.3181261417322836
11
-2.3435227952755904
21
3.3178661417322832
0
LINE
8
BLACK
6
CONTINUOUS
10
-2.3435227952755904
20
3.3178661417322832
11
-2.3434076771653545
21
3.3176224803149608
0
LINE
8
BLACK
6
CONTINUOUS
10
-2.3434076771653545
20
3.3176224803149608
11
-2.3424703149606301
21
3.3138729527559057
0
LINE
8
BLACK
6
CONTINUOUS
10
-2.3424703149606301
20
3.3138729527559057
11
-2.3424556692913385
21
3.3135718503937008
0
LINE
8
BLACK
6
CONTINUOUS
10
-2.3424556692913385
20
3.3135718503937008
11
-2.3423968503937007
21
3.3132761811023621
0
LINE
8
BLACK
6
CONTINUOUS
10
-2.3423968503937007
20
3.3132761811023621
11
-2.3423968503937007
21
3.3085892519685038
0
LINE
8
BLACK
6
CONTINUOUS
10
-2.3423968503937007
20
3.3085892519685038
11
-2.3424556692913385
21
3.3082936220472439
0
LINE
8
BLACK
6
CONTINUOUS
10
-2.3424556692913385
20
3.3082936220472439
11
-2.3424703149606301
21
3.3079924803149607
0
LINE
8
BLACK
6
CONTINUOUS
10
-2.3424703149606301
20
3.3079924803149607
11
-2.3434076771653545
21
3.3042429527559056
0
LINE
8
BLACK
6
CONTINUOUS
10
-2.3434076771653545
20
3.3042429527559056
11
-2.3435227952755904
21
3.3039993307086615
0
LINE
8
BLACK
6
CONTINUOUS
10
-2.3435227952755904
20
3.3039993307086615
11
-2.3435939763779525
21
3.3037392913385828
0
LINE
8
BLACK
6
CONTINUOUS
10
-2.3435939763779525
20
3.3037392913385828
11
-2.3445314173228344
21
3.3018645275590552
0
LINE
8
BLACK
6
CONTINUOUS
10
-2.3445314173228344
20
3.3018645275590552
11
-2.3447731102362206
21
3.3015531889763778
0
LINE
8
BLACK
6
CONTINUOUS
10
-2.3447731102362206
20
3.3015531889763778
11
-2.3449922834645669
21
3.3012250787401576
0
LINE
8
BLACK
6
CONTINUOUS
10
-2.3449922834645669
20
3.3012250787401576
11
-2.3459296456692913
21
3.3002876771653544
0
LINE
8
BLACK
6
CONTINUOUS
10
-2.3459296456692913
20
3.3002876771653544
11
-2.3462576377952757
21
3.3000685433070864
0
LINE
8
BLACK
6
CONTINUOUS
10
-2.3462576377952757
20
3.3000685433070864
11
-2.3465692125984252
21
3.2998266929133857
0
LINE
8
BLACK
6
CONTINUOUS
10
-2.3465692125984252
20
3.2998266929133857
11
-2.3484439763779528
21
3.2988893307086613
0
LINE
8
BLACK
6
CONTINUOUS
10
-2.3484439763779528
20
3.2988893307086613
11
-2.3485628346456693
21
3.2988568110236218
0
LINE
8
BLACK
6
CONTINUOUS
10
-2.3485628346456693
20
3.2988568110236218
11
-2.3486027165354328
21
3.2988168897637795
0
LINE
8
BLACK
6
CONTINUOUS
10
-2.3486027165354328
20
3.2988168897637795
11
-2.3489894094488188
21
3.29874
0
LINE
8
BLACK
6
CONTINUOUS
10
-2.3489894094488188
20
3.29874
11
-2.3493699606299212
21
3.2986357480314958
0
LINE
8
BLACK
6
CONTINUOUS
10
-2.3493699606299212
20
3.2986357480314958
11
-2.3494235433070867
21
3.2986536220472442
0
LINE
8
BLACK
6
CONTINUOUS
10
-2.3494235433070867
20
3.2986536220472442
11
-2.34954437007874
21
3.2986295669291339
0
LINE
8
BLACK
6
CONTINUOUS
10
-2.34954437007874
20
3.2986295669291339
11
-2.3514191338582675
21
3.2986295669291339
0
LINE
8
BLACK
6
CONTINUOUS
10
-2.3514191338582675
20
3.2986295669291339
11
-2.3515400787401575
21
3.2986536220472442
0
LINE
8
BLACK
6
CONTINUOUS
10
-2.3515400787401575
20
3.2986536220472442
11
-2.3515935433070867
21
3.2986357874015746
0
LINE
8
BLACK
6
CONTINUOUS
10
-2.3515935433070867
20
3.2986357874015746
11
-2.3519738976377953
21
3.2987399606299213
0
LINE
8
BLACK
6
CONTINUOUS
10
-2.3519738976377953
20
3.2987399606299213
11
-2.3523607874015746
21
3.2988168897637795
0
LINE
8
BLACK
6
CONTINUOUS
10
-2.3523607874015746
20
3.2988168897637795
11
-2.3524007086614174
21
3.2988568110236218
0
LINE
8
BLACK
6
CONTINUOUS
10
-2.3524007086614174
20
3.2988568110236218
11
-2.3525195669291339
21
3.2988893307086613
0
LINE
8
BLACK
6
CONTINUOUS
10
-2.3525195669291339
20
3.2988893307086613
11
-2.3543942913385827
21
3.2998266929133857
0
LINE
8
BLACK
6
CONTINUOUS
10
-2.3543942913385827
20
3.2998266929133857
11
-2.3547060236220472
21
3.3000686220472439
0
LINE
8
BLACK
6
CONTINUOUS
10
-2.3547060236220472
20
3.3000686220472439
11
-2.3550338188976379
21
3.3002876377952757
0
LINE
8
BLACK
6
CONTINUOUS
10
-2.3550338188976379
20
3.3002876377952757
11
-2.355971220472441
21
3.3012250393700788
0
LINE
8
BLACK
6
CONTINUOUS
10
-2.355971220472441
20
3.3012250393700788
11
-2.3561903149606298
21
3.3015529527559053
0
LINE
8
BLACK
6
CONTINUOUS
10
-2.3561903149606298
20
3.3015529527559053
11
-2.3564321653543305
21
3.301864566929134
0
LINE
8
BLACK
6
CONTINUOUS
10
-2.3564321653543305
20
3.301864566929134
11
-2.3573695275590549
21
3.3037393307086615
0
LINE
8
BLACK
6
CONTINUOUS
10
-2.3573695275590549
20
3.3037393307086615
11
-2.3574407086614171
21
3.303999251968504
0
LINE
8
BLACK
6
CONTINUOUS
10
-2.3574407086614171
20
3.303999251968504
11
-2.3575558267716534
21
3.3042429133858269
0
LINE
8
BLACK
6
CONTINUOUS
10
-2.3575558267716534
20
3.3042429133858269
11
-2.3584932283464566
21
3.307992440944882
0
LINE
8
BLACK
6
CONTINUOUS
10
-2.3584932283464566
20
3.307992440944882
11
-2.3585079133858269
21
3.3082936220472439
0
LINE
8
BLACK
6
CONTINUOUS
10
-2.3585079133858269
20
3.3082936220472439
11
-2.3585666929133859
21
3.3085892519685038
0
LINE
8
BLACK
6
CONTINUOUS
10
-2.3585666929133859
20
3.3085892519685038
11
-2.3585666929133859
21
3.3132761811023621
0
LINE
8
BLACK
6
CONTINUOUS
10
-2.3585666929133859
20
3.3132761811023621
11
-2.3585079133858269
21
3.3135718503937008
0
LINE
8
BLACK
6
CONTINUOUS
10
-2.3585079133858269
20
3.3135718503937008
11
-2.3584932283464566
21
3.313872992125984
0
LINE
8
BLACK
6
CONTINUOUS
10
-2.3584932283464566
20
3.313872992125984
11
-2.3575558267716534
21
3.3176225196850391
0
LINE
8
BLACK
6
CONTINUOUS
10
-2.3575558267716534
20
3.3176225196850391
11
-2.3574407086614171
21
3.3178662204724407
0
LINE
8
BLACK
6
CONTINUOUS
10
-2.3574407086614171
20
3.3178662204724407
11
-2.3573695275590549
21
3.3181261023622048
0
LINE
8
BLACK
6
CONTINUOUS
10
-2.3573695275590549
20
3.3181261023622048
11
-2.3564321653543305
21
3.3200008661417324
0
LINE
8
BLACK
6
CONTINUOUS
10
-2.3564321653543305
20
3.3200008661417324
11
-2.3561903543307086
21
3.3203124803149606
0
LINE
8
BLACK
6
CONTINUOUS
10
-2.3561903543307086
20
3.3203124803149606
11
-2.3559711811023623
21
3.3206404330708659
0
LINE
8
BLACK
6
CONTINUOUS
10
-2.3559711811023623
20
3.3206404330708659
11
-2.3550337795275591
21
3.3215777952755903
0
LINE
8
BLACK
6
CONTINUOUS
10
-2.3550337795275591
20
3.3215777952755903
11
-2.3547057086614172
21
3.3217970078740158
0
LINE
8
BLACK
6
CONTINUOUS
10
-2.3547057086614172
20
3.3217970078740158
11
-2.3543943307086614
21
3.3220386614173227
0
LINE
8
BLACK
6
CONTINUOUS
10
-2.3543943307086614
20
3.3220386614173227
11
-2.3525195669291339
21
3.3229761023622046
0
LINE
8
BLACK
6
CONTINUOUS
10
-2.3525195669291339
20
3.3229761023622046
11
-2.3524007086614174
21
3.3230086614173229
0
LINE
8
BLACK
6
CONTINUOUS
10
-2.3524007086614174
20
3.3230086614173229
11
-2.3523607874015746
21
3.3230485433070864
0
LINE
8
BLACK
6
CONTINUOUS
10
-2.3523607874015746
20
3.3230485433070864
11
-2.3519739763779528
21
3.3231255118110234
0
LINE
8
BLACK
6
CONTINUOUS
10
-2.3519739763779528
20
3.3231255118110234
11
-2.3515935826771655
21
3.3232296456692914
0
LINE
8
BLACK
6
CONTINUOUS
10
-2.3515935826771655
20
3.3232296456692914
11
-2.3515400787401575
21
3.3232118110236222
0
LINE
8
BLACK
6
CONTINUOUS
10
-2.3515400787401575
20
3.3232118110236222
11
-2.3514191338582675
21
3.3232358661417321
0
LINE
8
BLACK
6
CONTINUOUS
10
-2.3514191338582675
20
3.3232358661417321
11
-2.34954437007874
21
3.3232358661417321
0
LINE
8
BLACK
6
CONTINUOUS
10
-2.34954437007874
20
3.3232358661417321
11
-2.3494234645669292
21
3.3232118110236222
0
LINE
8
BLACK
6
CONTINUOUS
10
-2.351836338582677
20
3.3178155905511812
11
-2.3522090157480315
21
3.3174429527559055
0
LINE
8
BLACK
6
CONTINUOUS
10
-2.3522090157480315
20
3.3174429527559055
11
-2.3528470078740158
21
3.3161669291338582
0
LINE
8
BLACK
6
CONTINUOUS
10
-2.3528470078740158
20
3.3161669291338582
11
-2.353645433070866
21
3.3129732283464568
0
LINE
8
BLACK
6
CONTINUOUS
10
-2.353645433070866
20
3.3129732283464568
11
-2.353645433070866
21
3.3088922440944879
0
LINE
8
BLACK
6
CONTINUOUS
10
-2.353645433070866
20
3.3088922440944879
11
-2.3528470078740158
21
3.3056985433070865
0
LINE
8
BLACK
6
CONTINUOUS
10
-2.3528470078740158
20
3.3056985433070865
11
-2.3522089763779528
21
3.3044224803149604
0
LINE
8
BLACK
6
CONTINUOUS
10
-2.3522089763779528
20
3.3044224803149604
11
-2.3518363779527558
21
3.3040498818897639
0
LINE
8
BLACK
6
CONTINUOUS
10
-2.3518363779527558
20
3.3040498818897639
11
-2.3508382677165356
21
3.3035508267716533
0
LINE
8
BLACK
6
CONTINUOUS
10
-2.3508382677165356
20
3.3035508267716533
11
-2.3501252362204723
21
3.3035508267716533
0
LINE
8
BLACK
6
CONTINUOUS
10
-2.3501252362204723
20
3.3035508267716533
11
-2.3491271653543309
21
3.3040498818897639
0
LINE
8
BLACK
6
CONTINUOUS
10
-2.3491271653543309
20
3.3040498818897639
11
-2.3487545275590551
21
3.3044225590551179
0
LINE
8
BLACK
6
CONTINUOUS
10
-2.3487545275590551
20
3.3044225590551179
11
-2.3481165354330709
21
3.3056985039370077
0
LINE
8
BLACK
6
CONTINUOUS
10
-2.3481165354330709
20
3.3056985039370077
11
-2.3473181102362206
21
3.3088921653543308
0
LINE
8
BLACK
6
CONTINUOUS
10
-2.3473181102362206
20
3.3088921653543308
11
-2.3473181102362206
21
3.3129733070866143
0
LINE
8
BLACK
6
CONTINUOUS
10
-2.3473181102362206
20
3.3129733070866143
11
-2.3481165354330709
21
3.316166968503937
0
LINE
8
BLACK
6
CONTINUOUS
10
-2.3481165354330709
20
3.316166968503937
11
-2.3487544881889764
21
3.317442874015748
0
LINE
8
BLACK
6
CONTINUOUS
10
-2.3487544881889764
20
3.317442874015748
11
-2.3491271653543309
21
3.3178155511811025
0
LINE
8
BLACK
6
CONTINUOUS
10
-2.3491271653543309
20
3.3178155511811025
11
-2.3501252362204723
21
3.3183146062992126
0
LINE
8
BLACK
6
CONTINUOUS
10
-2.3501252362204723
20
3.3183146062992126
11
-2.3508383070866139
21
3.3183146062992126
0
LINE
8
BLACK
6
CONTINUOUS
10
-2.3508383070866139
20
3.3183146062992126
11
-2.351836338582677
21
3.3178155905511812
0
LINE
8
BLACK
6
CONTINUOUS
10
-2.3288010236220473
20
3.3232118110236222
11
-2.3287474803149606
21
3.3232296456692914
0
LINE
8
BLACK
6
CONTINUOUS
10
-2.3287474803149606
20
3.3232296456692914
11
-2.3283673228346458
21
3.3231255511811022
0
LINE
8
BLACK
6
CONTINUOUS
10
-2.3283673228346458
20
3.3231255511811022
11
-2.327980275590551
21
3.3230485433070864
0
LINE
8
BLACK
6
CONTINUOUS
10
-2.327980275590551
20
3.3230485433070864
11
-2.3279403543307087
21
3.3230086220472441
0
LINE
8
BLACK
6
CONTINUOUS
10
-2.3279403543307087
20
3.3230086220472441
11
-2.3278214960629922
21
3.3229760629921259
0
LINE
8
BLACK
6
CONTINUOUS
10
-2.3278214960629922
20
3.3229760629921259
11
-2.3259467322834646
21
3.3220386614173227
0
LINE
8
BLACK
6
CONTINUOUS
10
-2.3259467322834646
20
3.3220386614173227
11
-2.3256352755905509
21
3.3217969291338583
0
LINE
8
BLACK
6
CONTINUOUS
10
-2.3256352755905509
20
3.3217969291338583
11
-2.3253072440944882
21
3.3215777559055115
0
LINE
8
BLACK
6
CONTINUOUS
10
-2.3253072440944882
20
3.3215777559055115
11
-2.3234324803149606
21
3.319702992125984
0
LINE
8
BLACK
6
CONTINUOUS
10
-2.3234324803149606
20
3.319702992125984
11
-2.3232844488188977
21
3.3194814173228346
0
LINE
8
BLACK
6
CONTINUOUS
10
-2.3232844488188977
20
3.3194814173228346
11
-2.3231953543307085
21
3.3194279527559054
0
LINE
8
BLACK
6
CONTINUOUS
10
-2.3231953543307085
20
3.3194279527559054
11
-2.3230665748031494
21
3.3191553543307086
0
LINE
8
BLACK
6
CONTINUOUS
10
-2.3230665748031494
20
3.3191553543307086
11
-2.3228990944881889
21
3.31890468503937
0
LINE
8
BLACK
6
CONTINUOUS
10
-2.3228990944881889
20
3.31890468503937
11
-2.3228990944881889
21
3.3188008661417321
0
LINE
8
BLACK
6
CONTINUOUS
10
-2.3228990944881889
20
3.3188008661417321
11
-2.3227852362204722
21
3.3185598425196852
0
LINE
8
BLACK
6
CONTINUOUS
10
-2.3227852362204722
20
3.3185598425196852
11
-2.3218478740157478
21
3.3148103149606301
0
LINE
8
BLACK
6
CONTINUOUS
10
-2.3218478740157478
20
3.3148103149606301
11
-2.3218332283464567
21
3.3145092125984252
0
LINE
8
BLACK
6
CONTINUOUS
10
-2.3218332283464567
20
3.3145092125984252
11
-2.3217744094488189
21
3.3142135433070865
0
LINE
8
BLACK
6
CONTINUOUS
10
-2.3217744094488189
20
3.3142135433070865
11
-2.3217744094488189
21
3.3076518897637794
0
LINE
8
BLACK
6
CONTINUOUS
10
-2.3217744094488189
20
3.3076518897637794
11
-2.3218332283464567
21
3.3073562598425195
0
LINE
8
BLACK
6
CONTINUOUS
10
-2.3218332283464567
20
3.3073562598425195
11
-2.3218478740157478
21
3.3070551181102363
0
LINE
8
BLACK
6
CONTINUOUS
10
-2.3218478740157478
20
3.3070551181102363
11
-2.3227852362204722
21
3.3033055905511812
0
LINE
8
BLACK
6
CONTINUOUS
10
-2.3227852362204722
20
3.3033055905511812
11
-2.3228990944881889
21
3.3030646062992126
0
LINE
8
BLACK
6
CONTINUOUS
10
-2.3228990944881889
20
3.3030646062992126
11
-2.3228990944881889
21
3.302960748031496
0
LINE
8
BLACK
6
CONTINUOUS
10
-2.3228990944881889
20
3.302960748031496
11
-2.3230666141732281
21
3.3027100787401573
0
LINE
8
BLACK
6
CONTINUOUS
10
-2.3230666141732281
20
3.3027100787401573
11
-2.3231953543307085
21
3.3024374803149605
0
LINE
8
BLACK
6
CONTINUOUS
10
-2.3231953543307085
20
3.3024374803149605
11
-2.323284409448819
21
3.3023840944881888
0
LINE
8
BLACK
6
CONTINUOUS
10
-2.323284409448819
20
3.3023840944881888
11
-2.3234324409448819
21
3.302162440944882
0
LINE
8
BLACK
6
CONTINUOUS
10
-2.3234324409448819
20
3.302162440944882
11
-2.3253072047244094
21
3.3002876377952757
0
LINE
8
BLACK
6
CONTINUOUS
10
-2.3253072047244094
20
3.3002876377952757
11
-2.325635433070866
21
3.3000683858267714
0
LINE
8
BLACK
6
CONTINUOUS
10
-2.325635433070866
20
3.3000683858267714
11
-2.3259467716535434
21
3.2998266929133857
0
LINE
8
BLACK
6
CONTINUOUS
10
-2.3259467716535434
20
3.2998266929133857
11
-2.3278215354330709
21
3.2988893307086613
0
LINE
8
BLACK
6
CONTINUOUS
10
-2.3278215354330709
20
3.2988893307086613
11
-2.3279403937007874
21
3.2988568110236218
0
LINE
8
BLACK
6
CONTINUOUS
10
-2.3279403937007874
20
3.2988568110236218
11
-2.327980275590551
21
3.2988168897637795
0
LINE
8
BLACK
6
CONTINUOUS
10
-2.327980275590551
20
3.2988168897637795
11
-2.328366968503937
21
3.29874
0
LINE
8
BLACK
6
CONTINUOUS
10
-2.328366968503937
20
3.29874
11
-2.3287475196850393
21
3.2986357480314958
0
LINE
8
BLACK
6
CONTINUOUS
10
-2.3287475196850393
20
3.2986357480314958
11
-2.3288011023622048
21
3.2986536220472442
0
LINE
8
BLACK
6
CONTINUOUS
10
-2.3288011023622048
20
3.2986536220472442
11
-2.3289219291338581
21
3.2986295669291339
0
LINE
8
BLACK
6
CONTINUOUS
10
-2.3289219291338581
20
3.2986295669291339
11
-2.3326714566929132
21
3.2986295669291339
0
LINE
8
BLACK
6
CONTINUOUS
10
-2.3326714566929132
20
3.2986295669291339
11
-2.3327924015748032
21
3.2986536220472442
0
LINE
8
BLACK
6
CONTINUOUS
10
-2.3327924015748032
20
3.2986536220472442
11
-2.3328458661417324
21
3.2986357874015746
0
LINE
8
BLACK
6
CONTINUOUS
10
-2.3328458661417324
20
3.2986357874015746
11
-2.333226220472441
21
3.2987399606299213
0
LINE
8
BLACK
6
CONTINUOUS
10
-2.333226220472441
20
3.2987399606299213
11
-2.3336131102362203
21
3.2988168897637795
0
LINE
8
BLACK
6
CONTINUOUS
10
-2.3336131102362203
20
3.2988168897637795
11
-2.3336530314960631
21
3.2988568110236218
0
LINE
8
BLACK
6
CONTINUOUS
10
-2.3336530314960631
20
3.2988568110236218
11
-2.3337718897637796
21
3.2988893307086613
0
LINE
8
BLACK
6
CONTINUOUS
10
-2.3337718897637796
20
3.2988893307086613
11
-2.3356466141732284
21
3.2998266929133857
0
LINE
8
BLACK
6
CONTINUOUS
10
-2.3356466141732284
20
3.2998266929133857
11
-2.3359581102362204
21
3.3000684645669289
0
LINE
8
BLACK
6
CONTINUOUS
10
-2.3359581102362204
20
3.3000684645669289
11
-2.3362861811023623
21
3.3002876377952757
0
LINE
8
BLACK
6
CONTINUOUS
10
-2.3362861811023623
20
3.3002876377952757
11
-2.3381609448818899
21
3.302162440944882
0
LINE
8
BLACK
6
CONTINUOUS
10
-2.3381609448818899
20
3.302162440944882
11
-2.3383090551181103
21
3.3023840944881888
0
LINE
8
BLACK
6
CONTINUOUS
10
-2.3383090551181103
20
3.3023840944881888
11
-2.3383980314960628
21
3.3024374803149605
0
LINE
8
BLACK
6
CONTINUOUS
10
-2.3383980314960628
20
3.3024374803149605
11
-2.3385267716535432
21
3.3027099606299211
0
LINE
8
BLACK
6
CONTINUOUS
10
-2.3385267716535432
20
3.3027099606299211
11
-2.3386943307086612
21
3.302960748031496
0
LINE
8
BLACK
6
CONTINUOUS
10
-2.3386943307086612
20
3.302960748031496
11
-2.3386943307086612
21
3.3030646456692914
0
LINE
8
BLACK
6
CONTINUOUS
10
-2.3386943307086612
20
3.3030646456692914
11
-2.3388081496062991
21
3.3033055511811025
0
LINE
8
BLACK
6
CONTINUOUS
10
-2.3388081496062991
20
3.3033055511811025
11
-2.3397455511811023
21
3.3070550787401576
0
LINE
8
BLACK
6
CONTINUOUS
10
-2.3397455511811023
20
3.3070550787401576
11
-2.3397602362204726
21
3.3073562598425195
0
LINE
8
BLACK
6
CONTINUOUS
10
-2.3397602362204726
20
3.3073562598425195
11
-2.3398190157480316
21
3.3076518897637794
0
LINE
8
BLACK
6
CONTINUOUS
10
-2.3398190157480316
20
3.3076518897637794
11
-2.3398190157480316
21
3.3142135433070865
0
LINE
8
BLACK
6
CONTINUOUS
10
-2.3398190157480316
20
3.3142135433070865
11
-2.3397602362204726
21
3.3145092125984252
0
LINE
8
BLACK
6
CONTINUOUS
10
-2.3397602362204726
20
3.3145092125984252
11
-2.3397455511811023
21
3.3148103543307084
0
LINE
8
BLACK
6
CONTINUOUS
10
-2.3397455511811023
20
3.3148103543307084
11
-2.3388081496062991
21
3.3185598818897639
0
LINE
8
BLACK
6
CONTINUOUS
10
-2.3388081496062991
20
3.3185598818897639
11
-2.3386942913385824
21
3.3188009055118108
0
LINE
8
BLACK
6
CONTINUOUS
10
-2.3386942913385824
20
3.3188009055118108
11
-2.3386942913385824
21
3.31890468503937
0
LINE
8
BLACK
6
CONTINUOUS
10
-2.3386942913385824
20
3.31890468503937
11
-2.3385268503937007
21
3.3191553149606299
0
LINE
8
BLACK
6
CONTINUOUS
10
-2.3385268503937007
20
3.3191553149606299
11
-2.3383980314960628
21
3.3194279527559054
0
LINE
8
BLACK
6
CONTINUOUS
10
-2.3383980314960628
20
3.3194279527559054
11
-2.3383089763779528
21
3.3194814173228346
0
LINE
8
BLACK
6
CONTINUOUS
10
-2.3383089763779528
20
3.3194814173228346
11
-2.3381609055118111
21
3.319702992125984
0
LINE
8
BLACK
6
CONTINUOUS
10
-2.3381609055118111
20
3.319702992125984
11
-2.3362861417322835
21
3.3215777559055115
0
LINE
8
BLACK
6
CONTINUOUS
10
-2.3362861417322835
20
3.3215777559055115
11
-2.3359581496062991
21
3.3217969291338583
0
LINE
8
BLACK
6
CONTINUOUS
10
-2.3359581496062991
20
3.3217969291338583
11
-2.3356466535433071
21
3.3220386614173227
0
LINE
8
BLACK
6
CONTINUOUS
10
-2.3356466535433071
20
3.3220386614173227
11
-2.3337718897637796
21
3.3229761023622046
0
LINE
8
BLACK
6
CONTINUOUS
10
-2.3337718897637796
20
3.3229761023622046
11
-2.3336530314960631
21
3.3230086614173229
0
LINE
8
BLACK
6
CONTINUOUS
10
-2.3336530314960631
20
3.3230086614173229
11
-2.3336131102362203
21
3.3230485433070864
0
LINE
8
BLACK
6
CONTINUOUS
10
-2.3336131102362203
20
3.3230485433070864
11
-2.3332262992125985
21
3.3231255118110234
0
LINE
8
BLACK
6
CONTINUOUS
10
-2.3332262992125985
20
3.3231255118110234
11
-2.3328459055118111
21
3.3232296456692914
0
LINE
8
BLACK
6
CONTINUOUS
10
-2.3328459055118111
20
3.3232296456692914
11
-2.3327924015748032
21
3.3232118110236222
0
LINE
8
BLACK
6
CONTINUOUS
10
-2.3327924015748032
20
3.3232118110236222
11
-2.3326714566929132
21
3.3232358661417321
0
LINE
8
BLACK
6
CONTINUOUS
10
-2.3326714566929132
20
3.3232358661417321
11
-2.3289219291338581
21
3.3232358661417321
0
LINE
8
BLACK
6
CONTINUOUS
10
-2.3289219291338581
20
3.3232358661417321
11
-2.3288010236220473
21
3.3232118110236222
0
LINE
8
BLACK
6
CONTINUOUS
10
-2.333088622047244
20
3.3178156299212596
11
-2.3341991338582675
21
3.3167051181102361
0
LINE
8
BLACK
6
CONTINUOUS
10
-2.3341991338582675
20
3.3167051181102361
11
-2.3348977559055117
21
3.3139105905511812
0
LINE
8
BLACK
6
CONTINUOUS
10
-2.3348977559055117
20
3.3139105905511812
11
-2.3348977559055117
21
3.3079548818897635
0
LINE
8
BLACK
6
CONTINUOUS
10
-2.3348977559055117
20
3.3079548818897635
11
-2.3341991338582675
21
3.3051603937007874
0
LINE
8
BLACK
6
CONTINUOUS
10
-2.3341991338582675
20
3.3051603937007874
11
-2.3330885826771652
21
3.3040498425196851
0
LINE
8
BLACK
6
CONTINUOUS
10
-2.3330885826771652
20
3.3040498425196851
11
-2.3320905905511808
21
3.3035508267716533
0
LINE
8
BLACK
6
CONTINUOUS
10
-2.3320905905511808
20
3.3035508267716533
11
-2.3295027952755905
21
3.3035508267716533
0
LINE
8
BLACK
6
CONTINUOUS
10
-2.3295027952755905
20
3.3035508267716533
11
-2.3285048031496061
21
3.3040498425196851
0
LINE
8
BLACK
6
CONTINUOUS
10
-2.3285048031496061
20
3.3040498425196851
11
-2.3273942913385826
21
3.3051603937007874
0
LINE
8
BLACK
6
CONTINUOUS
10
-2.3273942913385826
20
3.3051603937007874
11
-2.3266956692913383
21
3.3079548031496064
0
LINE
8
BLACK
6
CONTINUOUS
10
-2.3266956692913383
20
3.3079548031496064
11
-2.3266956692913383
21
3.3139106692913387
0
LINE
8
BLACK
6
CONTINUOUS
10
-2.3266956692913383
20
3.3139106692913387
11
-2.3273942913385826
21
3.3167051181102361
0
LINE
8
BLACK
6
CONTINUOUS
10
-2.3273942913385826
20
3.3167051181102361
11
-2.3285047244094486
21
3.3178155511811025
0
LINE
8
BLACK
6
CONTINUOUS
10
-2.3285047244094486
20
3.3178155511811025
11
-2.3295027952755905
21
3.3183146062992126
0
LINE
8
BLACK
6
CONTINUOUS
10
-2.3295027952755905
20
3.3183146062992126
11
-2.3320906299212596
21
3.3183146062992126
0
LINE
8
BLACK
6
CONTINUOUS
10
-2.3320906299212596
20
3.3183146062992126
11
-2.333088622047244
21
3.3178156299212596
0
LINE
8
BLACK
6
CONTINUOUS
10
-2.2816660629921262
20
3.3231589370078738
11
-2.2812746456692912
21
3.3231096062992127
0
LINE
8
BLACK
6
CONTINUOUS
10
-2.2812746456692912
20
3.3231096062992127
11
-2.2784625196850392
21
3.3221722047244095
0
LINE
8
BLACK
6
CONTINUOUS
10
-2.2784625196850392
20
3.3221722047244095
11
-2.2783553937007874
21
3.3221111417322833
0
LINE
8
BLACK
6
CONTINUOUS
10
-2.2783553937007874
20
3.3221111417322833
11
-2.2782990551181102
21
3.3221111417322833
0
LINE
8
BLACK
6
CONTINUOUS
10
-2.2782990551181102
20
3.3221111417322833
11
-2.2779714173228345
21
3.3218922440944882
0
LINE
8
BLACK
6
CONTINUOUS
10
-2.2779714173228345
20
3.3218922440944882
11
-2.2776284251968502
21
3.3216966929133855
0
LINE
8
BLACK
6
CONTINUOUS
10
-2.2776284251968502
20
3.3216966929133855
11
-2.2776031889763777
21
3.3216462204724411
0
LINE
8
BLACK
6
CONTINUOUS
10
-2.2776031889763777
20
3.3216462204724411
11
-2.2775007480314962
21
3.3215777559055115
0
LINE
8
BLACK
6
CONTINUOUS
10
-2.2775007480314962
20
3.3215777559055115
11
-2.2756259842519686
21
3.319702992125984
0
LINE
8
BLACK
6
CONTINUOUS
10
-2.2756259842519686
20
3.319702992125984
11
-2.2754068503937006
21
3.319375
0
LINE
8
BLACK
6
CONTINUOUS
10
-2.2754068503937006
20
3.319375
11
-2.2751650787401574
21
3.319063503937008
0
LINE
8
BLACK
6
CONTINUOUS
10
-2.2751650787401574
20
3.319063503937008
11
-2.2742276377952755
21
3.3171887401574804
0
LINE
8
BLACK
6
CONTINUOUS
10
-2.2742276377952755
20
3.3171887401574804
11
-2.2741564566929133
21
3.3169287401574801
0
LINE
8
BLACK
6
CONTINUOUS
10
-2.2741564566929133
20
3.3169287401574801
11
-2.274041338582677
21
3.3166850787401576
0
LINE
8
BLACK
6
CONTINUOUS
10
-2.274041338582677
20
3.3166850787401576
11
-2.2731039763779526
21
3.3129355511811025
0
LINE
8
BLACK
6
CONTINUOUS
10
-2.2731039763779526
20
3.3129355511811025
11
-2.2730893307086615
21
3.3126344488188977
0
LINE
8
BLACK
6
CONTINUOUS
10
-2.2730893307086615
20
3.3126344488188977
11
-2.2730305118110237
21
3.312338779527559
0
LINE
8
BLACK
6
CONTINUOUS
10
-2.2730305118110237
20
3.312338779527559
11
-2.2730305118110237
21
3.309526653543307
0
LINE
8
BLACK
6
CONTINUOUS
10
-2.2730305118110237
20
3.309526653543307
11
-2.2730893307086615
21
3.309231023622047
0
LINE
8
BLACK
6
CONTINUOUS
10
-2.2730893307086615
20
3.309231023622047
11
-2.2731039763779526
21
3.3089298818897639
0
LINE
8
BLACK
6
CONTINUOUS
10
-2.2731039763779526
20
3.3089298818897639
11
-2.274041338582677
21
3.3051803543307088
0
LINE
8
BLACK
6
CONTINUOUS
10
-2.274041338582677
20
3.3051803543307088
11
-2.2741564566929133
21
3.3049367322834646
0
LINE
8
BLACK
6
CONTINUOUS
10
-2.2741564566929133
20
3.3049367322834646
11
-2.2742276377952755
21
3.3046766929133859
0
LINE
8
BLACK
6
CONTINUOUS
10
-2.2742276377952755
20
3.3046766929133859
11
-2.2751650787401574
21
3.3028019291338584
0
LINE
8
BLACK
6
CONTINUOUS
10
-2.2751650787401574
20
3.3028019291338584
11
-2.2754066929133856
21
3.3024906692913385
0
LINE
8
BLACK
6
CONTINUOUS
10
-2.2754066929133856
20
3.3024906692913385
11
-2.2756259448818899
21
3.302162440944882
0
LINE
8
BLACK
6
CONTINUOUS
10
-2.2756259448818899
20
3.302162440944882
11
-2.2775007086614174
21
3.3002876377952757
0
LINE
8
BLACK
6
CONTINUOUS
10
-2.2775007086614174
20
3.3002876377952757
11
-2.2776032677165352
21
3.3002191338582678
0
LINE
8
BLACK
6
CONTINUOUS
10
-2.2776032677165352
20
3.3002191338582678
11
-2.2776284645669289
21
3.3001687007874017
0
LINE
8
BLACK
6
CONTINUOUS
10
-2.2776284645669289
20
3.3001687007874017
11
-2.2779709448818899
21
3.2999735039370077
0
LINE
8
BLACK
6
CONTINUOUS
10
-2.2779709448818899
20
3.2999735039370077
11
-2.2782990157480314
21
3.2997542519685039
0
LINE
8
BLACK
6
CONTINUOUS
10
-2.2782990157480314
20
3.2997542519685039
11
-2.2783554724409449
21
3.2997542519685039
0
LINE
8
BLACK
6
CONTINUOUS
10
-2.2783554724409449
20
3.2997542519685039
11
-2.278462559055118
21
3.2996931889763781
0
LINE
8
BLACK
6
CONTINUOUS
10
-2.278462559055118
20
3.2996931889763781
11
-2.2812746850393699
21
3.2987558267716537
0
LINE
8
BLACK
6
CONTINUOUS
10
-2.2812746850393699
20
3.2987558267716537
11
-2.2816659842519686
21
3.2987065354330709
0
LINE
8
BLACK
6
CONTINUOUS
10
-2.2816659842519686
20
3.2987065354330709
11
-2.2820527952755905
21
3.2986295669291339
0
LINE
8
BLACK
6
CONTINUOUS
10
-2.2820527952755905
20
3.2986295669291339
11
-2.283927559055118
21
3.2986295669291339
0
LINE
8
BLACK
6
CONTINUOUS
10
-2.283927559055118
20
3.2986295669291339
11
-2.284314251968504
21
3.2987064960629922
0
LINE
8
BLACK
6
CONTINUOUS
10
-2.284314251968504
20
3.2987064960629922
11
-2.2847056299212598
21
3.2987558267716537
0
LINE
8
BLACK
6
CONTINUOUS
10
-2.2847056299212598
20
3.2987558267716537
11
-2.2875178346456693
21
3.2996931889763781
0
LINE
8
BLACK
6
CONTINUOUS
10
-2.2875178346456693
20
3.2996931889763781
11
-2.287624960629921
21
3.2997542519685039
0
LINE
8
BLACK
6
CONTINUOUS
10
-2.287624960629921
20
3.2997542519685039
11
-2.2876813779527558
21
3.2997542519685039
0
LINE
8
BLACK
6
CONTINUOUS
10
-2.2876813779527558
20
3.2997542519685039
11
-2.288009094488189
21
3.2999732283464565
0
LINE
8
BLACK
6
CONTINUOUS
10
-2.288009094488189
20
3.2999732283464565
11
-2.2883519291338583
21
3.3001686614173229
0
LINE
8
BLACK
6
CONTINUOUS
10
-2.2883519291338583
20
3.3001686614173229
11
-2.2883772047244095
21
3.3002192125984253
0
LINE
8
BLACK
6
CONTINUOUS
10
-2.2883772047244095
20
3.3002192125984253
11
-2.2884796850393698
21
3.3002876771653544
0
LINE
8
BLACK
6
CONTINUOUS
10
-2.2884796850393698
20
3.3002876771653544
11
-2.2894170472440942
21
3.3012250787401576
0
LINE
8
BLACK
6
CONTINUOUS
10
-2.2894170472440942
20
3.3012250787401576
11
-2.289950433070866
21
3.3020233858267716
0
LINE
8
BLACK
6
CONTINUOUS
10
-2.289950433070866
20
3.3020233858267716
11
-2.289950433070866
21
3.3020235433070866
0
LINE
8
BLACK
6
CONTINUOUS
10
-2.289950433070866
20
3.3020235433070866
11
-2.2901377165354329
21
3.3029649606299212
0
LINE
8
BLACK
6
CONTINUOUS
10
-2.2901377165354329
20
3.3029649606299212
11
-2.2901377165354329
21
3.309526653543307
0
LINE
8
BLACK
6
CONTINUOUS
10
-2.2901377165354329
20
3.309526653543307
11
-2.2899503937007872
21
3.3104683070866141
0
LINE
8
BLACK
6
CONTINUOUS
10
-2.2899503937007872
20
3.3104683070866141
11
-2.2886187401574802
21
3.3117999606299211
0
LINE
8
BLACK
6
CONTINUOUS
10
-2.2886187401574802
20
3.3117999606299211
11
-2.2876770866141731
21
3.3119872834645667
0
LINE
8
BLACK
6
CONTINUOUS
10
-2.2876770866141731
20
3.3119872834645667
11
-2.283927559055118
21
3.3119872834645667
0
LINE
8
BLACK
6
CONTINUOUS
10
-2.283927559055118
20
3.3119872834645667
11
-2.2829859055118109
21
3.3117999606299211
0
LINE
8
BLACK
6
CONTINUOUS
10
-2.2829859055118109
20
3.3117999606299211
11
-2.2816542519685039
21
3.3104683070866141
0
LINE
8
BLACK
6
CONTINUOUS
10
-2.2816542519685039
20
3.3104683070866141
11
-2.2816542519685039
21
3.3085849999999999
0
LINE
8
BLACK
6
CONTINUOUS
10
-2.2816542519685039
20
3.3085849999999999
11
-2.2829859055118109
21
3.3072533464566929
0
LINE
8
BLACK
6
CONTINUOUS
10
-2.2829859055118109
20
3.3072533464566929
11
-2.283927559055118
21
3.3070660236220473
0
LINE
8
BLACK
6
CONTINUOUS
10
-2.283927559055118
20
3.3070660236220473
11
-2.2852164566929134
21
3.3070660236220473
0
LINE
8
BLACK
6
CONTINUOUS
10
-2.2852164566929134
20
3.3070660236220473
11
-2.2852164566929134
21
3.3041135826771653
0
LINE
8
BLACK
6
CONTINUOUS
10
-2.2852164566929134
20
3.3041135826771653
11
-2.2835282283464569
21
3.3035508267716533
0
LINE
8
BLACK
6
CONTINUOUS
10
-2.2835282283464569
20
3.3035508267716533
11
-2.2824521259842521
21
3.3035508267716533
0
LINE
8
BLACK
6
CONTINUOUS
10
-2.2824521259842521
20
3.3035508267716533
11
-2.2805699212598425
21
3.3041782283464567
0
LINE
8
BLACK
6
CONTINUOUS
10
-2.2805699212598425
20
3.3041782283464567
11
-2.2793881102362206
21
3.3053600393700786
0
LINE
8
BLACK
6
CONTINUOUS
10
-2.2793881102362206
20
3.3053600393700786
11
-2.2787501968503938
21
3.3066359055118109
0
LINE
8
BLACK
6
CONTINUOUS
10
-2.2787501968503938
20
3.3066359055118109
11
-2.2779517716535431
21
3.309829566929134
0
LINE
8
BLACK
6
CONTINUOUS
10
-2.2779517716535431
20
3.309829566929134
11
-2.2779517716535431
21
3.3120359055118112
0
LINE
8
BLACK
6
CONTINUOUS
10
-2.2779517716535431
20
3.3120359055118112
11
-2.2787501968503938
21
3.3152295669291338
0
LINE
8
BLACK
6
CONTINUOUS
10
-2.2787501968503938
20
3.3152295669291338
11
-2.2793881496062993
21
3.3165054724409448
0
LINE
8
BLACK
6
CONTINUOUS
10
-2.2793881496062993
20
3.3165054724409448
11
-2.280569842519685
21
3.3176871653543305
0
LINE
8
BLACK
6
CONTINUOUS
10
-2.280569842519685
20
3.3176871653543305
11
-2.2824521653543308
21
3.3183146062992126
0
LINE
8
BLACK
6
CONTINUOUS
10
-2.2824521653543308
20
3.3183146062992126
11
-2.2842841338582676
21
3.3183146062992126
0
LINE
8
BLACK
6
CONTINUOUS
10
-2.2842841338582676
20
3.3183146062992126
11
-2.2856392913385828
21
3.3176370078740156
0
LINE
8
BLACK
6
CONTINUOUS
10
-2.2856392913385828
20
3.3176370078740156
11
-2.2865652755905512
21
3.3173834251968501
0
LINE
8
BLACK
6
CONTINUOUS
10
-2.2865652755905512
20
3.3173834251968501
11
-2.2883518897637796
21
3.3179789370078741
0
LINE
8
BLACK
6
CONTINUOUS
10
-2.2883518897637796
20
3.3179789370078741
11
-2.2891941338582678
21
3.3196633858267717
0
LINE
8
BLACK
6
CONTINUOUS
10
-2.2891941338582678
20
3.3196633858267717
11
-2.2885986220472438
21
3.32145
0
LINE
8
BLACK
6
CONTINUOUS
10
-2.2885986220472438
20
3.32145
11
-2.2878401574803151
21
3.3220386614173227
0
LINE
8
BLACK
6
CONTINUOUS
10
-2.2878401574803151
20
3.3220386614173227
11
-2.2859653937007876
21
3.3229761023622046
0
LINE
8
BLACK
6
CONTINUOUS
10
-2.2859653937007876
20
3.3229761023622046
11
-2.2858465354330706
21
3.3230086614173229
0
LINE
8
BLACK
6
CONTINUOUS
10
-2.2858465354330706
20
3.3230086614173229
11
-2.2858066141732283
21
3.3230485433070864
0
LINE
8
BLACK
6
CONTINUOUS
10
-2.2858066141732283
20
3.3230485433070864
11
-2.2854198031496065
21
3.3231255118110234
0
LINE
8
BLACK
6
CONTINUOUS
10
-2.2854198031496065
20
3.3231255118110234
11
-2.2850394094488187
21
3.3232296456692914
0
LINE
8
BLACK
6
CONTINUOUS
10
-2.2850394094488187
20
3.3232296456692914
11
-2.2849859055118111
21
3.3232118110236222
0
LINE
8
BLACK
6
CONTINUOUS
10
-2.2849859055118111
20
3.3232118110236222
11
-2.2848649606299212
21
3.3232358661417321
0
LINE
8
BLACK
6
CONTINUOUS
10
-2.2848649606299212
20
3.3232358661417321
11
-2.2820527952755905
21
3.3232358661417321
0
LINE
8
BLACK
6
CONTINUOUS
10
-2.2820527952755905
20
3.3232358661417321
11
-2.2816660629921262
21
3.3231589370078738
0
LINE
8
BLACK
6
CONTINUOUS
10
-2.4367167322834646
20
3.3230485433070864
11
-2.4353850787401576
21
3.3217168897637794
0
LINE
8
BLACK
6
CONTINUOUS
10
-2.4353850787401576
20
3.3217168897637794
11
-2.4353850787401576
21
3.3198335826771652
0
LINE
8
BLACK
6
CONTINUOUS
10
-2.4353850787401576
20
3.3198335826771652
11
-2.4367167322834646
21
3.3185019291338582
0
LINE
8
BLACK
6
CONTINUOUS
10
-2.4367167322834646
20
3.3185019291338582
11
-2.4376583858267717
21
3.3183146062992126
0
LINE
8
BLACK
6
CONTINUOUS
10
-2.4376583858267717
20
3.3183146062992126
11
-2.4408220472440942
21
3.3183146062992126
0
LINE
8
BLACK
6
CONTINUOUS
10
-2.4408220472440942
20
3.3183146062992126
11
-2.4408220472440942
21
3.3010901968503936
0
LINE
8
BLACK
6
CONTINUOUS
10
-2.4408220472440942
20
3.3010901968503936
11
-2.4410093700787403
21
3.3001485433070865
0
LINE
8
BLACK
6
CONTINUOUS
10
-2.4410093700787403
20
3.3001485433070865
11
-2.4423410236220473
21
3.2988168897637795
0
LINE
8
BLACK
6
CONTINUOUS
10
-2.4423410236220473
20
3.2988168897637795
11
-2.4442243307086615
21
3.2988168897637795
0
LINE
8
BLACK
6
CONTINUOUS
10
-2.4442243307086615
20
3.2988168897637795
11
-2.4455559842519685
21
3.3001485433070865
0
LINE
8
BLACK
6
CONTINUOUS
10
-2.4455559842519685
20
3.3001485433070865
11
-2.4457433070866141
21
3.3010901968503936
0
LINE
8
BLACK
6
CONTINUOUS
10
-2.4457433070866141
20
3.3010901968503936
11
-2.4457433070866141
21
3.3183146062992126
0
LINE
8
BLACK
6
CONTINUOUS
10
-2.4457433070866141
20
3.3183146062992126
11
-2.4489069685039371
21
3.3183146062992126
0
LINE
8
BLACK
6
CONTINUOUS
10
-2.4489069685039371
20
3.3183146062992126
11
-2.4498486220472442
21
3.3185019291338582
0
LINE
8
BLACK
6
CONTINUOUS
10
-2.4498486220472442
20
3.3185019291338582
11
-2.4511802755905512
21
3.3198335826771652
0
LINE
8
BLACK
6
CONTINUOUS
10
-2.4511802755905512
20
3.3198335826771652
11
-2.4511802755905512
21
3.3217168897637794
0
LINE
8
BLACK
6
CONTINUOUS
10
-2.4511802755905512
20
3.3217168897637794
11
-2.4498486220472442
21
3.3230485433070864
0
LINE
8
BLACK
6
CONTINUOUS
10
-2.4498486220472442
20
3.3230485433070864
11
-2.4489069685039371
21
3.3232358661417321
0
LINE
8
BLACK
6
CONTINUOUS
10
-2.4489069685039371
20
3.3232358661417321
11
-2.4376583858267717
21
3.3232358661417321
0
LINE
8
BLACK
6
CONTINUOUS
10
-2.4376583858267717
20
3.3232358661417321
11
-2.4367167322834646
21
3.3230485433070864
0
LINE
8
BLACK
6
CONTINUOUS
10
-2.3135252755905511
20
3.3217168897637794
11
-2.3133379527559055
21
3.3207752362204723
0
LINE
8
BLACK
6
CONTINUOUS
10
-2.3133379527559055
20
3.3207752362204723
11
-2.3133379527559055
21
3.3010901968503936
0
LINE
8
BLACK
6
CONTINUOUS
10
-2.3133379527559055
20
3.3010901968503936
11
-2.3135252755905511
21
3.3001485433070865
0
LINE
8
BLACK
6
CONTINUOUS
10
-2.3135252755905511
20
3.3001485433070865
11
-2.3148569291338581
21
3.2988168897637795
0
LINE
8
BLACK
6
CONTINUOUS
10
-2.3148569291338581
20
3.2988168897637795
11
-2.3167402362204723
21
3.2988168897637795
0
LINE
8
BLACK
6
CONTINUOUS
10
-2.3167402362204723
20
3.2988168897637795
11
-2.3180718897637793
21
3.3001485433070865
0
LINE
8
BLACK
6
CONTINUOUS
10
-2.3180718897637793
20
3.3001485433070865
11
-2.3182592125984249
21
3.3010901968503936
0
LINE
8
BLACK
6
CONTINUOUS
10
-2.3182592125984249
20
3.3010901968503936
11
-2.3182592125984249
21
3.3207752362204723
0
LINE
8
BLACK
6
CONTINUOUS
10
-2.3182592125984249
20
3.3207752362204723
11
-2.3180718897637793
21
3.3217168897637794
0
LINE
8
BLACK
6
CONTINUOUS
10
-2.3180718897637793
20
3.3217168897637794
11
-2.3167402362204723
21
3.3230485433070864
0
LINE
8
BLACK
6
CONTINUOUS
10
-2.3167402362204723
20
3.3230485433070864
11
-2.3148569291338581
21
3.3230485433070864
0
LINE
8
BLACK
6
CONTINUOUS
10
-2.3148569291338581
20
3.3230485433070864
11
-2.3135252755905511
21
3.3217168897637794
0
LINE
8
BLACK
6
CONTINUOUS
10
-2.2951718897637794
20
3.3230485433070864
11
-2.2938402362204724
21
3.3217168897637794
0
LINE
8
BLACK
6
CONTINUOUS
10
-2.2938402362204724
20
3.3217168897637794
11
-2.2936529133858268
21
3.3207752362204723
0
LINE
8
BLACK
6
CONTINUOUS
10
-2.2936529133858268
20
3.3207752362204723
11
-2.2936529133858268
21
3.3010901968503936
0
LINE
8
BLACK
6
CONTINUOUS
10
-2.2936529133858268
20
3.3010901968503936
11
-2.2938402362204724
21
3.3001485433070865
0
LINE
8
BLACK
6
CONTINUOUS
10
-2.2938402362204724
20
3.3001485433070865
11
-2.2951718897637794
21
3.2988168897637795
0
LINE
8
BLACK
6
CONTINUOUS
10
-2.2951718897637794
20
3.2988168897637795
11
-2.2970551968503936
21
3.2988168897637795
0
LINE
8
BLACK
6
CONTINUOUS
10
-2.2970551968503936
20
3.2988168897637795
11
-2.2983868503937006
21
3.3001485433070865
0
LINE
8
BLACK
6
CONTINUOUS
10
-2.2983868503937006
20
3.3001485433070865
11
-2.2985741732283462
21
3.3010901968503936
0
LINE
8
BLACK
6
CONTINUOUS
10
-2.2985741732283462
20
3.3010901968503936
11
-2.2985741732283462
21
3.3080033858267717
0
LINE
8
BLACK
6
CONTINUOUS
10
-2.2985741732283462
20
3.3080033858267717
11
-2.3036125984251967
21
3.3080033858267717
0
LINE
8
BLACK
6
CONTINUOUS
10
-2.3036125984251967
20
3.3080033858267717
11
-2.3037335433070867
21
3.3080274803149607
0
LINE
8
BLACK
6
CONTINUOUS
10
-2.3037335433070867
20
3.3080274803149607
11
-2.3037870472440942
21
3.3080096062992124
0
LINE
8
BLACK
6
CONTINUOUS
10
-2.3037870472440942
20
3.3080096062992124
11
-2.304167440944882
21
3.308113779527559
0
LINE
8
BLACK
6
CONTINUOUS
10
-2.304167440944882
20
3.308113779527559
11
-2.3045542519685038
21
3.3081907086614173
0
LINE
8
BLACK
6
CONTINUOUS
10
-2.3045542519685038
20
3.3081907086614173
11
-2.3045941732283466
21
3.3082306299212596
0
LINE
8
BLACK
6
CONTINUOUS
10
-2.3045941732283466
20
3.3082306299212596
11
-2.3047130314960631
21
3.3082631496062991
0
LINE
8
BLACK
6
CONTINUOUS
10
-2.3047130314960631
20
3.3082631496062991
11
-2.3065877952755907
21
3.309200590551181
0
LINE
8
BLACK
6
CONTINUOUS
10
-2.3065877952755907
20
3.309200590551181
11
-2.3068991732283464
21
3.3094422834645667
0
LINE
8
BLACK
6
CONTINUOUS
10
-2.3068991732283464
20
3.3094422834645667
11
-2.3072272440944883
21
3.3096614566929135
0
LINE
8
BLACK
6
CONTINUOUS
10
-2.3072272440944883
20
3.3096614566929135
11
-2.3081646456692915
21
3.3105988188976379
0
LINE
8
BLACK
6
CONTINUOUS
10
-2.3081646456692915
20
3.3105988188976379
11
-2.3083838188976378
21
3.3109268110236219
0
LINE
8
BLACK
6
CONTINUOUS
10
-2.3083838188976378
20
3.3109268110236219
11
-2.3086256299212597
21
3.3112383858267718
0
LINE
8
BLACK
6
CONTINUOUS
10
-2.3086256299212597
20
3.3112383858267718
11
-2.3095629921259841
21
3.3131131496062993
0
LINE
8
BLACK
6
CONTINUOUS
10
-2.3095629921259841
20
3.3131131496062993
11
-2.3095955511811024
21
3.3132320078740158
0
LINE
8
BLACK
6
CONTINUOUS
10
-2.3095955511811024
20
3.3132320078740158
11
-2.3096354330708659
21
3.3132718897637794
0
LINE
8
BLACK
6
CONTINUOUS
10
-2.3096354330708659
20
3.3132718897637794
11
-2.3097123622047242
21
3.3136585826771654
0
LINE
8
BLACK
6
CONTINUOUS
10
-2.3097123622047242
20
3.3136585826771654
11
-2.3098165748031496
21
3.3140391338582678
0
LINE
8
BLACK
6
CONTINUOUS
10
-2.3098165748031496
20
3.3140391338582678
11
-2.3097987401574804
21
3.3140927165354328
0
LINE
8
BLACK
6
CONTINUOUS
10
-2.3097987401574804
20
3.3140927165354328
11
-2.3098227559055116
21
3.3142135433070865
0
LINE
8
BLACK
6
CONTINUOUS
10
-2.3098227559055116
20
3.3142135433070865
11
-2.3098227559055116
21
3.3170257086614172
0
LINE
8
BLACK
6
CONTINUOUS
10
-2.3098227559055116
20
3.3170257086614172
11
-2.3097987401574804
21
3.3171465748031497
0
LINE
8
BLACK
6
CONTINUOUS
10
-2.3097987401574804
20
3.3171465748031497
11
-2.3098165748031496
21
3.317200118110236
0
LINE
8
BLACK
6
CONTINUOUS
10
-2.3098165748031496
20
3.317200118110236
11
-2.3097123622047242
21
3.3175807086614171
0
LINE
8
BLACK
6
CONTINUOUS
10
-2.3097123622047242
20
3.3175807086614171
11
-2.3096354330708659
21
3.3179673622047243
0
LINE
8
BLACK
6
CONTINUOUS
10
-2.3096354330708659
20
3.3179673622047243
11
-2.3095955511811024
21
3.3180072834645666
0
LINE
8
BLACK
6
CONTINUOUS
10
-2.3095955511811024
20
3.3180072834645666
11
-2.3095629921259841
21
3.3181261023622048
0
LINE
8
BLACK
6
CONTINUOUS
10
-2.3095629921259841
20
3.3181261023622048
11
-2.3086256299212597
21
3.3200008661417324
0
LINE
8
BLACK
6
CONTINUOUS
10
-2.3086256299212597
20
3.3200008661417324
11
-2.3083838188976378
21
3.3203124803149606
0
LINE
8
BLACK
6
CONTINUOUS
10
-2.3083838188976378
20
3.3203124803149606
11
-2.3081646456692915
21
3.3206404330708659
0
LINE
8
BLACK
6
CONTINUOUS
10
-2.3081646456692915
20
3.3206404330708659
11
-2.3072272440944883
21
3.3215777952755903
0
LINE
8
BLACK
6
CONTINUOUS
10
-2.3072272440944883
20
3.3215777952755903
11
-2.3068991732283464
21
3.3217970078740158
0
LINE
8
BLACK
6
CONTINUOUS
10
-2.3068991732283464
20
3.3217970078740158
11
-2.3065877952755907
21
3.3220386614173227
0
LINE
8
BLACK
6
CONTINUOUS
10
-2.3065877952755907
20
3.3220386614173227
11
-2.3047130314960631
21
3.3229761023622046
0
LINE
8
BLACK
6
CONTINUOUS
10
-2.3047130314960631
20
3.3229761023622046
11
-2.3045941732283466
21
3.3230086614173229
0
LINE
8
BLACK
6
CONTINUOUS
10
-2.3045941732283466
20
3.3230086614173229
11
-2.3045542519685038
21
3.3230485433070864
0
LINE
8
BLACK
6
CONTINUOUS
10
-2.3045542519685038
20
3.3230485433070864
11
-2.304167440944882
21
3.3231255118110234
0
LINE
8
BLACK
6
CONTINUOUS
10
-2.304167440944882
20
3.3231255118110234
11
-2.3037870472440942
21
3.3232296456692914
0
LINE
8
BLACK
6
CONTINUOUS
10
-2.3037870472440942
20
3.3232296456692914
11
-2.3037335433070867
21
3.3232118110236222
0
LINE
8
BLACK
6
CONTINUOUS
10
-2.3037335433070867
20
3.3232118110236222
11
-2.3036125984251967
21
3.3232358661417321
0
LINE
8
BLACK
6
CONTINUOUS
10
-2.3036125984251967
20
3.3232358661417321
11
-2.2961135433070865
21
3.3232358661417321
0
LINE
8
BLACK
6
CONTINUOUS
10
-2.2961135433070865
20
3.3232358661417321
11
-2.2951718897637794
21
3.3230485433070864
0
LINE
8
BLACK
6
CONTINUOUS
10
-2.3040298031496063
20
3.3178155905511812
11
-2.3044024803149608
21
3.3174429527559055
0
LINE
8
BLACK
6
CONTINUOUS
10
-2.3044024803149608
20
3.3174429527559055
11
-2.3049014960629921
21
3.3164448425196849
0
LINE
8
BLACK
6
CONTINUOUS
10
-2.3049014960629921
20
3.3164448425196849
11
-2.3049014960629921
21
3.3147944094488189
0
LINE
8
BLACK
6
CONTINUOUS
10
-2.3049014960629921
20
3.3147944094488189
11
-2.3044024803149608
21
3.313796338582677
0
LINE
8
BLACK
6
CONTINUOUS
10
-2.3044024803149608
20
3.313796338582677
11
-2.3040298031496063
21
3.3134237007874017
0
LINE
8
BLACK
6
CONTINUOUS
10
-2.3040298031496063
20
3.3134237007874017
11
-2.3030317716535431
21
3.3129246456692911
0
LINE
8
BLACK
6
CONTINUOUS
10
-2.3030317716535431
20
3.3129246456692911
11
-2.2985741732283462
21
3.3129246456692911
0
LINE
8
BLACK
6
CONTINUOUS
10
-2.2985741732283462
20
3.3129246456692911
11
-2.2985741732283462
21
3.3183146062992126
0
LINE
8
BLACK
6
CONTINUOUS
10
-2.2985741732283462
20
3.3183146062992126
11
-2.3030317716535431
21
3.3183146062992126
0
LINE
8
BLACK
6
CONTINUOUS
10
-2.3030317716535431
20
3.3183146062992126
11
-2.3040298031496063
21
3.3178155905511812
0
LINE
8
BLACK
6
CONTINUOUS
10
-1.9281792125984252
20
3.3487328346456691
11
-1.9268475590551182
21
3.3474011811023621
0
LINE
8
BLACK
6
CONTINUOUS
10
-1.9268475590551182
20
3.3474011811023621
11
-1.9268475590551182
21
3.3455178740157479
0
LINE
8
BLACK
6
CONTINUOUS
10
-1.9268475590551182
20
3.3455178740157479
11
-1.9281792125984252
21
3.3441862204724409
0
LINE
8
BLACK
6
CONTINUOUS
10
-1.9281792125984252
20
3.3441862204724409
11
-1.9291208661417323
21
3.3439988976377952
0
LINE
8
BLACK
6
CONTINUOUS
10
-1.9291208661417323
20
3.3439988976377952
11
-1.9441190157480315
21
3.3439988976377952
0
LINE
8
BLACK
6
CONTINUOUS
10
-1.9441190157480315
20
3.3439988976377952
11
-1.9450606692913386
21
3.3441862204724409
0
LINE
8
BLACK
6
CONTINUOUS
10
-1.9450606692913386
20
3.3441862204724409
11
-1.9463923228346456
21
3.3455178740157479
0
LINE
8
BLACK
6
CONTINUOUS
10
-1.9463923228346456
20
3.3455178740157479
11
-1.9463923228346456
21
3.3474011811023621
0
LINE
8
BLACK
6
CONTINUOUS
10
-1.9463923228346456
20
3.3474011811023621
11
-1.9450606692913386
21
3.3487328346456691
0
LINE
8
BLACK
6
CONTINUOUS
10
-1.9450606692913386
20
3.3487328346456691
11
-1.9441190157480315
21
3.3489201574803147
0
LINE
8
BLACK
6
CONTINUOUS
10
-1.9441190157480315
20
3.3489201574803147
11
-1.9291208661417323
21
3.3489201574803147
0
LINE
8
BLACK
6
CONTINUOUS
10
-1.9291208661417323
20
3.3489201574803147
11
-1.9281792125984252
21
3.3487328346456691
0
LINE
8
BLACK
6
CONTINUOUS
10
-2.3157943307086613
20
3.3702926377952753
11
-2.3144626771653543
21
3.3689609842519683
0
LINE
8
BLACK
6
CONTINUOUS
10
-2.3144626771653543
20
3.3689609842519683
11
-2.3142753543307086
21
3.3680193307086612
0
LINE
8
BLACK
6
CONTINUOUS
10
-2.3142753543307086
20
3.3680193307086612
11
-2.3142753543307086
21
3.3483342913385825
0
LINE
8
BLACK
6
CONTINUOUS
10
-2.3142753543307086
20
3.3483342913385825
11
-2.3144626771653543
21
3.3473926377952754
0
LINE
8
BLACK
6
CONTINUOUS
10
-2.3144626771653543
20
3.3473926377952754
11
-2.3157943307086613
21
3.3460609842519684
0
LINE
8
BLACK
6
CONTINUOUS
10
-2.3157943307086613
20
3.3460609842519684
11
-2.3167359842519684
21
3.3458736614173228
0
LINE
8
BLACK
6
CONTINUOUS
10
-2.3167359842519684
20
3.3458736614173228
11
-2.3214229133858266
21
3.3458736614173228
0
LINE
8
BLACK
6
CONTINUOUS
10
-2.3214229133858266
20
3.3458736614173228
11
-2.3218095669291339
21
3.345950590551181
0
LINE
8
BLACK
6
CONTINUOUS
10
-2.3218095669291339
20
3.345950590551181
11
-2.3222010236220472
21
3.3459999212598426
0
LINE
8
BLACK
6
CONTINUOUS
10
-2.3222010236220472
20
3.3459999212598426
11
-2.3250131496062991
21
3.346937283464567
0
LINE
8
BLACK
6
CONTINUOUS
10
-2.3250131496062991
20
3.346937283464567
11
-2.3251202755905513
21
3.3469983464566928
0
LINE
8
BLACK
6
CONTINUOUS
10
-2.3251202755905513
20
3.3469983464566928
11
-2.3251766929133857
21
3.3469983464566928
0
LINE
8
BLACK
6
CONTINUOUS
10
-2.3251766929133857
20
3.3469983464566928
11
-2.3255045669291339
21
3.3472174409448816
0
LINE
8
BLACK
6
CONTINUOUS
10
-2.3255045669291339
20
3.3472174409448816
11
-2.3258472440944882
21
3.3474127559055118
0
LINE
8
BLACK
6
CONTINUOUS
10
-2.3258472440944882
20
3.3474127559055118
11
-2.3258725196850394
21
3.3474632677165355
0
LINE
8
BLACK
6
CONTINUOUS
10
-2.3258725196850394
20
3.3474632677165355
11
-2.3259750000000001
21
3.3475317322834646
0
LINE
8
BLACK
6
CONTINUOUS
10
-2.3259750000000001
20
3.3475317322834646
11
-2.3278497637795277
21
3.3494065354330709
0
LINE
8
BLACK
6
CONTINUOUS
10
-2.3278497637795277
20
3.3494065354330709
11
-2.3280691732283465
21
3.3497349212598424
0
LINE
8
BLACK
6
CONTINUOUS
10
-2.3280691732283465
20
3.3497349212598424
11
-2.3283106299212597
21
3.3500460236220473
0
LINE
8
BLACK
6
CONTINUOUS
10
-2.3283106299212597
20
3.3500460236220473
11
-2.3292480314960629
21
3.3519207874015748
0
LINE
8
BLACK
6
CONTINUOUS
10
-2.3292480314960629
20
3.3519207874015748
11
-2.329319212598425
21
3.3521806692913385
0
LINE
8
BLACK
6
CONTINUOUS
10
-2.329319212598425
20
3.3521806692913385
11
-2.3294343700787401
21
3.3524244488188977
0
LINE
8
BLACK
6
CONTINUOUS
10
-2.3294343700787401
20
3.3524244488188977
11
-2.3303717322834645
21
3.3561739763779528
0
LINE
8
BLACK
6
CONTINUOUS
10
-2.3303717322834645
20
3.3561739763779528
11
-2.3303864173228348
21
3.3564751181102364
0
LINE
8
BLACK
6
CONTINUOUS
10
-2.3303864173228348
20
3.3564751181102364
11
-2.3304451968503939
21
3.3567707480314959
0
LINE
8
BLACK
6
CONTINUOUS
10
-2.3304451968503939
20
3.3567707480314959
11
-2.3304451968503939
21
3.3595828740157478
0
LINE
8
BLACK
6
CONTINUOUS
10
-2.3304451968503939
20
3.3595828740157478
11
-2.3303864173228348
21
3.3598785433070866
0
LINE
8
BLACK
6
CONTINUOUS
10
-2.3303864173228348
20
3.3598785433070866
11
-2.3303717322834645
21
3.3601796456692914
0
LINE
8
BLACK
6
CONTINUOUS
10
-2.3303717322834645
20
3.3601796456692914
11
-2.3294343700787401
21
3.3639291732283465
0
LINE
8
BLACK
6
CONTINUOUS
10
-2.3294343700787401
20
3.3639291732283465
11
-2.329319212598425
21
3.364172992125984
0
LINE
8
BLACK
6
CONTINUOUS
10
-2.329319212598425
20
3.364172992125984
11
-2.3292480314960629
21
3.3644328346456693
0
LINE
8
BLACK
6
CONTINUOUS
10
-2.3292480314960629
20
3.3644328346456693
11
-2.3283106299212597
21
3.3663075984251969
0
LINE
8
BLACK
6
CONTINUOUS
10
-2.3283106299212597
20
3.3663075984251969
11
-2.3280688976377952
21
3.3666190944881889
0
LINE
8
BLACK
6
CONTINUOUS
10
-2.3280688976377952
20
3.3666190944881889
11
-2.3278497244094489
21
3.3669470866141733
0
LINE
8
BLACK
6
CONTINUOUS
10
-2.3278497244094489
20
3.3669470866141733
11
-2.3259749606299214
21
3.3688218503937009
0
LINE
8
BLACK
6
CONTINUOUS
10
-2.3259749606299214
20
3.3688218503937009
11
-2.3258725590551181
21
3.36889031496063
0
LINE
8
BLACK
6
CONTINUOUS
10
-2.3258725590551181
20
3.36889031496063
11
-2.3258472834645669
21
3.3689407874015749
0
LINE
8
BLACK
6
CONTINUOUS
10
-2.3258472834645669
20
3.3689407874015749
11
-2.3255043307086614
21
3.3691363385826771
0
LINE
8
BLACK
6
CONTINUOUS
10
-2.3255043307086614
20
3.3691363385826771
11
-2.3251766535433069
21
3.3693552362204722
0
LINE
8
BLACK
6
CONTINUOUS
10
-2.3251766535433069
20
3.3693552362204722
11
-2.3251203149606297
21
3.3693552362204722
0
LINE
8
BLACK
6
CONTINUOUS
10
-2.3251203149606297
20
3.3693552362204722
11
-2.3250131889763779
21
3.3694162992125984
0
LINE
8
BLACK
6
CONTINUOUS
10
-2.3250131889763779
20
3.3694162992125984
11
-2.3222010629921259
21
3.3703537007874016
0
LINE
8
BLACK
6
CONTINUOUS
10
-2.3222010629921259
20
3.3703537007874016
11
-2.3218097244094489
21
3.3704030314960631
0
LINE
8
BLACK
6
CONTINUOUS
10
-2.3218097244094489
20
3.3704030314960631
11
-2.3214229133858266
21
3.3704799606299214
0
LINE
8
BLACK
6
CONTINUOUS
10
-2.3214229133858266
20
3.3704799606299214
11
-2.3167359842519684
21
3.3704799606299214
0
LINE
8
BLACK
6
CONTINUOUS
10
-2.3167359842519684
20
3.3704799606299214
11
-2.3157943307086613
21
3.3702926377952753
0
LINE
8
BLACK
6
CONTINUOUS
10
-2.3229059055118109
20
3.3649312598425194
11
-2.3240875196850395
21
3.3637496456692912
0
LINE
8
BLACK
6
CONTINUOUS
10
-2.3240875196850395
20
3.3637496456692912
11
-2.3247255511811025
21
3.3624736614173227
0
LINE
8
BLACK
6
CONTINUOUS
10
-2.3247255511811025
20
3.3624736614173227
11
-2.325523937007874
21
3.35928
0
LINE
8
BLACK
6
CONTINUOUS
10
-2.325523937007874
20
3.35928
11
-2.325523937007874
21
3.3570736614173229
0
LINE
8
BLACK
6
CONTINUOUS
10
-2.325523937007874
20
3.3570736614173229
11
-2.3247255511811025
21
3.3538799999999998
0
LINE
8
BLACK
6
CONTINUOUS
10
-2.3247255511811025
20
3.3538799999999998
11
-2.3240875590551182
21
3.3526040944881887
0
LINE
8
BLACK
6
CONTINUOUS
10
-2.3240875590551182
20
3.3526040944881887
11
-2.3229058267716534
21
3.3514223228346456
0
LINE
8
BLACK
6
CONTINUOUS
10
-2.3229058267716534
20
3.3514223228346456
11
-2.3210235826771655
21
3.3507949212598422
0
LINE
8
BLACK
6
CONTINUOUS
10
-2.3210235826771655
20
3.3507949212598422
11
-2.3191966141732281
21
3.3507949212598422
0
LINE
8
BLACK
6
CONTINUOUS
10
-2.3191966141732281
20
3.3507949212598422
11
-2.3191966141732281
21
3.3655587007874015
0
LINE
8
BLACK
6
CONTINUOUS
10
-2.3191966141732281
20
3.3655587007874015
11
-2.3210235433070867
21
3.3655587007874015
0
LINE
8
BLACK
6
CONTINUOUS
10
-2.3210235433070867
20
3.3655587007874015
11
-2.3229059055118109
21
3.3649312598425194
0
LINE
8
BLACK
6
CONTINUOUS
10
-2.2816660629921262
20
3.3704030314960631
11
-2.2812746456692912
21
3.3703537007874016
0
LINE
8
BLACK
6
CONTINUOUS
10
-2.2812746456692912
20
3.3703537007874016
11
-2.2784625196850392
21
3.3694162992125984
0
LINE
8
BLACK
6
CONTINUOUS
10
-2.2784625196850392
20
3.3694162992125984
11
-2.2783553937007874
21
3.3693552362204722
0
LINE
8
BLACK
6
CONTINUOUS
10
-2.2783553937007874
20
3.3693552362204722
11
-2.2782990551181102
21
3.3693552362204722
0
LINE
8
BLACK
6
CONTINUOUS
10
-2.2782990551181102
20
3.3693552362204722
11
-2.2779714173228345
21
3.3691363385826771
0
LINE
8
BLACK
6
CONTINUOUS
10
-2.2779714173228345
20
3.3691363385826771
11
-2.2776284251968502
21
3.3689407874015749
0
LINE
8
BLACK
6
CONTINUOUS
10
-2.2776284251968502
20
3.3689407874015749
11
-2.2776031889763777
21
3.36889031496063
0
LINE
8
BLACK
6
CONTINUOUS
10
-2.2776031889763777
20
3.36889031496063
11
-2.2775007480314962
21
3.3688218503937009
0
LINE
8
BLACK
6
CONTINUOUS
10
-2.2775007480314962
20
3.3688218503937009
11
-2.2756259842519686
21
3.3669470866141733
0
LINE
8
BLACK
6
CONTINUOUS
10
-2.2756259842519686
20
3.3669470866141733
11
-2.2754068503937006
21
3.3666190944881889
0
LINE
8
BLACK
6
CONTINUOUS
10
-2.2754068503937006
20
3.3666190944881889
11
-2.2751650787401574
21
3.3663075984251969
0
LINE
8
BLACK
6
CONTINUOUS
10
-2.2751650787401574
20
3.3663075984251969
11
-2.2742276377952755
21
3.3644328346456693
0
LINE
8
BLACK
6
CONTINUOUS
10
-2.2742276377952755
20
3.3644328346456693
11
-2.2741564566929133
21
3.3641728346456694
0
LINE
8
BLACK
6
CONTINUOUS
10
-2.2741564566929133
20
3.3641728346456694
11
-2.274041338582677
21
3.3639291732283465
0
LINE
8
BLACK
6
CONTINUOUS
10
-2.274041338582677
20
3.3639291732283465
11
-2.2731039763779526
21
3.3601796456692914
0
LINE
8
BLACK
6
CONTINUOUS
10
-2.2731039763779526
20
3.3601796456692914
11
-2.2730893307086615
21
3.3598785433070866
0
LINE
8
BLACK
6
CONTINUOUS
10
-2.2730893307086615
20
3.3598785433070866
11
-2.2730305118110237
21
3.3595828740157478
0
LINE
8
BLACK
6
CONTINUOUS
10
-2.2730305118110237
20
3.3595828740157478
11
-2.2730305118110237
21
3.3567707480314959
0
LINE
8
BLACK
6
CONTINUOUS
10
-2.2730305118110237
20
3.3567707480314959
11
-2.2730893307086615
21
3.3564751181102364
0
LINE
8
BLACK
6
CONTINUOUS
10
-2.2730893307086615
20
3.3564751181102364
11
-2.2731039763779526
21
3.3561739763779528
0
LINE
8
BLACK
6
CONTINUOUS
10
-2.2731039763779526
20
3.3561739763779528
11
-2.274041338582677
21
3.3524244488188977
0
LINE
8
BLACK
6
CONTINUOUS
10
-2.274041338582677
20
3.3524244488188977
11
-2.2741564566929133
21
3.3521808267716535
0
LINE
8
BLACK
6
CONTINUOUS
10
-2.2741564566929133
20
3.3521808267716535
11
-2.2742276377952755
21
3.3519207874015748
0
LINE
8
BLACK
6
CONTINUOUS
10
-2.2742276377952755
20
3.3519207874015748
11
-2.2751650787401574
21
3.3500460236220473
0
LINE
8
BLACK
6
CONTINUOUS
10
-2.2751650787401574
20
3.3500460236220473
11
-2.2754066929133856
21
3.3497347637795274
0
LINE
8
BLACK
6
CONTINUOUS
10
-2.2754066929133856
20
3.3497347637795274
11
-2.2756259448818899
21
3.3494065354330709
0
LINE
8
BLACK
6
CONTINUOUS
10
-2.2756259448818899
20
3.3494065354330709
11
-2.2775007086614174
21
3.3475317322834646
0
LINE
8
BLACK
6
CONTINUOUS
10
-2.2775007086614174
20
3.3475317322834646
11
-2.2776032677165352
21
3.3474632283464567
0
LINE
8
BLACK
6
CONTINUOUS
10
-2.2776032677165352
20
3.3474632283464567
11
-2.2776284645669289
21
3.3474127952755905
0
LINE
8
BLACK
6
CONTINUOUS
10
-2.2776284645669289
20
3.3474127952755905
11
-2.2779709448818899
21
3.3472175984251966
0
LINE
8
BLACK
6
CONTINUOUS
10
-2.2779709448818899
20
3.3472175984251966
11
-2.2782990157480314
21
3.3469983464566928
0
LINE
8
BLACK
6
CONTINUOUS
10
-2.2782990157480314
20
3.3469983464566928
11
-2.2783554724409449
21
3.3469983464566928
0
LINE
8
BLACK
6
CONTINUOUS
10
-2.2783554724409449
20
3.3469983464566928
11
-2.278462559055118
21
3.346937283464567
0
LINE
8
BLACK
6
CONTINUOUS
10
-2.278462559055118
20
3.346937283464567
11
-2.2812746850393699
21
3.3459999212598426
0
LINE
8
BLACK
6
CONTINUOUS
10
-2.2812746850393699
20
3.3459999212598426
11
-2.2816659842519686
21
3.3459506299212598
0
LINE
8
BLACK
6
CONTINUOUS
10
-2.2816659842519686
20
3.3459506299212598
11
-2.2820527952755905
21
3.3458736614173228
0
LINE
8
BLACK
6
CONTINUOUS
10
-2.2820527952755905
20
3.3458736614173228
11
-2.283927559055118
21
3.3458736614173228
0
LINE
8
BLACK
6
CONTINUOUS
10
-2.283927559055118
20
3.3458736614173228
11
-2.284314251968504
21
3.345950590551181
0
LINE
8
BLACK
6
CONTINUOUS
10
-2.284314251968504
20
3.345950590551181
11
-2.2847056299212598
21
3.3459999212598426
0
LINE
8
BLACK
6
CONTINUOUS
10
-2.2847056299212598
20
3.3459999212598426
11
-2.2875178346456693
21
3.346937283464567
0
LINE
8
BLACK
6
CONTINUOUS
10
-2.2875178346456693
20
3.346937283464567
11
-2.287624960629921
21
3.3469983464566928
0
LINE
8
BLACK
6
CONTINUOUS
10
-2.287624960629921
20
3.3469983464566928
11
-2.2876813779527558
21
3.3469983464566928
0
LINE
8
BLACK
6
CONTINUOUS
10
-2.2876813779527558
20
3.3469983464566928
11
-2.288009094488189
21
3.3472173228346458
0
LINE
8
BLACK
6
CONTINUOUS
10
-2.288009094488189
20
3.3472173228346458
11
-2.2883519291338583
21
3.3474127559055118
0
LINE
8
BLACK
6
CONTINUOUS
10
-2.2883519291338583
20
3.3474127559055118
11
-2.2883772047244095
21
3.3474633070866142
0
LINE
8
BLACK
6
CONTINUOUS
10
-2.2883772047244095
20
3.3474633070866142
11
-2.2884796850393698
21
3.3475317716535433
0
LINE
8
BLACK
6
CONTINUOUS
10
-2.2884796850393698
20
3.3475317716535433
11
-2.2894170472440942
21
3.3484691732283465
0
LINE
8
BLACK
6
CONTINUOUS
10
-2.2894170472440942
20
3.3484691732283465
11
-2.289950433070866
21
3.3492674803149605
0
LINE
8
BLACK
6
CONTINUOUS
10
-2.289950433070866
20
3.3492674803149605
11
-2.289950433070866
21
3.3492676377952755
0
LINE
8
BLACK
6
CONTINUOUS
10
-2.289950433070866
20
3.3492676377952755
11
-2.2901377165354329
21
3.3502090551181101
0
LINE
8
BLACK
6
CONTINUOUS
10
-2.2901377165354329
20
3.3502090551181101
11
-2.2901377165354329
21
3.3567707480314959
0
LINE
8
BLACK
6
CONTINUOUS
10
-2.2901377165354329
20
3.3567707480314959
11
-2.2899503937007872
21
3.357712401574803
0
LINE
8
BLACK
6
CONTINUOUS
10
-2.2899503937007872
20
3.357712401574803
11
-2.2886187401574802
21
3.35904405511811
0
LINE
8
BLACK
6
CONTINUOUS
10
-2.2886187401574802
20
3.35904405511811
11
-2.2876770866141731
21
3.3592313779527556
0
LINE
8
BLACK
6
CONTINUOUS
10
-2.2876770866141731
20
3.3592313779527556
11
-2.283927559055118
21
3.3592313779527556
0
LINE
8
BLACK
6
CONTINUOUS
10
-2.283927559055118
20
3.3592313779527556
11
-2.2829859055118109
21
3.35904405511811
0
LINE
8
BLACK
6
CONTINUOUS
10
-2.2829859055118109
20
3.35904405511811
11
-2.2816542519685039
21
3.357712401574803
0
LINE
8
BLACK
6
CONTINUOUS
10
-2.2816542519685039
20
3.357712401574803
11
-2.2816542519685039
21
3.3558290944881888
0
LINE
8
BLACK
6
CONTINUOUS
10
-2.2816542519685039
20
3.3558290944881888
11
-2.2829859055118109
21
3.3544974409448818
0
LINE
8
BLACK
6
CONTINUOUS
10
-2.2829859055118109
20
3.3544974409448818
11
-2.283927559055118
21
3.3543101181102362
0
LINE
8
BLACK
6
CONTINUOUS
10
-2.283927559055118
20
3.3543101181102362
11
-2.2852164566929134
21
3.3543101181102362
0
LINE
8
BLACK
6
CONTINUOUS
10
-2.2852164566929134
20
3.3543101181102362
11
-2.2852164566929134
21
3.3513576771653542
0
LINE
8
BLACK
6
CONTINUOUS
10
-2.2852164566929134
20
3.3513576771653542
11
-2.2835282283464569
21
3.3507949212598422
0
LINE
8
BLACK
6
CONTINUOUS
10
-2.2835282283464569
20
3.3507949212598422
11
-2.2824521259842521
21
3.3507949212598422
0
LINE
8
BLACK
6
CONTINUOUS
10
-2.2824521259842521
20
3.3507949212598422
11
-2.2805699212598425
21
3.3514223228346456
0
LINE
8
BLACK
6
CONTINUOUS
10
-2.2805699212598425
20
3.3514223228346456
11
-2.2793881102362206
21
3.3526041338582675
0
LINE
8
BLACK
6
CONTINUOUS
10
-2.2793881102362206
20
3.3526041338582675
11
-2.2787501968503938
21
3.3538799999999998
0
LINE
8
BLACK
6
CONTINUOUS
10
-2.2787501968503938
20
3.3538799999999998
11
-2.2779517716535431
21
3.3570736614173229
0
LINE
8
BLACK
6
CONTINUOUS
10
-2.2779517716535431
20
3.3570736614173229
11
-2.2779517716535431
21
3.35928
0
LINE
8
BLACK
6
CONTINUOUS
10
-2.2779517716535431
20
3.35928
11
-2.2787501968503938
21
3.3624736614173227
0
LINE
8
BLACK
6
CONTINUOUS
10
-2.2787501968503938
20
3.3624736614173227
11
-2.2793881496062993
21
3.3637495669291337
0
LINE
8
BLACK
6
CONTINUOUS
10
-2.2793881496062993
20
3.3637495669291337
11
-2.280569842519685
21
3.3649312598425194
0
LINE
8
BLACK
6
CONTINUOUS
10
-2.280569842519685
20
3.3649312598425194
11
-2.2824521653543308
21
3.3655587007874015
0
LINE
8
BLACK
6
CONTINUOUS
10
-2.2824521653543308
20
3.3655587007874015
11
-2.2842841338582676
21
3.3655587007874015
0
LINE
8
BLACK
6
CONTINUOUS
10
-2.2842841338582676
20
3.3655587007874015
11
-2.2856392913385828
21
3.3648811023622045
0
LINE
8
BLACK
6
CONTINUOUS
10
-2.2856392913385828
20
3.3648811023622045
11
-2.2865652755905512
21
3.3646275196850395
0
LINE
8
BLACK
6
CONTINUOUS
10
-2.2865652755905512
20
3.3646275196850395
11
-2.2883518897637796
21
3.3652230314960629
0
LINE
8
BLACK
6
CONTINUOUS
10
-2.2883518897637796
20
3.3652230314960629
11
-2.2891941338582678
21
3.3669074803149606
0
LINE
8
BLACK
6
CONTINUOUS
10
-2.2891941338582678
20
3.3669074803149606
11
-2.2885986220472438
21
3.3686940944881889
0
LINE
8
BLACK
6
CONTINUOUS
10
-2.2885986220472438
20
3.3686940944881889
11
-2.2878401574803151
21
3.3692827559055116
0
LINE
8
BLACK
6
CONTINUOUS
10
-2.2878401574803151
20
3.3692827559055116
11
-2.2859653937007876
21
3.3702201968503935
0
LINE
8
BLACK
6
CONTINUOUS
10
-2.2859653937007876
20
3.3702201968503935
11
-2.2858465354330706
21
3.3702527559055118
0
LINE
8
BLACK
6
CONTINUOUS
10
-2.2858465354330706
20
3.3702527559055118
11
-2.2858066141732283
21
3.3702926377952753
0
LINE
8
BLACK
6
CONTINUOUS
10
-2.2858066141732283
20
3.3702926377952753
11
-2.2854198031496065
21
3.3703696062992123
0
LINE
8
BLACK
6
CONTINUOUS
10
-2.2854198031496065
20
3.3703696062992123
11
-2.2850394094488187
21
3.3704737401574802
0
LINE
8
BLACK
6
CONTINUOUS
10
-2.2850394094488187
20
3.3704737401574802
11
-2.2849859055118111
21
3.3704559055118111
0
LINE
8
BLACK
6
CONTINUOUS
10
-2.2849859055118111
20
3.3704559055118111
11
-2.2848649606299212
21
3.3704799606299214
0
LINE
8
BLACK
6
CONTINUOUS
10
-2.2848649606299212
20
3.3704799606299214
11
-2.2820527952755905
21
3.3704799606299214
0
LINE
8
BLACK
6
CONTINUOUS
10
-2.2820527952755905
20
3.3704799606299214
11
-2.2816660629921262
21
3.3704030314960631
0
LINE
8
BLACK
6
CONTINUOUS
10
-1.9186887795275591
20
3.3704559055118111
11
-1.9186352362204724
21
3.3704737401574802
0
LINE
8
BLACK
6
CONTINUOUS
10
-1.9186352362204724
20
3.3704737401574802
11
-1.9182550787401573
21
3.3703696456692911
0
LINE
8
BLACK
6
CONTINUOUS
10
-1.9182550787401573
20
3.3703696456692911
11
-1.917868031496063
21
3.3702926377952753
0
LINE
8
BLACK
6
CONTINUOUS
10
-1.917868031496063
20
3.3702926377952753
11
-1.9178281102362205
21
3.370252716535433
0
LINE
8
BLACK
6
CONTINUOUS
10
-1.9178281102362205
20
3.370252716535433
11
-1.9177092519685039
21
3.3702201574803148
0
LINE
8
BLACK
6
CONTINUOUS
10
-1.9177092519685039
20
3.3702201574803148
11
-1.9158344881889764
21
3.3692827559055116
0
LINE
8
BLACK
6
CONTINUOUS
10
-1.9158344881889764
20
3.3692827559055116
11
-1.915523031496063
21
3.3690410236220472
0
LINE
8
BLACK
6
CONTINUOUS
10
-1.915523031496063
20
3.3690410236220472
11
-1.915195
21
3.3688218503937009
0
LINE
8
BLACK
6
CONTINUOUS
10
-1.915195
20
3.3688218503937009
11
-1.9142576377952756
21
3.3678844881889765
0
LINE
8
BLACK
6
CONTINUOUS
10
-1.9142576377952756
20
3.3678844881889765
11
-1.9140385039370078
21
3.367556496062992
0
LINE
8
BLACK
6
CONTINUOUS
10
-1.9140385039370078
20
3.367556496062992
11
-1.9137967322834646
21
3.367245
0
LINE
8
BLACK
6
CONTINUOUS
10
-1.9137967322834646
20
3.367245
11
-1.9128592913385827
21
3.3653702362204725
0
LINE
8
BLACK
6
CONTINUOUS
10
-1.9128592913385827
20
3.3653702362204725
11
-1.9127881102362205
21
3.3651102362204726
0
LINE
8
BLACK
6
CONTINUOUS
10
-1.9127881102362205
20
3.3651102362204726
11
-1.9126729921259842
21
3.3648665748031497
0
LINE
8
BLACK
6
CONTINUOUS
10
-1.9126729921259842
20
3.3648665748031497
11
-1.9117356299212598
21
3.3611170472440945
0
LINE
8
BLACK
6
CONTINUOUS
10
-1.9117356299212598
20
3.3611170472440945
11
-1.9117209842519685
21
3.3608159448818897
0
LINE
8
BLACK
6
CONTINUOUS
10
-1.9117209842519685
20
3.3608159448818897
11
-1.9116621653543306
21
3.360520275590551
0
LINE
8
BLACK
6
CONTINUOUS
10
-1.9116621653543306
20
3.360520275590551
11
-1.9116621653543306
21
3.3558333464566927
0
LINE
8
BLACK
6
CONTINUOUS
10
-1.9116621653543306
20
3.3558333464566927
11
-1.9117209842519685
21
3.3555377165354332
0
LINE
8
BLACK
6
CONTINUOUS
10
-1.9117209842519685
20
3.3555377165354332
11
-1.9117356299212598
21
3.3552365748031496
0
LINE
8
BLACK
6
CONTINUOUS
10
-1.9117356299212598
20
3.3552365748031496
11
-1.9126729921259842
21
3.3514870472440945
0
LINE
8
BLACK
6
CONTINUOUS
10
-1.9126729921259842
20
3.3514870472440945
11
-1.9127881102362205
21
3.3512434251968504
0
LINE
8
BLACK
6
CONTINUOUS
10
-1.9127881102362205
20
3.3512434251968504
11
-1.9128592913385827
21
3.3509833858267717
0
LINE
8
BLACK
6
CONTINUOUS
10
-1.9128592913385827
20
3.3509833858267717
11
-1.9137967322834646
21
3.3491086220472441
0
LINE
8
BLACK
6
CONTINUOUS
10
-1.9137967322834646
20
3.3491086220472441
11
-1.9140384251968503
21
3.3487972834645667
0
LINE
8
BLACK
6
CONTINUOUS
10
-1.9140384251968503
20
3.3487972834645667
11
-1.9142575984251968
21
3.3484691732283465
0
LINE
8
BLACK
6
CONTINUOUS
10
-1.9142575984251968
20
3.3484691732283465
11
-1.9151949606299212
21
3.3475317716535433
0
LINE
8
BLACK
6
CONTINUOUS
10
-1.9151949606299212
20
3.3475317716535433
11
-1.9155229527559055
21
3.3473126377952753
0
LINE
8
BLACK
6
CONTINUOUS
10
-1.9155229527559055
20
3.3473126377952753
11
-1.9158345275590551
21
3.3470707874015746
0
LINE
8
BLACK
6
CONTINUOUS
10
-1.9158345275590551
20
3.3470707874015746
11
-1.9177092913385827
21
3.3461334251968502
0
LINE
8
BLACK
6
CONTINUOUS
10
-1.9177092913385827
20
3.3461334251968502
11
-1.9178281496062992
21
3.3461009055118112
0
LINE
8
BLACK
6
CONTINUOUS
10
-1.9178281496062992
20
3.3461009055118112
11
-1.917868031496063
21
3.3460609842519684
0
LINE
8
BLACK
6
CONTINUOUS
10
-1.917868031496063
20
3.3460609842519684
11
-1.9182547244094488
21
3.3459840944881889
0
LINE
8
BLACK
6
CONTINUOUS
10
-1.9182547244094488
20
3.3459840944881889
11
-1.9186352755905511
21
3.3458798425196852
0
LINE
8
BLACK
6
CONTINUOUS
10
-1.9186352755905511
20
3.3458798425196852
11
-1.9186888582677164
21
3.3458977165354331
0
LINE
8
BLACK
6
CONTINUOUS
10
-1.9186888582677164
20
3.3458977165354331
11
-1.9188096850393701
21
3.3458736614173228
0
LINE
8
BLACK
6
CONTINUOUS
10
-1.9188096850393701
20
3.3458736614173228
11
-1.9206844488188977
21
3.3458736614173228
0
LINE
8
BLACK
6
CONTINUOUS
10
-1.9206844488188977
20
3.3458736614173228
11
-1.9208053937007874
21
3.3458977165354331
0
LINE
8
BLACK
6
CONTINUOUS
10
-1.9208053937007874
20
3.3458977165354331
11
-1.9208588582677164
21
3.3458798818897635
0
LINE
8
BLACK
6
CONTINUOUS
10
-1.9208588582677164
20
3.3458798818897635
11
-1.9212392125984252
21
3.3459840551181101
0
LINE
8
BLACK
6
CONTINUOUS
10
-1.9212392125984252
20
3.3459840551181101
11
-1.9216261023622048
21
3.3460609842519684
0
LINE
8
BLACK
6
CONTINUOUS
10
-1.9216261023622048
20
3.3460609842519684
11
-1.9216660236220473
21
3.3461009055118112
0
LINE
8
BLACK
6
CONTINUOUS
10
-1.9216660236220473
20
3.3461009055118112
11
-1.9217848818897638
21
3.3461334251968502
0
LINE
8
BLACK
6
CONTINUOUS
10
-1.9217848818897638
20
3.3461334251968502
11
-1.9236596062992126
21
3.3470707874015746
0
LINE
8
BLACK
6
CONTINUOUS
10
-1.9236596062992126
20
3.3470707874015746
11
-1.9239713385826771
21
3.3473127165354328
0
LINE
8
BLACK
6
CONTINUOUS
10
-1.9239713385826771
20
3.3473127165354328
11
-1.9242991338582676
21
3.3475317322834646
0
LINE
8
BLACK
6
CONTINUOUS
10
-1.9242991338582676
20
3.3475317322834646
11
-1.9252365354330707
21
3.3484691338582677
0
LINE
8
BLACK
6
CONTINUOUS
10
-1.9252365354330707
20
3.3484691338582677
11
-1.9254556299212597
21
3.3487970472440942
0
LINE
8
BLACK
6
CONTINUOUS
10
-1.9254556299212597
20
3.3487970472440942
11
-1.9256974803149607
21
3.3491086614173229
0
LINE
8
BLACK
6
CONTINUOUS
10
-1.9256974803149607
20
3.3491086614173229
11
-1.9266348425196851
21
3.3509834251968504
0
LINE
8
BLACK
6
CONTINUOUS
10
-1.9266348425196851
20
3.3509834251968504
11
-1.9267060236220472
21
3.3512433464566929
0
LINE
8
BLACK
6
CONTINUOUS
10
-1.9267060236220472
20
3.3512433464566929
11
-1.9268211417322834
21
3.3514870078740158
0
LINE
8
BLACK
6
CONTINUOUS
10
-1.9268211417322834
20
3.3514870078740158
11
-1.9277585433070865
21
3.3552365354330709
0
LINE
8
BLACK
6
CONTINUOUS
10
-1.9277585433070865
20
3.3552365354330709
11
-1.9277732283464566
21
3.3555377165354332
0
LINE
8
BLACK
6
CONTINUOUS
10
-1.9277732283464566
20
3.3555377165354332
11
-1.9278320078740157
21
3.3558333464566927
0
LINE
8
BLACK
6
CONTINUOUS
10
-1.9278320078740157
20
3.3558333464566927
11
-1.9278320078740157
21
3.360520275590551
0
LINE
8
BLACK
6
CONTINUOUS
10
-1.9278320078740157
20
3.360520275590551
11
-1.9277732283464566
21
3.3608159448818897
0
LINE
8
BLACK
6
CONTINUOUS
10
-1.9277732283464566
20
3.3608159448818897
11
-1.9277585433070865
21
3.3611170866141733
0
LINE
8
BLACK
6
CONTINUOUS
10
-1.9277585433070865
20
3.3611170866141733
11
-1.9268211417322834
21
3.3648666141732284
0
LINE
8
BLACK
6
CONTINUOUS
10
-1.9268211417322834
20
3.3648666141732284
11
-1.9267060236220472
21
3.3651103149606296
0
LINE
8
BLACK
6
CONTINUOUS
10
-1.9267060236220472
20
3.3651103149606296
11
-1.9266348425196851
21
3.3653701968503937
0
LINE
8
BLACK
6
CONTINUOUS
10
-1.9266348425196851
20
3.3653701968503937
11
-1.9256974803149607
21
3.3672449606299213
0
LINE
8
BLACK
6
CONTINUOUS
10
-1.9256974803149607
20
3.3672449606299213
11
-1.9254556692913385
21
3.3675565748031495
0
LINE
8
BLACK
6
CONTINUOUS
10
-1.9254556692913385
20
3.3675565748031495
11
-1.9252364960629922
21
3.3678845275590552
0
LINE
8
BLACK
6
CONTINUOUS
10
-1.9252364960629922
20
3.3678845275590552
11
-1.924299094488189
21
3.3688218897637796
0
LINE
8
BLACK
6
CONTINUOUS
10
-1.924299094488189
20
3.3688218897637796
11
-1.9239710236220473
21
3.3690411023622047
0
LINE
8
BLACK
6
CONTINUOUS
10
-1.9239710236220473
20
3.3690411023622047
11
-1.9236596456692914
21
3.3692827559055116
0
LINE
8
BLACK
6
CONTINUOUS
10
-1.9236596456692914
20
3.3692827559055116
11
-1.9217848818897638
21
3.3702201968503935
0
LINE
8
BLACK
6
CONTINUOUS
10
-1.9217848818897638
20
3.3702201968503935
11
-1.9216660236220473
21
3.3702527559055118
0
LINE
8
BLACK
6
CONTINUOUS
10
-1.9216660236220473
20
3.3702527559055118
11
-1.9216261023622048
21
3.3702926377952753
0
LINE
8
BLACK
6
CONTINUOUS
10
-1.9216261023622048
20
3.3702926377952753
11
-1.9212392913385827
21
3.3703696062992123
0
LINE
8
BLACK
6
CONTINUOUS
10
-1.9212392913385827
20
3.3703696062992123
11
-1.9208588976377952
21
3.3704737401574802
0
LINE
8
BLACK
6
CONTINUOUS
10
-1.9208588976377952
20
3.3704737401574802
11
-1.9208053937007874
21
3.3704559055118111
0
LINE
8
BLACK
6
CONTINUOUS
10
-1.9208053937007874
20
3.3704559055118111
11
-1.9206844488188977
21
3.3704799606299214
0
LINE
8
BLACK
6
CONTINUOUS
10
-1.9206844488188977
20
3.3704799606299214
11
-1.9188096850393701
21
3.3704799606299214
0
LINE
8
BLACK
6
CONTINUOUS
10
-1.9188096850393701
20
3.3704799606299214
11
-1.9186887795275591
21
3.3704559055118111
0
LINE
8
BLACK
6
CONTINUOUS
10
-1.921101653543307
20
3.3650596850393701
11
-1.9214743307086615
21
3.3646870472440944
0
LINE
8
BLACK
6
CONTINUOUS
10
-1.9214743307086615
20
3.3646870472440944
11
-1.9221123228346457
21
3.3634110236220471
0
LINE
8
BLACK
6
CONTINUOUS
10
-1.9221123228346457
20
3.3634110236220471
11
-1.922910748031496
21
3.3602173228346457
0
LINE
8
BLACK
6
CONTINUOUS
10
-1.922910748031496
20
3.3602173228346457
11
-1.922910748031496
21
3.3561363385826772
0
LINE
8
BLACK
6
CONTINUOUS
10
-1.922910748031496
20
3.3561363385826772
11
-1.9221123228346457
21
3.3529426377952753
0
LINE
8
BLACK
6
CONTINUOUS
10
-1.9221123228346457
20
3.3529426377952753
11
-1.9214742913385827
21
3.3516665748031493
0
LINE
8
BLACK
6
CONTINUOUS
10
-1.9214742913385827
20
3.3516665748031493
11
-1.9211016929133857
21
3.3512939763779528
0
LINE
8
BLACK
6
CONTINUOUS
10
-1.9211016929133857
20
3.3512939763779528
11
-1.9201035826771653
21
3.3507949212598422
0
LINE
8
BLACK
6
CONTINUOUS
10
-1.9201035826771653
20
3.3507949212598422
11
-1.9193905511811022
21
3.3507949212598422
0
LINE
8
BLACK
6
CONTINUOUS
10
-1.9193905511811022
20
3.3507949212598422
11
-1.9183924803149606
21
3.3512939763779528
0
LINE
8
BLACK
6
CONTINUOUS
10
-1.9183924803149606
20
3.3512939763779528
11
-1.918019842519685
21
3.3516666535433068
0
LINE
8
BLACK
6
CONTINUOUS
10
-1.918019842519685
20
3.3516666535433068
11
-1.9173818503937008
21
3.3529425984251966
0
LINE
8
BLACK
6
CONTINUOUS
10
-1.9173818503937008
20
3.3529425984251966
11
-1.9165834251968503
21
3.3561362598425197
0
LINE
8
BLACK
6
CONTINUOUS
10
-1.9165834251968503
20
3.3561362598425197
11
-1.9165834251968503
21
3.3602174015748032
0
LINE
8
BLACK
6
CONTINUOUS
10
-1.9165834251968503
20
3.3602174015748032
11
-1.9173818503937008
21
3.3634110629921259
0
LINE
8
BLACK
6
CONTINUOUS
10
-1.9173818503937008
20
3.3634110629921259
11
-1.9180198031496063
21
3.3646869685039369
0
LINE
8
BLACK
6
CONTINUOUS
10
-1.9180198031496063
20
3.3646869685039369
11
-1.9183924803149606
21
3.3650596456692914
0
LINE
8
BLACK
6
CONTINUOUS
10
-1.9183924803149606
20
3.3650596456692914
11
-1.9193905511811022
21
3.3655587007874015
0
LINE
8
BLACK
6
CONTINUOUS
10
-1.9193905511811022
20
3.3655587007874015
11
-1.9201036220472441
21
3.3655587007874015
0
LINE
8
BLACK
6
CONTINUOUS
10
-1.9201036220472441
20
3.3655587007874015
11
-1.921101653543307
21
3.3650596850393701
0
LINE
8
BLACK
6
CONTINUOUS
10
-1.851856968503937
20
3.3689609842519683
11
-1.8516696456692914
21
3.3680193307086612
0
LINE
8
BLACK
6
CONTINUOUS
10
-1.8516696456692914
20
3.3680193307086612
11
-1.8516696456692914
21
3.35266468503937
0
LINE
8
BLACK
6
CONTINUOUS
10
-1.8516696456692914
20
3.35266468503937
11
-1.851170590551181
21
3.3516665748031493
0
LINE
8
BLACK
6
CONTINUOUS
10
-1.851170590551181
20
3.3516665748031493
11
-1.8507979921259843
21
3.3512939763779528
0
LINE
8
BLACK
6
CONTINUOUS
10
-1.8507979921259843
20
3.3512939763779528
11
-1.8497998818897636
21
3.3507949212598422
0
LINE
8
BLACK
6
CONTINUOUS
10
-1.8497998818897636
20
3.3507949212598422
11
-1.8472120866141732
21
3.3507949212598422
0
LINE
8
BLACK
6
CONTINUOUS
10
-1.8472120866141732
20
3.3507949212598422
11
-1.8462140157480313
21
3.3512939763779528
0
LINE
8
BLACK
6
CONTINUOUS
10
-1.8462140157480313
20
3.3512939763779528
11
-1.8458413779527558
21
3.3516666535433068
0
LINE
8
BLACK
6
CONTINUOUS
10
-1.8458413779527558
20
3.3516666535433068
11
-1.8453423228346457
21
3.35266468503937
0
LINE
8
BLACK
6
CONTINUOUS
10
-1.8453423228346457
20
3.35266468503937
11
-1.8453423228346457
21
3.3680193307086612
0
LINE
8
BLACK
6
CONTINUOUS
10
-1.8453423228346457
20
3.3680193307086612
11
-1.8451549999999999
21
3.3689609842519683
0
LINE
8
BLACK
6
CONTINUOUS
10
-1.8451549999999999
20
3.3689609842519683
11
-1.8438233464566929
21
3.3702926377952753
0
LINE
8
BLACK
6
CONTINUOUS
10
-1.8438233464566929
20
3.3702926377952753
11
-1.8419400393700787
21
3.3702926377952753
0
LINE
8
BLACK
6
CONTINUOUS
10
-1.8419400393700787
20
3.3702926377952753
11
-1.8406083858267717
21
3.3689609842519683
0
LINE
8
BLACK
6
CONTINUOUS
10
-1.8406083858267717
20
3.3689609842519683
11
-1.840421062992126
21
3.3680193307086612
0
LINE
8
BLACK
6
CONTINUOUS
10
-1.840421062992126
20
3.3680193307086612
11
-1.840421062992126
21
3.3520838188976376
0
LINE
8
BLACK
6
CONTINUOUS
10
-1.840421062992126
20
3.3520838188976376
11
-1.8404451574803149
21
3.3519629133858269
0
LINE
8
BLACK
6
CONTINUOUS
10
-1.8404451574803149
20
3.3519629133858269
11
-1.840427283464567
21
3.3519093700787401
0
LINE
8
BLACK
6
CONTINUOUS
10
-1.840427283464567
20
3.3519093700787401
11
-1.8405314566929134
21
3.3515290157480315
0
LINE
8
BLACK
6
CONTINUOUS
10
-1.8405314566929134
20
3.3515290157480315
11
-1.8406083858267717
21
3.3511421653543305
0
LINE
8
BLACK
6
CONTINUOUS
10
-1.8406083858267717
20
3.3511421653543305
11
-1.8406483070866142
21
3.351102283464567
0
LINE
8
BLACK
6
CONTINUOUS
10
-1.8406483070866142
20
3.351102283464567
11
-1.8406808267716535
21
3.3509833858267717
0
LINE
8
BLACK
6
CONTINUOUS
10
-1.8406808267716535
20
3.3509833858267717
11
-1.8416182677165354
21
3.3491086220472441
0
LINE
8
BLACK
6
CONTINUOUS
10
-1.8416182677165354
20
3.3491086220472441
11
-1.8418599606299213
21
3.3487972834645667
0
LINE
8
BLACK
6
CONTINUOUS
10
-1.8418599606299213
20
3.3487972834645667
11
-1.8420791338582676
21
3.3484691732283465
0
LINE
8
BLACK
6
CONTINUOUS
10
-1.8420791338582676
20
3.3484691732283465
11
-1.843016496062992
21
3.3475317716535433
0
LINE
8
BLACK
6
CONTINUOUS
10
-1.843016496062992
20
3.3475317716535433
11
-1.8433444881889762
21
3.3473126377952753
0
LINE
8
BLACK
6
CONTINUOUS
10
-1.8433444881889762
20
3.3473126377952753
11
-1.8436560629921259
21
3.3470707874015746
0
LINE
8
BLACK
6
CONTINUOUS
10
-1.8436560629921259
20
3.3470707874015746
11
-1.8455308267716535
21
3.3461334251968502
0
LINE
8
BLACK
6
CONTINUOUS
10
-1.8455308267716535
20
3.3461334251968502
11
-1.84564968503937
21
3.3461009055118112
0
LINE
8
BLACK
6
CONTINUOUS
10
-1.84564968503937
20
3.3461009055118112
11
-1.8456895669291338
21
3.3460609842519684
0
LINE
8
BLACK
6
CONTINUOUS
10
-1.8456895669291338
20
3.3460609842519684
11
-1.8460762598425196
21
3.3459840944881889
0
LINE
8
BLACK
6
CONTINUOUS
10
-1.8460762598425196
20
3.3459840944881889
11
-1.8464568110236219
21
3.3458798425196852
0
LINE
8
BLACK
6
CONTINUOUS
10
-1.8464568110236219
20
3.3458798425196852
11
-1.8465103937007874
21
3.3458977165354331
0
LINE
8
BLACK
6
CONTINUOUS
10
-1.8465103937007874
20
3.3458977165354331
11
-1.8466312204724409
21
3.3458736614173228
0
LINE
8
BLACK
6
CONTINUOUS
10
-1.8466312204724409
20
3.3458736614173228
11
-1.850380748031496
21
3.3458736614173228
0
LINE
8
BLACK
6
CONTINUOUS
10
-1.850380748031496
20
3.3458736614173228
11
-1.8505016929133857
21
3.3458977165354331
0
LINE
8
BLACK
6
CONTINUOUS
10
-1.8505016929133857
20
3.3458977165354331
11
-1.850555157480315
21
3.3458798818897635
0
LINE
8
BLACK
6
CONTINUOUS
10
-1.850555157480315
20
3.3458798818897635
11
-1.8509355118110236
21
3.3459840551181101
0
LINE
8
BLACK
6
CONTINUOUS
10
-1.8509355118110236
20
3.3459840551181101
11
-1.8513224015748031
21
3.3460609842519684
0
LINE
8
BLACK
6
CONTINUOUS
10
-1.8513224015748031
20
3.3460609842519684
11
-1.8513623228346456
21
3.3461009055118112
0
LINE
8
BLACK
6
CONTINUOUS
10
-1.8513623228346456
20
3.3461009055118112
11
-1.8514811811023622
21
3.3461334251968502
0
LINE
8
BLACK
6
CONTINUOUS
10
-1.8514811811023622
20
3.3461334251968502
11
-1.853355905511811
21
3.3470707874015746
0
LINE
8
BLACK
6
CONTINUOUS
10
-1.853355905511811
20
3.3470707874015746
11
-1.8536676377952757
21
3.3473127165354328
0
LINE
8
BLACK
6
CONTINUOUS
10
-1.8536676377952757
20
3.3473127165354328
11
-1.8539954330708661
21
3.3475317322834646
0
LINE
8
BLACK
6
CONTINUOUS
10
-1.8539954330708661
20
3.3475317322834646
11
-1.8549328346456693
21
3.3484691338582677
0
LINE
8
BLACK
6
CONTINUOUS
10
-1.8549328346456693
20
3.3484691338582677
11
-1.8551519291338583
21
3.3487970472440942
0
LINE
8
BLACK
6
CONTINUOUS
10
-1.8551519291338583
20
3.3487970472440942
11
-1.855393779527559
21
3.3491086614173229
0
LINE
8
BLACK
6
CONTINUOUS
10
-1.855393779527559
20
3.3491086614173229
11
-1.8563311417322834
21
3.3509834251968504
0
LINE
8
BLACK
6
CONTINUOUS
10
-1.8563311417322834
20
3.3509834251968504
11
-1.8563637007874014
21
3.351102283464567
0
LINE
8
BLACK
6
CONTINUOUS
10
-1.8563637007874014
20
3.351102283464567
11
-1.8564035826771652
21
3.3511421653543305
0
LINE
8
BLACK
6
CONTINUOUS
10
-1.8564035826771652
20
3.3511421653543305
11
-1.8564805118110235
21
3.3515288582677165
0
LINE
8
BLACK
6
CONTINUOUS
10
-1.8564805118110235
20
3.3515288582677165
11
-1.8565847244094489
21
3.3519094094488189
0
LINE
8
BLACK
6
CONTINUOUS
10
-1.8565847244094489
20
3.3519094094488189
11
-1.8565668897637795
21
3.3519629921259844
0
LINE
8
BLACK
6
CONTINUOUS
10
-1.8565668897637795
20
3.3519629921259844
11
-1.8565909055118111
21
3.3520838188976376
0
LINE
8
BLACK
6
CONTINUOUS
10
-1.8565909055118111
20
3.3520838188976376
11
-1.8565909055118111
21
3.3680193307086612
0
LINE
8
BLACK
6
CONTINUOUS
10
-1.8565909055118111
20
3.3680193307086612
11
-1.8564035826771652
21
3.3689609842519683
0
LINE
8
BLACK
6
CONTINUOUS
10
-1.8564035826771652
20
3.3689609842519683
11
-1.8550719291338582
21
3.3702926377952753
0
LINE
8
BLACK
6
CONTINUOUS
10
-1.8550719291338582
20
3.3702926377952753
11
-1.853188622047244
21
3.3702926377952753
0
LINE
8
BLACK
6
CONTINUOUS
10
-1.853188622047244
20
3.3702926377952753
11
-1.851856968503937
21
3.3689609842519683
0
LINE
8
BLACK
6
CONTINUOUS
10
-1.8663814173228346
20
3.3701248425196848
11
-1.8656414566929134
21
3.369878188976378
0
LINE
8
BLACK
6
CONTINUOUS
10
-1.8656414566929134
20
3.369878188976378
11
-1.8655592519685038
21
3.3697137795275589
0
LINE
8
BLACK
6
CONTINUOUS
10
-1.8655592519685038
20
3.3697137795275589
11
-1.8653948031496062
21
3.3696315354330708
0
LINE
8
BLACK
6
CONTINUOUS
10
-1.8653948031496062
20
3.3696315354330708
11
-1.8649192913385826
21
3.3687974409448818
0
LINE
8
BLACK
6
CONTINUOUS
10
-1.8649192913385826
20
3.3687974409448818
11
-1.8583576377952755
21
3.3491124015748031
0
LINE
8
BLACK
6
CONTINUOUS
10
-1.8583576377952755
20
3.3491124015748031
11
-1.8582375984251969
21
3.348159842519685
0
LINE
8
BLACK
6
CONTINUOUS
10
-1.8582375984251969
20
3.348159842519685
11
-1.8590798031496063
21
3.3464754330708661
0
LINE
8
BLACK
6
CONTINUOUS
10
-1.8590798031496063
20
3.3464754330708661
11
-1.8608664566929134
21
3.3458798818897635
0
LINE
8
BLACK
6
CONTINUOUS
10
-1.8608664566929134
20
3.3458798818897635
11
-1.8625508661417323
21
3.3467220866141734
0
LINE
8
BLACK
6
CONTINUOUS
10
-1.8625508661417323
20
3.3467220866141734
11
-1.8630263779527558
21
3.347556181102362
0
LINE
8
BLACK
6
CONTINUOUS
10
-1.8630263779527558
20
3.347556181102362
11
-1.8643403149606299
21
3.3514979527559055
0
LINE
8
BLACK
6
CONTINUOUS
10
-1.8643403149606299
20
3.3514979527559055
11
-1.8701670472440945
21
3.3514979527559055
0
LINE
8
BLACK
6
CONTINUOUS
10
-1.8701670472440945
20
3.3514979527559055
11
-1.8714809842519684
21
3.347556181102362
0
LINE
8
BLACK
6
CONTINUOUS
10
-1.8714809842519684
20
3.347556181102362
11
-1.8719564960629922
21
3.3467220866141734
0
LINE
8
BLACK
6
CONTINUOUS
10
-1.8719564960629922
20
3.3467220866141734
11
-1.8736409055118111
21
3.3458798818897635
0
LINE
8
BLACK
6
CONTINUOUS
10
-1.8736409055118111
20
3.3458798818897635
11
-1.8754275590551182
21
3.3464754330708661
0
LINE
8
BLACK
6
CONTINUOUS
10
-1.8754275590551182
20
3.3464754330708661
11
-1.8762697637795276
21
3.348159842519685
0
LINE
8
BLACK
6
CONTINUOUS
10
-1.8762697637795276
20
3.348159842519685
11
-1.8761497244094487
21
3.3491124015748031
0
LINE
8
BLACK
6
CONTINUOUS
10
-1.8761497244094487
20
3.3491124015748031
11
-1.8695880314960629
21
3.3687974409448818
0
LINE
8
BLACK
6
CONTINUOUS
10
-1.8695880314960629
20
3.3687974409448818
11
-1.8691125196850393
21
3.3696315354330708
0
LINE
8
BLACK
6
CONTINUOUS
10
-1.8691125196850393
20
3.3696315354330708
11
-1.8689481102362204
21
3.3697137795275589
0
LINE
8
BLACK
6
CONTINUOUS
10
-1.8689481102362204
20
3.3697137795275589
11
-1.8688658661417323
21
3.369878188976378
0
LINE
8
BLACK
6
CONTINUOUS
10
-1.8688658661417323
20
3.369878188976378
11
-1.8681259055118109
21
3.3701248425196848
0
LINE
8
BLACK
6
CONTINUOUS
10
-1.8681259055118109
20
3.3701248425196848
11
-1.8674281102362205
21
3.3704737401574802
0
LINE
8
BLACK
6
CONTINUOUS
10
-1.8674281102362205
20
3.3704737401574802
11
-1.8672536614173227
21
3.3704155905511812
0
LINE
8
BLACK
6
CONTINUOUS
10
-1.8672536614173227
20
3.3704155905511812
11
-1.8670792125984252
21
3.3704737401574802
0
LINE
8
BLACK
6
CONTINUOUS
10
-1.8670792125984252
20
3.3704737401574802
11
-1.8663814173228346
21
3.3701248425196848
0
LINE
8
BLACK
6
CONTINUOUS
10
-1.8685266141732284
20
3.3564192125984249
11
-1.8659807086614173
21
3.3564192125984249
0
LINE
8
BLACK
6
CONTINUOUS
10
-1.8659807086614173
20
3.3564192125984249
11
-1.8672537007874015
21
3.3602381102362204
0
LINE
8
BLACK
6
CONTINUOUS
10
-1.8672537007874015
20
3.3602381102362204
11
-1.8685266141732284
21
3.3564192125984249
0
LINE
8
BLACK
6
CONTINUOUS
10
-2.2955098818897639
20
3.3702926377952753
11
-2.2951718897637794
21
3.3702926377952753
0
LINE
8
BLACK
6
CONTINUOUS
10
-2.2951718897637794
20
3.3702926377952753
11
-2.2947212204724408
21
3.3698419685039371
0
LINE
8
BLACK
6
CONTINUOUS
10
-2.2947212204724408
20
3.3698419685039371
11
-2.2941681102362206
21
3.3695259055118107
0
LINE
8
BLACK
6
CONTINUOUS
10
-2.2941681102362206
20
3.3695259055118107
11
-2.2940792125984251
21
3.369199960629921
0
LINE
8
BLACK
6
CONTINUOUS
10
-2.2940792125984251
20
3.369199960629921
11
-2.2938402362204724
21
3.3689609842519683
0
LINE
8
BLACK
6
CONTINUOUS
10
-2.2938402362204724
20
3.3689609842519683
11
-2.2936529133858268
21
3.3680193307086612
0
LINE
8
BLACK
6
CONTINUOUS
10
-2.2936529133858268
20
3.3680193307086612
11
-2.2936529133858268
21
3.3483342913385825
0
LINE
8
BLACK
6
CONTINUOUS
10
-2.2936529133858268
20
3.3483342913385825
11
-2.2938402362204724
21
3.3473926377952754
0
LINE
8
BLACK
6
CONTINUOUS
10
-2.2938402362204724
20
3.3473926377952754
11
-2.2951718897637794
21
3.3460609842519684
0
LINE
8
BLACK
6
CONTINUOUS
10
-2.2951718897637794
20
3.3460609842519684
11
-2.2970551968503936
21
3.3460609842519684
0
LINE
8
BLACK
6
CONTINUOUS
10
-2.2970551968503936
20
3.3460609842519684
11
-2.2983868503937006
21
3.3473926377952754
0
LINE
8
BLACK
6
CONTINUOUS
10
-2.2983868503937006
20
3.3473926377952754
11
-2.2985741732283462
21
3.3483342913385825
0
LINE
8
BLACK
6
CONTINUOUS
10
-2.2985741732283462
20
3.3483342913385825
11
-2.2985741732283462
21
3.3587537007874015
0
LINE
8
BLACK
6
CONTINUOUS
10
-2.2985741732283462
20
3.3587537007874015
11
-2.3052257086614172
21
3.3471134645669292
0
LINE
8
BLACK
6
CONTINUOUS
10
-2.3052257086614172
20
3.3471134645669292
11
-2.3058555511811023
21
3.3463888188976378
0
LINE
8
BLACK
6
CONTINUOUS
10
-2.3058555511811023
20
3.3463888188976378
11
-2.3061815748031496
21
3.3462999212598423
0
LINE
8
BLACK
6
CONTINUOUS
10
-2.3061815748031496
20
3.3462999212598423
11
-2.3064204724409447
21
3.3460609842519684
0
LINE
8
BLACK
6
CONTINUOUS
10
-2.3064204724409447
20
3.3460609842519684
11
-2.3070575984251969
21
3.3460609842519684
0
LINE
8
BLACK
6
CONTINUOUS
10
-2.3070575984251969
20
3.3460609842519684
11
-2.3076724015748029
21
3.3458933070866141
0
LINE
8
BLACK
6
CONTINUOUS
10
-2.3076724015748029
20
3.3458933070866141
11
-2.3079658267716536
21
3.3460609842519684
0
LINE
8
BLACK
6
CONTINUOUS
10
-2.3079658267716536
20
3.3460609842519684
11
-2.3083037795275589
21
3.3460609842519684
0
LINE
8
BLACK
6
CONTINUOUS
10
-2.3083037795275589
20
3.3460609842519684
11
-2.3087544094488188
21
3.3465116141732283
0
LINE
8
BLACK
6
CONTINUOUS
10
-2.3087544094488188
20
3.3465116141732283
11
-2.309307598425197
21
3.346827716535433
0
LINE
8
BLACK
6
CONTINUOUS
10
-2.309307598425197
20
3.346827716535433
11
-2.3093965354330708
21
3.3471537401574802
0
LINE
8
BLACK
6
CONTINUOUS
10
-2.3093965354330708
20
3.3471537401574802
11
-2.3096354330708659
21
3.3473926377952754
0
LINE
8
BLACK
6
CONTINUOUS
10
-2.3096354330708659
20
3.3473926377952754
11
-2.3098227559055116
21
3.3483342913385825
0
LINE
8
BLACK
6
CONTINUOUS
10
-2.3098227559055116
20
3.3483342913385825
11
-2.3098227559055116
21
3.3680193307086612
0
LINE
8
BLACK
6
CONTINUOUS
10
-2.3098227559055116
20
3.3680193307086612
11
-2.3096354330708659
21
3.3689609842519683
0
LINE
8
BLACK
6
CONTINUOUS
10
-2.3096354330708659
20
3.3689609842519683
11
-2.3083037795275589
21
3.3702926377952753
0
LINE
8
BLACK
6
CONTINUOUS
10
-2.3083037795275589
20
3.3702926377952753
11
-2.3064204724409447
21
3.3702926377952753
0
LINE
8
BLACK
6
CONTINUOUS
10
-2.3064204724409447
20
3.3702926377952753
11
-2.3050888188976377
21
3.3689609842519683
0
LINE
8
BLACK
6
CONTINUOUS
10
-2.3050888188976377
20
3.3689609842519683
11
-2.3049014960629921
21
3.3680193307086612
0
LINE
8
BLACK
6
CONTINUOUS
10
-2.3049014960629921
20
3.3680193307086612
11
-2.3049014960629921
21
3.3575999606299214
0
LINE
8
BLACK
6
CONTINUOUS
10
-2.3049014960629921
20
3.3575999606299214
11
-2.2982499606299212
21
3.3692401181102363
0
LINE
8
BLACK
6
CONTINUOUS
10
-2.2982499606299212
20
3.3692401181102363
11
-2.2976201574803148
21
3.3699647637795276
0
LINE
8
BLACK
6
CONTINUOUS
10
-2.2976201574803148
20
3.3699647637795276
11
-2.2972941732283463
21
3.3700537007874014
0
LINE
8
BLACK
6
CONTINUOUS
10
-2.2972941732283463
20
3.3700537007874014
11
-2.2970551968503936
21
3.3702926377952753
0
LINE
8
BLACK
6
CONTINUOUS
10
-2.2970551968503936
20
3.3702926377952753
11
-2.2964179527559057
21
3.3702926377952753
0
LINE
8
BLACK
6
CONTINUOUS
10
-2.2964179527559057
20
3.3702926377952753
11
-2.2958032677165354
21
3.3704602755905513
0
LINE
8
BLACK
6
CONTINUOUS
10
-2.2958032677165354
20
3.3704602755905513
11
-2.2955098818897639
21
3.3702926377952753
0
LINE
8
BLACK
6
CONTINUOUS
10
-1.9450521259842519
20
3.3702926377952753
11
-1.9437204724409449
21
3.3689609842519683
0
LINE
8
BLACK
6
CONTINUOUS
10
-1.9437204724409449
20
3.3689609842519683
11
-1.9437204724409449
21
3.3670776771653541
0
LINE
8
BLACK
6
CONTINUOUS
10
-1.9437204724409449
20
3.3670776771653541
11
-1.9450521259842519
21
3.3657460236220471
0
LINE
8
BLACK
6
CONTINUOUS
10
-1.9450521259842519
20
3.3657460236220471
11
-1.945993779527559
21
3.3655587007874015
0
LINE
8
BLACK
6
CONTINUOUS
10
-1.945993779527559
20
3.3655587007874015
11
-1.9491574409448817
21
3.3655587007874015
0
LINE
8
BLACK
6
CONTINUOUS
10
-1.9491574409448817
20
3.3655587007874015
11
-1.9491574409448817
21
3.3483342913385825
0
LINE
8
BLACK
6
CONTINUOUS
10
-1.9491574409448817
20
3.3483342913385825
11
-1.9493447637795276
21
3.3473926377952754
0
LINE
8
BLACK
6
CONTINUOUS
10
-1.9493447637795276
20
3.3473926377952754
11
-1.9506764173228346
21
3.3460609842519684
0
LINE
8
BLACK
6
CONTINUOUS
10
-1.9506764173228346
20
3.3460609842519684
11
-1.9525597244094488
21
3.3460609842519684
0
LINE
8
BLACK
6
CONTINUOUS
10
-1.9525597244094488
20
3.3460609842519684
11
-1.9538913779527558
21
3.3473926377952754
0
LINE
8
BLACK
6
CONTINUOUS
10
-1.9538913779527558
20
3.3473926377952754
11
-1.9540787007874014
21
3.3483342913385825
0
LINE
8
BLACK
6
CONTINUOUS
10
-1.9540787007874014
20
3.3483342913385825
11
-1.9540787007874014
21
3.3655587007874015
0
LINE
8
BLACK
6
CONTINUOUS
10
-1.9540787007874014
20
3.3655587007874015
11
-1.9572423622047244
21
3.3655587007874015
0
LINE
8
BLACK
6
CONTINUOUS
10
-1.9572423622047244
20
3.3655587007874015
11
-1.9581840157480315
21
3.3657460236220471
0
LINE
8
BLACK
6
CONTINUOUS
10
-1.9581840157480315
20
3.3657460236220471
11
-1.9595156692913385
21
3.3670776771653541
0
LINE
8
BLACK
6
CONTINUOUS
10
-1.9595156692913385
20
3.3670776771653541
11
-1.9595156692913385
21
3.3675411811023621
0
LINE
8
BLACK
6
CONTINUOUS
10
-1.9595156692913385
20
3.3675411811023621
11
-1.9598818897637795
21
3.3666544094488189
0
LINE
8
BLACK
6
CONTINUOUS
10
-1.9598818897637795
20
3.3666544094488189
11
-1.9655336220472441
21
3.3581768110236219
0
LINE
8
BLACK
6
CONTINUOUS
10
-1.9655336220472441
20
3.3581768110236219
11
-1.9598818897637795
21
3.3496992125984253
0
LINE
8
BLACK
6
CONTINUOUS
10
-1.9598818897637795
20
3.3496992125984253
11
-1.9595153937007874
21
3.348811811023622
0
LINE
8
BLACK
6
CONTINUOUS
10
-1.9595153937007874
20
3.348811811023622
11
-1.9598847637795276
21
3.3469651181102362
0
LINE
8
BLACK
6
CONTINUOUS
10
-1.9598847637795276
20
3.3469651181102362
11
-1.9614517716535433
21
3.3459204330708663
0
LINE
8
BLACK
6
CONTINUOUS
10
-1.9614517716535433
20
3.3459204330708663
11
-1.9632984251968504
21
3.346289803149606
0
LINE
8
BLACK
6
CONTINUOUS
10
-1.9632984251968504
20
3.346289803149606
11
-1.9639766141732282
21
3.3469693700787402
0
LINE
8
BLACK
6
CONTINUOUS
10
-1.9639766141732282
20
3.3469693700787402
11
-1.9684909448818897
21
3.3537408661417323
0
LINE
8
BLACK
6
CONTINUOUS
10
-1.9684909448818897
20
3.3537408661417323
11
-1.9730052362204724
21
3.3469693700787402
0
LINE
8
BLACK
6
CONTINUOUS
10
-1.9730052362204724
20
3.3469693700787402
11
-1.9736834251968502
21
3.346289803149606
0
LINE
8
BLACK
6
CONTINUOUS
10
-1.9736834251968502
20
3.346289803149606
11
-1.9755300787401575
21
3.3459204330708663
0
LINE
8
BLACK
6
CONTINUOUS
10
-1.9755300787401575
20
3.3459204330708663
11
-1.9770970866141733
21
3.3469651181102362
0
LINE
8
BLACK
6
CONTINUOUS
10
-1.9770970866141733
20
3.3469651181102362
11
-1.9774664566929134
21
3.3488117716535433
0
LINE
8
BLACK
6
CONTINUOUS
10
-1.9774664566929134
20
3.3488117716535433
11
-1.9770999606299211
21
3.3496992125984253
0
LINE
8
BLACK
6
CONTINUOUS
10
-1.9770999606299211
20
3.3496992125984253
11
-1.9714482677165355
21
3.3581768110236219
0
LINE
8
BLACK
6
CONTINUOUS
10
-1.9714482677165355
20
3.3581768110236219
11
-1.9770999606299211
21
3.3666544094488189
0
LINE
8
BLACK
6
CONTINUOUS
10
-1.9770999606299211
20
3.3666544094488189
11
-1.9774664566929134
21
3.3675418503937009
0
LINE
8
BLACK
6
CONTINUOUS
10
-1.9774664566929134
20
3.3675418503937009
11
-1.9770970866141733
21
3.369388503937008
0
LINE
8
BLACK
6
CONTINUOUS
10
-1.9770970866141733
20
3.369388503937008
11
-1.9755300787401575
21
3.3704331889763779
0
LINE
8
BLACK
6
CONTINUOUS
10
-1.9755300787401575
20
3.3704331889763779
11
-1.9736834251968502
21
3.3700638188976377
0
LINE
8
BLACK
6
CONTINUOUS
10
-1.9736834251968502
20
3.3700638188976377
11
-1.9730052362204724
21
3.369384251968504
0
LINE
8
BLACK
6
CONTINUOUS
10
-1.9730052362204724
20
3.369384251968504
11
-1.9684909448818897
21
3.3626127952755906
0
LINE
8
BLACK
6
CONTINUOUS
10
-1.9684909448818897
20
3.3626127952755906
11
-1.9639766141732282
21
3.369384251968504
0
LINE
8
BLACK
6
CONTINUOUS
10
-1.9639766141732282
20
3.369384251968504
11
-1.9632984251968504
21
3.3700638188976377
0
LINE
8
BLACK
6
CONTINUOUS
10
-1.9632984251968504
20
3.3700638188976377
11
-1.9614517716535433
21
3.3704331889763779
0
LINE
8
BLACK
6
CONTINUOUS
10
-1.9614517716535433
20
3.3704331889763779
11
-1.9598847637795276
21
3.369388503937008
0
LINE
8
BLACK
6
CONTINUOUS
10
-1.9598847637795276
20
3.369388503937008
11
-1.9595156692913385
21
3.3675431889763781
0
LINE
8
BLACK
6
CONTINUOUS
10
-1.9595156692913385
20
3.3675431889763781
11
-1.9595156692913385
21
3.3689609842519683
0
LINE
8
BLACK
6
CONTINUOUS
10
-1.9595156692913385
20
3.3689609842519683
11
-1.9581840157480315
21
3.3702926377952753
0
LINE
8
BLACK
6
CONTINUOUS
10
-1.9581840157480315
20
3.3702926377952753
11
-1.9572423622047244
21
3.3704799606299214
0
LINE
8
BLACK
6
CONTINUOUS
10
-1.9572423622047244
20
3.3704799606299214
11
-1.945993779527559
21
3.3704799606299214
0
LINE
8
BLACK
6
CONTINUOUS
10
-1.945993779527559
20
3.3704799606299214
11
-1.9450521259842519
21
3.3702926377952753
0
LINE
8
BLACK
6
CONTINUOUS
10
-1.8794353543307085
20
3.3702926377952753
11
-1.8781037007874015
21
3.3689609842519683
0
LINE
8
BLACK
6
CONTINUOUS
10
-1.8781037007874015
20
3.3689609842519683
11
-1.8779163779527559
21
3.3680193307086612
0
LINE
8
BLACK
6
CONTINUOUS
10
-1.8779163779527559
20
3.3680193307086612
11
-1.8779163779527559
21
3.3483342913385825
0
LINE
8
BLACK
6
CONTINUOUS
10
-1.8779163779527559
20
3.3483342913385825
11
-1.8781037007874015
21
3.3473926377952754
0
LINE
8
BLACK
6
CONTINUOUS
10
-1.8781037007874015
20
3.3473926377952754
11
-1.8794353543307085
21
3.3460609842519684
0
LINE
8
BLACK
6
CONTINUOUS
10
-1.8794353543307085
20
3.3460609842519684
11
-1.8813186614173227
21
3.3460609842519684
0
LINE
8
BLACK
6
CONTINUOUS
10
-1.8813186614173227
20
3.3460609842519684
11
-1.88265031496063
21
3.3473926377952754
0
LINE
8
BLACK
6
CONTINUOUS
10
-1.88265031496063
20
3.3473926377952754
11
-1.8828376377952756
21
3.3483342913385825
0
LINE
8
BLACK
6
CONTINUOUS
10
-1.8828376377952756
20
3.3483342913385825
11
-1.8828376377952756
21
3.3552474803149606
0
LINE
8
BLACK
6
CONTINUOUS
10
-1.8828376377952756
20
3.3552474803149606
11
-1.8837827952755906
21
3.3552474803149606
0
LINE
8
BLACK
6
CONTINUOUS
10
-1.8837827952755906
20
3.3552474803149606
11
-1.8896097637795275
21
3.3469232283464567
0
LINE
8
BLACK
6
CONTINUOUS
10
-1.8896097637795275
20
3.3469232283464567
11
-1.8903032283464567
21
3.346259212598425
0
LINE
8
BLACK
6
CONTINUOUS
10
-1.8903032283464567
20
3.346259212598425
11
-1.8921577952755906
21
3.3459319291338581
0
LINE
8
BLACK
6
CONTINUOUS
10
-1.8921577952755906
20
3.3459319291338581
11
-1.8937006692913385
21
3.347011929133858
0
LINE
8
BLACK
6
CONTINUOUS
10
-1.8937006692913385
20
3.347011929133858
11
-1.8940279527559054
21
3.3488664960629921
0
LINE
8
BLACK
6
CONTINUOUS
10
-1.8940279527559054
20
3.3488664960629921
11
-1.8936414173228346
21
3.3497453543307087
0
LINE
8
BLACK
6
CONTINUOUS
10
-1.8936414173228346
20
3.3497453543307087
11
-1.8894443700787402
21
3.3557412204724408
0
LINE
8
BLACK
6
CONTINUOUS
10
-1.8894443700787402
20
3.3557412204724408
11
-1.8908512598425196
21
3.3564446850393699
0
LINE
8
BLACK
6
CONTINUOUS
10
-1.8908512598425196
20
3.3564446850393699
11
-1.8911626377952755
21
3.356686377952756
0
LINE
8
BLACK
6
CONTINUOUS
10
-1.8911626377952755
20
3.356686377952756
11
-1.8914907086614172
21
3.3569055511811023
0
LINE
8
BLACK
6
CONTINUOUS
10
-1.8914907086614172
20
3.3569055511811023
11
-1.8924281102362204
21
3.3578429133858267
0
LINE
8
BLACK
6
CONTINUOUS
10
-1.8924281102362204
20
3.3578429133858267
11
-1.8926472834645669
21
3.3581709055118107
0
LINE
8
BLACK
6
CONTINUOUS
10
-1.8926472834645669
20
3.3581709055118107
11
-1.8928890944881889
21
3.3584824803149607
0
LINE
8
BLACK
6
CONTINUOUS
10
-1.8928890944881889
20
3.3584824803149607
11
-1.8938264566929133
21
3.3603572440944882
0
LINE
8
BLACK
6
CONTINUOUS
10
-1.8938264566929133
20
3.3603572440944882
11
-1.8938590157480315
21
3.3604761023622047
0
LINE
8
BLACK
6
CONTINUOUS
10
-1.8938590157480315
20
3.3604761023622047
11
-1.8938988976377953
21
3.3605159842519683
0
LINE
8
BLACK
6
CONTINUOUS
10
-1.8938988976377953
20
3.3605159842519683
11
-1.8939758267716535
21
3.3609026771653543
0
LINE
8
BLACK
6
CONTINUOUS
10
-1.8939758267716535
20
3.3609026771653543
11
-1.8940800393700787
21
3.3612832283464567
0
LINE
8
BLACK
6
CONTINUOUS
10
-1.8940800393700787
20
3.3612832283464567
11
-1.8940622047244093
21
3.3613368110236221
0
LINE
8
BLACK
6
CONTINUOUS
10
-1.8940622047244093
20
3.3613368110236221
11
-1.8940862204724409
21
3.3614576377952754
0
LINE
8
BLACK
6
CONTINUOUS
10
-1.8940862204724409
20
3.3614576377952754
11
-1.8940862204724409
21
3.3642698031496061
0
LINE
8
BLACK
6
CONTINUOUS
10
-1.8940862204724409
20
3.3642698031496061
11
-1.8940622047244093
21
3.3643906692913386
0
LINE
8
BLACK
6
CONTINUOUS
10
-1.8940622047244093
20
3.3643906692913386
11
-1.8940800393700787
21
3.3644442125984253
0
LINE
8
BLACK
6
CONTINUOUS
10
-1.8940800393700787
20
3.3644442125984253
11
-1.8939758267716535
21
3.3648248031496064
0
LINE
8
BLACK
6
CONTINUOUS
10
-1.8939758267716535
20
3.3648248031496064
11
-1.8938988976377953
21
3.3652114566929132
0
LINE
8
BLACK
6
CONTINUOUS
10
-1.8938988976377953
20
3.3652114566929132
11
-1.8938590157480315
21
3.365251377952756
0
LINE
8
BLACK
6
CONTINUOUS
10
-1.8938590157480315
20
3.365251377952756
11
-1.8938264566929133
21
3.3653701968503937
0
LINE
8
BLACK
6
CONTINUOUS
10
-1.8938264566929133
20
3.3653701968503937
11
-1.8928890944881889
21
3.3672449606299213
0
LINE
8
BLACK
6
CONTINUOUS
10
-1.8928890944881889
20
3.3672449606299213
11
-1.8926472834645669
21
3.3675565748031495
0
LINE
8
BLACK
6
CONTINUOUS
10
-1.8926472834645669
20
3.3675565748031495
11
-1.8924281102362204
21
3.3678845275590552
0
LINE
8
BLACK
6
CONTINUOUS
10
-1.8924281102362204
20
3.3678845275590552
11
-1.8914907086614172
21
3.3688218897637796
0
LINE
8
BLACK
6
CONTINUOUS
10
-1.8914907086614172
20
3.3688218897637796
11
-1.8911626377952755
21
3.3690411023622047
0
LINE
8
BLACK
6
CONTINUOUS
10
-1.8911626377952755
20
3.3690411023622047
11
-1.8908512598425196
21
3.3692827559055116
0
LINE
8
BLACK
6
CONTINUOUS
10
-1.8908512598425196
20
3.3692827559055116
11
-1.888976496062992
21
3.3702201968503935
0
LINE
8
BLACK
6
CONTINUOUS
10
-1.888976496062992
20
3.3702201968503935
11
-1.8888576377952755
21
3.3702527559055118
0
LINE
8
BLACK
6
CONTINUOUS
10
-1.8888576377952755
20
3.3702527559055118
11
-1.888817716535433
21
3.3702926377952753
0
LINE
8
BLACK
6
CONTINUOUS
10
-1.888817716535433
20
3.3702926377952753
11
-1.8884309055118109
21
3.3703696062992123
0
LINE
8
BLACK
6
CONTINUOUS
10
-1.8884309055118109
20
3.3703696062992123
11
-1.8880505118110236
21
3.3704737401574802
0
LINE
8
BLACK
6
CONTINUOUS
10
-1.8880505118110236
20
3.3704737401574802
11
-1.8879970078740158
21
3.3704559055118111
0
LINE
8
BLACK
6
CONTINUOUS
10
-1.8879970078740158
20
3.3704559055118111
11
-1.8878760629921258
21
3.3704799606299214
0
LINE
8
BLACK
6
CONTINUOUS
10
-1.8878760629921258
20
3.3704799606299214
11
-1.8803770078740156
21
3.3704799606299214
0
LINE
8
BLACK
6
CONTINUOUS
10
-1.8803770078740156
20
3.3704799606299214
11
-1.8794353543307085
21
3.3702926377952753
0
LINE
8
BLACK
6
CONTINUOUS
10
-1.8882932677165354
20
3.3650596850393701
11
-1.8886659448818897
21
3.3646870472440944
0
LINE
8
BLACK
6
CONTINUOUS
10
-1.8886659448818897
20
3.3646870472440944
11
-1.8891649606299212
21
3.3636889370078737
0
LINE
8
BLACK
6
CONTINUOUS
10
-1.8891649606299212
20
3.3636889370078737
11
-1.8891649606299212
21
3.3620385039370078
0
LINE
8
BLACK
6
CONTINUOUS
10
-1.8891649606299212
20
3.3620385039370078
11
-1.8886659448818897
21
3.3610404330708659
0
LINE
8
BLACK
6
CONTINUOUS
10
-1.8886659448818897
20
3.3610404330708659
11
-1.8882932677165354
21
3.3606677952755906
0
LINE
8
BLACK
6
CONTINUOUS
10
-1.8882932677165354
20
3.3606677952755906
11
-1.8872952362204725
21
3.3601687401574805
0
LINE
8
BLACK
6
CONTINUOUS
10
-1.8872952362204725
20
3.3601687401574805
11
-1.8828376377952756
21
3.3601687401574805
0
LINE
8
BLACK
6
CONTINUOUS
10
-1.8828376377952756
20
3.3601687401574805
11
-1.8828376377952756
21
3.3655587007874015
0
LINE
8
BLACK
6
CONTINUOUS
10
-1.8828376377952756
20
3.3655587007874015
11
-1.8872952362204725
21
3.3655587007874015
0
LINE
8
BLACK
6
CONTINUOUS
10
-1.8872952362204725
20
3.3655587007874015
11
-1.8882932677165354
21
3.3650596850393701
0
LINE
8
BLACK
6
CONTINUOUS
10
-1.8963082677165355
20
3.3702926377952753
11
-1.8949766141732283
21
3.3689609842519683
0
LINE
8
BLACK
6
CONTINUOUS
10
-1.8949766141732283
20
3.3689609842519683
11
-1.8949766141732283
21
3.3670776771653541
0
LINE
8
BLACK
6
CONTINUOUS
10
-1.8949766141732283
20
3.3670776771653541
11
-1.8963082677165355
21
3.3657460236220471
0
LINE
8
BLACK
6
CONTINUOUS
10
-1.8963082677165355
20
3.3657460236220471
11
-1.8972499212598424
21
3.3655587007874015
0
LINE
8
BLACK
6
CONTINUOUS
10
-1.8972499212598424
20
3.3655587007874015
11
-1.9004135826771653
21
3.3655587007874015
0
LINE
8
BLACK
6
CONTINUOUS
10
-1.9004135826771653
20
3.3655587007874015
11
-1.9004135826771653
21
3.3483342913385825
0
LINE
8
BLACK
6
CONTINUOUS
10
-1.9004135826771653
20
3.3483342913385825
11
-1.9006009055118109
21
3.3473926377952754
0
LINE
8
BLACK
6
CONTINUOUS
10
-1.9006009055118109
20
3.3473926377952754
11
-1.9019325590551182
21
3.3460609842519684
0
LINE
8
BLACK
6
CONTINUOUS
10
-1.9019325590551182
20
3.3460609842519684
11
-1.9038158661417321
21
3.3460609842519684
0
LINE
8
BLACK
6
CONTINUOUS
10
-1.9038158661417321
20
3.3460609842519684
11
-1.9051475196850394
21
3.3473926377952754
0
LINE
8
BLACK
6
CONTINUOUS
10
-1.9051475196850394
20
3.3473926377952754
11
-1.905334842519685
21
3.3483342913385825
0
LINE
8
BLACK
6
CONTINUOUS
10
-1.905334842519685
20
3.3483342913385825
11
-1.905334842519685
21
3.3655587007874015
0
LINE
8
BLACK
6
CONTINUOUS
10
-1.905334842519685
20
3.3655587007874015
11
-1.9084985039370079
21
3.3655587007874015
0
LINE
8
BLACK
6
CONTINUOUS
10
-1.9084985039370079
20
3.3655587007874015
11
-1.9094401574803148
21
3.3657460236220471
0
LINE
8
BLACK
6
CONTINUOUS
10
-1.9094401574803148
20
3.3657460236220471
11
-1.910771811023622
21
3.3670776771653541
0
LINE
8
BLACK
6
CONTINUOUS
10
-1.910771811023622
20
3.3670776771653541
11
-1.910771811023622
21
3.3689609842519683
0
LINE
8
BLACK
6
CONTINUOUS
10
-1.910771811023622
20
3.3689609842519683
11
-1.9094401574803148
21
3.3702926377952753
0
LINE
8
BLACK
6
CONTINUOUS
10
-1.9094401574803148
20
3.3702926377952753
11
-1.9084985039370079
21
3.3704799606299214
0
LINE
8
BLACK
6
CONTINUOUS
10
-1.9084985039370079
20
3.3704799606299214
11
-1.8972499212598424
21
3.3704799606299214
0
LINE
8
BLACK
6
CONTINUOUS
10
-1.8972499212598424
20
3.3704799606299214
11
-1.8963082677165355
21
3.3702926377952753
0
LINE
8
BLACK
6
CONTINUOUS
10
-1.7868678346456692
20
3.3825666141732285
11
-1.7863266535433071
21
3.3825666141732285
0
LINE
8
BLACK
6
CONTINUOUS
10
-1.7863266535433071
20
3.3825666141732285
11
-1.7860174409448819
21
3.3822574015748033
0
LINE
8
BLACK
6
CONTINUOUS
10
-1.7860174409448819
20
3.3822574015748033
11
-1.7856064173228345
21
3.3821079133858265
0
LINE
8
BLACK
6
CONTINUOUS
10
-1.7856064173228345
20
3.3821079133858265
11
-1.7853775984251967
21
3.3816175590551181
0
LINE
8
BLACK
6
CONTINUOUS
10
-1.7853775984251967
20
3.3816175590551181
11
-1.7849949606299211
21
3.3812349212598423
0
LINE
8
BLACK
6
CONTINUOUS
10
-1.7849949606299211
20
3.3812349212598423
11
-1.7849949606299211
21
3.3807976771653543
0
LINE
8
BLACK
6
CONTINUOUS
10
-1.7849949606299211
20
3.3807976771653543
11
-1.7848100393700788
21
3.3804013779527557
0
LINE
8
BLACK
6
CONTINUOUS
10
-1.7848100393700788
20
3.3804013779527557
11
-1.7849557874015747
21
3.3794524015748029
0
LINE
8
BLACK
6
CONTINUOUS
10
-1.7849557874015747
20
3.3794524015748029
11
-1.7884564960629921
21
3.3698254724409447
0
LINE
8
BLACK
6
CONTINUOUS
10
-1.7884564960629921
20
3.3698254724409447
11
-1.7788295669291339
21
3.3733261417322833
0
LINE
8
BLACK
6
CONTINUOUS
10
-1.7788295669291339
20
3.3733261417322833
11
-1.777880590551181
21
3.3734718897637794
0
LINE
8
BLACK
6
CONTINUOUS
10
-1.777880590551181
20
3.3734718897637794
11
-1.7774843307086614
21
3.3732869685039368
0
LINE
8
BLACK
6
CONTINUOUS
10
-1.7774843307086614
20
3.3732869685039368
11
-1.7770470472440945
21
3.3732869685039368
0
LINE
8
BLACK
6
CONTINUOUS
10
-1.7770470472440945
20
3.3732869685039368
11
-1.7766644488188976
21
3.3729043700787402
0
LINE
8
BLACK
6
CONTINUOUS
10
-1.7766644488188976
20
3.3729043700787402
11
-1.7761740551181102
21
3.3726755118110234
0
LINE
8
BLACK
6
CONTINUOUS
10
-1.7761740551181102
20
3.3726755118110234
11
-1.7760246062992127
21
3.372264527559055
0
LINE
8
BLACK
6
CONTINUOUS
10
-1.7760246062992127
20
3.372264527559055
11
-1.7757153543307087
21
3.3719552755905511
0
LINE
8
BLACK
6
CONTINUOUS
10
-1.7757153543307087
20
3.3719552755905511
11
-1.7757153543307087
21
3.3714141338582677
0
LINE
8
BLACK
6
CONTINUOUS
10
-1.7757153543307087
20
3.3714141338582677
11
-1.7755304330708661
21
3.3709055905511809
0
LINE
8
BLACK
6
CONTINUOUS
10
-1.7755304330708661
20
3.3709055905511809
11
-1.7757153543307087
21
3.3705093700787403
0
LINE
8
BLACK
6
CONTINUOUS
10
-1.7757153543307087
20
3.3705093700787403
11
-1.7757153543307087
21
3.3700720472440944
0
LINE
8
BLACK
6
CONTINUOUS
10
-1.7757153543307087
20
3.3700720472440944
11
-1.7762487401574802
21
3.3692737401574804
0
LINE
8
BLACK
6
CONTINUOUS
10
-1.7762487401574802
20
3.3692737401574804
11
-1.7901681496062991
21
3.3553543307086615
0
LINE
8
BLACK
6
CONTINUOUS
10
-1.7901681496062991
20
3.3553543307086615
11
-1.7909664566929133
21
3.3548209448818898
0
LINE
8
BLACK
6
CONTINUOUS
10
-1.7909664566929133
20
3.3548209448818898
11
-1.79284968503937
21
3.3548209448818898
0
LINE
8
BLACK
6
CONTINUOUS
10
-1.79284968503937
20
3.3548209448818898
11
-1.7941813779527558
21
3.3561526377952755
0
LINE
8
BLACK
6
CONTINUOUS
10
-1.7941813779527558
20
3.3561526377952755
11
-1.7941813779527558
21
3.3580358661417322
0
LINE
8
BLACK
6
CONTINUOUS
10
-1.7941813779527558
20
3.3580358661417322
11
-1.7936479921259842
21
3.3588341732283462
0
LINE
8
BLACK
6
CONTINUOUS
10
-1.7936479921259842
20
3.3588341732283462
11
-1.7875714173228345
21
3.3649107874015747
0
LINE
8
BLACK
6
CONTINUOUS
10
-1.7875714173228345
20
3.3649107874015747
11
-1.79173
21
3.3633985433070865
0
LINE
8
BLACK
6
CONTINUOUS
10
-1.79173
20
3.3633985433070865
11
-1.7923568110236221
21
3.3633022834645669
0
LINE
8
BLACK
6
CONTINUOUS
10
-1.7923568110236221
20
3.3633022834645669
11
-1.7924628346456692
21
3.3632527952755904
0
LINE
8
BLACK
6
CONTINUOUS
10
-1.7924628346456692
20
3.3632527952755904
11
-1.7925270472440944
21
3.3632761417322832
0
LINE
8
BLACK
6
CONTINUOUS
10
-1.7925270472440944
20
3.3632761417322832
11
-1.7926789763779527
21
3.3632527952755904
0
LINE
8
BLACK
6
CONTINUOUS
10
-1.7926789763779527
20
3.3632527952755904
11
-1.7934418110236221
21
3.3636087795275591
0
LINE
8
BLACK
6
CONTINUOUS
10
-1.7934418110236221
20
3.3636087795275591
11
-1.7942327559055118
21
3.3638963779527558
0
LINE
8
BLACK
6
CONTINUOUS
10
-1.7942327559055118
20
3.3638963779527558
11
-1.7942813779527558
21
3.3640005905511812
0
LINE
8
BLACK
6
CONTINUOUS
10
-1.7942813779527558
20
3.3640005905511812
11
-1.7943855511811022
21
3.3640491732283464
0
LINE
8
BLACK
6
CONTINUOUS
10
-1.7943855511811022
20
3.3640491732283464
11
-1.7946731889763778
21
3.3648401574803151
0
LINE
8
BLACK
6
CONTINUOUS
10
-1.7946731889763778
20
3.3648401574803151
11
-1.7950291338582676
21
3.3656029527559053
0
LINE
8
BLACK
6
CONTINUOUS
10
-1.7950291338582676
20
3.3656029527559053
11
-1.7950058267716535
21
3.3657549212598425
0
LINE
8
BLACK
6
CONTINUOUS
10
-1.7950058267716535
20
3.3657549212598425
11
-1.7950291338582676
21
3.3658190944881889
0
LINE
8
BLACK
6
CONTINUOUS
10
-1.7950291338582676
20
3.3658190944881889
11
-1.79497968503937
21
3.3659251574803148
0
LINE
8
BLACK
6
CONTINUOUS
10
-1.79497968503937
20
3.3659251574803148
11
-1.7948833858267716
21
3.3665519291338581
0
LINE
8
BLACK
6
CONTINUOUS
10
-1.7948833858267716
20
3.3665519291338581
11
-1.7933711811023623
21
3.3707105905511812
0
LINE
8
BLACK
6
CONTINUOUS
10
-1.7933711811023623
20
3.3707105905511812
11
-1.7994477559055118
21
3.3646339370078739
0
LINE
8
BLACK
6
CONTINUOUS
10
-1.7994477559055118
20
3.3646339370078739
11
-1.800246062992126
21
3.3641005511811022
0
LINE
8
BLACK
6
CONTINUOUS
10
-1.800246062992126
20
3.3641005511811022
11
-1.8021292913385827
21
3.3641005511811022
0
LINE
8
BLACK
6
CONTINUOUS
10
-1.8021292913385827
20
3.3641005511811022
11
-1.8034609842519684
21
3.3654322440944879
0
LINE
8
BLACK
6
CONTINUOUS
10
-1.8034609842519684
20
3.3654322440944879
11
-1.8034609842519684
21
3.3673154724409446
0
LINE
8
BLACK
6
CONTINUOUS
10
-1.8034609842519684
20
3.3673154724409446
11
-1.8029275984251969
21
3.3681137795275591
0
LINE
8
BLACK
6
CONTINUOUS
10
-1.8029275984251969
20
3.3681137795275591
11
-1.7890081889763778
21
3.3820332283464567
0
LINE
8
BLACK
6
CONTINUOUS
10
-1.7890081889763778
20
3.3820332283464567
11
-1.7882098818897638
21
3.3825666141732285
0
LINE
8
BLACK
6
CONTINUOUS
10
-1.7882098818897638
20
3.3825666141732285
11
-1.7877725984251969
21
3.3825666141732285
0
LINE
8
BLACK
6
CONTINUOUS
10
-1.7877725984251969
20
3.3825666141732285
11
-1.7873763385826771
21
3.3827515354330706
0
LINE
8
BLACK
6
CONTINUOUS
10
-1.7873763385826771
20
3.3827515354330706
11
-1.7868678346456692
21
3.3825666141732285
0
LINE
8
BLACK
6
CONTINUOUS
10
-1.7981221259842519
20
3.3946269685039367
11
-1.7901681496062991
21
3.3866730314960631
0
LINE
8
BLACK
6
CONTINUOUS
10
-1.7901681496062991
20
3.3866730314960631
11
-1.7896347637795276
21
3.3858747637795275
0
LINE
8
BLACK
6
CONTINUOUS
10
-1.7896347637795276
20
3.3858747637795275
11
-1.7896347637795276
21
3.383991496062992
0
LINE
8
BLACK
6
CONTINUOUS
10
-1.7896347637795276
20
3.383991496062992
11
-1.7909664566929133
21
3.3826598031496062
0
LINE
8
BLACK
6
CONTINUOUS
10
-1.7909664566929133
20
3.3826598031496062
11
-1.79284968503937
21
3.3826598031496062
0
LINE
8
BLACK
6
CONTINUOUS
10
-1.79284968503937
20
3.3826598031496062
11
-1.7936479921259842
21
3.383193188976378
0
LINE
8
BLACK
6
CONTINUOUS
10
-1.7936479921259842
20
3.383193188976378
11
-1.7958850787401575
21
3.3854302755905512
0
LINE
8
BLACK
6
CONTINUOUS
10
-1.7958850787401575
20
3.3854302755905512
11
-1.8080645669291338
21
3.3732507480314959
0
LINE
8
BLACK
6
CONTINUOUS
10
-1.8080645669291338
20
3.3732507480314959
11
-1.808862874015748
21
3.3727173622047242
0
LINE
8
BLACK
6
CONTINUOUS
10
-1.808862874015748
20
3.3727173622047242
11
-1.8107461023622047
21
3.3727173622047242
0
LINE
8
BLACK
6
CONTINUOUS
10
-1.8107461023622047
20
3.3727173622047242
11
-1.8120777952755904
21
3.3740490551181104
0
LINE
8
BLACK
6
CONTINUOUS
10
-1.8120777952755904
20
3.3740490551181104
11
-1.8120777952755904
21
3.3759322834645666
0
LINE
8
BLACK
6
CONTINUOUS
10
-1.8120777952755904
20
3.3759322834645666
11
-1.8115444094488189
21
3.3767305905511811
0
LINE
8
BLACK
6
CONTINUOUS
10
-1.8115444094488189
20
3.3767305905511811
11
-1.7993649212598424
21
3.3889101181102363
0
LINE
8
BLACK
6
CONTINUOUS
10
-1.7993649212598424
20
3.3889101181102363
11
-1.8016019685039371
21
3.3911471259842521
0
LINE
8
BLACK
6
CONTINUOUS
10
-1.8016019685039371
20
3.3911471259842521
11
-1.8021353543307086
21
3.391945433070866
0
LINE
8
BLACK
6
CONTINUOUS
10
-1.8021353543307086
20
3.391945433070866
11
-1.8021353543307086
21
3.3938286614173228
0
LINE
8
BLACK
6
CONTINUOUS
10
-1.8021353543307086
20
3.3938286614173228
11
-1.8008036614173228
21
3.3951603543307085
0
LINE
8
BLACK
6
CONTINUOUS
10
-1.8008036614173228
20
3.3951603543307085
11
-1.7989204330708661
21
3.3951603543307085
0
LINE
8
BLACK
6
CONTINUOUS
10
-1.7989204330708661
20
3.3951603543307085
11
-1.7981221259842519
21
3.3946269685039367
0
LINE
8
BLACK
6
CONTINUOUS
10
-1.8365662598425196
20
3.4025809448818896
11
-1.8262427952755904
21
3.3922574803149605
0
LINE
8
BLACK
6
CONTINUOUS
10
-1.8262427952755904
20
3.3922574803149605
11
-1.8259911811023621
21
3.3925090551181101
0
LINE
8
BLACK
6
CONTINUOUS
10
-1.8259911811023621
20
3.3925090551181101
11
-1.8241079527559054
21
3.3925090551181101
0
LINE
8
BLACK
6
CONTINUOUS
10
-1.8241079527559054
20
3.3925090551181101
11
-1.8233096456692912
21
3.3919756692913383
0
LINE
8
BLACK
6
CONTINUOUS
10
-1.8233096456692912
20
3.3919756692913383
11
-1.8184212598425196
21
3.3870872834645667
0
LINE
8
BLACK
6
CONTINUOUS
10
-1.8184212598425196
20
3.3870872834645667
11
-1.8062417716535433
21
3.3992667716535432
0
LINE
8
BLACK
6
CONTINUOUS
10
-1.8062417716535433
20
3.3992667716535432
11
-1.8054434645669291
21
3.3998001574803149
0
LINE
8
BLACK
6
CONTINUOUS
10
-1.8054434645669291
20
3.3998001574803149
11
-1.8035602362204723
21
3.3998001574803149
0
LINE
8
BLACK
6
CONTINUOUS
10
-1.8035602362204723
20
3.3998001574803149
11
-1.8022285433070866
21
3.3984684645669292
0
LINE
8
BLACK
6
CONTINUOUS
10
-1.8022285433070866
20
3.3984684645669292
11
-1.8022285433070866
21
3.3965852362204725
0
LINE
8
BLACK
6
CONTINUOUS
10
-1.8022285433070866
20
3.3965852362204725
11
-1.8027619291338581
21
3.395786929133858
0
LINE
8
BLACK
6
CONTINUOUS
10
-1.8027619291338581
20
3.395786929133858
11
-1.8166813385826772
21
3.3818675196850392
0
LINE
8
BLACK
6
CONTINUOUS
10
-1.8166813385826772
20
3.3818675196850392
11
-1.8174795275590552
21
3.3813342519685037
0
LINE
8
BLACK
6
CONTINUOUS
10
-1.8174795275590552
20
3.3813342519685037
11
-1.8174796456692912
21
3.3813340944881891
0
LINE
8
BLACK
6
CONTINUOUS
10
-1.8174796456692912
20
3.3813340944881891
11
-1.8193628740157479
21
3.3813340944881891
0
LINE
8
BLACK
6
CONTINUOUS
10
-1.8193628740157479
20
3.3813340944881891
11
-1.8201611811023621
21
3.3818675196850392
0
LINE
8
BLACK
6
CONTINUOUS
10
-1.8201611811023621
20
3.3818675196850392
11
-1.8265077165354331
21
3.3882140551181101
0
LINE
8
BLACK
6
CONTINUOUS
10
-1.8265077165354331
20
3.3882140551181101
11
-1.8267592913385826
21
3.3879624409448819
0
LINE
8
BLACK
6
CONTINUOUS
10
-1.8267592913385826
20
3.3879624409448819
11
-1.8286425196850393
21
3.3879624409448819
0
LINE
8
BLACK
6
CONTINUOUS
10
-1.8286425196850393
20
3.3879624409448819
11
-1.8294408267716535
21
3.3884958267716536
0
LINE
8
BLACK
6
CONTINUOUS
10
-1.8294408267716535
20
3.3884958267716536
11
-1.8400461023622048
21
3.3991011023622049
0
LINE
8
BLACK
6
CONTINUOUS
10
-1.8400461023622048
20
3.3991011023622049
11
-1.8405794881889763
21
3.3998994094488189
0
LINE
8
BLACK
6
CONTINUOUS
10
-1.8405794881889763
20
3.3998994094488189
11
-1.8405794881889763
21
3.4017826377952756
0
LINE
8
BLACK
6
CONTINUOUS
10
-1.8405794881889763
20
3.4017826377952756
11
-1.8392477952755906
21
3.4031143307086613
0
LINE
8
BLACK
6
CONTINUOUS
10
-1.8392477952755906
20
3.4031143307086613
11
-1.8373645669291339
21
3.4031143307086613
0
LINE
8
BLACK
6
CONTINUOUS
10
-1.8373645669291339
20
3.4031143307086613
11
-1.8365662598425196
21
3.4025809448818896
0
LINE
8
BLACK
6
CONTINUOUS
10
-2.3296675590551179
20
3.4214737401574804
11
-2.3283359055118109
21
3.420142086614173
0
LINE
8
BLACK
6
CONTINUOUS
10
-2.3283359055118109
20
3.420142086614173
11
-2.3283359055118109
21
3.4194565354330706
0
LINE
8
BLACK
6
CONTINUOUS
10
-2.3283359055118109
20
3.4194565354330706
11
-2.3275345275590551
21
3.4210592913385827
0
LINE
8
BLACK
6
CONTINUOUS
10
-2.3275345275590551
20
3.4210592913385827
11
-2.325747874015748
21
3.4216548425196849
0
LINE
8
BLACK
6
CONTINUOUS
10
-2.325747874015748
20
3.4216548425196849
11
-2.3240634645669291
21
3.4208126377952754
0
LINE
8
BLACK
6
CONTINUOUS
10
-2.3240634645669291
20
3.4208126377952754
11
-2.3235879527559056
21
3.4199785433070864
0
LINE
8
BLACK
6
CONTINUOUS
10
-2.3235879527559056
20
3.4199785433070864
11
-2.3193606692913384
21
3.4072966535433071
0
LINE
8
BLACK
6
CONTINUOUS
10
-2.3193606692913384
20
3.4072966535433071
11
-2.315133346456693
21
3.4199785433070864
0
LINE
8
BLACK
6
CONTINUOUS
10
-2.315133346456693
20
3.4199785433070864
11
-2.3146578346456694
21
3.4208126377952754
0
LINE
8
BLACK
6
CONTINUOUS
10
-2.3146578346456694
20
3.4208126377952754
11
-2.3129734251968501
21
3.4216548425196849
0
LINE
8
BLACK
6
CONTINUOUS
10
-2.3129734251968501
20
3.4216548425196849
11
-2.3111867716535435
21
3.4210592913385827
0
LINE
8
BLACK
6
CONTINUOUS
10
-2.3111867716535435
20
3.4210592913385827
11
-2.3103445669291336
21
3.4193748818897638
0
LINE
8
BLACK
6
CONTINUOUS
10
-2.3103445669291336
20
3.4193748818897638
11
-2.3104646062992127
21
3.4184223228346458
0
LINE
8
BLACK
6
CONTINUOUS
10
-2.3104646062992127
20
3.4184223228346458
11
-2.3170262598425198
21
3.398737283464567
0
LINE
8
BLACK
6
CONTINUOUS
10
-2.3170262598425198
20
3.398737283464567
11
-2.3175017716535433
21
3.397903188976378
0
LINE
8
BLACK
6
CONTINUOUS
10
-2.3175017716535433
20
3.397903188976378
11
-2.3176662204724408
21
3.3978209842519682
0
LINE
8
BLACK
6
CONTINUOUS
10
-2.3176662204724408
20
3.3978209842519682
11
-2.3177484251968505
21
3.3976565354330708
0
LINE
8
BLACK
6
CONTINUOUS
10
-2.3177484251968505
20
3.3976565354330708
11
-2.3184883858267717
21
3.3974098818897636
0
LINE
8
BLACK
6
CONTINUOUS
10
-2.3184883858267717
20
3.3974098818897636
11
-2.3191861811023622
21
3.3970609842519686
0
LINE
8
BLACK
6
CONTINUOUS
10
-2.3191861811023622
20
3.3970609842519686
11
-2.3193606299212597
21
3.3971191338582676
0
LINE
8
BLACK
6
CONTINUOUS
10
-2.3193606299212597
20
3.3971191338582676
11
-2.3195350787401576
21
3.3970609842519686
0
LINE
8
BLACK
6
CONTINUOUS
10
-2.3195350787401576
20
3.3970609842519686
11
-2.3202328740157481
21
3.3974098818897636
0
LINE
8
BLACK
6
CONTINUOUS
10
-2.3202328740157481
20
3.3974098818897636
11
-2.3209728346456693
21
3.3976565354330708
0
LINE
8
BLACK
6
CONTINUOUS
10
-2.3209728346456693
20
3.3976565354330708
11
-2.3210550787401574
21
3.3978209842519682
0
LINE
8
BLACK
6
CONTINUOUS
10
-2.3210550787401574
20
3.3978209842519682
11
-2.3212194881889765
21
3.397903188976378
0
LINE
8
BLACK
6
CONTINUOUS
10
-2.3212194881889765
20
3.397903188976378
11
-2.3216950000000001
21
3.398737283464567
0
LINE
8
BLACK
6
CONTINUOUS
10
-2.3216950000000001
20
3.398737283464567
11
-2.3282566929133859
21
3.4184223228346458
0
LINE
8
BLACK
6
CONTINUOUS
10
-2.3282566929133859
20
3.4184223228346458
11
-2.3283359055118109
21
3.4190509448818895
0
LINE
8
BLACK
6
CONTINUOUS
10
-2.3283359055118109
20
3.4190509448818895
11
-2.3283359055118109
21
3.4182587795275592
0
LINE
8
BLACK
6
CONTINUOUS
10
-2.3283359055118109
20
3.4182587795275592
11
-2.3296675590551179
21
3.4169271259842517
0
LINE
8
BLACK
6
CONTINUOUS
10
-2.3296675590551179
20
3.4169271259842517
11
-2.330609212598425
21
3.4167398031496061
0
LINE
8
BLACK
6
CONTINUOUS
10
-2.330609212598425
20
3.4167398031496061
11
-2.3373725196850392
21
3.4167398031496061
0
LINE
8
BLACK
6
CONTINUOUS
10
-2.3373725196850392
20
3.4167398031496061
11
-2.3343816929133858
21
3.4133216929133856
0
LINE
8
BLACK
6
CONTINUOUS
10
-2.3343816929133858
20
3.4133216929133856
11
-2.3340325196850391
21
3.4127153543307087
0
LINE
8
BLACK
6
CONTINUOUS
10
-2.3340325196850391
20
3.4127153543307087
11
-2.3339601968503936
21
3.4126430314960627
0
LINE
8
BLACK
6
CONTINUOUS
10
-2.3339601968503936
20
3.4126430314960627
11
-2.3339601968503936
21
3.412589803149606
0
LINE
8
BLACK
6
CONTINUOUS
10
-2.3339601968503936
20
3.412589803149606
11
-2.3339025590551179
21
3.41248968503937
0
LINE
8
BLACK
6
CONTINUOUS
10
-2.3339025590551179
20
3.41248968503937
11
-2.3339601968503936
21
3.4116251574803149
0
LINE
8
BLACK
6
CONTINUOUS
10
-2.3339601968503936
20
3.4116251574803149
11
-2.3339601968503936
21
3.4107597244094485
0
LINE
8
BLACK
6
CONTINUOUS
10
-2.3339601968503936
20
3.4107597244094485
11
-2.3340220472440945
21
3.4106979133858268
0
LINE
8
BLACK
6
CONTINUOUS
10
-2.3340220472440945
20
3.4106979133858268
11
-2.3340278346456693
21
3.4106106299212597
0
LINE
8
BLACK
6
CONTINUOUS
10
-2.3340278346456693
20
3.4106106299212597
11
-2.3346795275590551
21
3.4100404330708662
0
LINE
8
BLACK
6
CONTINUOUS
10
-2.3346795275590551
20
3.4100404330708662
11
-2.3352918503937006
21
3.4094280708661415
0
LINE
8
BLACK
6
CONTINUOUS
10
-2.3352918503937006
20
3.4094280708661415
11
-2.3354050787401572
21
3.4094055511811021
0
LINE
8
BLACK
6
CONTINUOUS
10
-2.3354050787401572
20
3.4094055511811021
11
-2.3354451968503938
21
3.4093704330708658
0
LINE
8
BLACK
6
CONTINUOUS
10
-2.3354451968503938
20
3.4093704330708658
11
-2.3355473622047245
21
3.4093772440944883
0
LINE
8
BLACK
6
CONTINUOUS
10
-2.3355473622047245
20
3.4093772440944883
11
-2.3362335039370077
21
3.4092407480314959
0
LINE
8
BLACK
6
CONTINUOUS
10
-2.3362335039370077
20
3.4092407480314959
11
-2.3384648425196848
21
3.4092407480314959
0
LINE
8
BLACK
6
CONTINUOUS
10
-2.3384648425196848
20
3.4092407480314959
11
-2.3394628346456692
21
3.4087417716535433
0
LINE
8
BLACK
6
CONTINUOUS
10
-2.3394628346456692
20
3.4087417716535433
11
-2.3398355118110237
21
3.4083690944881888
0
LINE
8
BLACK
6
CONTINUOUS
10
-2.3398355118110237
20
3.4083690944881888
11
-2.3403345669291338
21
3.4073710236220474
0
LINE
8
BLACK
6
CONTINUOUS
10
-2.3403345669291338
20
3.4073710236220474
11
-2.3403345669291338
21
3.4038457874015746
0
LINE
8
BLACK
6
CONTINUOUS
10
-2.3403345669291338
20
3.4038457874015746
11
-2.3398355118110237
21
3.4028476771653544
0
LINE
8
BLACK
6
CONTINUOUS
10
-2.3398355118110237
20
3.4028476771653544
11
-2.3394628740157479
21
3.4024750393700787
0
LINE
8
BLACK
6
CONTINUOUS
10
-2.3394628740157479
20
3.4024750393700787
11
-2.338464803149606
21
3.4019760236220473
0
LINE
8
BLACK
6
CONTINUOUS
10
-2.338464803149606
20
3.4019760236220473
11
-2.3340022440944881
21
3.4019760236220473
0
LINE
8
BLACK
6
CONTINUOUS
10
-2.3340022440944881
20
3.4019760236220473
11
-2.3330041338582679
21
3.4024750787401574
0
LINE
8
BLACK
6
CONTINUOUS
10
-2.3330041338582679
20
3.4024750787401574
11
-2.3323491338582678
21
3.4031300787401575
0
LINE
8
BLACK
6
CONTINUOUS
10
-2.3323491338582678
20
3.4031300787401575
11
-2.3315508267716534
21
3.4036634645669293
0
LINE
8
BLACK
6
CONTINUOUS
10
-2.3315508267716534
20
3.4036634645669293
11
-2.3296675984251967
21
3.4036634645669293
0
LINE
8
BLACK
6
CONTINUOUS
10
-2.3296675984251967
20
3.4036634645669293
11
-2.3283359055118109
21
3.4023317716535431
0
LINE
8
BLACK
6
CONTINUOUS
10
-2.3283359055118109
20
3.4023317716535431
11
-2.3283359055118109
21
3.4004485433070863
0
LINE
8
BLACK
6
CONTINUOUS
10
-2.3283359055118109
20
3.4004485433070863
11
-2.3288692913385827
21
3.3996502362204724
0
LINE
8
BLACK
6
CONTINUOUS
10
-2.3288692913385827
20
3.3996502362204724
11
-2.3298066929133858
21
3.3987128346456692
0
LINE
8
BLACK
6
CONTINUOUS
10
-2.3298066929133858
20
3.3987128346456692
11
-2.3301346062992128
21
3.3984937795275592
0
LINE
8
BLACK
6
CONTINUOUS
10
-2.3301346062992128
20
3.3984937795275592
11
-2.330446220472441
21
3.3982518897637792
0
LINE
8
BLACK
6
CONTINUOUS
10
-2.330446220472441
20
3.3982518897637792
11
-2.3323209842519685
21
3.3973145275590548
0
LINE
8
BLACK
6
CONTINUOUS
10
-2.3323209842519685
20
3.3973145275590548
11
-2.3324398425196851
21
3.3972820078740158
0
LINE
8
BLACK
6
CONTINUOUS
10
-2.3324398425196851
20
3.3972820078740158
11
-2.3324797244094486
21
3.397242086614173
0
LINE
8
BLACK
6
CONTINUOUS
10
-2.3324797244094486
20
3.397242086614173
11
-2.3328664173228346
21
3.3971651968503935
0
LINE
8
BLACK
6
CONTINUOUS
10
-2.3328664173228346
20
3.3971651968503935
11
-2.333246968503937
21
3.3970609448818898
0
LINE
8
BLACK
6
CONTINUOUS
10
-2.333246968503937
20
3.3970609448818898
11
-2.3333005511811025
21
3.3970788188976377
0
LINE
8
BLACK
6
CONTINUOUS
10
-2.3333005511811025
20
3.3970788188976377
11
-2.3334213779527557
21
3.3970547637795274
0
LINE
8
BLACK
6
CONTINUOUS
10
-2.3334213779527557
20
3.3970547637795274
11
-2.3390456692913384
21
3.3970547637795274
0
LINE
8
BLACK
6
CONTINUOUS
10
-2.3390456692913384
20
3.3970547637795274
11
-2.3391666141732284
21
3.3970788188976377
0
LINE
8
BLACK
6
CONTINUOUS
10
-2.3391666141732284
20
3.3970788188976377
11
-2.3392200787401576
21
3.3970609842519686
0
LINE
8
BLACK
6
CONTINUOUS
10
-2.3392200787401576
20
3.3970609842519686
11
-2.3396004330708662
21
3.3971651574803148
0
LINE
8
BLACK
6
CONTINUOUS
10
-2.3396004330708662
20
3.3971651574803148
11
-2.3399873228346455
21
3.397242086614173
0
LINE
8
BLACK
6
CONTINUOUS
10
-2.3399873228346455
20
3.397242086614173
11
-2.3400272440944883
21
3.3972820078740158
0
LINE
8
BLACK
6
CONTINUOUS
10
-2.3400272440944883
20
3.3972820078740158
11
-2.3401461023622048
21
3.3973145275590548
0
LINE
8
BLACK
6
CONTINUOUS
10
-2.3401461023622048
20
3.3973145275590548
11
-2.3420208267716536
21
3.3982518897637792
0
LINE
8
BLACK
6
CONTINUOUS
10
-2.3420208267716536
20
3.3982518897637792
11
-2.3423325590551181
21
3.3984938188976379
0
LINE
8
BLACK
6
CONTINUOUS
10
-2.3423325590551181
20
3.3984938188976379
11
-2.3426603937007875
21
3.398712874015748
0
LINE
8
BLACK
6
CONTINUOUS
10
-2.3426603937007875
20
3.398712874015748
11
-2.3435977559055119
21
3.3996502755905511
0
LINE
8
BLACK
6
CONTINUOUS
10
-2.3435977559055119
20
3.3996502755905511
11
-2.3438169685039369
21
3.3999783858267714
0
LINE
8
BLACK
6
CONTINUOUS
10
-2.3438169685039369
20
3.3999783858267714
11
-2.3440586220472439
21
3.4002897244094488
0
LINE
8
BLACK
6
CONTINUOUS
10
-2.3440586220472439
20
3.4002897244094488
11
-2.3449960236220471
21
3.4021644881889763
0
LINE
8
BLACK
6
CONTINUOUS
10
-2.3449960236220471
20
3.4021644881889763
11
-2.3450285826771653
21
3.4022833464566928
0
LINE
8
BLACK
6
CONTINUOUS
10
-2.3450285826771653
20
3.4022833464566928
11
-2.3450685039370076
21
3.4023232677165351
0
LINE
8
BLACK
6
CONTINUOUS
10
-2.3450685039370076
20
3.4023232677165351
11
-2.3451455118110234
21
3.4027103149606299
0
LINE
8
BLACK
6
CONTINUOUS
10
-2.3451455118110234
20
3.4027103149606299
11
-2.3452496062992125
21
3.4030904724409448
0
LINE
8
BLACK
6
CONTINUOUS
10
-2.3452496062992125
20
3.4030904724409448
11
-2.3452317716535434
21
3.4031440157480315
0
LINE
8
BLACK
6
CONTINUOUS
10
-2.3452317716535434
20
3.4031440157480315
11
-2.3452558267716537
21
3.4032649212598423
0
LINE
8
BLACK
6
CONTINUOUS
10
-2.3452558267716537
20
3.4032649212598423
11
-2.3452558267716537
21
3.4079518503937005
0
LINE
8
BLACK
6
CONTINUOUS
10
-2.3452558267716537
20
3.4079518503937005
11
-2.3452317716535434
21
3.4080727952755905
0
LINE
8
BLACK
6
CONTINUOUS
10
-2.3452317716535434
20
3.4080727952755905
11
-2.3452496062992125
21
3.4081262992125985
0
LINE
8
BLACK
6
CONTINUOUS
10
-2.3452496062992125
20
3.4081262992125985
11
-2.3451455118110234
21
3.4085064960629921
0
LINE
8
BLACK
6
CONTINUOUS
10
-2.3451455118110234
20
3.4085064960629921
11
-2.3450685039370076
21
3.4088935039370076
0
LINE
8
BLACK
6
CONTINUOUS
10
-2.3450685039370076
20
3.4088935039370076
11
-2.3450285826771653
21
3.4089334645669291
0
LINE
8
BLACK
6
CONTINUOUS
10
-2.3450285826771653
20
3.4089334645669291
11
-2.3449960236220471
21
3.4090522834645669
0
LINE
8
BLACK
6
CONTINUOUS
10
-2.3449960236220471
20
3.4090522834645669
11
-2.3440586220472439
21
3.4109270472440945
0
LINE
8
BLACK
6
CONTINUOUS
10
-2.3440586220472439
20
3.4109270472440945
11
-2.3438168897637794
21
3.4112385433070864
0
LINE
8
BLACK
6
CONTINUOUS
10
-2.3438168897637794
20
3.4112385433070864
11
-2.3435977165354331
21
3.4115665354330709
0
LINE
8
BLACK
6
CONTINUOUS
10
-2.3435977165354331
20
3.4115665354330709
11
-2.3426603543307087
21
3.4125038976377953
0
LINE
8
BLACK
6
CONTINUOUS
10
-2.3426603543307087
20
3.4125038976377953
11
-2.3423323622047243
21
3.4127230708661416
0
LINE
8
BLACK
6
CONTINUOUS
10
-2.3423323622047243
20
3.4127230708661416
11
-2.3420208661417323
21
3.412964803149606
0
LINE
8
BLACK
6
CONTINUOUS
10
-2.3420208661417323
20
3.412964803149606
11
-2.3410384645669291
21
3.4134560629921258
0
LINE
8
BLACK
6
CONTINUOUS
10
-2.3410384645669291
20
3.4134560629921258
11
-2.3446470078740158
21
3.4175800787401576
0
LINE
8
BLACK
6
CONTINUOUS
10
-2.3446470078740158
20
3.4175800787401576
11
-2.3449961417322833
21
3.4181864173228345
0
LINE
8
BLACK
6
CONTINUOUS
10
-2.3449961417322833
20
3.4181864173228345
11
-2.3450685039370076
21
3.4182587795275592
0
LINE
8
BLACK
6
CONTINUOUS
10
-2.3450685039370076
20
3.4182587795275592
11
-2.3450685039370076
21
3.4183121259842517
0
LINE
8
BLACK
6
CONTINUOUS
10
-2.3450685039370076
20
3.4183121259842517
11
-2.3451261023622045
21
3.4184121259842519
0
LINE
8
BLACK
6
CONTINUOUS
10
-2.3451261023622045
20
3.4184121259842519
11
-2.3450685039370076
21
3.419276338582677
0
LINE
8
BLACK
6
CONTINUOUS
10
-2.3450685039370076
20
3.419276338582677
11
-2.3450685039370076
21
3.420142086614173
0
LINE
8
BLACK
6
CONTINUOUS
10
-2.3450685039370076
20
3.420142086614173
11
-2.3450066929133859
21
3.4202039370078738
0
LINE
8
BLACK
6
CONTINUOUS
10
-2.3450066929133859
20
3.4202039370078738
11
-2.3450008661417323
21
3.4202911811023622
0
LINE
8
BLACK
6
CONTINUOUS
10
-2.3450008661417323
20
3.4202911811023622
11
-2.3443493700787399
21
3.4208612598425194
0
LINE
8
BLACK
6
CONTINUOUS
10
-2.3443493700787399
20
3.4208612598425194
11
-2.3437368503937006
21
3.4214737401574804
0
LINE
8
BLACK
6
CONTINUOUS
10
-2.3437368503937006
20
3.4214737401574804
11
-2.3436235826771652
21
3.4214962992125986
0
LINE
8
BLACK
6
CONTINUOUS
10
-2.3436235826771652
20
3.4214962992125986
11
-2.3435835039370079
21
3.4215313385826769
0
LINE
8
BLACK
6
CONTINUOUS
10
-2.3435835039370079
20
3.4215313385826769
11
-2.3434814960629922
21
3.4215245669291336
0
LINE
8
BLACK
6
CONTINUOUS
10
-2.3434814960629922
20
3.4215245669291336
11
-2.3427951968503935
21
3.421661062992126
0
LINE
8
BLACK
6
CONTINUOUS
10
-2.3427951968503935
20
3.421661062992126
11
-2.330609212598425
21
3.421661062992126
0
LINE
8
BLACK
6
CONTINUOUS
10
-2.330609212598425
20
3.421661062992126
11
-2.3296675590551179
21
3.4214737401574804
0
LINE
8
BLACK
6
CONTINUOUS
10
-2.2940470472440944
20
3.4214737401574804
11
-2.2927153937007874
21
3.420142086614173
0
LINE
8
BLACK
6
CONTINUOUS
10
-2.2927153937007874
20
3.420142086614173
11
-2.2927153937007874
21
3.4182587795275592
0
LINE
8
BLACK
6
CONTINUOUS
10
-2.2927153937007874
20
3.4182587795275592
11
-2.2940470472440944
21
3.4169271259842517
0
LINE
8
BLACK
6
CONTINUOUS
10
-2.2940470472440944
20
3.4169271259842517
11
-2.2949887007874015
21
3.4167398031496061
0
LINE
8
BLACK
6
CONTINUOUS
10
-2.2949887007874015
20
3.4167398031496061
11
-2.3017520078740157
21
3.4167398031496061
0
LINE
8
BLACK
6
CONTINUOUS
10
-2.3017520078740157
20
3.4167398031496061
11
-2.2987611811023623
21
3.4133216929133856
0
LINE
8
BLACK
6
CONTINUOUS
10
-2.2987611811023623
20
3.4133216929133856
11
-2.2984120078740156
21
3.4127153543307087
0
LINE
8
BLACK
6
CONTINUOUS
10
-2.2984120078740156
20
3.4127153543307087
11
-2.29833968503937
21
3.4126430314960627
0
LINE
8
BLACK
6
CONTINUOUS
10
-2.29833968503937
20
3.4126430314960627
11
-2.29833968503937
21
3.412589803149606
0
LINE
8
BLACK
6
CONTINUOUS
10
-2.29833968503937
20
3.412589803149606
11
-2.2982820472440944
21
3.41248968503937
0
LINE
8
BLACK
6
CONTINUOUS
10
-2.2982820472440944
20
3.41248968503937
11
-2.29833968503937
21
3.4116251574803149
0
LINE
8
BLACK
6
CONTINUOUS
10
-2.29833968503937
20
3.4116251574803149
11
-2.29833968503937
21
3.4107597244094485
0
LINE
8
BLACK
6
CONTINUOUS
10
-2.29833968503937
20
3.4107597244094485
11
-2.2984015354330709
21
3.4106979133858268
0
LINE
8
BLACK
6
CONTINUOUS
10
-2.2984015354330709
20
3.4106979133858268
11
-2.2984073228346458
21
3.4106106299212597
0
LINE
8
BLACK
6
CONTINUOUS
10
-2.2984073228346458
20
3.4106106299212597
11
-2.2990590157480315
21
3.4100404330708662
0
LINE
8
BLACK
6
CONTINUOUS
10
-2.2990590157480315
20
3.4100404330708662
11
-2.299671338582677
21
3.4094280708661415
0
LINE
8
BLACK
6
CONTINUOUS
10
-2.299671338582677
20
3.4094280708661415
11
-2.2997845669291337
21
3.4094055511811021
0
LINE
8
BLACK
6
CONTINUOUS
10
-2.2997845669291337
20
3.4094055511811021
11
-2.2998246850393702
21
3.4093704330708658
0
LINE
8
BLACK
6
CONTINUOUS
10
-2.2998246850393702
20
3.4093704330708658
11
-2.2999268503937009
21
3.4093772440944883
0
LINE
8
BLACK
6
CONTINUOUS
10
-2.2999268503937009
20
3.4093772440944883
11
-2.3006129921259841
21
3.4092407480314959
0
LINE
8
BLACK
6
CONTINUOUS
10
-2.3006129921259841
20
3.4092407480314959
11
-2.3028443307086612
21
3.4092407480314959
0
LINE
8
BLACK
6
CONTINUOUS
10
-2.3028443307086612
20
3.4092407480314959
11
-2.3038423228346456
21
3.4087417716535433
0
LINE
8
BLACK
6
CONTINUOUS
10
-2.3038423228346456
20
3.4087417716535433
11
-2.3042150000000001
21
3.4083690944881888
0
LINE
8
BLACK
6
CONTINUOUS
10
-2.3042150000000001
20
3.4083690944881888
11
-2.3047140551181102
21
3.4073710236220474
0
LINE
8
BLACK
6
CONTINUOUS
10
-2.3047140551181102
20
3.4073710236220474
11
-2.3047140551181102
21
3.4038457874015746
0
LINE
8
BLACK
6
CONTINUOUS
10
-2.3047140551181102
20
3.4038457874015746
11
-2.3042150000000001
21
3.4028476771653544
0
LINE
8
BLACK
6
CONTINUOUS
10
-2.3042150000000001
20
3.4028476771653544
11
-2.3038423622047244
21
3.4024750393700787
0
LINE
8
BLACK
6
CONTINUOUS
10
-2.3038423622047244
20
3.4024750393700787
11
-2.3028442913385825
21
3.4019760236220473
0
LINE
8
BLACK
6
CONTINUOUS
10
-2.3028442913385825
20
3.4019760236220473
11
-2.2983817322834645
21
3.4019760236220473
0
LINE
8
BLACK
6
CONTINUOUS
10
-2.2983817322834645
20
3.4019760236220473
11
-2.2973836220472439
21
3.4024750787401574
0
LINE
8
BLACK
6
CONTINUOUS
10
-2.2973836220472439
20
3.4024750787401574
11
-2.2967286220472443
21
3.4031300787401575
0
LINE
8
BLACK
6
CONTINUOUS
10
-2.2967286220472443
20
3.4031300787401575
11
-2.2959303149606298
21
3.4036634645669293
0
LINE
8
BLACK
6
CONTINUOUS
10
-2.2959303149606298
20
3.4036634645669293
11
-2.2940470866141731
21
3.4036634645669293
0
LINE
8
BLACK
6
CONTINUOUS
10
-2.2940470866141731
20
3.4036634645669293
11
-2.2927153937007874
21
3.4023317716535431
0
LINE
8
BLACK
6
CONTINUOUS
10
-2.2927153937007874
20
3.4023317716535431
11
-2.2927153937007874
21
3.4004485433070863
0
LINE
8
BLACK
6
CONTINUOUS
10
-2.2927153937007874
20
3.4004485433070863
11
-2.2932487795275591
21
3.3996502362204724
0
LINE
8
BLACK
6
CONTINUOUS
10
-2.2932487795275591
20
3.3996502362204724
11
-2.2941861811023623
21
3.3987128346456692
0
LINE
8
BLACK
6
CONTINUOUS
10
-2.2941861811023623
20
3.3987128346456692
11
-2.2945140944881888
21
3.3984937795275592
0
LINE
8
BLACK
6
CONTINUOUS
10
-2.2945140944881888
20
3.3984937795275592
11
-2.2948257086614174
21
3.3982518897637792
0
LINE
8
BLACK
6
CONTINUOUS
10
-2.2948257086614174
20
3.3982518897637792
11
-2.296700472440945
21
3.3973145275590548
0
LINE
8
BLACK
6
CONTINUOUS
10
-2.296700472440945
20
3.3973145275590548
11
-2.2968193307086615
21
3.3972820078740158
0
LINE
8
BLACK
6
CONTINUOUS
10
-2.2968193307086615
20
3.3972820078740158
11
-2.2968592125984251
21
3.397242086614173
0
LINE
8
BLACK
6
CONTINUOUS
10
-2.2968592125984251
20
3.397242086614173
11
-2.2972459055118111
21
3.3971651968503935
0
LINE
8
BLACK
6
CONTINUOUS
10
-2.2972459055118111
20
3.3971651968503935
11
-2.2976264566929134
21
3.3970609448818898
0
LINE
8
BLACK
6
CONTINUOUS
10
-2.2976264566929134
20
3.3970609448818898
11
-2.2976800393700785
21
3.3970788188976377
0
LINE
8
BLACK
6
CONTINUOUS
10
-2.2976800393700785
20
3.3970788188976377
11
-2.2978008661417322
21
3.3970547637795274
0
LINE
8
BLACK
6
CONTINUOUS
10
-2.2978008661417322
20
3.3970547637795274
11
-2.3034251574803148
21
3.3970547637795274
0
LINE
8
BLACK
6
CONTINUOUS
10
-2.3034251574803148
20
3.3970547637795274
11
-2.3035461023622048
21
3.3970788188976377
0
LINE
8
BLACK
6
CONTINUOUS
10
-2.3035461023622048
20
3.3970788188976377
11
-2.3035995669291336
21
3.3970609842519686
0
LINE
8
BLACK
6
CONTINUOUS
10
-2.3035995669291336
20
3.3970609842519686
11
-2.3039799212598426
21
3.3971651574803148
0
LINE
8
BLACK
6
CONTINUOUS
10
-2.3039799212598426
20
3.3971651574803148
11
-2.304366811023622
21
3.397242086614173
0
LINE
8
BLACK
6
CONTINUOUS
10
-2.304366811023622
20
3.397242086614173
11
-2.3044067322834647
21
3.3972820078740158
0
LINE
8
BLACK
6
CONTINUOUS
10
-2.3044067322834647
20
3.3972820078740158
11
-2.3045255905511812
21
3.3973145275590548
0
LINE
8
BLACK
6
CONTINUOUS
10
-2.3045255905511812
20
3.3973145275590548
11
-2.30640031496063
21
3.3982518897637792
0
LINE
8
BLACK
6
CONTINUOUS
10
-2.30640031496063
20
3.3982518897637792
11
-2.3067120472440945
21
3.3984938188976379
0
LINE
8
BLACK
6
CONTINUOUS
10
-2.3067120472440945
20
3.3984938188976379
11
-2.3070398818897639
21
3.398712874015748
0
LINE
8
BLACK
6
CONTINUOUS
10
-2.3070398818897639
20
3.398712874015748
11
-2.3079772440944883
21
3.3996502755905511
0
LINE
8
BLACK
6
CONTINUOUS
10
-2.3079772440944883
20
3.3996502755905511
11
-2.3081964566929134
21
3.3999783858267714
0
LINE
8
BLACK
6
CONTINUOUS
10
-2.3081964566929134
20
3.3999783858267714
11
-2.3084381102362204
21
3.4002897244094488
0
LINE
8
BLACK
6
CONTINUOUS
10
-2.3084381102362204
20
3.4002897244094488
11
-2.3093755118110235
21
3.4021644881889763
0
LINE
8
BLACK
6
CONTINUOUS
10
-2.3093755118110235
20
3.4021644881889763
11
-2.3094080708661417
21
3.4022833464566928
0
LINE
8
BLACK
6
CONTINUOUS
10
-2.3094080708661417
20
3.4022833464566928
11
-2.3094479921259841
21
3.4023232677165351
0
LINE
8
BLACK
6
CONTINUOUS
10
-2.3094479921259841
20
3.4023232677165351
11
-2.3095249999999998
21
3.4027103149606299
0
LINE
8
BLACK
6
CONTINUOUS
10
-2.3095249999999998
20
3.4027103149606299
11
-2.309629094488189
21
3.4030904724409448
0
LINE
8
BLACK
6
CONTINUOUS
10
-2.309629094488189
20
3.4030904724409448
11
-2.3096112598425198
21
3.4031440157480315
0
LINE
8
BLACK
6
CONTINUOUS
10
-2.3096112598425198
20
3.4031440157480315
11
-2.3096353149606297
21
3.4032649212598423
0
LINE
8
BLACK
6
CONTINUOUS
10
-2.3096353149606297
20
3.4032649212598423
11
-2.3096353149606297
21
3.4079518503937005
0
LINE
8
BLACK
6
CONTINUOUS
10
-2.3096353149606297
20
3.4079518503937005
11
-2.3096112598425198
21
3.4080727952755905
0
LINE
8
BLACK
6
CONTINUOUS
10
-2.3096112598425198
20
3.4080727952755905
11
-2.309629094488189
21
3.4081262992125985
0
LINE
8
BLACK
6
CONTINUOUS
10
-2.309629094488189
20
3.4081262992125985
11
-2.3095249999999998
21
3.4085064960629921
0
LINE
8
BLACK
6
CONTINUOUS
10
-2.3095249999999998
20
3.4085064960629921
11
-2.3094479921259841
21
3.4088935039370076
0
LINE
8
BLACK
6
CONTINUOUS
10
-2.3094479921259841
20
3.4088935039370076
11
-2.3094080708661417
21
3.4089334645669291
0
LINE
8
BLACK
6
CONTINUOUS
10
-2.3094080708661417
20
3.4089334645669291
11
-2.3093755118110235
21
3.4090522834645669
0
LINE
8
BLACK
6
CONTINUOUS
10
-2.3093755118110235
20
3.4090522834645669
11
-2.3084381102362204
21
3.4109270472440945
0
LINE
8
BLACK
6
CONTINUOUS
10
-2.3084381102362204
20
3.4109270472440945
11
-2.3081963779527559
21
3.4112385433070864
0
LINE
8
BLACK
6
CONTINUOUS
10
-2.3081963779527559
20
3.4112385433070864
11
-2.3079772047244096
21
3.4115665354330709
0
LINE
8
BLACK
6
CONTINUOUS
10
-2.3079772047244096
20
3.4115665354330709
11
-2.3070398425196852
21
3.4125038976377953
0
LINE
8
BLACK
6
CONTINUOUS
10
-2.3070398425196852
20
3.4125038976377953
11
-2.3067118503937007
21
3.4127230708661416
0
LINE
8
BLACK
6
CONTINUOUS
10
-2.3067118503937007
20
3.4127230708661416
11
-2.3064003543307088
21
3.412964803149606
0
LINE
8
BLACK
6
CONTINUOUS
10
-2.3064003543307088
20
3.412964803149606
11
-2.3054179527559056
21
3.4134560629921258
0
LINE
8
BLACK
6
CONTINUOUS
10
-2.3054179527559056
20
3.4134560629921258
11
-2.3090264960629923
21
3.4175800787401576
0
LINE
8
BLACK
6
CONTINUOUS
10
-2.3090264960629923
20
3.4175800787401576
11
-2.3093756299212598
21
3.4181864173228345
0
LINE
8
BLACK
6
CONTINUOUS
10
-2.3093756299212598
20
3.4181864173228345
11
-2.3094479921259841
21
3.4182587795275592
0
LINE
8
BLACK
6
CONTINUOUS
10
-2.3094479921259841
20
3.4182587795275592
11
-2.3094479921259841
21
3.4183121259842517
0
LINE
8
BLACK
6
CONTINUOUS
10
-2.3094479921259841
20
3.4183121259842517
11
-2.309505590551181
21
3.4184121259842519
0
LINE
8
BLACK
6
CONTINUOUS
10
-2.309505590551181
20
3.4184121259842519
11
-2.3094479921259841
21
3.419276338582677
0
LINE
8
BLACK
6
CONTINUOUS
10
-2.3094479921259841
20
3.419276338582677
11
-2.3094479921259841
21
3.420142086614173
0
LINE
8
BLACK
6
CONTINUOUS
10
-2.3094479921259841
20
3.420142086614173
11
-2.3093861811023619
21
3.4202039370078738
0
LINE
8
BLACK
6
CONTINUOUS
10
-2.3093861811023619
20
3.4202039370078738
11
-2.3093803543307088
21
3.4202911811023622
0
LINE
8
BLACK
6
CONTINUOUS
10
-2.3093803543307088
20
3.4202911811023622
11
-2.3087288582677163
21
3.4208612598425194
0
LINE
8
BLACK
6
CONTINUOUS
10
-2.3087288582677163
20
3.4208612598425194
11
-2.3081163385826771
21
3.4214737401574804
0
LINE
8
BLACK
6
CONTINUOUS
10
-2.3081163385826771
20
3.4214737401574804
11
-2.3080030708661416
21
3.4214962992125986
0
LINE
8
BLACK
6
CONTINUOUS
10
-2.3080030708661416
20
3.4214962992125986
11
-2.3079629921259843
21
3.4215313385826769
0
LINE
8
BLACK
6
CONTINUOUS
10
-2.3079629921259843
20
3.4215313385826769
11
-2.3078609842519686
21
3.4215245669291336
0
LINE
8
BLACK
6
CONTINUOUS
10
-2.3078609842519686
20
3.4215245669291336
11
-2.30717468503937
21
3.421661062992126
0
LINE
8
BLACK
6
CONTINUOUS
10
-2.30717468503937
20
3.421661062992126
11
-2.2949887007874015
21
3.421661062992126
0
LINE
8
BLACK
6
CONTINUOUS
10
-2.2949887007874015
20
3.421661062992126
11
-2.2940470472440944
21
3.4214737401574804
0
LINE
8
BLACK
6
CONTINUOUS
10
-1.9677367322834645
20
3.4214737401574804
11
-1.9664050787401575
21
3.420142086614173
0
LINE
8
BLACK
6
CONTINUOUS
10
-1.9664050787401575
20
3.420142086614173
11
-1.9662177559055118
21
3.4192004330708659
0
LINE
8
BLACK
6
CONTINUOUS
10
-1.9662177559055118
20
3.4192004330708659
11
-1.9662177559055118
21
3.3995153937007871
0
LINE
8
BLACK
6
CONTINUOUS
10
-1.9662177559055118
20
3.3995153937007871
11
-1.9664050787401575
21
3.39857374015748
0
LINE
8
BLACK
6
CONTINUOUS
10
-1.9664050787401575
20
3.39857374015748
11
-1.9677367322834645
21
3.397242086614173
0
LINE
8
BLACK
6
CONTINUOUS
10
-1.9677367322834645
20
3.397242086614173
11
-1.9686783858267716
21
3.3970547637795274
0
LINE
8
BLACK
6
CONTINUOUS
10
-1.9686783858267716
20
3.3970547637795274
11
-1.9780522047244093
21
3.3970547637795274
0
LINE
8
BLACK
6
CONTINUOUS
10
-1.9780522047244093
20
3.3970547637795274
11
-1.9789938582677165
21
3.397242086614173
0
LINE
8
BLACK
6
CONTINUOUS
10
-1.9789938582677165
20
3.397242086614173
11
-1.9803255118110237
21
3.39857374015748
0
LINE
8
BLACK
6
CONTINUOUS
10
-1.9803255118110237
20
3.39857374015748
11
-1.9803255118110237
21
3.4004570472440943
0
LINE
8
BLACK
6
CONTINUOUS
10
-1.9803255118110237
20
3.4004570472440943
11
-1.9789938582677165
21
3.4017887007874017
0
LINE
8
BLACK
6
CONTINUOUS
10
-1.9789938582677165
20
3.4017887007874017
11
-1.9780522047244093
21
3.4019760236220473
0
LINE
8
BLACK
6
CONTINUOUS
10
-1.9780522047244093
20
3.4019760236220473
11
-1.9711390157480315
21
3.4019760236220473
0
LINE
8
BLACK
6
CONTINUOUS
10
-1.9711390157480315
20
3.4019760236220473
11
-1.9711390157480315
21
3.4073659842519683
0
LINE
8
BLACK
6
CONTINUOUS
10
-1.9711390157480315
20
3.4073659842519683
11
-1.9752400787401574
21
3.4073659842519683
0
LINE
8
BLACK
6
CONTINUOUS
10
-1.9752400787401574
20
3.4073659842519683
11
-1.9761817322834645
21
3.407553307086614
0
LINE
8
BLACK
6
CONTINUOUS
10
-1.9761817322834645
20
3.407553307086614
11
-1.9775133858267717
21
3.408884960629921
0
LINE
8
BLACK
6
CONTINUOUS
10
-1.9775133858267717
20
3.408884960629921
11
-1.9775133858267717
21
3.4107682677165352
0
LINE
8
BLACK
6
CONTINUOUS
10
-1.9775133858267717
20
3.4107682677165352
11
-1.9761817322834645
21
3.4120999212598426
0
LINE
8
BLACK
6
CONTINUOUS
10
-1.9761817322834645
20
3.4120999212598426
11
-1.9752400787401574
21
3.4122872440944882
0
LINE
8
BLACK
6
CONTINUOUS
10
-1.9752400787401574
20
3.4122872440944882
11
-1.9711390157480315
21
3.4122872440944882
0
LINE
8
BLACK
6
CONTINUOUS
10
-1.9711390157480315
20
3.4122872440944882
11
-1.9711390157480315
21
3.4167398031496061
0
LINE
8
BLACK
6
CONTINUOUS
10
-1.9711390157480315
20
3.4167398031496061
11
-1.9780522047244093
21
3.4167398031496061
0
LINE
8
BLACK
6
CONTINUOUS
10
-1.9780522047244093
20
3.4167398031496061
11
-1.9789938582677165
21
3.4169271259842517
0
LINE
8
BLACK
6
CONTINUOUS
10
-1.9789938582677165
20
3.4169271259842517
11
-1.9803255118110237
21
3.4182587795275592
0
LINE
8
BLACK
6
CONTINUOUS
10
-1.9803255118110237
20
3.4182587795275592
11
-1.9803255118110237
21
3.420142086614173
0
LINE
8
BLACK
6
CONTINUOUS
10
-1.9803255118110237
20
3.420142086614173
11
-1.9789938582677165
21
3.4214737401574804
0
LINE
8
BLACK
6
CONTINUOUS
10
-1.9789938582677165
20
3.4214737401574804
11
-1.9780522047244093
21
3.421661062992126
0
LINE
8
BLACK
6
CONTINUOUS
10
-1.9780522047244093
20
3.421661062992126
11
-1.9686783858267716
21
3.421661062992126
0
LINE
8
BLACK
6
CONTINUOUS
10
-1.9686783858267716
20
3.421661062992126
11
-1.9677367322834645
21
3.4214737401574804
0
LINE
8
BLACK
6
CONTINUOUS
10
-1.9504695669291339
20
3.420142086614173
11
-1.9502822440944882
21
3.4192004330708659
0
LINE
8
BLACK
6
CONTINUOUS
10
-1.9502822440944882
20
3.4192004330708659
11
-1.9502822440944882
21
3.3995153937007871
0
LINE
8
BLACK
6
CONTINUOUS
10
-1.9502822440944882
20
3.3995153937007871
11
-1.9504695669291339
21
3.39857374015748
0
LINE
8
BLACK
6
CONTINUOUS
10
-1.9504695669291339
20
3.39857374015748
11
-1.9518012204724409
21
3.397242086614173
0
LINE
8
BLACK
6
CONTINUOUS
10
-1.9518012204724409
20
3.397242086614173
11
-1.952742874015748
21
3.3970547637795274
0
LINE
8
BLACK
6
CONTINUOUS
10
-1.952742874015748
20
3.3970547637795274
11
-1.9621166929133858
21
3.3970547637795274
0
LINE
8
BLACK
6
CONTINUOUS
10
-1.9621166929133858
20
3.3970547637795274
11
-1.9630583464566929
21
3.397242086614173
0
LINE
8
BLACK
6
CONTINUOUS
10
-1.9630583464566929
20
3.397242086614173
11
-1.9643899999999999
21
3.39857374015748
0
LINE
8
BLACK
6
CONTINUOUS
10
-1.9643899999999999
20
3.39857374015748
11
-1.9643899999999999
21
3.4004570472440943
0
LINE
8
BLACK
6
CONTINUOUS
10
-1.9643899999999999
20
3.4004570472440943
11
-1.9630583464566929
21
3.4017887007874017
0
LINE
8
BLACK
6
CONTINUOUS
10
-1.9630583464566929
20
3.4017887007874017
11
-1.9621166929133858
21
3.4019760236220473
0
LINE
8
BLACK
6
CONTINUOUS
10
-1.9621166929133858
20
3.4019760236220473
11
-1.9552035039370079
21
3.4019760236220473
0
LINE
8
BLACK
6
CONTINUOUS
10
-1.9552035039370079
20
3.4019760236220473
11
-1.9552035039370079
21
3.4192004330708659
0
LINE
8
BLACK
6
CONTINUOUS
10
-1.9552035039370079
20
3.4192004330708659
11
-1.9550161811023621
21
3.420142086614173
0
LINE
8
BLACK
6
CONTINUOUS
10
-1.9550161811023621
20
3.420142086614173
11
-1.9536845275590551
21
3.4214737401574804
0
LINE
8
BLACK
6
CONTINUOUS
10
-1.9536845275590551
20
3.4214737401574804
11
-1.9518012204724409
21
3.4214737401574804
0
LINE
8
BLACK
6
CONTINUOUS
10
-1.9518012204724409
20
3.4214737401574804
11
-1.9504695669291339
21
3.420142086614173
0
LINE
8
BLACK
6
CONTINUOUS
10
-1.9321161811023622
20
3.4214737401574804
11
-1.9307845275590552
21
3.420142086614173
0
LINE
8
BLACK
6
CONTINUOUS
10
-1.9307845275590552
20
3.420142086614173
11
-1.9305972047244093
21
3.4192004330708659
0
LINE
8
BLACK
6
CONTINUOUS
10
-1.9305972047244093
20
3.4192004330708659
11
-1.9305972047244093
21
3.3995153937007871
0
LINE
8
BLACK
6
CONTINUOUS
10
-1.9305972047244093
20
3.3995153937007871
11
-1.9307845275590552
21
3.39857374015748
0
LINE
8
BLACK
6
CONTINUOUS
10
-1.9307845275590552
20
3.39857374015748
11
-1.9321161811023622
21
3.397242086614173
0
LINE
8
BLACK
6
CONTINUOUS
10
-1.9321161811023622
20
3.397242086614173
11
-1.9330578346456693
21
3.3970547637795274
0
LINE
8
BLACK
6
CONTINUOUS
10
-1.9330578346456693
20
3.3970547637795274
11
-1.9405568897637795
21
3.3970547637795274
0
LINE
8
BLACK
6
CONTINUOUS
10
-1.9405568897637795
20
3.3970547637795274
11
-1.9406778346456692
21
3.3970788188976377
0
LINE
8
BLACK
6
CONTINUOUS
10
-1.9406778346456692
20
3.3970788188976377
11
-1.9407312992125985
21
3.3970609842519686
0
LINE
8
BLACK
6
CONTINUOUS
10
-1.9407312992125985
20
3.3970609842519686
11
-1.9411116535433071
21
3.3971651574803148
0
LINE
8
BLACK
6
CONTINUOUS
10
-1.9411116535433071
20
3.3971651574803148
11
-1.9414985433070866
21
3.397242086614173
0
LINE
8
BLACK
6
CONTINUOUS
10
-1.9414985433070866
20
3.397242086614173
11
-1.9415384645669291
21
3.3972820078740158
0
LINE
8
BLACK
6
CONTINUOUS
10
-1.9415384645669291
20
3.3972820078740158
11
-1.9416573228346456
21
3.3973145275590548
0
LINE
8
BLACK
6
CONTINUOUS
10
-1.9416573228346456
20
3.3973145275590548
11
-1.9435320472440945
21
3.3982518897637792
0
LINE
8
BLACK
6
CONTINUOUS
10
-1.9435320472440945
20
3.3982518897637792
11
-1.9438437795275589
21
3.3984938188976379
0
LINE
8
BLACK
6
CONTINUOUS
10
-1.9438437795275589
20
3.3984938188976379
11
-1.9441715748031496
21
3.3987128346456692
0
LINE
8
BLACK
6
CONTINUOUS
10
-1.9441715748031496
20
3.3987128346456692
11
-1.9451089763779528
21
3.3996502362204724
0
LINE
8
BLACK
6
CONTINUOUS
10
-1.9451089763779528
20
3.3996502362204724
11
-1.9453280708661418
21
3.3999781496062993
0
LINE
8
BLACK
6
CONTINUOUS
10
-1.9453280708661418
20
3.3999781496062993
11
-1.9455699212598425
21
3.4002897637795275
0
LINE
8
BLACK
6
CONTINUOUS
10
-1.9455699212598425
20
3.4002897637795275
11
-1.9465072834645669
21
3.4021645275590551
0
LINE
8
BLACK
6
CONTINUOUS
10
-1.9465072834645669
20
3.4021645275590551
11
-1.9465398425196849
21
3.4022833858267716
0
LINE
8
BLACK
6
CONTINUOUS
10
-1.9465398425196849
20
3.4022833858267716
11
-1.9465797244094487
21
3.4023232677165351
0
LINE
8
BLACK
6
CONTINUOUS
10
-1.9465797244094487
20
3.4023232677165351
11
-1.946656653543307
21
3.4027099606299211
0
LINE
8
BLACK
6
CONTINUOUS
10
-1.946656653543307
20
3.4027099606299211
11
-1.9467608661417322
21
3.4030905118110235
0
LINE
8
BLACK
6
CONTINUOUS
10
-1.9467608661417322
20
3.4030905118110235
11
-1.946743031496063
21
3.403144094488189
0
LINE
8
BLACK
6
CONTINUOUS
10
-1.946743031496063
20
3.403144094488189
11
-1.9467670472440946
21
3.4032649212598423
0
LINE
8
BLACK
6
CONTINUOUS
10
-1.9467670472440946
20
3.4032649212598423
11
-1.9467670472440946
21
3.406077086614173
0
LINE
8
BLACK
6
CONTINUOUS
10
-1.9467670472440946
20
3.406077086614173
11
-1.946743031496063
21
3.4061979527559054
0
LINE
8
BLACK
6
CONTINUOUS
10
-1.946743031496063
20
3.4061979527559054
11
-1.9467608661417322
21
3.4062514960629922
0
LINE
8
BLACK
6
CONTINUOUS
10
-1.9467608661417322
20
3.4062514960629922
11
-1.946656653543307
21
3.4066320866141733
0
LINE
8
BLACK
6
CONTINUOUS
10
-1.946656653543307
20
3.4066320866141733
11
-1.9465797244094487
21
3.4070187401574801
0
LINE
8
BLACK
6
CONTINUOUS
10
-1.9465797244094487
20
3.4070187401574801
11
-1.9465398425196849
21
3.4070586614173228
0
LINE
8
BLACK
6
CONTINUOUS
10
-1.9465398425196849
20
3.4070586614173228
11
-1.9465072834645669
21
3.4071774803149606
0
LINE
8
BLACK
6
CONTINUOUS
10
-1.9465072834645669
20
3.4071774803149606
11
-1.9455699212598425
21
3.4090522440944881
0
LINE
8
BLACK
6
CONTINUOUS
10
-1.9455699212598425
20
3.4090522440944881
11
-1.9453281102362203
21
3.4093638582677164
0
LINE
8
BLACK
6
CONTINUOUS
10
-1.9453281102362203
20
3.4093638582677164
11
-1.945108937007874
21
3.4096918110236221
0
LINE
8
BLACK
6
CONTINUOUS
10
-1.945108937007874
20
3.4096918110236221
11
-1.9444434251968503
21
3.4103573228346455
0
LINE
8
BLACK
6
CONTINUOUS
10
-1.9444434251968503
20
3.4103573228346455
11
-1.9446324803149606
21
3.4106009448818897
0
LINE
8
BLACK
6
CONTINUOUS
10
-1.9446324803149606
20
3.4106009448818897
11
-1.9455698818897638
21
3.4124757086614173
0
LINE
8
BLACK
6
CONTINUOUS
10
-1.9455698818897638
20
3.4124757086614173
11
-1.9456024409448818
21
3.4125945669291338
0
LINE
8
BLACK
6
CONTINUOUS
10
-1.9456024409448818
20
3.4125945669291338
11
-1.9456423622047243
21
3.4126344881889761
0
LINE
8
BLACK
6
CONTINUOUS
10
-1.9456423622047243
20
3.4126344881889761
11
-1.9457193700787401
21
3.4130215354330709
0
LINE
8
BLACK
6
CONTINUOUS
10
-1.9457193700787401
20
3.4130215354330709
11
-1.945823464566929
21
3.4134016929133857
0
LINE
8
BLACK
6
CONTINUOUS
10
-1.945823464566929
20
3.4134016929133857
11
-1.9458056299212598
21
3.4134552362204724
0
LINE
8
BLACK
6
CONTINUOUS
10
-1.9458056299212598
20
3.4134552362204724
11
-1.9458296850393699
21
3.4135761417322832
0
LINE
8
BLACK
6
CONTINUOUS
10
-1.9458296850393699
20
3.4135761417322832
11
-1.9458296850393699
21
3.4154509055118107
0
LINE
8
BLACK
6
CONTINUOUS
10
-1.9458296850393699
20
3.4154509055118107
11
-1.9458056299212598
21
3.4155718503937007
0
LINE
8
BLACK
6
CONTINUOUS
10
-1.9458056299212598
20
3.4155718503937007
11
-1.945823464566929
21
3.4156253543307087
0
LINE
8
BLACK
6
CONTINUOUS
10
-1.945823464566929
20
3.4156253543307087
11
-1.9457193700787401
21
3.4160055511811023
0
LINE
8
BLACK
6
CONTINUOUS
10
-1.9457193700787401
20
3.4160055511811023
11
-1.9456423622047243
21
3.4163925590551179
0
LINE
8
BLACK
6
CONTINUOUS
10
-1.9456423622047243
20
3.4163925590551179
11
-1.9456024409448818
21
3.4164325196850394
0
LINE
8
BLACK
6
CONTINUOUS
10
-1.9456024409448818
20
3.4164325196850394
11
-1.9455698818897638
21
3.4165513385826771
0
LINE
8
BLACK
6
CONTINUOUS
10
-1.9455698818897638
20
3.4165513385826771
11
-1.9446324803149606
21
3.4184261023622047
0
LINE
8
BLACK
6
CONTINUOUS
10
-1.9446324803149606
20
3.4184261023622047
11
-1.9443907480314959
21
3.4187375984251966
0
LINE
8
BLACK
6
CONTINUOUS
10
-1.9443907480314959
20
3.4187375984251966
11
-1.9441715748031496
21
3.4190655905511811
0
LINE
8
BLACK
6
CONTINUOUS
10
-1.9441715748031496
20
3.4190655905511811
11
-1.9432342125984252
21
3.4200029527559055
0
LINE
8
BLACK
6
CONTINUOUS
10
-1.9432342125984252
20
3.4200029527559055
11
-1.942906220472441
21
3.4202221259842518
0
LINE
8
BLACK
6
CONTINUOUS
10
-1.942906220472441
20
3.4202221259842518
11
-1.9425947244094488
21
3.4204638582677163
0
LINE
8
BLACK
6
CONTINUOUS
10
-1.9425947244094488
20
3.4204638582677163
11
-1.9407199606299212
21
3.4214012992125982
0
LINE
8
BLACK
6
CONTINUOUS
10
-1.9407199606299212
20
3.4214012992125982
11
-1.9406011023622047
21
3.4214338582677164
0
LINE
8
BLACK
6
CONTINUOUS
10
-1.9406011023622047
20
3.4214338582677164
11
-1.9405611811023622
21
3.4214737401574804
0
LINE
8
BLACK
6
CONTINUOUS
10
-1.9405611811023622
20
3.4214737401574804
11
-1.9401743700787402
21
3.4215507086614174
0
LINE
8
BLACK
6
CONTINUOUS
10
-1.9401743700787402
20
3.4215507086614174
11
-1.9397939763779528
21
3.4216548425196849
0
LINE
8
BLACK
6
CONTINUOUS
10
-1.9397939763779528
20
3.4216548425196849
11
-1.9397404724409448
21
3.4216370078740157
0
LINE
8
BLACK
6
CONTINUOUS
10
-1.9397404724409448
20
3.4216370078740157
11
-1.9396195275590551
21
3.421661062992126
0
LINE
8
BLACK
6
CONTINUOUS
10
-1.9396195275590551
20
3.421661062992126
11
-1.9330578346456693
21
3.421661062992126
0
LINE
8
BLACK
6
CONTINUOUS
10
-1.9330578346456693
20
3.421661062992126
11
-1.9321161811023622
21
3.4214737401574804
0
LINE
8
BLACK
6
CONTINUOUS
10
-1.9411025590551181
20
3.4067385039370079
11
-1.9413467716535433
21
3.4064943307086613
0
LINE
8
BLACK
6
CONTINUOUS
10
-1.9413467716535433
20
3.4064943307086613
11
-1.9418457874015747
21
3.405496220472441
0
LINE
8
BLACK
6
CONTINUOUS
10
-1.9418457874015747
20
3.405496220472441
11
-1.9418457874015747
21
3.4038457874015746
0
LINE
8
BLACK
6
CONTINUOUS
10
-1.9418457874015747
20
3.4038457874015746
11
-1.9413467322834645
21
3.4028476771653544
0
LINE
8
BLACK
6
CONTINUOUS
10
-1.9413467322834645
20
3.4028476771653544
11
-1.9409741338582678
21
3.4024750787401574
0
LINE
8
BLACK
6
CONTINUOUS
10
-1.9409741338582678
20
3.4024750787401574
11
-1.9399760236220471
21
3.4019760236220473
0
LINE
8
BLACK
6
CONTINUOUS
10
-1.9399760236220471
20
3.4019760236220473
11
-1.935518464566929
21
3.4019760236220473
0
LINE
8
BLACK
6
CONTINUOUS
10
-1.935518464566929
20
3.4019760236220473
11
-1.935518464566929
21
3.4073659842519683
0
LINE
8
BLACK
6
CONTINUOUS
10
-1.935518464566929
20
3.4073659842519683
11
-1.939220157480315
21
3.4073659842519683
0
LINE
8
BLACK
6
CONTINUOUS
10
-1.939220157480315
20
3.4073659842519683
11
-1.9411025590551181
21
3.4067385039370079
0
LINE
8
BLACK
6
CONTINUOUS
10
-1.9400366929133859
20
3.4162408267716535
11
-1.9404093700787401
21
3.415868149606299
0
LINE
8
BLACK
6
CONTINUOUS
10
-1.9404093700787401
20
3.415868149606299
11
-1.9409084251968503
21
3.4148700787401576
0
LINE
8
BLACK
6
CONTINUOUS
10
-1.9409084251968503
20
3.4148700787401576
11
-1.9409084251968503
21
3.4141570078740155
0
LINE
8
BLACK
6
CONTINUOUS
10
-1.9409084251968503
20
3.4141570078740155
11
-1.9404093700787401
21
3.4131588976377953
0
LINE
8
BLACK
6
CONTINUOUS
10
-1.9404093700787401
20
3.4131588976377953
11
-1.9400367322834646
21
3.4127862598425196
0
LINE
8
BLACK
6
CONTINUOUS
10
-1.9400367322834646
20
3.4127862598425196
11
-1.9390386614173227
21
3.4122872440944882
0
LINE
8
BLACK
6
CONTINUOUS
10
-1.9390386614173227
20
3.4122872440944882
11
-1.935518464566929
21
3.4122872440944882
0
LINE
8
BLACK
6
CONTINUOUS
10
-1.935518464566929
20
3.4122872440944882
11
-1.935518464566929
21
3.4167398031496061
0
LINE
8
BLACK
6
CONTINUOUS
10
-1.935518464566929
20
3.4167398031496061
11
-1.9390387007874015
21
3.4167398031496061
0
LINE
8
BLACK
6
CONTINUOUS
10
-1.9390387007874015
20
3.4167398031496061
11
-1.9400366929133859
21
3.4162408267716535
0
LINE
8
BLACK
6
CONTINUOUS
10
-1.8768105905511812
20
3.4214737401574804
11
-1.8754789370078739
21
3.420142086614173
0
LINE
8
BLACK
6
CONTINUOUS
10
-1.8754789370078739
20
3.420142086614173
11
-1.8752916141732283
21
3.4192004330708659
0
LINE
8
BLACK
6
CONTINUOUS
10
-1.8752916141732283
20
3.4192004330708659
11
-1.8752916141732283
21
3.3995153937007871
0
LINE
8
BLACK
6
CONTINUOUS
10
-1.8752916141732283
20
3.3995153937007871
11
-1.8754789370078739
21
3.39857374015748
0
LINE
8
BLACK
6
CONTINUOUS
10
-1.8754789370078739
20
3.39857374015748
11
-1.8768105905511812
21
3.397242086614173
0
LINE
8
BLACK
6
CONTINUOUS
10
-1.8768105905511812
20
3.397242086614173
11
-1.877752244094488
21
3.3970547637795274
0
LINE
8
BLACK
6
CONTINUOUS
10
-1.877752244094488
20
3.3970547637795274
11
-1.887126062992126
21
3.3970547637795274
0
LINE
8
BLACK
6
CONTINUOUS
10
-1.887126062992126
20
3.3970547637795274
11
-1.8880677165354329
21
3.397242086614173
0
LINE
8
BLACK
6
CONTINUOUS
10
-1.8880677165354329
20
3.397242086614173
11
-1.8893993700787401
21
3.39857374015748
0
LINE
8
BLACK
6
CONTINUOUS
10
-1.8893993700787401
20
3.39857374015748
11
-1.8893993700787401
21
3.4004570472440943
0
LINE
8
BLACK
6
CONTINUOUS
10
-1.8893993700787401
20
3.4004570472440943
11
-1.8880677165354329
21
3.4017887007874017
0
LINE
8
BLACK
6
CONTINUOUS
10
-1.8880677165354329
20
3.4017887007874017
11
-1.887126062992126
21
3.4019760236220473
0
LINE
8
BLACK
6
CONTINUOUS
10
-1.887126062992126
20
3.4019760236220473
11
-1.880212874015748
21
3.4019760236220473
0
LINE
8
BLACK
6
CONTINUOUS
10
-1.880212874015748
20
3.4019760236220473
11
-1.880212874015748
21
3.4073659842519683
0
LINE
8
BLACK
6
CONTINUOUS
10
-1.880212874015748
20
3.4073659842519683
11
-1.8843139370078739
21
3.4073659842519683
0
LINE
8
BLACK
6
CONTINUOUS
10
-1.8843139370078739
20
3.4073659842519683
11
-1.885255590551181
21
3.407553307086614
0
LINE
8
BLACK
6
CONTINUOUS
10
-1.885255590551181
20
3.407553307086614
11
-1.8865872440944882
21
3.408884960629921
0
LINE
8
BLACK
6
CONTINUOUS
10
-1.8865872440944882
20
3.408884960629921
11
-1.8865872440944882
21
3.4107682677165352
0
LINE
8
BLACK
6
CONTINUOUS
10
-1.8865872440944882
20
3.4107682677165352
11
-1.885255590551181
21
3.4120999212598426
0
LINE
8
BLACK
6
CONTINUOUS
10
-1.885255590551181
20
3.4120999212598426
11
-1.8843139370078739
21
3.4122872440944882
0
LINE
8
BLACK
6
CONTINUOUS
10
-1.8843139370078739
20
3.4122872440944882
11
-1.880212874015748
21
3.4122872440944882
0
LINE
8
BLACK
6
CONTINUOUS
10
-1.880212874015748
20
3.4122872440944882
11
-1.880212874015748
21
3.4167398031496061
0
LINE
8
BLACK
6
CONTINUOUS
10
-1.880212874015748
20
3.4167398031496061
11
-1.887126062992126
21
3.4167398031496061
0
LINE
8
BLACK
6
CONTINUOUS
10
-1.887126062992126
20
3.4167398031496061
11
-1.8880677165354329
21
3.4169271259842517
0
LINE
8
BLACK
6
CONTINUOUS
10
-1.8880677165354329
20
3.4169271259842517
11
-1.8893993700787401
21
3.4182587795275592
0
LINE
8
BLACK
6
CONTINUOUS
10
-1.8893993700787401
20
3.4182587795275592
11
-1.8893993700787401
21
3.420142086614173
0
LINE
8
BLACK
6
CONTINUOUS
10
-1.8893993700787401
20
3.420142086614173
11
-1.8880677165354329
21
3.4214737401574804
0
LINE
8
BLACK
6
CONTINUOUS
10
-1.8880677165354329
20
3.4214737401574804
11
-1.887126062992126
21
3.421661062992126
0
LINE
8
BLACK
6
CONTINUOUS
10
-1.887126062992126
20
3.421661062992126
11
-1.877752244094488
21
3.421661062992126
0
LINE
8
BLACK
6
CONTINUOUS
10
-1.877752244094488
20
3.421661062992126
11
-1.8768105905511812
21
3.4214737401574804
0
LINE
8
BLACK
6
CONTINUOUS
10
-1.9190622440944882
20
3.4213059448818899
11
-1.9183222834645668
21
3.4210592913385827
0
LINE
8
BLACK
6
CONTINUOUS
10
-1.9183222834645668
20
3.4210592913385827
11
-1.9182400787401575
21
3.4208948818897635
0
LINE
8
BLACK
6
CONTINUOUS
10
-1.9182400787401575
20
3.4208948818897635
11
-1.9180756299212598
21
3.4208126377952754
0
LINE
8
BLACK
6
CONTINUOUS
10
-1.9180756299212598
20
3.4208126377952754
11
-1.9176001181102362
21
3.4199785433070864
0
LINE
8
BLACK
6
CONTINUOUS
10
-1.9176001181102362
20
3.4199785433070864
11
-1.9110384645669292
21
3.4002935039370077
0
LINE
8
BLACK
6
CONTINUOUS
10
-1.9110384645669292
20
3.4002935039370077
11
-1.9109184251968503
21
3.3993409448818896
0
LINE
8
BLACK
6
CONTINUOUS
10
-1.9109184251968503
20
3.3993409448818896
11
-1.9117606299212597
21
3.3976565354330708
0
LINE
8
BLACK
6
CONTINUOUS
10
-1.9117606299212597
20
3.3976565354330708
11
-1.9135472834645668
21
3.3970609842519686
0
LINE
8
BLACK
6
CONTINUOUS
10
-1.9135472834645668
20
3.3970609842519686
11
-1.9152316929133857
21
3.397903188976378
0
LINE
8
BLACK
6
CONTINUOUS
10
-1.9152316929133857
20
3.397903188976378
11
-1.9157072047244095
21
3.398737283464567
0
LINE
8
BLACK
6
CONTINUOUS
10
-1.9157072047244095
20
3.398737283464567
11
-1.9170211417322833
21
3.4026790551181101
0
LINE
8
BLACK
6
CONTINUOUS
10
-1.9170211417322833
20
3.4026790551181101
11
-1.922847874015748
21
3.4026790551181101
0
LINE
8
BLACK
6
CONTINUOUS
10
-1.922847874015748
20
3.4026790551181101
11
-1.924161811023622
21
3.398737283464567
0
LINE
8
BLACK
6
CONTINUOUS
10
-1.924161811023622
20
3.398737283464567
11
-1.9246373228346456
21
3.397903188976378
0
LINE
8
BLACK
6
CONTINUOUS
10
-1.9246373228346456
20
3.397903188976378
11
-1.9263217322834645
21
3.3970609842519686
0
LINE
8
BLACK
6
CONTINUOUS
10
-1.9263217322834645
20
3.3970609842519686
11
-1.9281083858267716
21
3.3976565354330708
0
LINE
8
BLACK
6
CONTINUOUS
10
-1.9281083858267716
20
3.3976565354330708
11
-1.928950590551181
21
3.3993409448818896
0
LINE
8
BLACK
6
CONTINUOUS
10
-1.928950590551181
20
3.3993409448818896
11
-1.9288305511811024
21
3.4002935039370077
0
LINE
8
BLACK
6
CONTINUOUS
10
-1.9288305511811024
20
3.4002935039370077
11
-1.9222688582677165
21
3.4199785433070864
0
LINE
8
BLACK
6
CONTINUOUS
10
-1.9222688582677165
20
3.4199785433070864
11
-1.921793346456693
21
3.4208126377952754
0
LINE
8
BLACK
6
CONTINUOUS
10
-1.921793346456693
20
3.4208126377952754
11
-1.9216289370078741
21
3.4208948818897635
0
LINE
8
BLACK
6
CONTINUOUS
10
-1.9216289370078741
20
3.4208948818897635
11
-1.9215466929133858
21
3.4210592913385827
0
LINE
8
BLACK
6
CONTINUOUS
10
-1.9215466929133858
20
3.4210592913385827
11
-1.9208067322834645
21
3.4213059448818899
0
LINE
8
BLACK
6
CONTINUOUS
10
-1.9208067322834645
20
3.4213059448818899
11
-1.9201089370078739
21
3.4216548425196849
0
LINE
8
BLACK
6
CONTINUOUS
10
-1.9201089370078739
20
3.4216548425196849
11
-1.9199344881889764
21
3.4215966929133859
0
LINE
8
BLACK
6
CONTINUOUS
10
-1.9199344881889764
20
3.4215966929133859
11
-1.9197600393700787
21
3.4216548425196849
0
LINE
8
BLACK
6
CONTINUOUS
10
-1.9197600393700787
20
3.4216548425196849
11
-1.9190622440944882
21
3.4213059448818899
0
LINE
8
BLACK
6
CONTINUOUS
10
-1.9212074409448818
20
3.40760031496063
11
-1.9186615354330707
21
3.40760031496063
0
LINE
8
BLACK
6
CONTINUOUS
10
-1.9186615354330707
20
3.40760031496063
11
-1.9199345275590551
21
3.4114192125984251
0
LINE
8
BLACK
6
CONTINUOUS
10
-1.9199345275590551
20
3.4114192125984251
11
-1.9212074409448818
21
3.40760031496063
0
LINE
8
BLACK
6
CONTINUOUS
10
-1.8949588582677166
20
3.4214737401574804
11
-1.8946208661417323
21
3.4214737401574804
0
LINE
8
BLACK
6
CONTINUOUS
10
-1.8946208661417323
20
3.4214737401574804
11
-1.8941701968503937
21
3.4210230708661418
0
LINE
8
BLACK
6
CONTINUOUS
10
-1.8941701968503937
20
3.4210230708661418
11
-1.8936170866141733
21
3.4207070078740158
0
LINE
8
BLACK
6
CONTINUOUS
10
-1.8936170866141733
20
3.4207070078740158
11
-1.893528188976378
21
3.4203810629921261
0
LINE
8
BLACK
6
CONTINUOUS
10
-1.893528188976378
20
3.4203810629921261
11
-1.8932892125984251
21
3.420142086614173
0
LINE
8
BLACK
6
CONTINUOUS
10
-1.8932892125984251
20
3.420142086614173
11
-1.8931018897637795
21
3.4192004330708659
0
LINE
8
BLACK
6
CONTINUOUS
10
-1.8931018897637795
20
3.4192004330708659
11
-1.8931018897637795
21
3.3995153937007871
0
LINE
8
BLACK
6
CONTINUOUS
10
-1.8931018897637795
20
3.3995153937007871
11
-1.8932892125984251
21
3.39857374015748
0
LINE
8
BLACK
6
CONTINUOUS
10
-1.8932892125984251
20
3.39857374015748
11
-1.8946208661417323
21
3.397242086614173
0
LINE
8
BLACK
6
CONTINUOUS
10
-1.8946208661417323
20
3.397242086614173
11
-1.8965041732283465
21
3.397242086614173
0
LINE
8
BLACK
6
CONTINUOUS
10
-1.8965041732283465
20
3.397242086614173
11
-1.8978358267716535
21
3.39857374015748
0
LINE
8
BLACK
6
CONTINUOUS
10
-1.8978358267716535
20
3.39857374015748
11
-1.8980231496062991
21
3.3995153937007871
0
LINE
8
BLACK
6
CONTINUOUS
10
-1.8980231496062991
20
3.3995153937007871
11
-1.8980231496062991
21
3.4099348031496062
0
LINE
8
BLACK
6
CONTINUOUS
10
-1.8980231496062991
20
3.4099348031496062
11
-1.9046746850393701
21
3.3982945669291338
0
LINE
8
BLACK
6
CONTINUOUS
10
-1.9046746850393701
20
3.3982945669291338
11
-1.905304527559055
21
3.3975699212598425
0
LINE
8
BLACK
6
CONTINUOUS
10
-1.905304527559055
20
3.3975699212598425
11
-1.9056305511811023
21
3.397481023622047
0
LINE
8
BLACK
6
CONTINUOUS
10
-1.9056305511811023
20
3.397481023622047
11
-1.9058694488188976
21
3.397242086614173
0
LINE
8
BLACK
6
CONTINUOUS
10
-1.9058694488188976
20
3.397242086614173
11
-1.9065065748031496
21
3.397242086614173
0
LINE
8
BLACK
6
CONTINUOUS
10
-1.9065065748031496
20
3.397242086614173
11
-1.9071213779527558
21
3.3970744094488188
0
LINE
8
BLACK
6
CONTINUOUS
10
-1.9071213779527558
20
3.3970744094488188
11
-1.9074148031496063
21
3.397242086614173
0
LINE
8
BLACK
6
CONTINUOUS
10
-1.9074148031496063
20
3.397242086614173
11
-1.9077527559055119
21
3.397242086614173
0
LINE
8
BLACK
6
CONTINUOUS
10
-1.9077527559055119
20
3.397242086614173
11
-1.9082033858267715
21
3.3976927165354329
0
LINE
8
BLACK
6
CONTINUOUS
10
-1.9082033858267715
20
3.3976927165354329
11
-1.9087565748031496
21
3.3980088188976376
0
LINE
8
BLACK
6
CONTINUOUS
10
-1.9087565748031496
20
3.3980088188976376
11
-1.9088455118110237
21
3.3983348425196849
0
LINE
8
BLACK
6
CONTINUOUS
10
-1.9088455118110237
20
3.3983348425196849
11
-1.9090844094488189
21
3.39857374015748
0
LINE
8
BLACK
6
CONTINUOUS
10
-1.9090844094488189
20
3.39857374015748
11
-1.9092717322834645
21
3.3995153937007871
0
LINE
8
BLACK
6
CONTINUOUS
10
-1.9092717322834645
20
3.3995153937007871
11
-1.9092717322834645
21
3.4192004330708659
0
LINE
8
BLACK
6
CONTINUOUS
10
-1.9092717322834645
20
3.4192004330708659
11
-1.9090844094488189
21
3.420142086614173
0
LINE
8
BLACK
6
CONTINUOUS
10
-1.9090844094488189
20
3.420142086614173
11
-1.9077527559055119
21
3.4214737401574804
0
LINE
8
BLACK
6
CONTINUOUS
10
-1.9077527559055119
20
3.4214737401574804
11
-1.9058694488188976
21
3.4214737401574804
0
LINE
8
BLACK
6
CONTINUOUS
10
-1.9058694488188976
20
3.4214737401574804
11
-1.9045377952755904
21
3.420142086614173
0
LINE
8
BLACK
6
CONTINUOUS
10
-1.9045377952755904
20
3.420142086614173
11
-1.9043504724409448
21
3.4192004330708659
0
LINE
8
BLACK
6
CONTINUOUS
10
-1.9043504724409448
20
3.4192004330708659
11
-1.9043504724409448
21
3.408781062992126
0
LINE
8
BLACK
6
CONTINUOUS
10
-1.9043504724409448
20
3.408781062992126
11
-1.8976989370078741
21
3.4204212204724409
0
LINE
8
BLACK
6
CONTINUOUS
10
-1.8976989370078741
20
3.4204212204724409
11
-1.8970691338582677
21
3.4211458661417322
0
LINE
8
BLACK
6
CONTINUOUS
10
-1.8970691338582677
20
3.4211458661417322
11
-1.8967431496062992
21
3.421234803149606
0
LINE
8
BLACK
6
CONTINUOUS
10
-1.8967431496062992
20
3.421234803149606
11
-1.8965041732283465
21
3.4214737401574804
0
LINE
8
BLACK
6
CONTINUOUS
10
-1.8965041732283465
20
3.4214737401574804
11
-1.8958669291338581
21
3.4214737401574804
0
LINE
8
BLACK
6
CONTINUOUS
10
-1.8958669291338581
20
3.4214737401574804
11
-1.8952522440944881
21
3.4216413779527559
0
LINE
8
BLACK
6
CONTINUOUS
10
-1.8952522440944881
20
3.4216413779527559
11
-1.8949588582677166
21
3.4214737401574804
0
LINE
8
BLACK
6
CONTINUOUS
10
-2.2777172440944882
20
3.4154551574803147
11
-2.2775299212598425
21
3.4145135039370076
0
LINE
8
BLACK
6
CONTINUOUS
10
-2.2775299212598425
20
3.4145135039370076
11
-2.2775299212598425
21
3.4094750787401575
0
LINE
8
BLACK
6
CONTINUOUS
10
-2.2775299212598425
20
3.4094750787401575
11
-2.2724914960629921
21
3.4094750787401575
0
LINE
8
BLACK
6
CONTINUOUS
10
-2.2724914960629921
20
3.4094750787401575
11
-2.2715498425196849
21
3.4092877559055119
0
LINE
8
BLACK
6
CONTINUOUS
10
-2.2715498425196849
20
3.4092877559055119
11
-2.2702181889763779
21
3.4079561023622045
0
LINE
8
BLACK
6
CONTINUOUS
10
-2.2702181889763779
20
3.4079561023622045
11
-2.2702181889763779
21
3.4060727952755903
0
LINE
8
BLACK
6
CONTINUOUS
10
-2.2702181889763779
20
3.4060727952755903
11
-2.2715498425196849
21
3.4047411417322833
0
LINE
8
BLACK
6
CONTINUOUS
10
-2.2715498425196849
20
3.4047411417322833
11
-2.2724914960629921
21
3.4045538188976376
0
LINE
8
BLACK
6
CONTINUOUS
10
-2.2724914960629921
20
3.4045538188976376
11
-2.2775299212598425
21
3.4045538188976376
0
LINE
8
BLACK
6
CONTINUOUS
10
-2.2775299212598425
20
3.4045538188976376
11
-2.2775299212598425
21
3.3995153937007871
0
LINE
8
BLACK
6
CONTINUOUS
10
-2.2775299212598425
20
3.3995153937007871
11
-2.2777172440944882
21
3.39857374015748
0
LINE
8
BLACK
6
CONTINUOUS
10
-2.2777172440944882
20
3.39857374015748
11
-2.2790488976377952
21
3.397242086614173
0
LINE
8
BLACK
6
CONTINUOUS
10
-2.2790488976377952
20
3.397242086614173
11
-2.2809322047244094
21
3.397242086614173
0
LINE
8
BLACK
6
CONTINUOUS
10
-2.2809322047244094
20
3.397242086614173
11
-2.2822638582677164
21
3.39857374015748
0
LINE
8
BLACK
6
CONTINUOUS
10
-2.2822638582677164
20
3.39857374015748
11
-2.282451181102362
21
3.3995153937007871
0
LINE
8
BLACK
6
CONTINUOUS
10
-2.282451181102362
20
3.3995153937007871
11
-2.282451181102362
21
3.4045538188976376
0
LINE
8
BLACK
6
CONTINUOUS
10
-2.282451181102362
20
3.4045538188976376
11
-2.2874896062992125
21
3.4045538188976376
0
LINE
8
BLACK
6
CONTINUOUS
10
-2.2874896062992125
20
3.4045538188976376
11
-2.2884312598425196
21
3.4047411417322833
0
LINE
8
BLACK
6
CONTINUOUS
10
-2.2884312598425196
20
3.4047411417322833
11
-2.2897629133858266
21
3.4060727952755903
0
LINE
8
BLACK
6
CONTINUOUS
10
-2.2897629133858266
20
3.4060727952755903
11
-2.2897629133858266
21
3.4079561023622045
0
LINE
8
BLACK
6
CONTINUOUS
10
-2.2897629133858266
20
3.4079561023622045
11
-2.2884312598425196
21
3.4092877559055119
0
LINE
8
BLACK
6
CONTINUOUS
10
-2.2884312598425196
20
3.4092877559055119
11
-2.2874896062992125
21
3.4094750787401575
0
LINE
8
BLACK
6
CONTINUOUS
10
-2.2874896062992125
20
3.4094750787401575
11
-2.282451181102362
21
3.4094750787401575
0
LINE
8
BLACK
6
CONTINUOUS
10
-2.282451181102362
20
3.4094750787401575
11
-2.282451181102362
21
3.4145135039370076
0
LINE
8
BLACK
6
CONTINUOUS
10
-2.282451181102362
20
3.4145135039370076
11
-2.2822638582677164
21
3.4154551574803147
0
LINE
8
BLACK
6
CONTINUOUS
10
-2.2822638582677164
20
3.4154551574803147
11
-2.2809322047244094
21
3.4167868110236221
0
LINE
8
BLACK
6
CONTINUOUS
10
-2.2809322047244094
20
3.4167868110236221
11
-2.2790488976377952
21
3.4167868110236221
0
LINE
8
BLACK
6
CONTINUOUS
10
-2.2790488976377952
20
3.4167868110236221
11
-2.2777172440944882
21
3.4154551574803147
0
LINE
8
BLACK
6
CONTINUOUS
10
-1.7795033070866142
20
3.4609163385826771
11
-1.7740841732283463
21
3.4586716535433069
0
LINE
8
BLACK
6
CONTINUOUS
10
-1.7740841732283463
20
3.4586716535433069
11
-1.7692071259842519
21
3.4554129133858269
0
LINE
8
BLACK
6
CONTINUOUS
10
-1.7692071259842519
20
3.4554129133858269
11
-1.765059527559055
21
3.4512653149606298
0
LINE
8
BLACK
6
CONTINUOUS
10
-1.765059527559055
20
3.4512653149606298
11
-1.7618007874015749
21
3.4463882677165354
0
LINE
8
BLACK
6
CONTINUOUS
10
-1.7618007874015749
20
3.4463882677165354
11
-1.7595561023622046
21
3.4409691338582675
0
LINE
8
BLACK
6
CONTINUOUS
10
-1.7595561023622046
20
3.4409691338582675
11
-1.758411811023622
21
3.4352162598425195
0
LINE
8
BLACK
6
CONTINUOUS
10
-1.758411811023622
20
3.4352162598425195
11
-1.758411811023622
21
3.4293506692913387
0
LINE
8
BLACK
6
CONTINUOUS
10
-1.758411811023622
20
3.4293506692913387
11
-1.7595561023622046
21
3.4235977952755903
0
LINE
8
BLACK
6
CONTINUOUS
10
-1.7595561023622046
20
3.4235977952755903
11
-1.7618007874015749
21
3.4181786614173229
0
LINE
8
BLACK
6
CONTINUOUS
10
-1.7618007874015749
20
3.4181786614173229
11
-1.765059527559055
21
3.4133016141732284
0
LINE
8
BLACK
6
CONTINUOUS
10
-1.765059527559055
20
3.4133016141732284
11
-1.7692071259842519
21
3.4091540157480313
0
LINE
8
BLACK
6
CONTINUOUS
10
-1.7692071259842519
20
3.4091540157480313
11
-1.7740841732283463
21
3.4058952755905509
0
LINE
8
BLACK
6
CONTINUOUS
10
-1.7740841732283463
20
3.4058952755905509
11
-1.7795033070866142
21
3.4036505905511811
0
LINE
8
BLACK
6
CONTINUOUS
10
-1.7795033070866142
20
3.4036505905511811
11
-1.7852561811023622
21
3.4025062992125985
0
LINE
8
BLACK
6
CONTINUOUS
10
-1.7852561811023622
20
3.4025062992125985
11
-1.7911217716535432
21
3.4025062992125985
0
LINE
8
BLACK
6
CONTINUOUS
10
-1.7911217716535432
20
3.4025062992125985
11
-1.7968746456692912
21
3.4036505905511811
0
LINE
8
BLACK
6
CONTINUOUS
10
-1.7968746456692912
20
3.4036505905511811
11
-1.8022937795275591
21
3.4058952755905509
0
LINE
8
BLACK
6
CONTINUOUS
10
-1.8022937795275591
20
3.4058952755905509
11
-1.8071708267716535
21
3.4091540157480313
0
LINE
8
BLACK
6
CONTINUOUS
10
-1.8071708267716535
20
3.4091540157480313
11
-1.8113184251968504
21
3.4133016141732284
0
LINE
8
BLACK
6
CONTINUOUS
10
-1.8113184251968504
20
3.4133016141732284
11
-1.8145771653543306
21
3.4181786614173229
0
LINE
8
BLACK
6
CONTINUOUS
10
-1.8145771653543306
20
3.4181786614173229
11
-1.8168218503937008
21
3.4235977952755903
0
LINE
8
BLACK
6
CONTINUOUS
10
-1.8168218503937008
20
3.4235977952755903
11
-1.8179661417322834
21
3.4293506692913387
0
LINE
8
BLACK
6
CONTINUOUS
10
-1.8179661417322834
20
3.4293506692913387
11
-1.8179661417322834
21
3.4347651574803151
0
LINE
8
BLACK
6
CONTINUOUS
10
-1.8179661417322834
20
3.4347651574803151
11
-1.8179661417322834
21
3.4352162598425195
0
LINE
8
BLACK
6
CONTINUOUS
10
-1.8179661417322834
20
3.4352162598425195
11
-1.8168218503937008
21
3.4409691338582675
0
LINE
8
BLACK
6
CONTINUOUS
10
-1.8168218503937008
20
3.4409691338582675
11
-1.8145771653543306
21
3.4463882677165354
0
LINE
8
BLACK
6
CONTINUOUS
10
-1.8145771653543306
20
3.4463882677165354
11
-1.8113184251968504
21
3.4512653149606298
0
LINE
8
BLACK
6
CONTINUOUS
10
-1.8113184251968504
20
3.4512653149606298
11
-1.8071708267716535
21
3.4554129133858269
0
LINE
8
BLACK
6
CONTINUOUS
10
-1.8071708267716535
20
3.4554129133858269
11
-1.8022937795275591
21
3.4586716535433069
0
LINE
8
BLACK
6
CONTINUOUS
10
-1.8022937795275591
20
3.4586716535433069
11
-1.7968746456692912
21
3.4609163385826771
0
LINE
8
BLACK
6
CONTINUOUS
10
-1.7968746456692912
20
3.4609163385826771
11
-1.7911217716535432
21
3.4620606299212597
0
LINE
8
BLACK
6
CONTINUOUS
10
-1.7911217716535432
20
3.4620606299212597
11
-1.7852561811023622
21
3.4620606299212597
0
LINE
8
BLACK
6
CONTINUOUS
10
-1.7852561811023622
20
3.4620606299212597
11
-1.7795033070866142
21
3.4609163385826771
0
LINE
8
BLACK
6
CONTINUOUS
10
-1.8133858267716536
20
3.4298017716535432
11
-1.8124175196850394
21
3.4249338188976379
0
LINE
8
BLACK
6
CONTINUOUS
10
-1.8124175196850394
20
3.4249338188976379
11
-1.8105181496062992
21
3.4203482677165353
0
LINE
8
BLACK
6
CONTINUOUS
10
-1.8105181496062992
20
3.4203482677165353
11
-1.8077606692913386
21
3.4162214173228347
0
LINE
8
BLACK
6
CONTINUOUS
10
-1.8077606692913386
20
3.4162214173228347
11
-1.8042510236220473
21
3.4127117716535431
0
LINE
8
BLACK
6
CONTINUOUS
10
-1.8042510236220473
20
3.4127117716535431
11
-1.8001241732283464
21
3.4099542913385825
0
LINE
8
BLACK
6
CONTINUOUS
10
-1.8001241732283464
20
3.4099542913385825
11
-1.795538622047244
21
3.4080549212598426
0
LINE
8
BLACK
6
CONTINUOUS
10
-1.795538622047244
20
3.4080549212598426
11
-1.7906706692913386
21
3.4070866141732283
0
LINE
8
BLACK
6
CONTINUOUS
10
-1.7906706692913386
20
3.4070866141732283
11
-1.7857072834645669
21
3.4070866141732283
0
LINE
8
BLACK
6
CONTINUOUS
10
-1.7857072834645669
20
3.4070866141732283
11
-1.7808393307086614
21
3.4080549212598426
0
LINE
8
BLACK
6
CONTINUOUS
10
-1.7808393307086614
20
3.4080549212598426
11
-1.776253779527559
21
3.4099542913385825
0
LINE
8
BLACK
6
CONTINUOUS
10
-1.776253779527559
20
3.4099542913385825
11
-1.7721269291338582
21
3.4127117716535431
0
LINE
8
BLACK
6
CONTINUOUS
10
-1.7721269291338582
20
3.4127117716535431
11
-1.7686172834645668
21
3.4162214173228347
0
LINE
8
BLACK
6
CONTINUOUS
10
-1.7686172834645668
20
3.4162214173228347
11
-1.7658598031496062
21
3.4203482677165353
0
LINE
8
BLACK
6
CONTINUOUS
10
-1.7658598031496062
20
3.4203482677165353
11
-1.763960433070866
21
3.4249338188976379
0
LINE
8
BLACK
6
CONTINUOUS
10
-1.763960433070866
20
3.4249338188976379
11
-1.762992125984252
21
3.4298017716535432
0
LINE
8
BLACK
6
CONTINUOUS
10
-1.762992125984252
20
3.4298017716535432
11
-1.762992125984252
21
3.4347651574803151
0
LINE
8
BLACK
6
CONTINUOUS
10
-1.762992125984252
20
3.4347651574803151
11
-1.763960433070866
21
3.4396331102362203
0
LINE
8
BLACK
6
CONTINUOUS
10
-1.763960433070866
20
3.4396331102362203
11
-1.7658598031496062
21
3.4442186614173229
0
LINE
8
BLACK
6
CONTINUOUS
10
-1.7658598031496062
20
3.4442186614173229
11
-1.7686172834645668
21
3.4483455118110236
0
LINE
8
BLACK
6
CONTINUOUS
10
-1.7686172834645668
20
3.4483455118110236
11
-1.7721269291338582
21
3.4518551574803147
0
LINE
8
BLACK
6
CONTINUOUS
10
-1.7721269291338582
20
3.4518551574803147
11
-1.776253779527559
21
3.4546126377952757
0
LINE
8
BLACK
6
CONTINUOUS
10
-1.776253779527559
20
3.4546126377952757
11
-1.7808393307086614
21
3.4565120078740157
0
LINE
8
BLACK
6
CONTINUOUS
10
-1.7808393307086614
20
3.4565120078740157
11
-1.7857072834645669
21
3.4574803149606299
0
LINE
8
BLACK
6
CONTINUOUS
10
-1.7857072834645669
20
3.4574803149606299
11
-1.7906706692913386
21
3.4574803149606299
0
LINE
8
BLACK
6
CONTINUOUS
10
-1.7906706692913386
20
3.4574803149606299
11
-1.795538622047244
21
3.4565120078740157
0
LINE
8
BLACK
6
CONTINUOUS
10
-1.795538622047244
20
3.4565120078740157
11
-1.8001241732283464
21
3.4546126377952757
0
LINE
8
BLACK
6
CONTINUOUS
10
-1.8001241732283464
20
3.4546126377952757
11
-1.8042510236220473
21
3.4518551574803147
0
LINE
8
BLACK
6
CONTINUOUS
10
-1.8042510236220473
20
3.4518551574803147
11
-1.8077606692913386
21
3.4483455118110236
0
LINE
8
BLACK
6
CONTINUOUS
10
-1.8077606692913386
20
3.4483455118110236
11
-1.8105181496062992
21
3.4442186614173229
0
LINE
8
BLACK
6
CONTINUOUS
10
-1.8105181496062992
20
3.4442186614173229
11
-1.8124175196850394
21
3.4396331102362203
0
LINE
8
BLACK
6
CONTINUOUS
10
-1.8124175196850394
20
3.4396331102362203
11
-1.8133858267716536
21
3.4347651574803151
0
LINE
8
BLACK
6
CONTINUOUS
10
-1.8133858267716536
20
3.4347651574803151
11
-1.8133858267716536
21
3.4298017716535432
0
LINE
8
BLACK
6
CONTINUOUS
10
-1.8326167322834646
20
3.4270865748031496
11
-1.8322253543307085
21
3.4270372440944881
0
LINE
8
BLACK
6
CONTINUOUS
10
-1.8322253543307085
20
3.4270372440944881
11
-1.8302369291338583
21
3.4263744094488189
0
LINE
8
BLACK
6
CONTINUOUS
10
-1.8302369291338583
20
3.4263744094488189
11
-1.8301298031496063
21
3.4263133464566931
0
LINE
8
BLACK
6
CONTINUOUS
10
-1.8301298031496063
20
3.4263133464566931
11
-1.8300734251968505
21
3.4263133464566931
0
LINE
8
BLACK
6
CONTINUOUS
10
-1.8300734251968505
20
3.4263133464566931
11
-1.8297455511811023
21
3.4260942913385826
0
LINE
8
BLACK
6
CONTINUOUS
10
-1.8297455511811023
20
3.4260942913385826
11
-1.8294028346456692
21
3.4258988976377953
0
LINE
8
BLACK
6
CONTINUOUS
10
-1.8294028346456692
20
3.4258988976377953
11
-1.8293776377952755
21
3.4258484645669292
0
LINE
8
BLACK
6
CONTINUOUS
10
-1.8293776377952755
20
3.4258484645669292
11
-1.8292751181102362
21
3.4257799606299213
0
LINE
8
BLACK
6
CONTINUOUS
10
-1.8292751181102362
20
3.4257799606299213
11
-1.8246352755905511
21
3.4211401574803149
0
LINE
8
BLACK
6
CONTINUOUS
10
-1.8246352755905511
20
3.4211401574803149
11
-1.8241018897637795
21
3.4203418897637796
0
LINE
8
BLACK
6
CONTINUOUS
10
-1.8241018897637795
20
3.4203418897637796
11
-1.8241018897637795
21
3.4203418503937009
0
LINE
8
BLACK
6
CONTINUOUS
10
-1.8241018897637795
20
3.4203418503937009
11
-1.8241018897637795
21
3.4184586220472442
0
LINE
8
BLACK
6
CONTINUOUS
10
-1.8241018897637795
20
3.4184586220472442
11
-1.8246352755905511
21
3.4176603149606297
0
LINE
8
BLACK
6
CONTINUOUS
10
-1.8246352755905511
20
3.4176603149606297
11
-1.8385547244094487
21
3.4037409055118109
0
LINE
8
BLACK
6
CONTINUOUS
10
-1.8385547244094487
20
3.4037409055118109
11
-1.8393530314960629
21
3.4032075196850391
0
LINE
8
BLACK
6
CONTINUOUS
10
-1.8393530314960629
20
3.4032075196850391
11
-1.8412362598425196
21
3.4032075196850391
0
LINE
8
BLACK
6
CONTINUOUS
10
-1.8412362598425196
20
3.4032075196850391
11
-1.8420345669291338
21
3.4037409055118109
0
LINE
8
BLACK
6
CONTINUOUS
10
-1.8420345669291338
20
3.4037409055118109
11
-1.8473372047244094
21
3.4090435433070865
0
LINE
8
BLACK
6
CONTINUOUS
10
-1.8473372047244094
20
3.4090435433070865
11
-1.8474057086614173
21
3.409146062992126
0
LINE
8
BLACK
6
CONTINUOUS
10
-1.8474057086614173
20
3.409146062992126
11
-1.8474561417322835
21
3.4091712598425197
0
LINE
8
BLACK
6
CONTINUOUS
10
-1.8474561417322835
20
3.4091712598425197
11
-1.8476515354330709
21
3.4095139763779527
0
LINE
8
BLACK
6
CONTINUOUS
10
-1.8476515354330709
20
3.4095139763779527
11
-1.847870590551181
21
3.4098418503937009
0
LINE
8
BLACK
6
CONTINUOUS
10
-1.847870590551181
20
3.4098418503937009
11
-1.847870590551181
21
3.4098982677165353
0
LINE
8
BLACK
6
CONTINUOUS
10
-1.847870590551181
20
3.4098982677165353
11
-1.847931653543307
21
3.4100053543307087
0
LINE
8
BLACK
6
CONTINUOUS
10
-1.847931653543307
20
3.4100053543307087
11
-1.8485944881889764
21
3.4119937795275588
0
LINE
8
BLACK
6
CONTINUOUS
10
-1.8485944881889764
20
3.4119937795275588
11
-1.8486438188976377
21
3.412385157480315
0
LINE
8
BLACK
6
CONTINUOUS
10
-1.8486438188976377
20
3.412385157480315
11
-1.848720748031496
21
3.4127719291338581
0
LINE
8
BLACK
6
CONTINUOUS
10
-1.848720748031496
20
3.4127719291338581
11
-1.848720748031496
21
3.4140975984251969
0
LINE
8
BLACK
6
CONTINUOUS
10
-1.848720748031496
20
3.4140975984251969
11
-1.8486438188976377
21
3.4144844488188975
0
LINE
8
BLACK
6
CONTINUOUS
10
-1.8486438188976377
20
3.4144844488188975
11
-1.8485944881889764
21
3.4148757086614174
0
LINE
8
BLACK
6
CONTINUOUS
10
-1.8485944881889764
20
3.4148757086614174
11
-1.847931653543307
21
3.416864212598425
0
LINE
8
BLACK
6
CONTINUOUS
10
-1.847931653543307
20
3.416864212598425
11
-1.8478706299212597
21
3.4169713385826772
0
LINE
8
BLACK
6
CONTINUOUS
10
-1.8478706299212597
20
3.4169713385826772
11
-1.847870590551181
21
3.4170277559055116
0
LINE
8
BLACK
6
CONTINUOUS
10
-1.847870590551181
20
3.4170277559055116
11
-1.8476513779527559
21
3.4173558661417323
0
LINE
8
BLACK
6
CONTINUOUS
10
-1.8476513779527559
20
3.4173558661417323
11
-1.8474561417322835
21
3.417698307086614
0
LINE
8
BLACK
6
CONTINUOUS
10
-1.8474561417322835
20
3.417698307086614
11
-1.847405748031496
21
3.4177235433070865
0
LINE
8
BLACK
6
CONTINUOUS
10
-1.847405748031496
20
3.4177235433070865
11
-1.8473372047244094
21
3.417826062992126
0
LINE
8
BLACK
6
CONTINUOUS
10
-1.8473372047244094
20
3.417826062992126
11
-1.8453487007874014
21
3.4198144881889765
0
LINE
8
BLACK
6
CONTINUOUS
10
-1.8453487007874014
20
3.4198144881889765
11
-1.8452462992125984
21
3.4198829527559056
0
LINE
8
BLACK
6
CONTINUOUS
10
-1.8452462992125984
20
3.4198829527559056
11
-1.8452210236220472
21
3.4199334251968505
0
LINE
8
BLACK
6
CONTINUOUS
10
-1.8452210236220472
20
3.4199334251968505
11
-1.8448780708661416
21
3.4201289763779528
0
LINE
8
BLACK
6
CONTINUOUS
10
-1.8448780708661416
20
3.4201289763779528
11
-1.8445503937007874
21
3.4203478740157478
0
LINE
8
BLACK
6
CONTINUOUS
10
-1.8445503937007874
20
3.4203478740157478
11
-1.8444940551181102
21
3.4203478740157478
0
LINE
8
BLACK
6
CONTINUOUS
10
-1.8444940551181102
20
3.4203478740157478
11
-1.8443869291338582
21
3.4204089370078741
0
LINE
8
BLACK
6
CONTINUOUS
10
-1.8443869291338582
20
3.4204089370078741
11
-1.8423984645669291
21
3.4210717716535433
0
LINE
8
BLACK
6
CONTINUOUS
10
-1.8423984645669291
20
3.4210717716535433
11
-1.8420070866141731
21
3.4211211023622048
0
LINE
8
BLACK
6
CONTINUOUS
10
-1.8420070866141731
20
3.4211211023622048
11
-1.8416203149606298
21
3.4211980314960631
0
LINE
8
BLACK
6
CONTINUOUS
10
-1.8416203149606298
20
3.4211980314960631
11
-1.8406790551181103
21
3.4211980314960631
0
LINE
8
BLACK
6
CONTINUOUS
10
-1.8406790551181103
20
3.4211980314960631
11
-1.8406405118110236
21
3.4215040551181102
0
LINE
8
BLACK
6
CONTINUOUS
10
-1.8406405118110236
20
3.4215040551181102
11
-1.8399776771653542
21
3.4234924803149607
0
LINE
8
BLACK
6
CONTINUOUS
10
-1.8399776771653542
20
3.4234924803149607
11
-1.8399166535433071
21
3.4235995275590549
0
LINE
8
BLACK
6
CONTINUOUS
10
-1.8399166535433071
20
3.4235995275590549
11
-1.8399166535433071
21
3.4236559448818897
0
LINE
8
BLACK
6
CONTINUOUS
10
-1.8399166535433071
20
3.4236559448818897
11
-1.8396974409448819
21
3.4239841338582675
0
LINE
8
BLACK
6
CONTINUOUS
10
-1.8396974409448819
20
3.4239841338582675
11
-1.8395021653543306
21
3.4243265748031497
0
LINE
8
BLACK
6
CONTINUOUS
10
-1.8395021653543306
20
3.4243265748031497
11
-1.8394517716535432
21
3.4243518110236222
0
LINE
8
BLACK
6
CONTINUOUS
10
-1.8394517716535432
20
3.4243518110236222
11
-1.8393832677165354
21
3.4244542913385825
0
LINE
8
BLACK
6
CONTINUOUS
10
-1.8393832677165354
20
3.4244542913385825
11
-1.8380576377952755
21
3.4257799606299213
0
LINE
8
BLACK
6
CONTINUOUS
10
-1.8380576377952755
20
3.4257799606299213
11
-1.8379551181102363
21
3.4258485039370079
0
LINE
8
BLACK
6
CONTINUOUS
10
-1.8379551181102363
20
3.4258485039370079
11
-1.8379298818897638
21
3.4258988976377953
0
LINE
8
BLACK
6
CONTINUOUS
10
-1.8379298818897638
20
3.4258988976377953
11
-1.8375874409448818
21
3.4260941338582676
0
LINE
8
BLACK
6
CONTINUOUS
10
-1.8375874409448818
20
3.4260941338582676
11
-1.8372593307086613
21
3.4263133464566931
0
LINE
8
BLACK
6
CONTINUOUS
10
-1.8372593307086613
20
3.4263133464566931
11
-1.8372029133858268
21
3.4263133858267714
0
LINE
8
BLACK
6
CONTINUOUS
10
-1.8372029133858268
20
3.4263133858267714
11
-1.8370957874015748
21
3.4263744094488189
0
LINE
8
BLACK
6
CONTINUOUS
10
-1.8370957874015748
20
3.4263744094488189
11
-1.835107283464567
21
3.4270372440944881
0
LINE
8
BLACK
6
CONTINUOUS
10
-1.835107283464567
20
3.4270372440944881
11
-1.8347160236220472
21
3.4270865748031496
0
LINE
8
BLACK
6
CONTINUOUS
10
-1.8347160236220472
20
3.4270865748031496
11
-1.8343291732283464
21
3.4271635039370079
0
LINE
8
BLACK
6
CONTINUOUS
10
-1.8343291732283464
20
3.4271635039370079
11
-1.8330035039370078
21
3.4271635039370079
0
LINE
8
BLACK
6
CONTINUOUS
10
-1.8330035039370078
20
3.4271635039370079
11
-1.8326167322834646
21
3.4270865748031496
0
LINE
8
BLACK
6
CONTINUOUS
10
-1.8422796456692914
20
3.415923897637795
11
-1.8434466141732284
21
3.4147568897637797
0
LINE
8
BLACK
6
CONTINUOUS
10
-1.8434466141732284
20
3.4147568897637797
11
-1.8437994881889763
21
3.4136982677165353
0
LINE
8
BLACK
6
CONTINUOUS
10
-1.8437994881889763
20
3.4136982677165353
11
-1.8437994881889763
21
3.4131713385826772
0
LINE
8
BLACK
6
CONTINUOUS
10
-1.8437994881889763
20
3.4131713385826772
11
-1.8434466141732284
21
3.4121126377952753
0
LINE
8
BLACK
6
CONTINUOUS
10
-1.8434466141732284
20
3.4121126377952753
11
-1.8402946456692912
21
3.4089606692913383
0
LINE
8
BLACK
6
CONTINUOUS
10
-1.8402946456692912
20
3.4089606692913383
11
-1.8364833858267715
21
3.4127719291338581
0
LINE
8
BLACK
6
CONTINUOUS
10
-1.8364833858267715
20
3.4127719291338581
11
-1.8391008661417323
21
3.4153894488188974
0
LINE
8
BLACK
6
CONTINUOUS
10
-1.8391008661417323
20
3.4153894488188974
11
-1.8408755511811024
21
3.4162767716535432
0
LINE
8
BLACK
6
CONTINUOUS
10
-1.8408755511811024
20
3.4162767716535432
11
-1.8412209842519685
21
3.4162767716535432
0
LINE
8
BLACK
6
CONTINUOUS
10
-1.8412209842519685
20
3.4162767716535432
11
-1.8422796456692914
21
3.415923897637795
0
LINE
8
BLACK
6
CONTINUOUS
10
-1.8349885039370077
20
3.4218893700787403
11
-1.8354926377952756
21
3.4213852362204724
0
LINE
8
BLACK
6
CONTINUOUS
10
-1.8354926377952756
20
3.4213852362204724
11
-1.8358455118110235
21
3.420326535433071
0
LINE
8
BLACK
6
CONTINUOUS
10
-1.8358455118110235
20
3.420326535433071
11
-1.8358455118110235
21
3.4197995669291337
0
LINE
8
BLACK
6
CONTINUOUS
10
-1.8358455118110235
20
3.4197995669291337
11
-1.8354926377952756
21
3.418740905511811
0
LINE
8
BLACK
6
CONTINUOUS
10
-1.8354926377952756
20
3.418740905511811
11
-1.8330035039370078
21
3.416251811023622
0
LINE
8
BLACK
6
CONTINUOUS
10
-1.8330035039370078
20
3.416251811023622
11
-1.8298550787401575
21
3.4194002362204725
0
LINE
8
BLACK
6
CONTINUOUS
10
-1.8298550787401575
20
3.4194002362204725
11
-1.8323442125984251
21
3.4218893700787403
0
LINE
8
BLACK
6
CONTINUOUS
10
-1.8323442125984251
20
3.4218893700787403
11
-1.833402874015748
21
3.422242244094488
0
LINE
8
BLACK
6
CONTINUOUS
10
-1.833402874015748
20
3.422242244094488
11
-1.833929842519685
21
3.422242244094488
0
LINE
8
BLACK
6
CONTINUOUS
10
-1.833929842519685
20
3.422242244094488
11
-1.8349885039370077
21
3.4218893700787403
0
LINE
8
BLACK
6
CONTINUOUS
10
-1.8380213385826771
20
3.4342612598425197
11
-1.8380213385826771
21
3.432378031496063
0
LINE
8
BLACK
6
CONTINUOUS
10
-1.8380213385826771
20
3.432378031496063
11
-1.8385547244094487
21
3.4315797244094486
0
LINE
8
BLACK
6
CONTINUOUS
10
-1.8385547244094487
20
3.4315797244094486
11
-1.8524741338582678
21
3.4176603149606297
0
LINE
8
BLACK
6
CONTINUOUS
10
-1.8524741338582678
20
3.4176603149606297
11
-1.8532724409448817
21
3.4171269291338584
0
LINE
8
BLACK
6
CONTINUOUS
10
-1.8532724409448817
20
3.4171269291338584
11
-1.8551556692913385
21
3.4171269291338584
0
LINE
8
BLACK
6
CONTINUOUS
10
-1.8551556692913385
20
3.4171269291338584
11
-1.8564873622047244
21
3.4184586220472442
0
LINE
8
BLACK
6
CONTINUOUS
10
-1.8564873622047244
20
3.4184586220472442
11
-1.8564873622047244
21
3.4203418503937009
0
LINE
8
BLACK
6
CONTINUOUS
10
-1.8564873622047244
20
3.4203418503937009
11
-1.8559539763779527
21
3.4211401574803149
0
LINE
8
BLACK
6
CONTINUOUS
10
-1.8559539763779527
20
3.4211401574803149
11
-1.8420345669291338
21
3.4350595669291337
0
LINE
8
BLACK
6
CONTINUOUS
10
-1.8420345669291338
20
3.4350595669291337
11
-1.8412362598425196
21
3.4355929527559055
0
LINE
8
BLACK
6
CONTINUOUS
10
-1.8412362598425196
20
3.4355929527559055
11
-1.8393530314960629
21
3.4355929527559055
0
LINE
8
BLACK
6
CONTINUOUS
10
-1.8393530314960629
20
3.4355929527559055
11
-1.8380213385826771
21
3.4342612598425197
0
LINE
8
BLACK
6
CONTINUOUS
10
-1.8487020472440945
20
3.4447048425196849
11
-1.8479620866141733
21
3.4444581889763777
0
LINE
8
BLACK
6
CONTINUOUS
10
-1.8479620866141733
20
3.4444581889763777
11
-1.8478798818897637
21
3.444293779527559
0
LINE
8
BLACK
6
CONTINUOUS
10
-1.8478798818897637
20
3.444293779527559
11
-1.8477153543307085
21
3.4442114960629922
0
LINE
8
BLACK
6
CONTINUOUS
10
-1.8477153543307085
20
3.4442114960629922
11
-1.8474685826771653
21
3.4434711811023622
0
LINE
8
BLACK
6
CONTINUOUS
10
-1.8474685826771653
20
3.4434711811023622
11
-1.8471198425196851
21
3.4427737007874013
0
LINE
8
BLACK
6
CONTINUOUS
10
-1.8471198425196851
20
3.4427737007874013
11
-1.8471779921259841
21
3.4425993700787401
0
LINE
8
BLACK
6
CONTINUOUS
10
-1.8471779921259841
20
3.4425993700787401
11
-1.8471198031496063
21
3.4424248818897638
0
LINE
8
BLACK
6
CONTINUOUS
10
-1.8471198031496063
20
3.4424248818897638
11
-1.8473733858267716
21
3.4414988976377954
0
LINE
8
BLACK
6
CONTINUOUS
10
-1.8473733858267716
20
3.4414988976377954
11
-1.8566529921259842
21
3.4229396062992126
0
LINE
8
BLACK
6
CONTINUOUS
10
-1.8566529921259842
20
3.4229396062992126
11
-1.8572416535433069
21
3.4221811417322834
0
LINE
8
BLACK
6
CONTINUOUS
10
-1.8572416535433069
20
3.4221811417322834
11
-1.8590282677165353
21
3.4215856299212599
0
LINE
8
BLACK
6
CONTINUOUS
10
-1.8590282677165353
20
3.4215856299212599
11
-1.8607127559055117
21
3.4224278346456694
0
LINE
8
BLACK
6
CONTINUOUS
10
-1.8607127559055117
20
3.4224278346456694
11
-1.8613082677165353
21
3.4242144488188977
0
LINE
8
BLACK
6
CONTINUOUS
10
-1.8613082677165353
20
3.4242144488188977
11
-1.8610547244094489
21
3.4251404724409449
0
LINE
8
BLACK
6
CONTINUOUS
10
-1.8610547244094489
20
3.4251404724409449
11
-1.8591965748031496
21
3.4288568503937009
0
LINE
8
BLACK
6
CONTINUOUS
10
-1.8591965748031496
20
3.4288568503937009
11
-1.8633166929133858
21
3.4329770078740158
0
LINE
8
BLACK
6
CONTINUOUS
10
-1.8633166929133858
20
3.4329770078740158
11
-1.867033031496063
21
3.4311187795275591
0
LINE
8
BLACK
6
CONTINUOUS
10
-1.867033031496063
20
3.4311187795275591
11
-1.8679590551181102
21
3.4308652362204723
0
LINE
8
BLACK
6
CONTINUOUS
10
-1.8679590551181102
20
3.4308652362204723
11
-1.8697456299212598
21
3.4314607480314958
0
LINE
8
BLACK
6
CONTINUOUS
10
-1.8697456299212598
20
3.4314607480314958
11
-1.870587874015748
21
3.4331452362204722
0
LINE
8
BLACK
6
CONTINUOUS
10
-1.870587874015748
20
3.4331452362204722
11
-1.8699923622047243
21
3.4349318110236218
0
LINE
8
BLACK
6
CONTINUOUS
10
-1.8699923622047243
20
3.4349318110236218
11
-1.8692338976377951
21
3.4355205118110237
0
LINE
8
BLACK
6
CONTINUOUS
10
-1.8692338976377951
20
3.4355205118110237
11
-1.85067468503937
21
3.4448001574803149
0
LINE
8
BLACK
6
CONTINUOUS
10
-1.85067468503937
20
3.4448001574803149
11
-1.8497486614173229
21
3.4450537007874016
0
LINE
8
BLACK
6
CONTINUOUS
10
-1.8497486614173229
20
3.4450537007874016
11
-1.8495743307086614
21
3.4449955905511809
0
LINE
8
BLACK
6
CONTINUOUS
10
-1.8495743307086614
20
3.4449955905511809
11
-1.8493998425196849
21
3.4450537401574803
0
LINE
8
BLACK
6
CONTINUOUS
10
-1.8493998425196849
20
3.4450537401574803
11
-1.8487020472440945
21
3.4447048425196849
0
LINE
8
BLACK
6
CONTINUOUS
10
-1.8586768897637795
20
3.4352968897637797
11
-1.8568766929133858
21
3.4334966535433069
0
LINE
8
BLACK
6
CONTINUOUS
10
-1.8568766929133858
20
3.4334966535433069
11
-1.8550764173228347
21
3.437097125984252
0
LINE
8
BLACK
6
CONTINUOUS
10
-1.8550764173228347
20
3.437097125984252
11
-1.8586768897637795
21
3.4352968897637797
0
LINE
8
BLACK
6
CONTINUOUS
10
-2.4782198818897636
20
3.4491960629921259
11
-2.4781663385826773
21
3.4492138976377951
0
LINE
8
BLACK
6
CONTINUOUS
10
-2.4781663385826773
20
3.4492138976377951
11
-2.477786181102362
21
3.4491098031496064
0
LINE
8
BLACK
6
CONTINUOUS
10
-2.477786181102362
20
3.4491098031496064
11
-2.4773991338582677
21
3.4490327952755906
0
LINE
8
BLACK
6
CONTINUOUS
10
-2.4773991338582677
20
3.4490327952755906
11
-2.477359212598425
21
3.4489928740157478
0
LINE
8
BLACK
6
CONTINUOUS
10
-2.477359212598425
20
3.4489928740157478
11
-2.4772403543307084
21
3.44896031496063
0
LINE
8
BLACK
6
CONTINUOUS
10
-2.4772403543307084
20
3.44896031496063
11
-2.4753655905511809
21
3.4480229133858269
0
LINE
8
BLACK
6
CONTINUOUS
10
-2.4753655905511809
20
3.4480229133858269
11
-2.4750542519685039
21
3.4477812598425195
0
LINE
8
BLACK
6
CONTINUOUS
10
-2.4750542519685039
20
3.4477812598425195
11
-2.4747261417322832
21
3.4475620472440944
0
LINE
8
BLACK
6
CONTINUOUS
10
-2.4747261417322832
20
3.4475620472440944
11
-2.4737887401574801
21
3.44662468503937
0
LINE
8
BLACK
6
CONTINUOUS
10
-2.4737887401574801
20
3.44662468503937
11
-2.47356968503937
21
3.4462968503937006
0
LINE
8
BLACK
6
CONTINUOUS
10
-2.47356968503937
20
3.4462968503937006
11
-2.4733277559055118
21
3.4459851181102361
0
LINE
8
BLACK
6
CONTINUOUS
10
-2.4733277559055118
20
3.4459851181102361
11
-2.4723903937007874
21
3.4441103937007873
0
LINE
8
BLACK
6
CONTINUOUS
10
-2.4723903937007874
20
3.4441103937007873
11
-2.4723578740157479
21
3.4439915354330708
0
LINE
8
BLACK
6
CONTINUOUS
10
-2.4723578740157479
20
3.4439915354330708
11
-2.4723179527559056
21
3.4439516141732285
0
LINE
8
BLACK
6
CONTINUOUS
10
-2.4723179527559056
20
3.4439516141732285
11
-2.4722410236220473
21
3.4435647244094487
0
LINE
8
BLACK
6
CONTINUOUS
10
-2.4722410236220473
20
3.4435647244094487
11
-2.4721368503937007
21
3.4431843700787401
0
LINE
8
BLACK
6
CONTINUOUS
10
-2.4721368503937007
20
3.4431843700787401
11
-2.4721546850393699
21
3.4431309055118109
0
LINE
8
BLACK
6
CONTINUOUS
10
-2.4721546850393699
20
3.4431309055118109
11
-2.47213062992126
21
3.4430099606299214
0
LINE
8
BLACK
6
CONTINUOUS
10
-2.47213062992126
20
3.4430099606299214
11
-2.47213062992126
21
3.4411351968503938
0
LINE
8
BLACK
6
CONTINUOUS
10
-2.47213062992126
20
3.4411351968503938
11
-2.4721546850393699
21
3.4410142913385826
0
LINE
8
BLACK
6
CONTINUOUS
10
-2.4721546850393699
20
3.4410142913385826
11
-2.4721368503937007
21
3.4409607874015746
0
LINE
8
BLACK
6
CONTINUOUS
10
-2.4721368503937007
20
3.4409607874015746
11
-2.4722410236220473
21
3.4405804724409448
0
LINE
8
BLACK
6
CONTINUOUS
10
-2.4722410236220473
20
3.4405804724409448
11
-2.4723179527559056
21
3.4401935433070867
0
LINE
8
BLACK
6
CONTINUOUS
10
-2.4723179527559056
20
3.4401935433070867
11
-2.4723578740157479
21
3.4401536614173227
0
LINE
8
BLACK
6
CONTINUOUS
10
-2.4723578740157479
20
3.4401536614173227
11
-2.4723903937007874
21
3.4400347637795274
0
LINE
8
BLACK
6
CONTINUOUS
10
-2.4723903937007874
20
3.4400347637795274
11
-2.4733277559055118
21
3.4381600393700786
0
LINE
8
BLACK
6
CONTINUOUS
10
-2.4733277559055118
20
3.4381600393700786
11
-2.47356968503937
21
3.4378483464566929
0
LINE
8
BLACK
6
CONTINUOUS
10
-2.47356968503937
20
3.4378483464566929
11
-2.4737887007874013
21
3.4375205118110235
0
LINE
8
BLACK
6
CONTINUOUS
10
-2.4737887007874013
20
3.4375205118110235
11
-2.4747261023622045
21
3.4365831102362203
0
LINE
8
BLACK
6
CONTINUOUS
10
-2.4747261023622045
20
3.4365831102362203
11
-2.4750540157480314
21
3.4363640551181103
0
LINE
8
BLACK
6
CONTINUOUS
10
-2.4750540157480314
20
3.4363640551181103
11
-2.4753656299212596
21
3.4361221653543308
0
LINE
8
BLACK
6
CONTINUOUS
10
-2.4753656299212596
20
3.4361221653543308
11
-2.4772403937007872
21
3.4351848031496064
0
LINE
8
BLACK
6
CONTINUOUS
10
-2.4772403937007872
20
3.4351848031496064
11
-2.4775003149606301
21
3.4351136614173226
0
LINE
8
BLACK
6
CONTINUOUS
10
-2.4775003149606301
20
3.4351136614173226
11
-2.4777439763779525
21
3.4349985039370079
0
LINE
8
BLACK
6
CONTINUOUS
10
-2.4777439763779525
20
3.4349985039370079
11
-2.4812315748031497
21
3.4341266141732283
0
LINE
8
BLACK
6
CONTINUOUS
10
-2.4812315748031497
20
3.4341266141732283
11
-2.4825075196850395
21
3.4334886614173228
0
LINE
8
BLACK
6
CONTINUOUS
10
-2.4825075196850395
20
3.4334886614173228
11
-2.4828801574803148
21
3.433116023622047
0
LINE
8
BLACK
6
CONTINUOUS
10
-2.4828801574803148
20
3.433116023622047
11
-2.4833792125984253
21
3.4321179133858268
0
LINE
8
BLACK
6
CONTINUOUS
10
-2.4833792125984253
20
3.4321179133858268
11
-2.4833792125984253
21
3.4314048425196848
0
LINE
8
BLACK
6
CONTINUOUS
10
-2.4833792125984253
20
3.4314048425196848
11
-2.4828801574803148
21
3.4304067322834646
0
LINE
8
BLACK
6
CONTINUOUS
10
-2.4828801574803148
20
3.4304067322834646
11
-2.4825075196850395
21
3.4300340944881889
0
LINE
8
BLACK
6
CONTINUOUS
10
-2.4825075196850395
20
3.4300340944881889
11
-2.4815094488188976
21
3.4295350787401575
0
LINE
8
BLACK
6
CONTINUOUS
10
-2.4815094488188976
20
3.4295350787401575
11
-2.4778027165354328
21
3.4295350787401575
0
LINE
8
BLACK
6
CONTINUOUS
10
-2.4778027165354328
20
3.4295350787401575
11
-2.4753693700787402
21
3.4303461811023621
0
LINE
8
BLACK
6
CONTINUOUS
10
-2.4753693700787402
20
3.4303461811023621
11
-2.4744167716535435
21
3.4304662598425195
0
LINE
8
BLACK
6
CONTINUOUS
10
-2.4744167716535435
20
3.4304662598425195
11
-2.4727323622047241
21
3.4296240157480313
0
LINE
8
BLACK
6
CONTINUOUS
10
-2.4727323622047241
20
3.4296240157480313
11
-2.4721368110236219
21
3.4278373622047242
0
LINE
8
BLACK
6
CONTINUOUS
10
-2.4721368110236219
20
3.4278373622047242
11
-2.4729790551181101
21
3.4261529527559054
0
LINE
8
BLACK
6
CONTINUOUS
10
-2.4729790551181101
20
3.4261529527559054
11
-2.4738131496062992
21
3.4256774409448818
0
LINE
8
BLACK
6
CONTINUOUS
10
-2.4738131496062992
20
3.4256774409448818
11
-2.4766252755905511
21
3.4247400787401574
0
LINE
8
BLACK
6
CONTINUOUS
10
-2.4766252755905511
20
3.4247400787401574
11
-2.4770165748031494
21
3.4246907874015746
0
LINE
8
BLACK
6
CONTINUOUS
10
-2.4770165748031494
20
3.4246907874015746
11
-2.4774033858267717
21
3.4246138188976376
0
LINE
8
BLACK
6
CONTINUOUS
10
-2.4774033858267717
20
3.4246138188976376
11
-2.4820903149606299
21
3.4246138188976376
0
LINE
8
BLACK
6
CONTINUOUS
10
-2.4820903149606299
20
3.4246138188976376
11
-2.4822112598425194
21
3.4246378740157479
0
LINE
8
BLACK
6
CONTINUOUS
10
-2.4822112598425194
20
3.4246378740157479
11
-2.4822647244094487
21
3.4246200393700788
0
LINE
8
BLACK
6
CONTINUOUS
10
-2.4822647244094487
20
3.4246200393700788
11
-2.4826450787401573
21
3.424724212598425
0
LINE
8
BLACK
6
CONTINUOUS
10
-2.4826450787401573
20
3.424724212598425
11
-2.483031968503937
21
3.4248011417322832
0
LINE
8
BLACK
6
CONTINUOUS
10
-2.483031968503937
20
3.4248011417322832
11
-2.4830718897637793
21
3.424841062992126
0
LINE
8
BLACK
6
CONTINUOUS
10
-2.4830718897637793
20
3.424841062992126
11
-2.4831907480314959
21
3.4248735826771655
0
LINE
8
BLACK
6
CONTINUOUS
10
-2.4831907480314959
20
3.4248735826771655
11
-2.4850654724409447
21
3.4258109448818899
0
LINE
8
BLACK
6
CONTINUOUS
10
-2.4850654724409447
20
3.4258109448818899
11
-2.4853772047244096
21
3.4260528740157481
0
LINE
8
BLACK
6
CONTINUOUS
10
-2.4853772047244096
20
3.4260528740157481
11
-2.4857050393700786
21
3.4262719291338581
0
LINE
8
BLACK
6
CONTINUOUS
10
-2.4857050393700786
20
3.4262719291338581
11
-2.486642401574803
21
3.4272093307086613
0
LINE
8
BLACK
6
CONTINUOUS
10
-2.486642401574803
20
3.4272093307086613
11
-2.4868616141732285
21
3.427537440944882
0
LINE
8
BLACK
6
CONTINUOUS
10
-2.4868616141732285
20
3.427537440944882
11
-2.4871032677165354
21
3.427848779527559
0
LINE
8
BLACK
6
CONTINUOUS
10
-2.4871032677165354
20
3.427848779527559
11
-2.4880406692913386
21
3.4297235433070865
0
LINE
8
BLACK
6
CONTINUOUS
10
-2.4880406692913386
20
3.4297235433070865
11
-2.4880732283464568
21
3.429842401574803
0
LINE
8
BLACK
6
CONTINUOUS
10
-2.4880732283464568
20
3.429842401574803
11
-2.4881131496062991
21
3.4298823228346458
0
LINE
8
BLACK
6
CONTINUOUS
10
-2.4881131496062991
20
3.4298823228346458
11
-2.4881901574803149
21
3.4302693700787401
0
LINE
8
BLACK
6
CONTINUOUS
10
-2.4881901574803149
20
3.4302693700787401
11
-2.4882942519685041
21
3.4306495275590549
0
LINE
8
BLACK
6
CONTINUOUS
10
-2.4882942519685041
20
3.4306495275590549
11
-2.4882764173228344
21
3.4307030708661417
0
LINE
8
BLACK
6
CONTINUOUS
10
-2.4882764173228344
20
3.4307030708661417
11
-2.4883004724409448
21
3.4308239763779529
0
LINE
8
BLACK
6
CONTINUOUS
10
-2.4883004724409448
20
3.4308239763779529
11
-2.4883004724409448
21
3.4326987401574804
0
LINE
8
BLACK
6
CONTINUOUS
10
-2.4883004724409448
20
3.4326987401574804
11
-2.4882764173228344
21
3.43281968503937
0
LINE
8
BLACK
6
CONTINUOUS
10
-2.4882764173228344
20
3.43281968503937
11
-2.4882942519685041
21
3.4328731889763779
0
LINE
8
BLACK
6
CONTINUOUS
10
-2.4882942519685041
20
3.4328731889763779
11
-2.4881901574803149
21
3.4332533858267715
0
LINE
8
BLACK
6
CONTINUOUS
10
-2.4881901574803149
20
3.4332533858267715
11
-2.4881131496062991
21
3.4336403937007871
0
LINE
8
BLACK
6
CONTINUOUS
10
-2.4881131496062991
20
3.4336403937007871
11
-2.4880732283464568
21
3.4336803543307086
0
LINE
8
BLACK
6
CONTINUOUS
10
-2.4880732283464568
20
3.4336803543307086
11
-2.4880406692913386
21
3.4337991732283464
0
LINE
8
BLACK
6
CONTINUOUS
10
-2.4880406692913386
20
3.4337991732283464
11
-2.4871032677165354
21
3.4356739370078739
0
LINE
8
BLACK
6
CONTINUOUS
10
-2.4871032677165354
20
3.4356739370078739
11
-2.4868616141732285
21
3.4359853149606296
0
LINE
8
BLACK
6
CONTINUOUS
10
-2.4868616141732285
20
3.4359853149606296
11
-2.486642401574803
21
3.4363133858267716
0
LINE
8
BLACK
6
CONTINUOUS
10
-2.486642401574803
20
3.4363133858267716
11
-2.4857050393700786
21
3.4372507874015747
0
LINE
8
BLACK
6
CONTINUOUS
10
-2.4857050393700786
20
3.4372507874015747
11
-2.4853772047244096
21
3.4374698818897635
0
LINE
8
BLACK
6
CONTINUOUS
10
-2.4853772047244096
20
3.4374698818897635
11
-2.4850654724409447
21
3.437711771653543
0
LINE
8
BLACK
6
CONTINUOUS
10
-2.4850654724409447
20
3.437711771653543
11
-2.4831907480314959
21
3.4386491338582674
0
LINE
8
BLACK
6
CONTINUOUS
10
-2.4831907480314959
20
3.4386491338582674
11
-2.4829308661417322
21
3.43872031496063
0
LINE
8
BLACK
6
CONTINUOUS
10
-2.4829308661417322
20
3.43872031496063
11
-2.4826871259842518
21
3.4388354330708659
0
LINE
8
BLACK
6
CONTINUOUS
10
-2.4826871259842518
20
3.4388354330708659
11
-2.4791996062992125
21
3.4397073622047243
0
LINE
8
BLACK
6
CONTINUOUS
10
-2.4791996062992125
20
3.4397073622047243
11
-2.4779235433070865
21
3.4403453543307085
0
LINE
8
BLACK
6
CONTINUOUS
10
-2.4779235433070865
20
3.4403453543307085
11
-2.4775509448818895
21
3.4407179921259843
0
LINE
8
BLACK
6
CONTINUOUS
10
-2.4775509448818895
20
3.4407179921259843
11
-2.4770518897637794
21
3.4417160629921257
0
LINE
8
BLACK
6
CONTINUOUS
10
-2.4770518897637794
20
3.4417160629921257
11
-2.4770518897637794
21
3.4424291338582678
0
LINE
8
BLACK
6
CONTINUOUS
10
-2.4770518897637794
20
3.4424291338582678
11
-2.4775509055118108
21
3.4434271653543305
0
LINE
8
BLACK
6
CONTINUOUS
10
-2.4775509055118108
20
3.4434271653543305
11
-2.4779235433070865
21
3.4437998031496062
0
LINE
8
BLACK
6
CONTINUOUS
10
-2.4779235433070865
20
3.4437998031496062
11
-2.4789216535433072
21
3.4442988582677163
0
LINE
8
BLACK
6
CONTINUOUS
10
-2.4789216535433072
20
3.4442988582677163
11
-2.482628307086614
21
3.4442988582677163
0
LINE
8
BLACK
6
CONTINUOUS
10
-2.482628307086614
20
3.4442988582677163
11
-2.4850617322834645
21
3.443487716535433
0
LINE
8
BLACK
6
CONTINUOUS
10
-2.4850617322834645
20
3.443487716535433
11
-2.4860142913385825
21
3.4433676771653543
0
LINE
8
BLACK
6
CONTINUOUS
10
-2.4860142913385825
20
3.4433676771653543
11
-2.4876987007874014
21
3.4442098818897637
0
LINE
8
BLACK
6
CONTINUOUS
10
-2.4876987007874014
20
3.4442098818897637
11
-2.4882942519685041
21
3.4459965354330708
0
LINE
8
BLACK
6
CONTINUOUS
10
-2.4882942519685041
20
3.4459965354330708
11
-2.4874520472440946
21
3.4476809448818897
0
LINE
8
BLACK
6
CONTINUOUS
10
-2.4874520472440946
20
3.4476809448818897
11
-2.4866179527559056
21
3.4481564566929133
0
LINE
8
BLACK
6
CONTINUOUS
10
-2.4866179527559056
20
3.4481564566929133
11
-2.4838057874015749
21
3.4490938582677164
0
LINE
8
BLACK
6
CONTINUOUS
10
-2.4838057874015749
20
3.4490938582677164
11
-2.4834145275590549
21
3.4491431889763779
0
LINE
8
BLACK
6
CONTINUOUS
10
-2.4834145275590549
20
3.4491431889763779
11
-2.4830276771653543
21
3.4492201181102362
0
LINE
8
BLACK
6
CONTINUOUS
10
-2.4830276771653543
20
3.4492201181102362
11
-2.4783407874015748
21
3.4492201181102362
0
LINE
8
BLACK
6
CONTINUOUS
10
-2.4783407874015748
20
3.4492201181102362
11
-2.4782198818897636
21
3.4491960629921259
0
LINE
8
BLACK
6
CONTINUOUS
10
-2.4567766929133859
20
3.4490327952755906
11
-2.4554450393700789
21
3.4477011417322836
0
LINE
8
BLACK
6
CONTINUOUS
10
-2.4554450393700789
20
3.4477011417322836
11
-2.4552577165354332
21
3.4467594881889765
0
LINE
8
BLACK
6
CONTINUOUS
10
-2.4552577165354332
20
3.4467594881889765
11
-2.4552577165354332
21
3.4270744488188978
0
LINE
8
BLACK
6
CONTINUOUS
10
-2.4552577165354332
20
3.4270744488188978
11
-2.4554450393700789
21
3.4261327952755907
0
LINE
8
BLACK
6
CONTINUOUS
10
-2.4554450393700789
20
3.4261327952755907
11
-2.4567766929133859
21
3.4248011417322832
0
LINE
8
BLACK
6
CONTINUOUS
10
-2.4567766929133859
20
3.4248011417322832
11
-2.457718346456693
21
3.4246138188976376
0
LINE
8
BLACK
6
CONTINUOUS
10
-2.457718346456693
20
3.4246138188976376
11
-2.4670921653543307
21
3.4246138188976376
0
LINE
8
BLACK
6
CONTINUOUS
10
-2.4670921653543307
20
3.4246138188976376
11
-2.4680338188976378
21
3.4248011417322832
0
LINE
8
BLACK
6
CONTINUOUS
10
-2.4680338188976378
20
3.4248011417322832
11
-2.4693654724409448
21
3.4261327952755907
0
LINE
8
BLACK
6
CONTINUOUS
10
-2.4693654724409448
20
3.4261327952755907
11
-2.4693654724409448
21
3.4280161023622044
0
LINE
8
BLACK
6
CONTINUOUS
10
-2.4693654724409448
20
3.4280161023622044
11
-2.4680338188976378
21
3.4293477559055119
0
LINE
8
BLACK
6
CONTINUOUS
10
-2.4680338188976378
20
3.4293477559055119
11
-2.4670921653543307
21
3.4295350787401575
0
LINE
8
BLACK
6
CONTINUOUS
10
-2.4670921653543307
20
3.4295350787401575
11
-2.4601789763779527
21
3.4295350787401575
0
LINE
8
BLACK
6
CONTINUOUS
10
-2.4601789763779527
20
3.4295350787401575
11
-2.4601789763779527
21
3.4349250393700785
0
LINE
8
BLACK
6
CONTINUOUS
10
-2.4601789763779527
20
3.4349250393700785
11
-2.4642800393700788
21
3.4349250393700785
0
LINE
8
BLACK
6
CONTINUOUS
10
-2.4642800393700788
20
3.4349250393700785
11
-2.4652216929133859
21
3.4351123622047242
0
LINE
8
BLACK
6
CONTINUOUS
10
-2.4652216929133859
20
3.4351123622047242
11
-2.4665533464566929
21
3.4364440157480316
0
LINE
8
BLACK
6
CONTINUOUS
10
-2.4665533464566929
20
3.4364440157480316
11
-2.4665533464566929
21
3.4383273228346454
0
LINE
8
BLACK
6
CONTINUOUS
10
-2.4665533464566929
20
3.4383273228346454
11
-2.4652216929133859
21
3.4396589763779528
0
LINE
8
BLACK
6
CONTINUOUS
10
-2.4652216929133859
20
3.4396589763779528
11
-2.4642800393700788
21
3.4398462992125984
0
LINE
8
BLACK
6
CONTINUOUS
10
-2.4642800393700788
20
3.4398462992125984
11
-2.4601789763779527
21
3.4398462992125984
0
LINE
8
BLACK
6
CONTINUOUS
10
-2.4601789763779527
20
3.4398462992125984
11
-2.4601789763779527
21
3.4442988582677163
0
LINE
8
BLACK
6
CONTINUOUS
10
-2.4601789763779527
20
3.4442988582677163
11
-2.4670921653543307
21
3.4442988582677163
0
LINE
8
BLACK
6
CONTINUOUS
10
-2.4670921653543307
20
3.4442988582677163
11
-2.4680338188976378
21
3.4444861811023619
0
LINE
8
BLACK
6
CONTINUOUS
10
-2.4680338188976378
20
3.4444861811023619
11
-2.4693654724409448
21
3.4458178346456694
0
LINE
8
BLACK
6
CONTINUOUS
10
-2.4693654724409448
20
3.4458178346456694
11
-2.4693654724409448
21
3.4477011417322836
0
LINE
8
BLACK
6
CONTINUOUS
10
-2.4693654724409448
20
3.4477011417322836
11
-2.4680338188976378
21
3.4490327952755906
0
LINE
8
BLACK
6
CONTINUOUS
10
-2.4680338188976378
20
3.4490327952755906
11
-2.4670921653543307
21
3.4492201181102362
0
LINE
8
BLACK
6
CONTINUOUS
10
-2.4670921653543307
20
3.4492201181102362
11
-2.457718346456693
21
3.4492201181102362
0
LINE
8
BLACK
6
CONTINUOUS
10
-2.457718346456693
20
3.4492201181102362
11
-2.4567766929133859
21
3.4490327952755906
0
LINE
8
BLACK
6
CONTINUOUS
10
-2.4416619685039369
20
3.4491960629921259
11
-2.4416084251968502
21
3.4492138976377951
0
LINE
8
BLACK
6
CONTINUOUS
10
-2.4416084251968502
20
3.4492138976377951
11
-2.4412282677165353
21
3.4491098031496064
0
LINE
8
BLACK
6
CONTINUOUS
10
-2.4412282677165353
20
3.4491098031496064
11
-2.440841220472441
21
3.4490327952755906
0
LINE
8
BLACK
6
CONTINUOUS
10
-2.440841220472441
20
3.4490327952755906
11
-2.4408012992125983
21
3.4489928740157478
0
LINE
8
BLACK
6
CONTINUOUS
10
-2.4408012992125983
20
3.4489928740157478
11
-2.4406824409448817
21
3.44896031496063
0
LINE
8
BLACK
6
CONTINUOUS
10
-2.4406824409448817
20
3.44896031496063
11
-2.4388076771653542
21
3.4480229133858269
0
LINE
8
BLACK
6
CONTINUOUS
10
-2.4388076771653542
20
3.4480229133858269
11
-2.4384963385826772
21
3.4477812598425195
0
LINE
8
BLACK
6
CONTINUOUS
10
-2.4384963385826772
20
3.4477812598425195
11
-2.4381682283464565
21
3.4475620472440944
0
LINE
8
BLACK
6
CONTINUOUS
10
-2.4381682283464565
20
3.4475620472440944
11
-2.4372308267716534
21
3.44662468503937
0
LINE
8
BLACK
6
CONTINUOUS
10
-2.4372308267716534
20
3.44662468503937
11
-2.4370117716535433
21
3.4462968503937006
0
LINE
8
BLACK
6
CONTINUOUS
10
-2.4370117716535433
20
3.4462968503937006
11
-2.4367698425196851
21
3.4459851181102361
0
LINE
8
BLACK
6
CONTINUOUS
10
-2.4367698425196851
20
3.4459851181102361
11
-2.4358324803149607
21
3.4441103937007873
0
LINE
8
BLACK
6
CONTINUOUS
10
-2.4358324803149607
20
3.4441103937007873
11
-2.4357999606299212
21
3.4439915354330708
0
LINE
8
BLACK
6
CONTINUOUS
10
-2.4357999606299212
20
3.4439915354330708
11
-2.4357600393700789
21
3.4439516141732285
0
LINE
8
BLACK
6
CONTINUOUS
10
-2.4357600393700789
20
3.4439516141732285
11
-2.4356831102362206
21
3.4435647244094487
0
LINE
8
BLACK
6
CONTINUOUS
10
-2.4356831102362206
20
3.4435647244094487
11
-2.435578937007874
21
3.4431843700787401
0
LINE
8
BLACK
6
CONTINUOUS
10
-2.435578937007874
20
3.4431843700787401
11
-2.4355967716535432
21
3.4431309055118109
0
LINE
8
BLACK
6
CONTINUOUS
10
-2.4355967716535432
20
3.4431309055118109
11
-2.4355727165354328
21
3.4430099606299214
0
LINE
8
BLACK
6
CONTINUOUS
10
-2.4355727165354328
20
3.4430099606299214
11
-2.4355727165354328
21
3.4411351968503938
0
LINE
8
BLACK
6
CONTINUOUS
10
-2.4355727165354328
20
3.4411351968503938
11
-2.4355967716535432
21
3.4410142913385826
0
LINE
8
BLACK
6
CONTINUOUS
10
-2.4355967716535432
20
3.4410142913385826
11
-2.435578937007874
21
3.4409607874015746
0
LINE
8
BLACK
6
CONTINUOUS
10
-2.435578937007874
20
3.4409607874015746
11
-2.4356831102362206
21
3.4405804724409448
0
LINE
8
BLACK
6
CONTINUOUS
10
-2.4356831102362206
20
3.4405804724409448
11
-2.4357600393700789
21
3.4401935433070867
0
LINE
8
BLACK
6
CONTINUOUS
10
-2.4357600393700789
20
3.4401935433070867
11
-2.4357999606299212
21
3.4401536614173227
0
LINE
8
BLACK
6
CONTINUOUS
10
-2.4357999606299212
20
3.4401536614173227
11
-2.4358324803149607
21
3.4400347637795274
0
LINE
8
BLACK
6
CONTINUOUS
10
-2.4358324803149607
20
3.4400347637795274
11
-2.4367698425196851
21
3.4381600393700786
0
LINE
8
BLACK
6
CONTINUOUS
10
-2.4367698425196851
20
3.4381600393700786
11
-2.4370117716535433
21
3.4378483464566929
0
LINE
8
BLACK
6
CONTINUOUS
10
-2.4370117716535433
20
3.4378483464566929
11
-2.4372307874015746
21
3.4375205118110235
0
LINE
8
BLACK
6
CONTINUOUS
10
-2.4372307874015746
20
3.4375205118110235
11
-2.4381681889763778
21
3.4365831102362203
0
LINE
8
BLACK
6
CONTINUOUS
10
-2.4381681889763778
20
3.4365831102362203
11
-2.4384961023622047
21
3.4363640551181103
0
LINE
8
BLACK
6
CONTINUOUS
10
-2.4384961023622047
20
3.4363640551181103
11
-2.4388077165354329
21
3.4361221653543308
0
LINE
8
BLACK
6
CONTINUOUS
10
-2.4388077165354329
20
3.4361221653543308
11
-2.4406824803149605
21
3.4351848031496064
0
LINE
8
BLACK
6
CONTINUOUS
10
-2.4406824803149605
20
3.4351848031496064
11
-2.4409424015748029
21
3.4351136614173226
0
LINE
8
BLACK
6
CONTINUOUS
10
-2.4409424015748029
20
3.4351136614173226
11
-2.4411860629921258
21
3.4349985039370079
0
LINE
8
BLACK
6
CONTINUOUS
10
-2.4411860629921258
20
3.4349985039370079
11
-2.4446736614173226
21
3.4341266141732283
0
LINE
8
BLACK
6
CONTINUOUS
10
-2.4446736614173226
20
3.4341266141732283
11
-2.4459496062992128
21
3.4334886614173228
0
LINE
8
BLACK
6
CONTINUOUS
10
-2.4459496062992128
20
3.4334886614173228
11
-2.4463222440944881
21
3.433116023622047
0
LINE
8
BLACK
6
CONTINUOUS
10
-2.4463222440944881
20
3.433116023622047
11
-2.4468212992125982
21
3.4321179133858268
0
LINE
8
BLACK
6
CONTINUOUS
10
-2.4468212992125982
20
3.4321179133858268
11
-2.4468212992125982
21
3.4314048425196848
0
LINE
8
BLACK
6
CONTINUOUS
10
-2.4468212992125982
20
3.4314048425196848
11
-2.4463222440944881
21
3.4304067322834646
0
LINE
8
BLACK
6
CONTINUOUS
10
-2.4463222440944881
20
3.4304067322834646
11
-2.4459496062992128
21
3.4300340944881889
0
LINE
8
BLACK
6
CONTINUOUS
10
-2.4459496062992128
20
3.4300340944881889
11
-2.4449515354330709
21
3.4295350787401575
0
LINE
8
BLACK
6
CONTINUOUS
10
-2.4449515354330709
20
3.4295350787401575
11
-2.4412448031496061
21
3.4295350787401575
0
LINE
8
BLACK
6
CONTINUOUS
10
-2.4412448031496061
20
3.4295350787401575
11
-2.4388114566929135
21
3.4303461811023621
0
LINE
8
BLACK
6
CONTINUOUS
10
-2.4388114566929135
20
3.4303461811023621
11
-2.4378588582677163
21
3.4304662598425195
0
LINE
8
BLACK
6
CONTINUOUS
10
-2.4378588582677163
20
3.4304662598425195
11
-2.4361744488188974
21
3.4296240157480313
0
LINE
8
BLACK
6
CONTINUOUS
10
-2.4361744488188974
20
3.4296240157480313
11
-2.4355788976377952
21
3.4278373622047242
0
LINE
8
BLACK
6
CONTINUOUS
10
-2.4355788976377952
20
3.4278373622047242
11
-2.4364211417322834
21
3.4261529527559054
0
LINE
8
BLACK
6
CONTINUOUS
10
-2.4364211417322834
20
3.4261529527559054
11
-2.4372552362204725
21
3.4256774409448818
0
LINE
8
BLACK
6
CONTINUOUS
10
-2.4372552362204725
20
3.4256774409448818
11
-2.4400673622047244
21
3.4247400787401574
0
LINE
8
BLACK
6
CONTINUOUS
10
-2.4400673622047244
20
3.4247400787401574
11
-2.4404586614173227
21
3.4246907874015746
0
LINE
8
BLACK
6
CONTINUOUS
10
-2.4404586614173227
20
3.4246907874015746
11
-2.440845472440945
21
3.4246138188976376
0
LINE
8
BLACK
6
CONTINUOUS
10
-2.440845472440945
20
3.4246138188976376
11
-2.4455324015748032
21
3.4246138188976376
0
LINE
8
BLACK
6
CONTINUOUS
10
-2.4455324015748032
20
3.4246138188976376
11
-2.4456533464566927
21
3.4246378740157479
0
LINE
8
BLACK
6
CONTINUOUS
10
-2.4456533464566927
20
3.4246378740157479
11
-2.445706811023622
21
3.4246200393700788
0
LINE
8
BLACK
6
CONTINUOUS
10
-2.445706811023622
20
3.4246200393700788
11
-2.4460871653543306
21
3.424724212598425
0
LINE
8
BLACK
6
CONTINUOUS
10
-2.4460871653543306
20
3.424724212598425
11
-2.4464740551181103
21
3.4248011417322832
0
LINE
8
BLACK
6
CONTINUOUS
10
-2.4464740551181103
20
3.4248011417322832
11
-2.4465139763779526
21
3.424841062992126
0
LINE
8
BLACK
6
CONTINUOUS
10
-2.4465139763779526
20
3.424841062992126
11
-2.4466328346456692
21
3.4248735826771655
0
LINE
8
BLACK
6
CONTINUOUS
10
-2.4466328346456692
20
3.4248735826771655
11
-2.448507559055118
21
3.4258109448818899
0
LINE
8
BLACK
6
CONTINUOUS
10
-2.448507559055118
20
3.4258109448818899
11
-2.4488192913385824
21
3.4260528740157481
0
LINE
8
BLACK
6
CONTINUOUS
10
-2.4488192913385824
20
3.4260528740157481
11
-2.4491471259842519
21
3.4262719291338581
0
LINE
8
BLACK
6
CONTINUOUS
10
-2.4491471259842519
20
3.4262719291338581
11
-2.4500844881889763
21
3.4272093307086613
0
LINE
8
BLACK
6
CONTINUOUS
10
-2.4500844881889763
20
3.4272093307086613
11
-2.4503037007874013
21
3.427537440944882
0
LINE
8
BLACK
6
CONTINUOUS
10
-2.4503037007874013
20
3.427537440944882
11
-2.4505453543307087
21
3.427848779527559
0
LINE
8
BLACK
6
CONTINUOUS
10
-2.4505453543307087
20
3.427848779527559
11
-2.4514827559055119
21
3.4297235433070865
0
LINE
8
BLACK
6
CONTINUOUS
10
-2.4514827559055119
20
3.4297235433070865
11
-2.4515153149606297
21
3.429842401574803
0
LINE
8
BLACK
6
CONTINUOUS
10
-2.4515153149606297
20
3.429842401574803
11
-2.4515552362204724
21
3.4298823228346458
0
LINE
8
BLACK
6
CONTINUOUS
10
-2.4515552362204724
20
3.4298823228346458
11
-2.4516322440944882
21
3.4302693700787401
0
LINE
8
BLACK
6
CONTINUOUS
10
-2.4516322440944882
20
3.4302693700787401
11
-2.4517363385826769
21
3.4306495275590549
0
LINE
8
BLACK
6
CONTINUOUS
10
-2.4517363385826769
20
3.4306495275590549
11
-2.4517185039370077
21
3.4307030708661417
0
LINE
8
BLACK
6
CONTINUOUS
10
-2.4517185039370077
20
3.4307030708661417
11
-2.4517425590551181
21
3.4308239763779529
0
LINE
8
BLACK
6
CONTINUOUS
10
-2.4517425590551181
20
3.4308239763779529
11
-2.4517425590551181
21
3.4326987401574804
0
LINE
8
BLACK
6
CONTINUOUS
10
-2.4517425590551181
20
3.4326987401574804
11
-2.4517185039370077
21
3.43281968503937
0
LINE
8
BLACK
6
CONTINUOUS
10
-2.4517185039370077
20
3.43281968503937
11
-2.4517363385826769
21
3.4328731889763779
0
LINE
8
BLACK
6
CONTINUOUS
10
-2.4517363385826769
20
3.4328731889763779
11
-2.4516322440944882
21
3.4332533858267715
0
LINE
8
BLACK
6
CONTINUOUS
10
-2.4516322440944882
20
3.4332533858267715
11
-2.4515552362204724
21
3.4336403937007871
0
LINE
8
BLACK
6
CONTINUOUS
10
-2.4515552362204724
20
3.4336403937007871
11
-2.4515153149606297
21
3.4336803543307086
0
LINE
8
BLACK
6
CONTINUOUS
10
-2.4515153149606297
20
3.4336803543307086
11
-2.4514827559055119
21
3.4337991732283464
0
LINE
8
BLACK
6
CONTINUOUS
10
-2.4514827559055119
20
3.4337991732283464
11
-2.4505453543307087
21
3.4356739370078739
0
LINE
8
BLACK
6
CONTINUOUS
10
-2.4505453543307087
20
3.4356739370078739
11
-2.4503037007874013
21
3.4359853149606296
0
LINE
8
BLACK
6
CONTINUOUS
10
-2.4503037007874013
20
3.4359853149606296
11
-2.4500844881889763
21
3.4363133858267716
0
LINE
8
BLACK
6
CONTINUOUS
10
-2.4500844881889763
20
3.4363133858267716
11
-2.4491471259842519
21
3.4372507874015747
0
LINE
8
BLACK
6
CONTINUOUS
10
-2.4491471259842519
20
3.4372507874015747
11
-2.4488192913385824
21
3.4374698818897635
0
LINE
8
BLACK
6
CONTINUOUS
10
-2.4488192913385824
20
3.4374698818897635
11
-2.448507559055118
21
3.437711771653543
0
LINE
8
BLACK
6
CONTINUOUS
10
-2.448507559055118
20
3.437711771653543
11
-2.4466328346456692
21
3.4386491338582674
0
LINE
8
BLACK
6
CONTINUOUS
10
-2.4466328346456692
20
3.4386491338582674
11
-2.4463729527559055
21
3.43872031496063
0
LINE
8
BLACK
6
CONTINUOUS
10
-2.4463729527559055
20
3.43872031496063
11
-2.4461292125984251
21
3.4388354330708659
0
LINE
8
BLACK
6
CONTINUOUS
10
-2.4461292125984251
20
3.4388354330708659
11
-2.4426416929133858
21
3.4397073622047243
0
LINE
8
BLACK
6
CONTINUOUS
10
-2.4426416929133858
20
3.4397073622047243
11
-2.4413656299212598
21
3.4403453543307085
0
LINE
8
BLACK
6
CONTINUOUS
10
-2.4413656299212598
20
3.4403453543307085
11
-2.4409930314960628
21
3.4407179921259843
0
LINE
8
BLACK
6
CONTINUOUS
10
-2.4409930314960628
20
3.4407179921259843
11
-2.4404939763779527
21
3.4417160629921257
0
LINE
8
BLACK
6
CONTINUOUS
10
-2.4404939763779527
20
3.4417160629921257
11
-2.4404939763779527
21
3.4424291338582678
0
LINE
8
BLACK
6
CONTINUOUS
10
-2.4404939763779527
20
3.4424291338582678
11
-2.4409929921259841
21
3.4434271653543305
0
LINE
8
BLACK
6
CONTINUOUS
10
-2.4409929921259841
20
3.4434271653543305
11
-2.4413656299212598
21
3.4437998031496062
0
LINE
8
BLACK
6
CONTINUOUS
10
-2.4413656299212598
20
3.4437998031496062
11
-2.4423637401574805
21
3.4442988582677163
0
LINE
8
BLACK
6
CONTINUOUS
10
-2.4423637401574805
20
3.4442988582677163
11
-2.4460703937007873
21
3.4442988582677163
0
LINE
8
BLACK
6
CONTINUOUS
10
-2.4460703937007873
20
3.4442988582677163
11
-2.4485038188976378
21
3.443487716535433
0
LINE
8
BLACK
6
CONTINUOUS
10
-2.4485038188976378
20
3.443487716535433
11
-2.4494563779527558
21
3.4433676771653543
0
LINE
8
BLACK
6
CONTINUOUS
10
-2.4494563779527558
20
3.4433676771653543
11
-2.4511407874015747
21
3.4442098818897637
0
LINE
8
BLACK
6
CONTINUOUS
10
-2.4511407874015747
20
3.4442098818897637
11
-2.4517363385826769
21
3.4459965354330708
0
LINE
8
BLACK
6
CONTINUOUS
10
-2.4517363385826769
20
3.4459965354330708
11
-2.4508941338582675
21
3.4476809448818897
0
LINE
8
BLACK
6
CONTINUOUS
10
-2.4508941338582675
20
3.4476809448818897
11
-2.4500600393700789
21
3.4481564566929133
0
LINE
8
BLACK
6
CONTINUOUS
10
-2.4500600393700789
20
3.4481564566929133
11
-2.4472478740157482
21
3.4490938582677164
0
LINE
8
BLACK
6
CONTINUOUS
10
-2.4472478740157482
20
3.4490938582677164
11
-2.4468566141732282
21
3.4491431889763779
0
LINE
8
BLACK
6
CONTINUOUS
10
-2.4468566141732282
20
3.4491431889763779
11
-2.4464697637795276
21
3.4492201181102362
0
LINE
8
BLACK
6
CONTINUOUS
10
-2.4464697637795276
20
3.4492201181102362
11
-2.4417828740157481
21
3.4492201181102362
0
LINE
8
BLACK
6
CONTINUOUS
10
-2.4417828740157481
20
3.4492201181102362
11
-2.4416619685039369
21
3.4491960629921259
0
LINE
8
BLACK
6
CONTINUOUS
10
-2.4207618897637793
20
3.4477011417322836
11
-2.4205745669291336
21
3.4467594881889765
0
LINE
8
BLACK
6
CONTINUOUS
10
-2.4205745669291336
20
3.4467594881889765
11
-2.4205745669291336
21
3.4270744488188978
0
LINE
8
BLACK
6
CONTINUOUS
10
-2.4205745669291336
20
3.4270744488188978
11
-2.4207618897637793
21
3.4261327952755907
0
LINE
8
BLACK
6
CONTINUOUS
10
-2.4207618897637793
20
3.4261327952755907
11
-2.4220935433070867
21
3.4248011417322832
0
LINE
8
BLACK
6
CONTINUOUS
10
-2.4220935433070867
20
3.4248011417322832
11
-2.4230351968503938
21
3.4246138188976376
0
LINE
8
BLACK
6
CONTINUOUS
10
-2.4230351968503938
20
3.4246138188976376
11
-2.4324090157480316
21
3.4246138188976376
0
LINE
8
BLACK
6
CONTINUOUS
10
-2.4324090157480316
20
3.4246138188976376
11
-2.4333506692913387
21
3.4248011417322832
0
LINE
8
BLACK
6
CONTINUOUS
10
-2.4333506692913387
20
3.4248011417322832
11
-2.4346823228346457
21
3.4261327952755907
0
LINE
8
BLACK
6
CONTINUOUS
10
-2.4346823228346457
20
3.4261327952755907
11
-2.4346823228346457
21
3.4280161023622044
0
LINE
8
BLACK
6
CONTINUOUS
10
-2.4346823228346457
20
3.4280161023622044
11
-2.4333506692913387
21
3.4293477559055119
0
LINE
8
BLACK
6
CONTINUOUS
10
-2.4333506692913387
20
3.4293477559055119
11
-2.4324090157480316
21
3.4295350787401575
0
LINE
8
BLACK
6
CONTINUOUS
10
-2.4324090157480316
20
3.4295350787401575
11
-2.4254958267716535
21
3.4295350787401575
0
LINE
8
BLACK
6
CONTINUOUS
10
-2.4254958267716535
20
3.4295350787401575
11
-2.4254958267716535
21
3.4467594881889765
0
LINE
8
BLACK
6
CONTINUOUS
10
-2.4254958267716535
20
3.4467594881889765
11
-2.4253085039370079
21
3.4477011417322836
0
LINE
8
BLACK
6
CONTINUOUS
10
-2.4253085039370079
20
3.4477011417322836
11
-2.4239768503937009
21
3.4490327952755906
0
LINE
8
BLACK
6
CONTINUOUS
10
-2.4239768503937009
20
3.4490327952755906
11
-2.4220935433070867
21
3.4490327952755906
0
LINE
8
BLACK
6
CONTINUOUS
10
-2.4220935433070867
20
3.4490327952755906
11
-2.4207618897637793
21
3.4477011417322836
0
LINE
8
BLACK
6
CONTINUOUS
10
-2.4113880314960627
20
3.4477011417322836
11
-2.4112007086614171
21
3.4467594881889765
0
LINE
8
BLACK
6
CONTINUOUS
10
-2.4112007086614171
20
3.4467594881889765
11
-2.4112007086614171
21
3.4314048425196848
0
LINE
8
BLACK
6
CONTINUOUS
10
-2.4112007086614171
20
3.4314048425196848
11
-2.410701653543307
21
3.4304067322834646
0
LINE
8
BLACK
6
CONTINUOUS
10
-2.410701653543307
20
3.4304067322834646
11
-2.41032905511811
21
3.4300341338582676
0
LINE
8
BLACK
6
CONTINUOUS
10
-2.41032905511811
20
3.4300341338582676
11
-2.4093309448818898
21
3.4295350787401575
0
LINE
8
BLACK
6
CONTINUOUS
10
-2.4093309448818898
20
3.4295350787401575
11
-2.406743149606299
21
3.4295350787401575
0
LINE
8
BLACK
6
CONTINUOUS
10
-2.406743149606299
20
3.4295350787401575
11
-2.4057450787401575
21
3.4300341338582676
0
LINE
8
BLACK
6
CONTINUOUS
10
-2.4057450787401575
20
3.4300341338582676
11
-2.4053724409448818
21
3.4304068110236221
0
LINE
8
BLACK
6
CONTINUOUS
10
-2.4053724409448818
20
3.4304068110236221
11
-2.4048733858267717
21
3.4314048425196848
0
LINE
8
BLACK
6
CONTINUOUS
10
-2.4048733858267717
20
3.4314048425196848
11
-2.4048733858267717
21
3.4467594881889765
0
LINE
8
BLACK
6
CONTINUOUS
10
-2.4048733858267717
20
3.4467594881889765
11
-2.4046860629921261
21
3.4477011417322836
0
LINE
8
BLACK
6
CONTINUOUS
10
-2.4046860629921261
20
3.4477011417322836
11
-2.4033544094488191
21
3.4490327952755906
0
LINE
8
BLACK
6
CONTINUOUS
10
-2.4033544094488191
20
3.4490327952755906
11
-2.4014711023622048
21
3.4490327952755906
0
LINE
8
BLACK
6
CONTINUOUS
10
-2.4014711023622048
20
3.4490327952755906
11
-2.4001394488188974
21
3.4477011417322836
0
LINE
8
BLACK
6
CONTINUOUS
10
-2.4001394488188974
20
3.4477011417322836
11
-2.3999521259842518
21
3.4467594881889765
0
LINE
8
BLACK
6
CONTINUOUS
10
-2.3999521259842518
20
3.4467594881889765
11
-2.3999521259842518
21
3.4308239763779529
0
LINE
8
BLACK
6
CONTINUOUS
10
-2.3999521259842518
20
3.4308239763779529
11
-2.3999762204724409
21
3.4307030708661417
0
LINE
8
BLACK
6
CONTINUOUS
10
-2.3999762204724409
20
3.4307030708661417
11
-2.3999583464566929
21
3.4306495275590549
0
LINE
8
BLACK
6
CONTINUOUS
10
-2.3999583464566929
20
3.4306495275590549
11
-2.4000625196850391
21
3.4302691732283463
0
LINE
8
BLACK
6
CONTINUOUS
10
-2.4000625196850391
20
3.4302691732283463
11
-2.4001394488188974
21
3.4298823228346458
0
LINE
8
BLACK
6
CONTINUOUS
10
-2.4001394488188974
20
3.4298823228346458
11
-2.4001793700787402
21
3.4298424409448818
0
LINE
8
BLACK
6
CONTINUOUS
10
-2.4001793700787402
20
3.4298424409448818
11
-2.4002118897637796
21
3.4297235433070865
0
LINE
8
BLACK
6
CONTINUOUS
10
-2.4002118897637796
20
3.4297235433070865
11
-2.4011493307086615
21
3.427848779527559
0
LINE
8
BLACK
6
CONTINUOUS
10
-2.4011493307086615
20
3.427848779527559
11
-2.4013910236220473
21
3.427537440944882
0
LINE
8
BLACK
6
CONTINUOUS
10
-2.4013910236220473
20
3.427537440944882
11
-2.4016101968503936
21
3.4272093307086613
0
LINE
8
BLACK
6
CONTINUOUS
10
-2.4016101968503936
20
3.4272093307086613
11
-2.402547559055118
21
3.4262719291338581
0
LINE
8
BLACK
6
CONTINUOUS
10
-2.402547559055118
20
3.4262719291338581
11
-2.4028755511811024
21
3.4260527952755906
0
LINE
8
BLACK
6
CONTINUOUS
10
-2.4028755511811024
20
3.4260527952755906
11
-2.4031871259842519
21
3.4258109448818899
0
LINE
8
BLACK
6
CONTINUOUS
10
-2.4031871259842519
20
3.4258109448818899
11
-2.4050618897637794
21
3.4248735826771655
0
LINE
8
BLACK
6
CONTINUOUS
10
-2.4050618897637794
20
3.4248735826771655
11
-2.405180748031496
21
3.424841062992126
0
LINE
8
BLACK
6
CONTINUOUS
10
-2.405180748031496
20
3.424841062992126
11
-2.40522062992126
21
3.4248011417322832
0
LINE
8
BLACK
6
CONTINUOUS
10
-2.40522062992126
20
3.4248011417322832
11
-2.4056073228346455
21
3.4247242519685037
0
LINE
8
BLACK
6
CONTINUOUS
10
-2.4056073228346455
20
3.4247242519685037
11
-2.4059878740157479
21
3.42462
0
LINE
8
BLACK
6
CONTINUOUS
10
-2.4059878740157479
20
3.42462
11
-2.4060414566929134
21
3.4246378740157479
0
LINE
8
BLACK
6
CONTINUOUS
10
-2.4060414566929134
20
3.4246378740157479
11
-2.4061622834645671
21
3.4246138188976376
0
LINE
8
BLACK
6
CONTINUOUS
10
-2.4061622834645671
20
3.4246138188976376
11
-2.4099118110236222
21
3.4246138188976376
0
LINE
8
BLACK
6
CONTINUOUS
10
-2.4099118110236222
20
3.4246138188976376
11
-2.4100327559055117
21
3.4246378740157479
0
LINE
8
BLACK
6
CONTINUOUS
10
-2.4100327559055117
20
3.4246378740157479
11
-2.4100862204724409
21
3.4246200393700788
0
LINE
8
BLACK
6
CONTINUOUS
10
-2.4100862204724409
20
3.4246200393700788
11
-2.4104665748031495
21
3.424724212598425
0
LINE
8
BLACK
6
CONTINUOUS
10
-2.4104665748031495
20
3.424724212598425
11
-2.4108534645669293
21
3.4248011417322832
0
LINE
8
BLACK
6
CONTINUOUS
10
-2.4108534645669293
20
3.4248011417322832
11
-2.4108933858267716
21
3.424841062992126
0
LINE
8
BLACK
6
CONTINUOUS
10
-2.4108933858267716
20
3.424841062992126
11
-2.4110122440944881
21
3.4248735826771655
0
LINE
8
BLACK
6
CONTINUOUS
10
-2.4110122440944881
20
3.4248735826771655
11
-2.4128869685039369
21
3.4258109448818899
0
LINE
8
BLACK
6
CONTINUOUS
10
-2.4128869685039369
20
3.4258109448818899
11
-2.4131987007874014
21
3.4260528740157481
0
LINE
8
BLACK
6
CONTINUOUS
10
-2.4131987007874014
20
3.4260528740157481
11
-2.4135264960629921
21
3.4262718897637794
0
LINE
8
BLACK
6
CONTINUOUS
10
-2.4135264960629921
20
3.4262718897637794
11
-2.4144638976377952
21
3.4272092913385825
0
LINE
8
BLACK
6
CONTINUOUS
10
-2.4144638976377952
20
3.4272092913385825
11
-2.414682992125984
21
3.4275372047244095
0
LINE
8
BLACK
6
CONTINUOUS
10
-2.414682992125984
20
3.4275372047244095
11
-2.4149248425196852
21
3.4278488188976377
0
LINE
8
BLACK
6
CONTINUOUS
10
-2.4149248425196852
20
3.4278488188976377
11
-2.4158622047244096
21
3.4297235826771653
0
LINE
8
BLACK
6
CONTINUOUS
10
-2.4158622047244096
20
3.4297235826771653
11
-2.4158947637795274
21
3.4298424409448818
0
LINE
8
BLACK
6
CONTINUOUS
10
-2.4158947637795274
20
3.4298424409448818
11
-2.4159346456692914
21
3.4298823228346458
0
LINE
8
BLACK
6
CONTINUOUS
10
-2.4159346456692914
20
3.4298823228346458
11
-2.4160115748031497
21
3.4302690157480313
0
LINE
8
BLACK
6
CONTINUOUS
10
-2.4160115748031497
20
3.4302690157480313
11
-2.4161157874015746
21
3.4306495669291337
0
LINE
8
BLACK
6
CONTINUOUS
10
-2.4161157874015746
20
3.4306495669291337
11
-2.4160979527559054
21
3.4307031496062992
0
LINE
8
BLACK
6
CONTINUOUS
10
-2.4160979527559054
20
3.4307031496062992
11
-2.416121968503937
21
3.4308239763779529
0
LINE
8
BLACK
6
CONTINUOUS
10
-2.416121968503937
20
3.4308239763779529
11
-2.416121968503937
21
3.4467594881889765
0
LINE
8
BLACK
6
CONTINUOUS
10
-2.416121968503937
20
3.4467594881889765
11
-2.4159346456692914
21
3.4477011417322836
0
LINE
8
BLACK
6
CONTINUOUS
10
-2.4159346456692914
20
3.4477011417322836
11
-2.4146029921259844
21
3.4490327952755906
0
LINE
8
BLACK
6
CONTINUOUS
10
-2.4146029921259844
20
3.4490327952755906
11
-2.4127196850393702
21
3.4490327952755906
0
LINE
8
BLACK
6
CONTINUOUS
10
-2.4127196850393702
20
3.4490327952755906
11
-2.4113880314960627
21
3.4477011417322836
0
LINE
8
BLACK
6
CONTINUOUS
10
-2.3817860629921261
20
3.4490327952755906
11
-2.3804544094488187
21
3.4477011417322836
0
LINE
8
BLACK
6
CONTINUOUS
10
-2.3804544094488187
20
3.4477011417322836
11
-2.3802670866141731
21
3.4467594881889765
0
LINE
8
BLACK
6
CONTINUOUS
10
-2.3802670866141731
20
3.4467594881889765
11
-2.3802670866141731
21
3.4270744488188978
0
LINE
8
BLACK
6
CONTINUOUS
10
-2.3802670866141731
20
3.4270744488188978
11
-2.3804544094488187
21
3.4261327952755907
0
LINE
8
BLACK
6
CONTINUOUS
10
-2.3804544094488187
20
3.4261327952755907
11
-2.3817860629921261
21
3.4248011417322832
0
LINE
8
BLACK
6
CONTINUOUS
10
-2.3817860629921261
20
3.4248011417322832
11
-2.3836693700787399
21
3.4248011417322832
0
LINE
8
BLACK
6
CONTINUOUS
10
-2.3836693700787399
20
3.4248011417322832
11
-2.3850010236220474
21
3.4261327952755907
0
LINE
8
BLACK
6
CONTINUOUS
10
-2.3850010236220474
20
3.4261327952755907
11
-2.385188346456693
21
3.4270744488188978
0
LINE
8
BLACK
6
CONTINUOUS
10
-2.385188346456693
20
3.4270744488188978
11
-2.385188346456693
21
3.4339876377952754
0
LINE
8
BLACK
6
CONTINUOUS
10
-2.385188346456693
20
3.4339876377952754
11
-2.3902267716535435
21
3.4339876377952754
0
LINE
8
BLACK
6
CONTINUOUS
10
-2.3902267716535435
20
3.4339876377952754
11
-2.390347716535433
21
3.4340117322834645
0
LINE
8
BLACK
6
CONTINUOUS
10
-2.390347716535433
20
3.4340117322834645
11
-2.390401220472441
21
3.4339938582677165
0
LINE
8
BLACK
6
CONTINUOUS
10
-2.390401220472441
20
3.4339938582677165
11
-2.3907816141732283
21
3.4340980314960627
0
LINE
8
BLACK
6
CONTINUOUS
10
-2.3907816141732283
20
3.4340980314960627
11
-2.3911684251968501
21
3.434174960629921
0
LINE
8
BLACK
6
CONTINUOUS
10
-2.3911684251968501
20
3.434174960629921
11
-2.3912083464566929
21
3.4342148818897638
0
LINE
8
BLACK
6
CONTINUOUS
10
-2.3912083464566929
20
3.4342148818897638
11
-2.3913272047244094
21
3.4342474015748032
0
LINE
8
BLACK
6
CONTINUOUS
10
-2.3913272047244094
20
3.4342474015748032
11
-2.393201968503937
21
3.4351848425196851
0
LINE
8
BLACK
6
CONTINUOUS
10
-2.393201968503937
20
3.4351848425196851
11
-2.3935133464566927
21
3.4354265354330709
0
LINE
8
BLACK
6
CONTINUOUS
10
-2.3935133464566927
20
3.4354265354330709
11
-2.3938414173228346
21
3.4356457086614172
0
LINE
8
BLACK
6
CONTINUOUS
10
-2.3938414173228346
20
3.4356457086614172
11
-2.3947788188976378
21
3.4365830708661416
0
LINE
8
BLACK
6
CONTINUOUS
10
-2.3947788188976378
20
3.4365830708661416
11
-2.3949979921259841
21
3.436911062992126
0
LINE
8
BLACK
6
CONTINUOUS
10
-2.3949979921259841
20
3.436911062992126
11
-2.3952398031496061
21
3.4372226377952755
0
LINE
8
BLACK
6
CONTINUOUS
10
-2.3952398031496061
20
3.4372226377952755
11
-2.3961771653543305
21
3.439097401574803
0
LINE
8
BLACK
6
CONTINUOUS
10
-2.3961771653543305
20
3.439097401574803
11
-2.3962097244094487
21
3.4392162598425196
0
LINE
8
BLACK
6
CONTINUOUS
10
-2.3962097244094487
20
3.4392162598425196
11
-2.3962496062992127
21
3.4392561417322836
0
LINE
8
BLACK
6
CONTINUOUS
10
-2.3962496062992127
20
3.4392561417322836
11
-2.3963265354330709
21
3.4396428346456691
0
LINE
8
BLACK
6
CONTINUOUS
10
-2.3963265354330709
20
3.4396428346456691
11
-2.3964307480314959
21
3.4400233858267715
0
LINE
8
BLACK
6
CONTINUOUS
10
-2.3964307480314959
20
3.4400233858267715
11
-2.3964129133858267
21
3.440076968503937
0
LINE
8
BLACK
6
CONTINUOUS
10
-2.3964129133858267
20
3.440076968503937
11
-2.3964369291338583
21
3.4401977952755907
0
LINE
8
BLACK
6
CONTINUOUS
10
-2.3964369291338583
20
3.4401977952755907
11
-2.3964369291338583
21
3.4430099606299214
0
LINE
8
BLACK
6
CONTINUOUS
10
-2.3964369291338583
20
3.4430099606299214
11
-2.3964129133858267
21
3.4431308267716534
0
LINE
8
BLACK
6
CONTINUOUS
10
-2.3964129133858267
20
3.4431308267716534
11
-2.3964307480314959
21
3.4431843700787401
0
LINE
8
BLACK
6
CONTINUOUS
10
-2.3964307480314959
20
3.4431843700787401
11
-2.3963265354330709
21
3.4435649606299212
0
LINE
8
BLACK
6
CONTINUOUS
10
-2.3963265354330709
20
3.4435649606299212
11
-2.3962496062992127
21
3.4439516141732285
0
LINE
8
BLACK
6
CONTINUOUS
10
-2.3962496062992127
20
3.4439516141732285
11
-2.3962097244094487
21
3.4439915354330708
0
LINE
8
BLACK
6
CONTINUOUS
10
-2.3962097244094487
20
3.4439915354330708
11
-2.3961771653543305
21
3.4441103543307086
0
LINE
8
BLACK
6
CONTINUOUS
10
-2.3961771653543305
20
3.4441103543307086
11
-2.3952398031496061
21
3.4459851181102361
0
LINE
8
BLACK
6
CONTINUOUS
10
-2.3952398031496061
20
3.4459851181102361
11
-2.3949979921259841
21
3.4462967322834643
0
LINE
8
BLACK
6
CONTINUOUS
10
-2.3949979921259841
20
3.4462967322834643
11
-2.3947788188976378
21
3.44662468503937
0
LINE
8
BLACK
6
CONTINUOUS
10
-2.3947788188976378
20
3.44662468503937
11
-2.3938414173228346
21
3.4475620472440944
0
LINE
8
BLACK
6
CONTINUOUS
10
-2.3938414173228346
20
3.4475620472440944
11
-2.3935133464566927
21
3.4477812598425195
0
LINE
8
BLACK
6
CONTINUOUS
10
-2.3935133464566927
20
3.4477812598425195
11
-2.393201968503937
21
3.4480229133858269
0
LINE
8
BLACK
6
CONTINUOUS
10
-2.393201968503937
20
3.4480229133858269
11
-2.3913272047244094
21
3.4489603543307088
0
LINE
8
BLACK
6
CONTINUOUS
10
-2.3913272047244094
20
3.4489603543307088
11
-2.3912083464566929
21
3.4489929133858266
0
LINE
8
BLACK
6
CONTINUOUS
10
-2.3912083464566929
20
3.4489929133858266
11
-2.3911684251968501
21
3.4490327952755906
0
LINE
8
BLACK
6
CONTINUOUS
10
-2.3911684251968501
20
3.4490327952755906
11
-2.3907816141732283
21
3.4491097637795276
0
LINE
8
BLACK
6
CONTINUOUS
10
-2.3907816141732283
20
3.4491097637795276
11
-2.390401220472441
21
3.4492138976377951
0
LINE
8
BLACK
6
CONTINUOUS
10
-2.390401220472441
20
3.4492138976377951
11
-2.390347716535433
21
3.4491960629921259
0
LINE
8
BLACK
6
CONTINUOUS
10
-2.390347716535433
20
3.4491960629921259
11
-2.3902267716535435
21
3.4492201181102362
0
LINE
8
BLACK
6
CONTINUOUS
10
-2.3902267716535435
20
3.4492201181102362
11
-2.3827277165354328
21
3.4492201181102362
0
LINE
8
BLACK
6
CONTINUOUS
10
-2.3827277165354328
20
3.4492201181102362
11
-2.3817860629921261
21
3.4490327952755906
0
LINE
8
BLACK
6
CONTINUOUS
10
-2.3906439763779526
20
3.443799842519685
11
-2.3910166535433071
21
3.4434272047244092
0
LINE
8
BLACK
6
CONTINUOUS
10
-2.3910166535433071
20
3.4434272047244092
11
-2.3915156692913384
21
3.442429094488189
0
LINE
8
BLACK
6
CONTINUOUS
10
-2.3915156692913384
20
3.442429094488189
11
-2.3915156692913384
21
3.4407786614173226
0
LINE
8
BLACK
6
CONTINUOUS
10
-2.3915156692913384
20
3.4407786614173226
11
-2.3910166535433071
21
3.4397805905511811
0
LINE
8
BLACK
6
CONTINUOUS
10
-2.3910166535433071
20
3.4397805905511811
11
-2.3906439763779526
21
3.4394079527559054
0
LINE
8
BLACK
6
CONTINUOUS
10
-2.3906439763779526
20
3.4394079527559054
11
-2.3896459448818899
21
3.4389088976377953
0
LINE
8
BLACK
6
CONTINUOUS
10
-2.3896459448818899
20
3.4389088976377953
11
-2.385188346456693
21
3.4389088976377953
0
LINE
8
BLACK
6
CONTINUOUS
10
-2.385188346456693
20
3.4389088976377953
11
-2.385188346456693
21
3.4442988582677163
0
LINE
8
BLACK
6
CONTINUOUS
10
-2.385188346456693
20
3.4442988582677163
11
-2.3896459448818899
21
3.4442988582677163
0
LINE
8
BLACK
6
CONTINUOUS
10
-2.3896459448818899
20
3.4442988582677163
11
-2.3906439763779526
21
3.443799842519685
0
LINE
8
BLACK
6
CONTINUOUS
10
-1.8657073622047244
20
3.460708031496063
11
-1.863056062992126
21
3.4593824015748029
0
LINE
8
BLACK
6
CONTINUOUS
10
-1.863056062992126
20
3.4593824015748029
11
-1.8627443307086613
21
3.4591404724409447
0
LINE
8
BLACK
6
CONTINUOUS
10
-1.8627443307086613
20
3.4591404724409447
11
-1.8624165748031496
21
3.4589214566929134
0
LINE
8
BLACK
6
CONTINUOUS
10
-1.8624165748031496
20
3.4589214566929134
11
-1.859102401574803
21
3.455607283464567
0
LINE
8
BLACK
6
CONTINUOUS
10
-1.859102401574803
20
3.455607283464567
11
-1.8590339370078739
21
3.4555048031496063
0
LINE
8
BLACK
6
CONTINUOUS
10
-1.8590339370078739
20
3.4555048031496063
11
-1.8589835039370077
21
3.4554795669291338
0
LINE
8
BLACK
6
CONTINUOUS
10
-1.8589835039370077
20
3.4554795669291338
11
-1.8587883858267715
21
3.4551372834645671
0
LINE
8
BLACK
6
CONTINUOUS
10
-1.8587883858267715
20
3.4551372834645671
11
-1.8585690157480315
21
3.4548089763779526
0
LINE
8
BLACK
6
CONTINUOUS
10
-1.8585690157480315
20
3.4548089763779526
11
-1.8585690551181102
21
3.4547525196850395
0
LINE
8
BLACK
6
CONTINUOUS
10
-1.8585690551181102
20
3.4547525196850395
11
-1.8585079921259842
21
3.4546454724409448
0
LINE
8
BLACK
6
CONTINUOUS
10
-1.8585079921259842
20
3.4546454724409448
11
-1.857845157480315
21
3.4526569685039368
0
LINE
8
BLACK
6
CONTINUOUS
10
-1.857845157480315
20
3.4526569685039368
11
-1.8577958661417322
21
3.4522657086614172
0
LINE
8
BLACK
6
CONTINUOUS
10
-1.8577958661417322
20
3.4522657086614172
11
-1.8577188976377952
21
3.4518788582677167
0
LINE
8
BLACK
6
CONTINUOUS
10
-1.8577188976377952
20
3.4518788582677167
11
-1.8577188976377952
21
3.4505532283464566
0
LINE
8
BLACK
6
CONTINUOUS
10
-1.8577188976377952
20
3.4505532283464566
11
-1.8577958661417322
21
3.4501664173228344
0
LINE
8
BLACK
6
CONTINUOUS
10
-1.8577958661417322
20
3.4501664173228344
11
-1.857845157480315
21
3.4497751181102361
0
LINE
8
BLACK
6
CONTINUOUS
10
-1.857845157480315
20
3.4497751181102361
11
-1.8585079921259842
21
3.4477866141732281
0
LINE
8
BLACK
6
CONTINUOUS
10
-1.8585079921259842
20
3.4477866141732281
11
-1.8585690551181102
21
3.4476796062992126
0
LINE
8
BLACK
6
CONTINUOUS
10
-1.8585690551181102
20
3.4476796062992126
11
-1.8585690157480315
21
3.447623149606299
0
LINE
8
BLACK
6
CONTINUOUS
10
-1.8585690157480315
20
3.447623149606299
11
-1.8587882283464567
21
3.4472951181102363
0
LINE
8
BLACK
6
CONTINUOUS
10
-1.8587882283464567
20
3.4472951181102363
11
-1.8589835039370077
21
3.4469525196850395
0
LINE
8
BLACK
6
CONTINUOUS
10
-1.8589835039370077
20
3.4469525196850395
11
-1.8590339763779526
21
3.4469273228346458
0
LINE
8
BLACK
6
CONTINUOUS
10
-1.8590339763779526
20
3.4469273228346458
11
-1.859102401574803
21
3.446824842519685
0
LINE
8
BLACK
6
CONTINUOUS
10
-1.859102401574803
20
3.446824842519685
11
-1.8604280314960628
21
3.4454991338582674
0
LINE
8
BLACK
6
CONTINUOUS
10
-1.8604280314960628
20
3.4454991338582674
11
-1.8605305905511811
21
3.4454306299212596
0
LINE
8
BLACK
6
CONTINUOUS
10
-1.8605305905511811
20
3.4454306299212596
11
-1.8605557874015748
21
3.4453801968503934
0
LINE
8
BLACK
6
CONTINUOUS
10
-1.8605557874015748
20
3.4453801968503934
11
-1.8608982677165353
21
3.4451849999999999
0
LINE
8
BLACK
6
CONTINUOUS
10
-1.8608982677165353
20
3.4451849999999999
11
-1.8612263385826771
21
3.4449657480314961
0
LINE
8
BLACK
6
CONTINUOUS
10
-1.8612263385826771
20
3.4449657480314961
11
-1.8612827952755906
21
3.4449657480314961
0
LINE
8
BLACK
6
CONTINUOUS
10
-1.8612827952755906
20
3.4449657480314961
11
-1.8613898818897638
21
3.4449046850393699
0
LINE
8
BLACK
6
CONTINUOUS
10
-1.8613898818897638
20
3.4449046850393699
11
-1.8633783858267716
21
3.4442418503937007
0
LINE
8
BLACK
6
CONTINUOUS
10
-1.8633783858267716
20
3.4442418503937007
11
-1.8637696850393701
21
3.4441925590551179
0
LINE
8
BLACK
6
CONTINUOUS
10
-1.8637696850393701
20
3.4441925590551179
11
-1.8641564960629922
21
3.4441155905511809
0
LINE
8
BLACK
6
CONTINUOUS
10
-1.8641564960629922
20
3.4441155905511809
11
-1.8654821653543308
21
3.4441155905511809
0
LINE
8
BLACK
6
CONTINUOUS
10
-1.8654821653543308
20
3.4441155905511809
11
-1.865868937007874
21
3.4441925590551179
0
LINE
8
BLACK
6
CONTINUOUS
10
-1.865868937007874
20
3.4441925590551179
11
-1.8662603149606298
21
3.4442418503937007
0
LINE
8
BLACK
6
CONTINUOUS
10
-1.8662603149606298
20
3.4442418503937007
11
-1.8682487795275591
21
3.4449046850393699
0
LINE
8
BLACK
6
CONTINUOUS
10
-1.8682487795275591
20
3.4449046850393699
11
-1.8684830708661417
21
3.4450382677165354
0
LINE
8
BLACK
6
CONTINUOUS
10
-1.8684830708661417
20
3.4450382677165354
11
-1.8687366141732282
21
3.4451290944881889
0
LINE
8
BLACK
6
CONTINUOUS
10
-1.8687366141732282
20
3.4451290944881889
11
-1.8718190551181102
21
3.4469785826771653
0
LINE
8
BLACK
6
CONTINUOUS
10
-1.8718190551181102
20
3.4469785826771653
11
-1.8731726377952755
21
3.4474297637795277
0
LINE
8
BLACK
6
CONTINUOUS
10
-1.8731726377952755
20
3.4474297637795277
11
-1.8736996062992126
21
3.4474297637795277
0
LINE
8
BLACK
6
CONTINUOUS
10
-1.8736996062992126
20
3.4474297637795277
11
-1.8747582677165353
21
3.4470768897637796
0
LINE
8
BLACK
6
CONTINUOUS
10
-1.8747582677165353
20
3.4470768897637796
11
-1.8752624015748032
21
3.4465727559055117
0
LINE
8
BLACK
6
CONTINUOUS
10
-1.8752624015748032
20
3.4465727559055117
11
-1.8756152755905511
21
3.4455140551181103
0
LINE
8
BLACK
6
CONTINUOUS
10
-1.8756152755905511
20
3.4455140551181103
11
-1.8756152755905511
21
3.444987086614173
0
LINE
8
BLACK
6
CONTINUOUS
10
-1.8756152755905511
20
3.444987086614173
11
-1.8752624015748032
21
3.4439284251968503
0
LINE
8
BLACK
6
CONTINUOUS
10
-1.8752624015748032
20
3.4439284251968503
11
-1.8726414173228345
21
3.4413074409448816
0
LINE
8
BLACK
6
CONTINUOUS
10
-1.8726414173228345
20
3.4413074409448816
11
-1.8703472047244094
21
3.4401603149606297
0
LINE
8
BLACK
6
CONTINUOUS
10
-1.8703472047244094
20
3.4401603149606297
11
-1.8695887401574802
21
3.4395716141732282
0
LINE
8
BLACK
6
CONTINUOUS
10
-1.8695887401574802
20
3.4395716141732282
11
-1.8689932283464568
21
3.4377850393700786
0
LINE
8
BLACK
6
CONTINUOUS
10
-1.8689932283464568
20
3.4377850393700786
11
-1.8698354724409449
21
3.4361005511811022
0
LINE
8
BLACK
6
CONTINUOUS
10
-1.8698354724409449
20
3.4361005511811022
11
-1.8716220472440945
21
3.4355050393700788
0
LINE
8
BLACK
6
CONTINUOUS
10
-1.8716220472440945
20
3.4355050393700788
11
-1.8725480708661417
21
3.4357585826771655
0
LINE
8
BLACK
6
CONTINUOUS
10
-1.8725480708661417
20
3.4357585826771655
11
-1.8751993700787402
21
3.4370842519685039
0
LINE
8
BLACK
6
CONTINUOUS
10
-1.8751993700787402
20
3.4370842519685039
11
-1.8755111023622046
21
3.4373262204724409
0
LINE
8
BLACK
6
CONTINUOUS
10
-1.8755111023622046
20
3.4373262204724409
11
-1.8758388582677166
21
3.4375451968503938
0
LINE
8
BLACK
6
CONTINUOUS
10
-1.8758388582677166
20
3.4375451968503938
11
-1.8791529921259842
21
3.4408593307086615
0
LINE
8
BLACK
6
CONTINUOUS
10
-1.8791529921259842
20
3.4408593307086615
11
-1.879221496062992
21
3.4409618503937005
0
LINE
8
BLACK
6
CONTINUOUS
10
-1.879221496062992
20
3.4409618503937005
11
-1.8792719291338582
21
3.4409870472440942
0
LINE
8
BLACK
6
CONTINUOUS
10
-1.8792719291338582
20
3.4409870472440942
11
-1.8794673228346457
21
3.4413297637795273
0
LINE
8
BLACK
6
CONTINUOUS
10
-1.8794673228346457
20
3.4413297637795273
11
-1.8796863779527559
21
3.4416576377952754
0
LINE
8
BLACK
6
CONTINUOUS
10
-1.8796863779527559
20
3.4416576377952754
11
-1.8796863779527559
21
3.4417140551181102
0
LINE
8
BLACK
6
CONTINUOUS
10
-1.8796863779527559
20
3.4417140551181102
11
-1.8797474409448818
21
3.4418211417322833
0
LINE
8
BLACK
6
CONTINUOUS
10
-1.8797474409448818
20
3.4418211417322833
11
-1.8804102755905512
21
3.4438096456692913
0
LINE
8
BLACK
6
CONTINUOUS
10
-1.8804102755905512
20
3.4438096456692913
11
-1.8804596062992125
21
3.4442009448818895
0
LINE
8
BLACK
6
CONTINUOUS
10
-1.8804596062992125
20
3.4442009448818895
11
-1.8805365354330708
21
3.4445877559055118
0
LINE
8
BLACK
6
CONTINUOUS
10
-1.8805365354330708
20
3.4445877559055118
11
-1.8805365354330708
21
3.4459134251968502
0
LINE
8
BLACK
6
CONTINUOUS
10
-1.8805365354330708
20
3.4459134251968502
11
-1.8804596062992125
21
3.4463002362204724
0
LINE
8
BLACK
6
CONTINUOUS
10
-1.8804596062992125
20
3.4463002362204724
11
-1.8804102755905512
21
3.4466915748031495
0
LINE
8
BLACK
6
CONTINUOUS
10
-1.8804102755905512
20
3.4466915748031495
11
-1.8797474409448818
21
3.44868
0
LINE
8
BLACK
6
CONTINUOUS
10
-1.8797474409448818
20
3.44868
11
-1.8796864173228347
21
3.4487870472440942
0
LINE
8
BLACK
6
CONTINUOUS
10
-1.8796864173228347
20
3.4487870472440942
11
-1.8796864173228347
21
3.448843464566929
0
LINE
8
BLACK
6
CONTINUOUS
10
-1.8796864173228347
20
3.448843464566929
11
-1.8794672047244094
21
3.4491716535433068
0
LINE
8
BLACK
6
CONTINUOUS
10
-1.8794672047244094
20
3.4491716535433068
11
-1.8792719291338582
21
3.449514094488189
0
LINE
8
BLACK
6
CONTINUOUS
10
-1.8792719291338582
20
3.449514094488189
11
-1.8792215354330708
21
3.4495393307086615
0
LINE
8
BLACK
6
CONTINUOUS
10
-1.8792215354330708
20
3.4495393307086615
11
-1.8791530314960629
21
3.4496418110236218
0
LINE
8
BLACK
6
CONTINUOUS
10
-1.8791530314960629
20
3.4496418110236218
11
-1.8778274015748031
21
3.4509674803149606
0
LINE
8
BLACK
6
CONTINUOUS
10
-1.8778274015748031
20
3.4509674803149606
11
-1.8777248818897638
21
3.4510360236220472
0
LINE
8
BLACK
6
CONTINUOUS
10
-1.8777248818897638
20
3.4510360236220472
11
-1.8776996456692914
21
3.4510864173228346
0
LINE
8
BLACK
6
CONTINUOUS
10
-1.8776996456692914
20
3.4510864173228346
11
-1.8773572047244094
21
3.4512816535433068
0
LINE
8
BLACK
6
CONTINUOUS
10
-1.8773572047244094
20
3.4512816535433068
11
-1.8770290944881889
21
3.4515008661417323
0
LINE
8
BLACK
6
CONTINUOUS
10
-1.8770290944881889
20
3.4515008661417323
11
-1.8769726771653543
21
3.4515009055118111
0
LINE
8
BLACK
6
CONTINUOUS
10
-1.8769726771653543
20
3.4515009055118111
11
-1.8768655511811023
21
3.4515619291338582
0
LINE
8
BLACK
6
CONTINUOUS
10
-1.8768655511811023
20
3.4515619291338582
11
-1.8748770472440945
21
3.4522247637795274
0
LINE
8
BLACK
6
CONTINUOUS
10
-1.8748770472440945
20
3.4522247637795274
11
-1.8744857874015748
21
3.4522740944881889
0
LINE
8
BLACK
6
CONTINUOUS
10
-1.8744857874015748
20
3.4522740944881889
11
-1.874098937007874
21
3.4523510236220472
0
LINE
8
BLACK
6
CONTINUOUS
10
-1.874098937007874
20
3.4523510236220472
11
-1.8727732677165354
21
3.4523510236220472
0
LINE
8
BLACK
6
CONTINUOUS
10
-1.8727732677165354
20
3.4523510236220472
11
-1.8723864960629921
21
3.4522740944881889
0
LINE
8
BLACK
6
CONTINUOUS
10
-1.8723864960629921
20
3.4522740944881889
11
-1.8719951181102361
21
3.4522247637795274
0
LINE
8
BLACK
6
CONTINUOUS
10
-1.8719951181102361
20
3.4522247637795274
11
-1.8700066929133858
21
3.4515619291338582
0
LINE
8
BLACK
6
CONTINUOUS
10
-1.8700066929133858
20
3.4515619291338582
11
-1.8697725196850394
21
3.4514284251968501
0
LINE
8
BLACK
6
CONTINUOUS
10
-1.8697725196850394
20
3.4514284251968501
11
-1.8695188188976377
21
3.4513375196850391
0
LINE
8
BLACK
6
CONTINUOUS
10
-1.8695188188976377
20
3.4513375196850391
11
-1.866436377952756
21
3.4494880708661415
0
LINE
8
BLACK
6
CONTINUOUS
10
-1.866436377952756
20
3.4494880708661415
11
-1.8650828346456692
21
3.4490368503937008
0
LINE
8
BLACK
6
CONTINUOUS
10
-1.8650828346456692
20
3.4490368503937008
11
-1.8645558267716535
21
3.4490368503937008
0
LINE
8
BLACK
6
CONTINUOUS
10
-1.8645558267716535
20
3.4490368503937008
11
-1.8634972440944881
21
3.4493897244094489
0
LINE
8
BLACK
6
CONTINUOUS
10
-1.8634972440944881
20
3.4493897244094489
11
-1.8629930708661417
21
3.4498939370078738
0
LINE
8
BLACK
6
CONTINUOUS
10
-1.8629930708661417
20
3.4498939370078738
11
-1.8626401574803149
21
3.4509525590551182
0
LINE
8
BLACK
6
CONTINUOUS
10
-1.8626401574803149
20
3.4509525590551182
11
-1.8626401574803149
21
3.4514795275590551
0
LINE
8
BLACK
6
CONTINUOUS
10
-1.8626401574803149
20
3.4514795275590551
11
-1.8629930708661417
21
3.4525382283464565
0
LINE
8
BLACK
6
CONTINUOUS
10
-1.8629930708661417
20
3.4525382283464565
11
-1.8656140551181102
21
3.4551592519685039
0
LINE
8
BLACK
6
CONTINUOUS
10
-1.8656140551181102
20
3.4551592519685039
11
-1.8679082283464568
21
3.4563062992125984
0
LINE
8
BLACK
6
CONTINUOUS
10
-1.8679082283464568
20
3.4563062992125984
11
-1.8686666929133857
21
3.4568949606299211
0
LINE
8
BLACK
6
CONTINUOUS
10
-1.8686666929133857
20
3.4568949606299211
11
-1.8692622047244094
21
3.4586815748031494
0
LINE
8
BLACK
6
CONTINUOUS
10
-1.8692622047244094
20
3.4586815748031494
11
-1.86842
21
3.4603660629921258
0
LINE
8
BLACK
6
CONTINUOUS
10
-1.86842
20
3.4603660629921258
11
-1.8666333858267716
21
3.4609615748031497
0
LINE
8
BLACK
6
CONTINUOUS
10
-1.8666333858267716
20
3.4609615748031497
11
-1.8657073622047244
21
3.460708031496063
0
LINE
8
BLACK
6
CONTINUOUS
10
-2.347885118110236
20
3.5762132283464565
11
-2.3474937401574802
21
3.5761638976377954
0
LINE
8
BLACK
6
CONTINUOUS
10
-2.3474937401574802
20
3.5761638976377954
11
-2.3455053149606298
21
3.5755010629921258
0
LINE
8
BLACK
6
CONTINUOUS
10
-2.3455053149606298
20
3.5755010629921258
11
-2.345398188976378
21
3.57544
0
LINE
8
BLACK
6
CONTINUOUS
10
-2.345398188976378
20
3.57544
11
-2.3453418110236219
21
3.57544
0
LINE
8
BLACK
6
CONTINUOUS
10
-2.3453418110236219
20
3.57544
11
-2.3450139370078737
21
3.5752209448818895
0
LINE
8
BLACK
6
CONTINUOUS
10
-2.3450139370078737
20
3.5752209448818895
11
-2.3446712204724407
21
3.5750255511811022
0
LINE
8
BLACK
6
CONTINUOUS
10
-2.3446712204724407
20
3.5750255511811022
11
-2.344646023622047
21
3.574975118110236
0
LINE
8
BLACK
6
CONTINUOUS
10
-2.344646023622047
20
3.574975118110236
11
-2.3445435039370079
21
3.5749066141732282
0
LINE
8
BLACK
6
CONTINUOUS
10
-2.3445435039370079
20
3.5749066141732282
11
-2.3392408661417323
21
3.5696039763779526
0
LINE
8
BLACK
6
CONTINUOUS
10
-2.3392408661417323
20
3.5696039763779526
11
-2.3387074803149606
21
3.5688056692913386
0
LINE
8
BLACK
6
CONTINUOUS
10
-2.3387074803149606
20
3.5688056692913386
11
-2.3387074803149606
21
3.5669224409448819
0
LINE
8
BLACK
6
CONTINUOUS
10
-2.3387074803149606
20
3.5669224409448819
11
-2.3392408661417323
21
3.5661241338582674
0
LINE
8
BLACK
6
CONTINUOUS
10
-2.3392408661417323
20
3.5661241338582674
11
-2.3531602755905512
21
3.5522047244094486
0
LINE
8
BLACK
6
CONTINUOUS
10
-2.3531602755905512
20
3.5522047244094486
11
-2.3539585826771652
21
3.5516713385826773
0
LINE
8
BLACK
6
CONTINUOUS
10
-2.3539585826771652
20
3.5516713385826773
11
-2.3558418110236219
21
3.5516713385826773
0
LINE
8
BLACK
6
CONTINUOUS
10
-2.3558418110236219
20
3.5516713385826773
11
-2.3571735039370076
21
3.553003031496063
0
LINE
8
BLACK
6
CONTINUOUS
10
-2.3571735039370076
20
3.553003031496063
11
-2.3571735039370076
21
3.5548862598425197
0
LINE
8
BLACK
6
CONTINUOUS
10
-2.3571735039370076
20
3.5548862598425197
11
-2.3566401181102363
21
3.5556845669291337
0
LINE
8
BLACK
6
CONTINUOUS
10
-2.3566401181102363
20
3.5556845669291337
11
-2.3517517322834647
21
3.5605729527559054
0
LINE
8
BLACK
6
CONTINUOUS
10
-2.3517517322834647
20
3.5605729527559054
11
-2.3524200787401575
21
3.5612412992125981
0
LINE
8
BLACK
6
CONTINUOUS
10
-2.3524200787401575
20
3.5612412992125981
11
-2.3624265354330709
21
3.5594753937007875
0
LINE
8
BLACK
6
CONTINUOUS
10
-2.3624265354330709
20
3.5594753937007875
11
-2.3633864173228347
21
3.559496220472441
0
LINE
8
BLACK
6
CONTINUOUS
10
-2.3633864173228347
20
3.559496220472441
11
-2.3649292519685039
21
3.5605761811023622
0
LINE
8
BLACK
6
CONTINUOUS
10
-2.3649292519685039
20
3.5605761811023622
11
-2.3652565354330708
21
3.5624308267716533
0
LINE
8
BLACK
6
CONTINUOUS
10
-2.3652565354330708
20
3.5624308267716533
11
-2.3641765748031496
21
3.563973661417323
0
LINE
8
BLACK
6
CONTINUOUS
10
-2.3641765748031496
20
3.563973661417323
11
-2.3632818110236218
21
3.5643217716535434
0
LINE
8
BLACK
6
CONTINUOUS
10
-2.3632818110236218
20
3.5643217716535434
11
-2.3560743307086613
21
3.5655937007874017
0
LINE
8
BLACK
6
CONTINUOUS
10
-2.3560743307086613
20
3.5655937007874017
11
-2.3565717322834647
21
3.5670859055118109
0
LINE
8
BLACK
6
CONTINUOUS
10
-2.3565717322834647
20
3.5670859055118109
11
-2.3566210629921258
21
3.5674772834645667
0
LINE
8
BLACK
6
CONTINUOUS
10
-2.3566210629921258
20
3.5674772834645667
11
-2.3566979921259841
21
3.5678640551181102
0
LINE
8
BLACK
6
CONTINUOUS
10
-2.3566979921259841
20
3.5678640551181102
11
-2.3566979921259841
21
3.5691897244094486
0
LINE
8
BLACK
6
CONTINUOUS
10
-2.3566979921259841
20
3.5691897244094486
11
-2.3566210629921258
21
3.5695765748031496
0
LINE
8
BLACK
6
CONTINUOUS
10
-2.3566210629921258
20
3.5695765748031496
11
-2.3565717322834647
21
3.5699678346456691
0
LINE
8
BLACK
6
CONTINUOUS
10
-2.3565717322834647
20
3.5699678346456691
11
-2.3559088976377951
21
3.5719563385826771
0
LINE
8
BLACK
6
CONTINUOUS
10
-2.3559088976377951
20
3.5719563385826771
11
-2.3558478346456693
21
3.5720634645669289
0
LINE
8
BLACK
6
CONTINUOUS
10
-2.3558478346456693
20
3.5720634645669289
11
-2.3558478346456693
21
3.572119842519685
0
LINE
8
BLACK
6
CONTINUOUS
10
-2.3558478346456693
20
3.572119842519685
11
-2.3556287795275588
21
3.5724477559055119
0
LINE
8
BLACK
6
CONTINUOUS
10
-2.3556287795275588
20
3.5724477559055119
11
-2.3554333858267715
21
3.5727904330708662
0
LINE
8
BLACK
6
CONTINUOUS
10
-2.3554333858267715
20
3.5727904330708662
11
-2.3553829527559054
21
3.5728156692913386
0
LINE
8
BLACK
6
CONTINUOUS
10
-2.3553829527559054
20
3.5728156692913386
11
-2.3553144488188975
21
3.5729181496062989
0
LINE
8
BLACK
6
CONTINUOUS
10
-2.3553144488188975
20
3.5729181496062989
11
-2.3533259842519683
21
3.5749066141732282
0
LINE
8
BLACK
6
CONTINUOUS
10
-2.3533259842519683
20
3.5749066141732282
11
-2.353223503937008
21
3.574975118110236
0
LINE
8
BLACK
6
CONTINUOUS
10
-2.353223503937008
20
3.574975118110236
11
-2.3531982677165355
21
3.5750255511811022
0
LINE
8
BLACK
6
CONTINUOUS
10
-2.3531982677165355
20
3.5750255511811022
11
-2.3528558267716533
21
3.5752208267716536
0
LINE
8
BLACK
6
CONTINUOUS
10
-2.3528558267716533
20
3.5752208267716536
11
-2.3525276771653543
21
3.5754400393700787
0
LINE
8
BLACK
6
CONTINUOUS
10
-2.3525276771653543
20
3.5754400393700787
11
-2.3524712204724407
21
3.5754400393700787
0
LINE
8
BLACK
6
CONTINUOUS
10
-2.3524712204724407
20
3.5754400393700787
11
-2.3523641732283465
21
3.5755010629921258
0
LINE
8
BLACK
6
CONTINUOUS
10
-2.3523641732283465
20
3.5755010629921258
11
-2.3503756692913385
21
3.5761638976377954
0
LINE
8
BLACK
6
CONTINUOUS
10
-2.3503756692913385
20
3.5761638976377954
11
-2.3499844094488189
21
3.5762132283464565
0
LINE
8
BLACK
6
CONTINUOUS
10
-2.3499844094488189
20
3.5762132283464565
11
-2.3495975590551179
21
3.5762901574803148
0
LINE
8
BLACK
6
CONTINUOUS
10
-2.3495975590551179
20
3.5762901574803148
11
-2.3482718897637795
21
3.5762901574803148
0
LINE
8
BLACK
6
CONTINUOUS
10
-2.3482718897637795
20
3.5762901574803148
11
-2.347885118110236
21
3.5762132283464565
0
LINE
8
BLACK
6
CONTINUOUS
10
-2.3502569291338582
20
3.5710160236220472
11
-2.3514238582677165
21
3.5698490944881889
0
LINE
8
BLACK
6
CONTINUOUS
10
-2.3514238582677165
20
3.5698490944881889
11
-2.3517767322834646
21
3.5687903937007874
0
LINE
8
BLACK
6
CONTINUOUS
10
-2.3517767322834646
20
3.5687903937007874
11
-2.3517767322834646
21
3.5682634645669289
0
LINE
8
BLACK
6
CONTINUOUS
10
-2.3517767322834646
20
3.5682634645669289
11
-2.3514238582677165
21
3.5672047637795274
0
LINE
8
BLACK
6
CONTINUOUS
10
-2.3514238582677165
20
3.5672047637795274
11
-2.3482718897637795
21
3.5640527952755905
0
LINE
8
BLACK
6
CONTINUOUS
10
-2.3482718897637795
20
3.5640527952755905
11
-2.3444606299212598
21
3.5678640551181102
0
LINE
8
BLACK
6
CONTINUOUS
10
-2.3444606299212598
20
3.5678640551181102
11
-2.3476125984251968
21
3.5710160236220472
0
LINE
8
BLACK
6
CONTINUOUS
10
-2.3476125984251968
20
3.5710160236220472
11
-2.3486712598425195
21
3.5713688976377953
0
LINE
8
BLACK
6
CONTINUOUS
10
-2.3486712598425195
20
3.5713688976377953
11
-2.3491982283464568
21
3.5713688976377953
0
LINE
8
BLACK
6
CONTINUOUS
10
-2.3491982283464568
20
3.5713688976377953
11
-2.3502569291338582
21
3.5710160236220472
0
LINE
8
BLACK
6
CONTINUOUS
10
-2.3617537795275592
20
3.5906126377952754
11
-2.359102440944882
21
3.5892870078740158
0
LINE
8
BLACK
6
CONTINUOUS
10
-2.359102440944882
20
3.5892870078740158
11
-2.3587909448818896
21
3.5890452362204726
0
LINE
8
BLACK
6
CONTINUOUS
10
-2.3587909448818896
20
3.5890452362204726
11
-2.3584629133858268
21
3.5888260629921258
0
LINE
8
BLACK
6
CONTINUOUS
10
-2.3584629133858268
20
3.5888260629921258
11
-2.3551487401574804
21
3.5855118897637794
0
LINE
8
BLACK
6
CONTINUOUS
10
-2.3551487401574804
20
3.5855118897637794
11
-2.3550803149606301
21
3.5854094488188974
0
LINE
8
BLACK
6
CONTINUOUS
10
-2.3550803149606301
20
3.5854094488188974
11
-2.3550298425196852
21
3.585384212598425
0
LINE
8
BLACK
6
CONTINUOUS
10
-2.3550298425196852
20
3.585384212598425
11
-2.3548345669291337
21
3.5850416535433069
0
LINE
8
BLACK
6
CONTINUOUS
10
-2.3548345669291337
20
3.5850416535433069
11
-2.3546153543307087
21
3.5847135826771654
0
LINE
8
BLACK
6
CONTINUOUS
10
-2.3546153543307087
20
3.5847135826771654
11
-2.3546153937007874
21
3.5846571653543307
0
LINE
8
BLACK
6
CONTINUOUS
10
-2.3546153937007874
20
3.5846571653543307
11
-2.3545543307086612
21
3.5845501181102359
0
LINE
8
BLACK
6
CONTINUOUS
10
-2.3545543307086612
20
3.5845501181102359
11
-2.353891496062992
21
3.5825616535433071
0
LINE
8
BLACK
6
CONTINUOUS
10
-2.353891496062992
20
3.5825616535433071
11
-2.3538422047244092
21
3.5821702755905509
0
LINE
8
BLACK
6
CONTINUOUS
10
-2.3538422047244092
20
3.5821702755905509
11
-2.3537652362204722
21
3.5817835039370078
0
LINE
8
BLACK
6
CONTINUOUS
10
-2.3537652362204722
20
3.5817835039370078
11
-2.3537652362204722
21
3.580457834645669
0
LINE
8
BLACK
6
CONTINUOUS
10
-2.3537652362204722
20
3.580457834645669
11
-2.3538422047244092
21
3.5800710236220472
0
LINE
8
BLACK
6
CONTINUOUS
10
-2.3538422047244092
20
3.5800710236220472
11
-2.353891496062992
21
3.5796797244094489
0
LINE
8
BLACK
6
CONTINUOUS
10
-2.353891496062992
20
3.5796797244094489
11
-2.3545543307086612
21
3.5776912204724409
0
LINE
8
BLACK
6
CONTINUOUS
10
-2.3545543307086612
20
3.5776912204724409
11
-2.3546153937007874
21
3.5775841338582675
0
LINE
8
BLACK
6
CONTINUOUS
10
-2.3546153937007874
20
3.5775841338582675
11
-2.3546153937007874
21
3.5775277165354331
0
LINE
8
BLACK
6
CONTINUOUS
10
-2.3546153937007874
20
3.5775277165354331
11
-2.3548344881889762
21
3.5771998425196849
0
LINE
8
BLACK
6
CONTINUOUS
10
-2.3548344881889762
20
3.5771998425196849
11
-2.3550298425196852
21
3.5768571259842519
0
LINE
8
BLACK
6
CONTINUOUS
10
-2.3550298425196852
20
3.5768571259842519
11
-2.3550803149606301
21
3.5768319291338582
0
LINE
8
BLACK
6
CONTINUOUS
10
-2.3550803149606301
20
3.5768319291338582
11
-2.3551487795275592
21
3.5767294094488187
0
LINE
8
BLACK
6
CONTINUOUS
10
-2.3551487795275592
20
3.5767294094488187
11
-2.3564744094488188
21
3.5754037795275591
0
LINE
8
BLACK
6
CONTINUOUS
10
-2.3564744094488188
20
3.5754037795275591
11
-2.3565769291338583
21
3.57533531496063
0
LINE
8
BLACK
6
CONTINUOUS
10
-2.3565769291338583
20
3.57533531496063
11
-2.356602125984252
21
3.575284842519685
0
LINE
8
BLACK
6
CONTINUOUS
10
-2.356602125984252
20
3.575284842519685
11
-2.3569448425196851
21
3.5750894881889761
0
LINE
8
BLACK
6
CONTINUOUS
10
-2.3569448425196851
20
3.5750894881889761
11
-2.3572727165354328
21
3.5748703937007873
0
LINE
8
BLACK
6
CONTINUOUS
10
-2.3572727165354328
20
3.5748703937007873
11
-2.3573290944881888
21
3.5748703937007873
0
LINE
8
BLACK
6
CONTINUOUS
10
-2.3573290944881888
20
3.5748703937007873
11
-2.3574362204724411
21
3.5748093307086615
0
LINE
8
BLACK
6
CONTINUOUS
10
-2.3574362204724411
20
3.5748093307086615
11
-2.3594247244094486
21
3.5741464960629918
0
LINE
8
BLACK
6
CONTINUOUS
10
-2.3594247244094486
20
3.5741464960629918
11
-2.3598160236220473
21
3.5740972047244095
0
LINE
8
BLACK
6
CONTINUOUS
10
-2.3598160236220473
20
3.5740972047244095
11
-2.3602028346456692
21
3.5740202362204725
0
LINE
8
BLACK
6
CONTINUOUS
10
-2.3602028346456692
20
3.5740202362204725
11
-2.361528503937008
21
3.5740202362204725
0
LINE
8
BLACK
6
CONTINUOUS
10
-2.361528503937008
20
3.5740202362204725
11
-2.3619153543307085
21
3.5740972047244095
0
LINE
8
BLACK
6
CONTINUOUS
10
-2.3619153543307085
20
3.5740972047244095
11
-2.3623066141732285
21
3.5741464960629918
0
LINE
8
BLACK
6
CONTINUOUS
10
-2.3623066141732285
20
3.5741464960629918
11
-2.3642951181102361
21
3.5748093307086615
0
LINE
8
BLACK
6
CONTINUOUS
10
-2.3642951181102361
20
3.5748093307086615
11
-2.3645292519685039
21
3.5749428346456691
0
LINE
8
BLACK
6
CONTINUOUS
10
-2.3645292519685039
20
3.5749428346456691
11
-2.3647829527559057
21
3.5750337007874013
0
LINE
8
BLACK
6
CONTINUOUS
10
-2.3647829527559057
20
3.5750337007874013
11
-2.3678654330708659
21
3.5768831889763777
0
LINE
8
BLACK
6
CONTINUOUS
10
-2.3678654330708659
20
3.5768831889763777
11
-2.3692189763779528
21
3.5773343700787401
0
LINE
8
BLACK
6
CONTINUOUS
10
-2.3692189763779528
20
3.5773343700787401
11
-2.3697459448818896
21
3.5773343700787401
0
LINE
8
BLACK
6
CONTINUOUS
10
-2.3697459448818896
20
3.5773343700787401
11
-2.3708046456692915
21
3.576981496062992
0
LINE
8
BLACK
6
CONTINUOUS
10
-2.3708046456692915
20
3.576981496062992
11
-2.3713087795275589
21
3.5764773622047241
0
LINE
8
BLACK
6
CONTINUOUS
10
-2.3713087795275589
20
3.5764773622047241
11
-2.371661653543307
21
3.5754186614173227
0
LINE
8
BLACK
6
CONTINUOUS
10
-2.371661653543307
20
3.5754186614173227
11
-2.371661653543307
21
3.5748916929133858
0
LINE
8
BLACK
6
CONTINUOUS
10
-2.371661653543307
20
3.5748916929133858
11
-2.3713087795275589
21
3.5738330314960631
0
LINE
8
BLACK
6
CONTINUOUS
10
-2.3713087795275589
20
3.5738330314960631
11
-2.3686877952755907
21
3.5712120472440945
0
LINE
8
BLACK
6
CONTINUOUS
10
-2.3686877952755907
20
3.5712120472440945
11
-2.3663935433070864
21
3.5700649212598425
0
LINE
8
BLACK
6
CONTINUOUS
10
-2.3663935433070864
20
3.5700649212598425
11
-2.3656350787401572
21
3.5694762204724411
0
LINE
8
BLACK
6
CONTINUOUS
10
-2.3656350787401572
20
3.5694762204724411
11
-2.3650395669291338
21
3.5676896456692915
0
LINE
8
BLACK
6
CONTINUOUS
10
-2.3650395669291338
20
3.5676896456692915
11
-2.3658818110236219
21
3.5660051574803147
0
LINE
8
BLACK
6
CONTINUOUS
10
-2.3658818110236219
20
3.5660051574803147
11
-2.3676683858267715
21
3.5654096456692912
0
LINE
8
BLACK
6
CONTINUOUS
10
-2.3676683858267715
20
3.5654096456692912
11
-2.3685944094488187
21
3.5656631889763779
0
LINE
8
BLACK
6
CONTINUOUS
10
-2.3685944094488187
20
3.5656631889763779
11
-2.3712457086614172
21
3.5669888582677163
0
LINE
8
BLACK
6
CONTINUOUS
10
-2.3712457086614172
20
3.5669888582677163
11
-2.3715570866141733
21
3.5672305511811024
0
LINE
8
BLACK
6
CONTINUOUS
10
-2.3715570866141733
20
3.5672305511811024
11
-2.3718851968503936
21
3.5674497637795275
0
LINE
8
BLACK
6
CONTINUOUS
10
-2.3718851968503936
20
3.5674497637795275
11
-2.3751993700787399
21
3.5707639370078739
0
LINE
8
BLACK
6
CONTINUOUS
10
-2.3751993700787399
20
3.5707639370078739
11
-2.3752678740157478
21
3.5708664566929134
0
LINE
8
BLACK
6
CONTINUOUS
10
-2.3752678740157478
20
3.5708664566929134
11
-2.375318307086614
21
3.5708916535433071
0
LINE
8
BLACK
6
CONTINUOUS
10
-2.375318307086614
20
3.5708916535433071
11
-2.3755136220472441
21
3.5712342125984251
0
LINE
8
BLACK
6
CONTINUOUS
10
-2.3755136220472441
20
3.5712342125984251
11
-2.3757327559055117
21
3.5715622047244096
0
LINE
8
BLACK
6
CONTINUOUS
10
-2.3757327559055117
20
3.5715622047244096
11
-2.3757327559055117
21
3.5716186614173226
0
LINE
8
BLACK
6
CONTINUOUS
10
-2.3757327559055117
20
3.5716186614173226
11
-2.3757938188976375
21
3.5717257480314961
0
LINE
8
BLACK
6
CONTINUOUS
10
-2.3757938188976375
20
3.5717257480314961
11
-2.3764566535433072
21
3.5737142519685037
0
LINE
8
BLACK
6
CONTINUOUS
10
-2.3764566535433072
20
3.5737142519685037
11
-2.3765059842519682
21
3.5741055511811024
0
LINE
8
BLACK
6
CONTINUOUS
10
-2.3765059842519682
20
3.5741055511811024
11
-2.3765829133858265
21
3.5744923622047242
0
LINE
8
BLACK
6
CONTINUOUS
10
-2.3765829133858265
20
3.5744923622047242
11
-2.3765829133858265
21
3.575818031496063
0
LINE
8
BLACK
6
CONTINUOUS
10
-2.3765829133858265
20
3.575818031496063
11
-2.3765059842519682
21
3.5762048425196848
0
LINE
8
BLACK
6
CONTINUOUS
10
-2.3765059842519682
20
3.5762048425196848
11
-2.3764566535433072
21
3.5765961811023623
0
LINE
8
BLACK
6
CONTINUOUS
10
-2.3764566535433072
20
3.5765961811023623
11
-2.3757938188976375
21
3.5785846062992124
0
LINE
8
BLACK
6
CONTINUOUS
10
-2.3757938188976375
20
3.5785846062992124
11
-2.3757327559055117
21
3.5786917322834646
0
LINE
8
BLACK
6
CONTINUOUS
10
-2.3757327559055117
20
3.5786917322834646
11
-2.3757327559055117
21
3.5787481102362202
0
LINE
8
BLACK
6
CONTINUOUS
10
-2.3757327559055117
20
3.5787481102362202
11
-2.3755137007874016
21
3.5790760236220471
0
LINE
8
BLACK
6
CONTINUOUS
10
-2.3755137007874016
20
3.5790760236220471
11
-2.375318307086614
21
3.5794187007874014
0
LINE
8
BLACK
6
CONTINUOUS
10
-2.375318307086614
20
3.5794187007874014
11
-2.3752678740157478
21
3.5794439370078739
0
LINE
8
BLACK
6
CONTINUOUS
10
-2.3752678740157478
20
3.5794439370078739
11
-2.3751993700787399
21
3.5795464173228346
0
LINE
8
BLACK
6
CONTINUOUS
10
-2.3751993700787399
20
3.5795464173228346
11
-2.3738737007874016
21
3.580872086614173
0
LINE
8
BLACK
6
CONTINUOUS
10
-2.3738737007874016
20
3.580872086614173
11
-2.3737712204724408
21
3.5809405905511809
0
LINE
8
BLACK
6
CONTINUOUS
10
-2.3737712204724408
20
3.5809405905511809
11
-2.3737459842519684
21
3.580991023622047
0
LINE
8
BLACK
6
CONTINUOUS
10
-2.3737459842519684
20
3.580991023622047
11
-2.3734033070866141
21
3.5811864173228347
0
LINE
8
BLACK
6
CONTINUOUS
10
-2.3734033070866141
20
3.5811864173228347
11
-2.3730753937007871
21
3.5814054724409448
0
LINE
8
BLACK
6
CONTINUOUS
10
-2.3730753937007871
20
3.5814054724409448
11
-2.3730190157480315
21
3.5814054724409448
0
LINE
8
BLACK
6
CONTINUOUS
10
-2.3730190157480315
20
3.5814054724409448
11
-2.3729118897637793
21
3.5814665354330706
0
LINE
8
BLACK
6
CONTINUOUS
10
-2.3729118897637793
20
3.5814665354330706
11
-2.3709233858267718
21
3.5821293700787402
0
LINE
8
BLACK
6
CONTINUOUS
10
-2.3709233858267718
20
3.5821293700787402
11
-2.3705321259842518
21
3.5821787007874013
0
LINE
8
BLACK
6
CONTINUOUS
10
-2.3705321259842518
20
3.5821787007874013
11
-2.3701452755905512
21
3.5822556299212596
0
LINE
8
BLACK
6
CONTINUOUS
10
-2.3701452755905512
20
3.5822556299212596
11
-2.3688196456692912
21
3.5822556299212596
0
LINE
8
BLACK
6
CONTINUOUS
10
-2.3688196456692912
20
3.5822556299212596
11
-2.3684328346456693
21
3.5821787007874013
0
LINE
8
BLACK
6
CONTINUOUS
10
-2.3684328346456693
20
3.5821787007874013
11
-2.3680415354330706
21
3.5821293700787402
0
LINE
8
BLACK
6
CONTINUOUS
10
-2.3680415354330706
20
3.5821293700787402
11
-2.3660530314960631
21
3.5814665354330706
0
LINE
8
BLACK
6
CONTINUOUS
10
-2.3660530314960631
20
3.5814665354330706
11
-2.3658188582677164
21
3.581333031496063
0
LINE
8
BLACK
6
CONTINUOUS
10
-2.3658188582677164
20
3.581333031496063
11
-2.3655651574803147
21
3.581242125984252
0
LINE
8
BLACK
6
CONTINUOUS
10
-2.3655651574803147
20
3.581242125984252
11
-2.3624827559055119
21
3.5793927165354331
0
LINE
8
BLACK
6
CONTINUOUS
10
-2.3624827559055119
20
3.5793927165354331
11
-2.3611291732283464
21
3.5789414960629919
0
LINE
8
BLACK
6
CONTINUOUS
10
-2.3611291732283464
20
3.5789414960629919
11
-2.3606021653543308
21
3.5789414960629919
0
LINE
8
BLACK
6
CONTINUOUS
10
-2.3606021653543308
20
3.5789414960629919
11
-2.3595435039370076
21
3.5792944094488188
0
LINE
8
BLACK
6
CONTINUOUS
10
-2.3595435039370076
20
3.5792944094488188
11
-2.359039409448819
21
3.5797985039370079
0
LINE
8
BLACK
6
CONTINUOUS
10
-2.359039409448819
20
3.5797985039370079
11
-2.3586864960629921
21
3.5808571653543306
0
LINE
8
BLACK
6
CONTINUOUS
10
-2.3586864960629921
20
3.5808571653543306
11
-2.3586864960629921
21
3.5813841732283462
0
LINE
8
BLACK
6
CONTINUOUS
10
-2.3586864960629921
20
3.5813841732283462
11
-2.359039409448819
21
3.5824428346456694
0
LINE
8
BLACK
6
CONTINUOUS
10
-2.359039409448819
20
3.5824428346456694
11
-2.3616603937007872
21
3.5850638188976376
0
LINE
8
BLACK
6
CONTINUOUS
10
-2.3616603937007872
20
3.5850638188976376
11
-2.363954566929134
21
3.5862109055118108
0
LINE
8
BLACK
6
CONTINUOUS
10
-2.363954566929134
20
3.5862109055118108
11
-2.3647130314960632
21
3.5867995669291339
0
LINE
8
BLACK
6
CONTINUOUS
10
-2.3647130314960632
20
3.5867995669291339
11
-2.3653086220472441
21
3.5885861417322835
0
LINE
8
BLACK
6
CONTINUOUS
10
-2.3653086220472441
20
3.5885861417322835
11
-2.3644663779527559
21
3.5902706299212599
0
LINE
8
BLACK
6
CONTINUOUS
10
-2.3644663779527559
20
3.5902706299212599
11
-2.3626798031496064
21
3.5908662204724409
0
LINE
8
BLACK
6
CONTINUOUS
10
-2.3626798031496064
20
3.5908662204724409
11
-2.3617537795275592
21
3.5906126377952754
0
LINE
8
BLACK
6
CONTINUOUS
10
-2.3750103149606301
20
3.6038692519685038
11
-2.3723589763779529
21
3.6025435826771655
0
LINE
8
BLACK
6
CONTINUOUS
10
-2.3723589763779529
20
3.6025435826771655
11
-2.372047244094488
21
3.6023016535433072
0
LINE
8
BLACK
6
CONTINUOUS
10
-2.372047244094488
20
3.6023016535433072
11
-2.3717194881889765
21
3.6020826377952755
0
LINE
8
BLACK
6
CONTINUOUS
10
-2.3717194881889765
20
3.6020826377952755
11
-2.3684053149606297
21
3.5987684645669291
0
LINE
8
BLACK
6
CONTINUOUS
10
-2.3684053149606297
20
3.5987684645669291
11
-2.3683368897637793
21
3.5986660236220471
0
LINE
8
BLACK
6
CONTINUOUS
10
-2.3683368897637793
20
3.5986660236220471
11
-2.3682864173228344
21
3.5986407874015747
0
LINE
8
BLACK
6
CONTINUOUS
10
-2.3682864173228344
20
3.5986407874015747
11
-2.3680911417322834
21
3.5982982283464566
0
LINE
8
BLACK
6
CONTINUOUS
10
-2.3680911417322834
20
3.5982982283464566
11
-2.3678719291338584
21
3.5979701574803147
0
LINE
8
BLACK
6
CONTINUOUS
10
-2.3678719291338584
20
3.5979701574803147
11
-2.3678719685039371
21
3.5979137401574803
0
LINE
8
BLACK
6
CONTINUOUS
10
-2.3678719685039371
20
3.5979137401574803
11
-2.3678109055118108
21
3.5978066929133856
0
LINE
8
BLACK
6
CONTINUOUS
10
-2.3678109055118108
20
3.5978066929133856
11
-2.3671480708661417
21
3.5958182283464568
0
LINE
8
BLACK
6
CONTINUOUS
10
-2.3671480708661417
20
3.5958182283464568
11
-2.3670987795275589
21
3.5954268503937006
0
LINE
8
BLACK
6
CONTINUOUS
10
-2.3670987795275589
20
3.5954268503937006
11
-2.3670218110236219
21
3.5950400787401575
0
LINE
8
BLACK
6
CONTINUOUS
10
-2.3670218110236219
20
3.5950400787401575
11
-2.3670218110236219
21
3.5937144094488187
0
LINE
8
BLACK
6
CONTINUOUS
10
-2.3670218110236219
20
3.5937144094488187
11
-2.3670987795275589
21
3.5933275984251969
0
LINE
8
BLACK
6
CONTINUOUS
10
-2.3670987795275589
20
3.5933275984251969
11
-2.3671480708661417
21
3.5929362992125982
0
LINE
8
BLACK
6
CONTINUOUS
10
-2.3671480708661417
20
3.5929362992125982
11
-2.3678109055118108
21
3.5909477952755906
0
LINE
8
BLACK
6
CONTINUOUS
10
-2.3678109055118108
20
3.5909477952755906
11
-2.3678719685039371
21
3.5908407086614171
0
LINE
8
BLACK
6
CONTINUOUS
10
-2.3678719685039371
20
3.5908407086614171
11
-2.3678719685039371
21
3.590784251968504
0
LINE
8
BLACK
6
CONTINUOUS
10
-2.3678719685039371
20
3.590784251968504
11
-2.3680912204724409
21
3.5904561811023621
0
LINE
8
BLACK
6
CONTINUOUS
10
-2.3680912204724409
20
3.5904561811023621
11
-2.3682864173228344
21
3.5901137007874016
0
LINE
8
BLACK
6
CONTINUOUS
10
-2.3682864173228344
20
3.5901137007874016
11
-2.3683368503937006
21
3.5900885039370078
0
LINE
8
BLACK
6
CONTINUOUS
10
-2.3683368503937006
20
3.5900885039370078
11
-2.3684053543307084
21
3.5899859448818896
0
LINE
8
BLACK
6
CONTINUOUS
10
-2.3684053543307084
20
3.5899859448818896
11
-2.3697310236220472
21
3.58866031496063
0
LINE
8
BLACK
6
CONTINUOUS
10
-2.3697310236220472
20
3.58866031496063
11
-2.3698335433070867
21
3.5885918503937009
0
LINE
8
BLACK
6
CONTINUOUS
10
-2.3698335433070867
20
3.5885918503937009
11
-2.3698587401574804
21
3.5885414173228347
0
LINE
8
BLACK
6
CONTINUOUS
10
-2.3698587401574804
20
3.5885414173228347
11
-2.370201220472441
21
3.588346181102362
0
LINE
8
BLACK
6
CONTINUOUS
10
-2.370201220472441
20
3.588346181102362
11
-2.37052937007874
21
3.5881269291338582
0
LINE
8
BLACK
6
CONTINUOUS
10
-2.37052937007874
20
3.5881269291338582
11
-2.3705858267716535
21
3.588126968503937
0
LINE
8
BLACK
6
CONTINUOUS
10
-2.3705858267716535
20
3.588126968503937
11
-2.370692834645669
21
3.5880659055118111
0
LINE
8
BLACK
6
CONTINUOUS
10
-2.370692834645669
20
3.5880659055118111
11
-2.3726812598425195
21
3.5874030708661415
0
LINE
8
BLACK
6
CONTINUOUS
10
-2.3726812598425195
20
3.5874030708661415
11
-2.3730726377952753
21
3.5873537795275592
0
LINE
8
BLACK
6
CONTINUOUS
10
-2.3730726377952753
20
3.5873537795275592
11
-2.3734594094488188
21
3.5872768110236222
0
LINE
8
BLACK
6
CONTINUOUS
10
-2.3734594094488188
20
3.5872768110236222
11
-2.3747850787401572
21
3.5872768110236222
0
LINE
8
BLACK
6
CONTINUOUS
10
-2.3747850787401572
20
3.5872768110236222
11
-2.3751719291338582
21
3.5873537795275592
0
LINE
8
BLACK
6
CONTINUOUS
10
-2.3751719291338582
20
3.5873537795275592
11
-2.3755631889763777
21
3.5874030708661415
0
LINE
8
BLACK
6
CONTINUOUS
10
-2.3755631889763777
20
3.5874030708661415
11
-2.3775516929133858
21
3.5880659055118111
0
LINE
8
BLACK
6
CONTINUOUS
10
-2.3775516929133858
20
3.5880659055118111
11
-2.3777858267716536
21
3.5881994094488188
0
LINE
8
BLACK
6
CONTINUOUS
10
-2.3777858267716536
20
3.5881994094488188
11
-2.3780395275590549
21
3.588290275590551
0
LINE
8
BLACK
6
CONTINUOUS
10
-2.3780395275590549
20
3.588290275590551
11
-2.3811220078740156
21
3.5901397637795274
0
LINE
8
BLACK
6
CONTINUOUS
10
-2.3811220078740156
20
3.5901397637795274
11
-2.3824755511811024
21
3.5905909448818898
0
LINE
8
BLACK
6
CONTINUOUS
10
-2.3824755511811024
20
3.5905909448818898
11
-2.3830025196850393
21
3.5905909448818898
0
LINE
8
BLACK
6
CONTINUOUS
10
-2.3830025196850393
20
3.5905909448818898
11
-2.384061181102362
21
3.5902380708661417
0
LINE
8
BLACK
6
CONTINUOUS
10
-2.384061181102362
20
3.5902380708661417
11
-2.3845653937007874
21
3.589733897637795
0
LINE
8
BLACK
6
CONTINUOUS
10
-2.3845653937007874
20
3.589733897637795
11
-2.3849182283464567
21
3.5886752755905511
0
LINE
8
BLACK
6
CONTINUOUS
10
-2.3849182283464567
20
3.5886752755905511
11
-2.3849182283464567
21
3.588148346456693
0
LINE
8
BLACK
6
CONTINUOUS
10
-2.3849182283464567
20
3.588148346456693
11
-2.3845653543307086
21
3.5870896456692911
0
LINE
8
BLACK
6
CONTINUOUS
10
-2.3845653543307086
20
3.5870896456692911
11
-2.3819442913385824
21
3.5844685826771654
0
LINE
8
BLACK
6
CONTINUOUS
10
-2.3819442913385824
20
3.5844685826771654
11
-2.3796501181102361
21
3.5833214960629922
0
LINE
8
BLACK
6
CONTINUOUS
10
-2.3796501181102361
20
3.5833214960629922
11
-2.3788916535433069
21
3.5827327952755903
0
LINE
8
BLACK
6
CONTINUOUS
10
-2.3788916535433069
20
3.5827327952755903
11
-2.3782961417322834
21
3.5809462204724407
0
LINE
8
BLACK
6
CONTINUOUS
10
-2.3782961417322834
20
3.5809462204724407
11
-2.3791383858267716
21
3.5792617322834643
0
LINE
8
BLACK
6
CONTINUOUS
10
-2.3791383858267716
20
3.5792617322834643
11
-2.3809249606299212
21
3.5786662204724409
0
LINE
8
BLACK
6
CONTINUOUS
10
-2.3809249606299212
20
3.5786662204724409
11
-2.3818509842519684
21
3.5789197637795276
0
LINE
8
BLACK
6
CONTINUOUS
10
-2.3818509842519684
20
3.5789197637795276
11
-2.3845022834645668
21
3.580245433070866
0
LINE
8
BLACK
6
CONTINUOUS
10
-2.3845022834645668
20
3.580245433070866
11
-2.3848137795275588
21
3.5804872047244092
0
LINE
8
BLACK
6
CONTINUOUS
10
-2.3848137795275588
20
3.5804872047244092
11
-2.385141811023622
21
3.5807063779527559
0
LINE
8
BLACK
6
CONTINUOUS
10
-2.385141811023622
20
3.5807063779527559
11
-2.3884559448818896
21
3.5840205511811023
0
LINE
8
BLACK
6
CONTINUOUS
10
-2.3884559448818896
20
3.5840205511811023
11
-2.3885244488188975
21
3.5841230708661418
0
LINE
8
BLACK
6
CONTINUOUS
10
-2.3885244488188975
20
3.5841230708661418
11
-2.3885748818897636
21
3.5841482677165355
0
LINE
8
BLACK
6
CONTINUOUS
10
-2.3885748818897636
20
3.5841482677165355
11
-2.3887702755905513
21
3.5844909842519685
0
LINE
8
BLACK
6
CONTINUOUS
10
-2.3887702755905513
20
3.5844909842519685
11
-2.3889893307086614
21
3.5848188582677163
0
LINE
8
BLACK
6
CONTINUOUS
10
-2.3889893307086614
20
3.5848188582677163
11
-2.3889893307086614
21
3.5848752755905511
0
LINE
8
BLACK
6
CONTINUOUS
10
-2.3889893307086614
20
3.5848752755905511
11
-2.3890503937007872
21
3.5849823622047245
0
LINE
8
BLACK
6
CONTINUOUS
10
-2.3890503937007872
20
3.5849823622047245
11
-2.3897132283464568
21
3.5869707874015746
0
LINE
8
BLACK
6
CONTINUOUS
10
-2.3897132283464568
20
3.5869707874015746
11
-2.3897625590551179
21
3.5873621653543308
0
LINE
8
BLACK
6
CONTINUOUS
10
-2.3897625590551179
20
3.5873621653543308
11
-2.3898394881889762
21
3.5877489370078739
0
LINE
8
BLACK
6
CONTINUOUS
10
-2.3898394881889762
20
3.5877489370078739
11
-2.3898394881889762
21
3.5890746062992127
0
LINE
8
BLACK
6
CONTINUOUS
10
-2.3898394881889762
20
3.5890746062992127
11
-2.3897625590551179
21
3.5894614566929133
0
LINE
8
BLACK
6
CONTINUOUS
10
-2.3897625590551179
20
3.5894614566929133
11
-2.3897132283464568
21
3.5898527165354328
0
LINE
8
BLACK
6
CONTINUOUS
10
-2.3897132283464568
20
3.5898527165354328
11
-2.3890503937007872
21
3.5918412204724408
0
LINE
8
BLACK
6
CONTINUOUS
10
-2.3890503937007872
20
3.5918412204724408
11
-2.3889893700787401
21
3.591948346456693
0
LINE
8
BLACK
6
CONTINUOUS
10
-2.3889893700787401
20
3.591948346456693
11
-2.3889893307086614
21
3.5920047637795274
0
LINE
8
BLACK
6
CONTINUOUS
10
-2.3889893307086614
20
3.5920047637795274
11
-2.3887701181102363
21
3.5923328740157481
0
LINE
8
BLACK
6
CONTINUOUS
10
-2.3887701181102363
20
3.5923328740157481
11
-2.3885748818897636
21
3.5926753149606299
0
LINE
8
BLACK
6
CONTINUOUS
10
-2.3885748818897636
20
3.5926753149606299
11
-2.3885244881889762
21
3.5927005511811023
0
LINE
8
BLACK
6
CONTINUOUS
10
-2.3885244881889762
20
3.5927005511811023
11
-2.3884559448818896
21
3.5928030708661418
0
LINE
8
BLACK
6
CONTINUOUS
10
-2.3884559448818896
20
3.5928030708661418
11
-2.3871302362204725
21
3.5941287007874014
0
LINE
8
BLACK
6
CONTINUOUS
10
-2.3871302362204725
20
3.5941287007874014
11
-2.3870277952755905
21
3.5941971653543305
0
LINE
8
BLACK
6
CONTINUOUS
10
-2.3870277952755905
20
3.5941971653543305
11
-2.387002559055118
21
3.5942475984251967
0
LINE
8
BLACK
6
CONTINUOUS
10
-2.387002559055118
20
3.5942475984251967
11
-2.38666
21
3.5944429133858269
0
LINE
8
BLACK
6
CONTINUOUS
10
-2.38666
20
3.5944429133858269
11
-2.3863319291338581
21
3.5946620866141732
0
LINE
8
BLACK
6
CONTINUOUS
10
-2.3863319291338581
20
3.5946620866141732
11
-2.3862755118110237
21
3.5946620866141732
0
LINE
8
BLACK
6
CONTINUOUS
10
-2.3862755118110237
20
3.5946620866141732
11
-2.386168464566929
21
3.5947231102362203
0
LINE
8
BLACK
6
CONTINUOUS
10
-2.386168464566929
20
3.5947231102362203
11
-2.384179960629921
21
3.5953859448818899
0
LINE
8
BLACK
6
CONTINUOUS
10
-2.384179960629921
20
3.5953859448818899
11
-2.3837887007874015
21
3.595435275590551
0
LINE
8
BLACK
6
CONTINUOUS
10
-2.3837887007874015
20
3.595435275590551
11
-2.3834018503937009
21
3.5955122047244092
0
LINE
8
BLACK
6
CONTINUOUS
10
-2.3834018503937009
20
3.5955122047244092
11
-2.3820762204724408
21
3.5955122047244092
0
LINE
8
BLACK
6
CONTINUOUS
10
-2.3820762204724408
20
3.5955122047244092
11
-2.381689409448819
21
3.595435275590551
0
LINE
8
BLACK
6
CONTINUOUS
10
-2.381689409448819
20
3.595435275590551
11
-2.3812981102362203
21
3.5953859448818899
0
LINE
8
BLACK
6
CONTINUOUS
10
-2.3812981102362203
20
3.5953859448818899
11
-2.3793096062992127
21
3.5947231102362203
0
LINE
8
BLACK
6
CONTINUOUS
10
-2.3793096062992127
20
3.5947231102362203
11
-2.3790754330708661
21
3.5945896062992126
0
LINE
8
BLACK
6
CONTINUOUS
10
-2.3790754330708661
20
3.5945896062992126
11
-2.3788217322834644
21
3.5944987007874016
0
LINE
8
BLACK
6
CONTINUOUS
10
-2.3788217322834644
20
3.5944987007874016
11
-2.3757393307086612
21
3.5926492913385828
0
LINE
8
BLACK
6
CONTINUOUS
10
-2.3757393307086612
20
3.5926492913385828
11
-2.374385748031496
21
3.5921980708661416
0
LINE
8
BLACK
6
CONTINUOUS
10
-2.374385748031496
20
3.5921980708661416
11
-2.3738587795275592
21
3.5921980708661416
0
LINE
8
BLACK
6
CONTINUOUS
10
-2.3738587795275592
20
3.5921980708661416
11
-2.3728001181102361
21
3.5925509842519685
0
LINE
8
BLACK
6
CONTINUOUS
10
-2.3728001181102361
20
3.5925509842519685
11
-2.3722959842519686
21
3.5930551181102359
0
LINE
8
BLACK
6
CONTINUOUS
10
-2.3722959842519686
20
3.5930551181102359
11
-2.3719430708661418
21
3.5941137401574803
0
LINE
8
BLACK
6
CONTINUOUS
10
-2.3719430708661418
20
3.5941137401574803
11
-2.3719430708661418
21
3.5946407480314959
0
LINE
8
BLACK
6
CONTINUOUS
10
-2.3719430708661418
20
3.5946407480314959
11
-2.3722959842519686
21
3.5956994094488186
0
LINE
8
BLACK
6
CONTINUOUS
10
-2.3722959842519686
20
3.5956994094488186
11
-2.3749169685039369
21
3.598320433070866
0
LINE
8
BLACK
6
CONTINUOUS
10
-2.3749169685039369
20
3.598320433070866
11
-2.377211181102362
21
3.5994675196850392
0
LINE
8
BLACK
6
CONTINUOUS
10
-2.377211181102362
20
3.5994675196850392
11
-2.3779696456692911
21
3.6000561811023619
0
LINE
8
BLACK
6
CONTINUOUS
10
-2.3779696456692911
20
3.6000561811023619
11
-2.3785651574803151
21
3.6018427952755903
0
LINE
8
BLACK
6
CONTINUOUS
10
-2.3785651574803151
20
3.6018427952755903
11
-2.3777229527559056
21
3.6035272834645666
0
LINE
8
BLACK
6
CONTINUOUS
10
-2.3777229527559056
20
3.6035272834645666
11
-2.3759363385826773
21
3.6041227952755905
0
LINE
8
BLACK
6
CONTINUOUS
10
-2.3759363385826773
20
3.6041227952755905
11
-2.3750103149606301
21
3.6038692519685038
0
LINE
8
BLACK
6
CONTINUOUS
10
-2.3791400393700788
20
3.6092382677165356
11
-2.3791400393700788
21
3.6073550393700788
0
LINE
8
BLACK
6
CONTINUOUS
10
-2.3791400393700788
20
3.6073550393700788
11
-2.3796734251968505
21
3.6065567322834644
0
LINE
8
BLACK
6
CONTINUOUS
10
-2.3796734251968505
20
3.6065567322834644
11
-2.3935928740157482
21
3.5926373228346455
0
LINE
8
BLACK
6
CONTINUOUS
10
-2.3935928740157482
20
3.5926373228346455
11
-2.3943911811023622
21
3.5921039370078738
0
LINE
8
BLACK
6
CONTINUOUS
10
-2.3943911811023622
20
3.5921039370078738
11
-2.3962744094488189
21
3.5921039370078738
0
LINE
8
BLACK
6
CONTINUOUS
10
-2.3962744094488189
20
3.5921039370078738
11
-2.3976061023622046
21
3.59343562992126
0
LINE
8
BLACK
6
CONTINUOUS
10
-2.3976061023622046
20
3.59343562992126
11
-2.3976061023622046
21
3.5953188582677162
0
LINE
8
BLACK
6
CONTINUOUS
10
-2.3976061023622046
20
3.5953188582677162
11
-2.3970727165354329
21
3.5961171653543307
0
LINE
8
BLACK
6
CONTINUOUS
10
-2.3970727165354329
20
3.5961171653543307
11
-2.3831532677165352
21
3.6100365748031495
0
LINE
8
BLACK
6
CONTINUOUS
10
-2.3831532677165352
20
3.6100365748031495
11
-2.3823549606299212
21
3.6105699606299213
0
LINE
8
BLACK
6
CONTINUOUS
10
-2.3823549606299212
20
3.6105699606299213
11
-2.3804717322834645
21
3.6105699606299213
0
LINE
8
BLACK
6
CONTINUOUS
10
-2.3804717322834645
20
3.6105699606299213
11
-2.3791400393700788
21
3.6092382677165356
0
LINE
8
BLACK
6
CONTINUOUS
10
-2.4088379527559054
20
3.6087109055118107
11
-2.3982326771653542
21
3.5981056299212599
0
LINE
8
BLACK
6
CONTINUOUS
10
-2.3982326771653542
20
3.5981056299212599
11
-2.3976992913385828
21
3.5973073228346455
0
LINE
8
BLACK
6
CONTINUOUS
10
-2.3976992913385828
20
3.5973073228346455
11
-2.3976992913385828
21
3.5954240944881888
0
LINE
8
BLACK
6
CONTINUOUS
10
-2.3976992913385828
20
3.5954240944881888
11
-2.3990309842519686
21
3.594092401574803
0
LINE
8
BLACK
6
CONTINUOUS
10
-2.3990309842519686
20
3.594092401574803
11
-2.4009142125984253
21
3.594092401574803
0
LINE
8
BLACK
6
CONTINUOUS
10
-2.4009142125984253
20
3.594092401574803
11
-2.4017125196850393
21
3.5946257874015748
0
LINE
8
BLACK
6
CONTINUOUS
10
-2.4017125196850393
20
3.5946257874015748
11
-2.4123177952755905
21
3.605231062992126
0
LINE
8
BLACK
6
CONTINUOUS
10
-2.4123177952755905
20
3.605231062992126
11
-2.4128511811023623
21
3.60602937007874
0
LINE
8
BLACK
6
CONTINUOUS
10
-2.4128511811023623
20
3.60602937007874
11
-2.4128511811023623
21
3.6079125984251967
0
LINE
8
BLACK
6
CONTINUOUS
10
-2.4128511811023623
20
3.6079125984251967
11
-2.4115194881889761
21
3.6092442913385825
0
LINE
8
BLACK
6
CONTINUOUS
10
-2.4115194881889761
20
3.6092442913385825
11
-2.4096362598425198
21
3.6092442913385825
0
LINE
8
BLACK
6
CONTINUOUS
10
-2.4096362598425198
20
3.6092442913385825
11
-2.4088379527559054
21
3.6087109055118107
0
LINE
8
BLACK
6
CONTINUOUS
10
-2.3385584251968505
20
3.6577667322834646
11
-2.3331392913385827
21
3.6555220472440944
0
LINE
8
BLACK
6
CONTINUOUS
10
-2.3331392913385827
20
3.6555220472440944
11
-2.3282622440944882
21
3.652263307086614
0
LINE
8
BLACK
6
CONTINUOUS
10
-2.3282622440944882
20
3.652263307086614
11
-2.3241146456692912
21
3.6481157086614173
0
LINE
8
BLACK
6
CONTINUOUS
10
-2.3241146456692912
20
3.6481157086614173
11
-2.3208559055118108
21
3.6432386614173229
0
LINE
8
BLACK
6
CONTINUOUS
10
-2.3208559055118108
20
3.6432386614173229
11
-2.3186112204724409
21
3.637819527559055
0
LINE
8
BLACK
6
CONTINUOUS
10
-2.3186112204724409
20
3.637819527559055
11
-2.3174669291338583
21
3.632066653543307
0
LINE
8
BLACK
6
CONTINUOUS
10
-2.3174669291338583
20
3.632066653543307
11
-2.3174669291338583
21
3.6262010629921257
0
LINE
8
BLACK
6
CONTINUOUS
10
-2.3174669291338583
20
3.6262010629921257
11
-2.3186112204724409
21
3.6204481889763778
0
LINE
8
BLACK
6
CONTINUOUS
10
-2.3186112204724409
20
3.6204481889763778
11
-2.3208559055118108
21
3.6150290551181103
0
LINE
8
BLACK
6
CONTINUOUS
10
-2.3208559055118108
20
3.6150290551181103
11
-2.3241146456692912
21
3.6101520078740155
0
LINE
8
BLACK
6
CONTINUOUS
10
-2.3241146456692912
20
3.6101520078740155
11
-2.3282622440944882
21
3.6060044094488188
0
LINE
8
BLACK
6
CONTINUOUS
10
-2.3282622440944882
20
3.6060044094488188
11
-2.3331392913385827
21
3.6027456692913384
0
LINE
8
BLACK
6
CONTINUOUS
10
-2.3331392913385827
20
3.6027456692913384
11
-2.3385584251968505
21
3.6005009842519686
0
LINE
8
BLACK
6
CONTINUOUS
10
-2.3385584251968505
20
3.6005009842519686
11
-2.3443112992125985
21
3.5993566929133856
0
LINE
8
BLACK
6
CONTINUOUS
10
-2.3443112992125985
20
3.5993566929133856
11
-2.3501768897637794
21
3.5993566929133856
0
LINE
8
BLACK
6
CONTINUOUS
10
-2.3501768897637794
20
3.5993566929133856
11
-2.3559297637795273
21
3.6005009842519686
0
LINE
8
BLACK
6
CONTINUOUS
10
-2.3559297637795273
20
3.6005009842519686
11
-2.3613488976377952
21
3.6027456692913384
0
LINE
8
BLACK
6
CONTINUOUS
10
-2.3613488976377952
20
3.6027456692913384
11
-2.3662259448818896
21
3.6060044094488188
0
LINE
8
BLACK
6
CONTINUOUS
10
-2.3662259448818896
20
3.6060044094488188
11
-2.3703735433070867
21
3.6101520078740155
0
LINE
8
BLACK
6
CONTINUOUS
10
-2.3703735433070867
20
3.6101520078740155
11
-2.3736322834645667
21
3.6150290551181103
0
LINE
8
BLACK
6
CONTINUOUS
10
-2.3736322834645667
20
3.6150290551181103
11
-2.3758769685039369
21
3.6204481889763778
0
LINE
8
BLACK
6
CONTINUOUS
10
-2.3758769685039369
20
3.6204481889763778
11
-2.3770212598425196
21
3.6262010629921257
0
LINE
8
BLACK
6
CONTINUOUS
10
-2.3770212598425196
20
3.6262010629921257
11
-2.3770212598425196
21
3.6316155511811021
0
LINE
8
BLACK
6
CONTINUOUS
10
-2.3770212598425196
20
3.6316155511811021
11
-2.3770212598425196
21
3.632066653543307
0
LINE
8
BLACK
6
CONTINUOUS
10
-2.3770212598425196
20
3.632066653543307
11
-2.3758769685039369
21
3.637819527559055
0
LINE
8
BLACK
6
CONTINUOUS
10
-2.3758769685039369
20
3.637819527559055
11
-2.3736322834645667
21
3.6432386614173229
0
LINE
8
BLACK
6
CONTINUOUS
10
-2.3736322834645667
20
3.6432386614173229
11
-2.3703735433070867
21
3.6481157086614173
0
LINE
8
BLACK
6
CONTINUOUS
10
-2.3703735433070867
20
3.6481157086614173
11
-2.3662259448818896
21
3.652263307086614
0
LINE
8
BLACK
6
CONTINUOUS
10
-2.3662259448818896
20
3.652263307086614
11
-2.3613488976377952
21
3.6555220472440944
0
LINE
8
BLACK
6
CONTINUOUS
10
-2.3613488976377952
20
3.6555220472440944
11
-2.3559297637795273
21
3.6577667322834646
0
LINE
8
BLACK
6
CONTINUOUS
10
-2.3559297637795273
20
3.6577667322834646
11
-2.3501768897637794
21
3.6589110236220472
0
LINE
8
BLACK
6
CONTINUOUS
10
-2.3501768897637794
20
3.6589110236220472
11
-2.3443112992125985
21
3.6589110236220472
0
LINE
8
BLACK
6
CONTINUOUS
10
-2.3443112992125985
20
3.6589110236220472
11
-2.3385584251968505
21
3.6577667322834646
0
LINE
8
BLACK
6
CONTINUOUS
10
-2.3724409448818897
20
3.6266521653543307
11
-2.3714726377952755
21
3.621784212598425
0
LINE
8
BLACK
6
CONTINUOUS
10
-2.3714726377952755
20
3.621784212598425
11
-2.3695732677165355
21
3.6171986614173228
0
LINE
8
BLACK
6
CONTINUOUS
10
-2.3695732677165355
20
3.6171986614173228
11
-2.3668157874015749
21
3.6130718110236222
0
LINE
8
BLACK
6
CONTINUOUS
10
-2.3668157874015749
20
3.6130718110236222
11
-2.3633061417322834
21
3.6095621653543306
0
LINE
8
BLACK
6
CONTINUOUS
10
-2.3633061417322834
20
3.6095621653543306
11
-2.3591792913385827
21
3.60680468503937
0
LINE
8
BLACK
6
CONTINUOUS
10
-2.3591792913385827
20
3.60680468503937
11
-2.3545937401574801
21
3.60490531496063
0
LINE
8
BLACK
6
CONTINUOUS
10
-2.3545937401574801
20
3.60490531496063
11
-2.3497257874015749
21
3.6039370078740158
0
LINE
8
BLACK
6
CONTINUOUS
10
-2.3497257874015749
20
3.6039370078740158
11
-2.344762401574803
21
3.6039370078740158
0
LINE
8
BLACK
6
CONTINUOUS
10
-2.344762401574803
20
3.6039370078740158
11
-2.3398944488188977
21
3.60490531496063
0
LINE
8
BLACK
6
CONTINUOUS
10
-2.3398944488188977
20
3.60490531496063
11
-2.3353088976377951
21
3.60680468503937
0
LINE
8
BLACK
6
CONTINUOUS
10
-2.3353088976377951
20
3.60680468503937
11
-2.3311820472440945
21
3.6095621653543306
0
LINE
8
BLACK
6
CONTINUOUS
10
-2.3311820472440945
20
3.6095621653543306
11
-2.3276724015748029
21
3.6130718110236222
0
LINE
8
BLACK
6
CONTINUOUS
10
-2.3276724015748029
20
3.6130718110236222
11
-2.3249149212598423
21
3.6171986614173228
0
LINE
8
BLACK
6
CONTINUOUS
10
-2.3249149212598423
20
3.6171986614173228
11
-2.3230155511811024
21
3.621784212598425
0
LINE
8
BLACK
6
CONTINUOUS
10
-2.3230155511811024
20
3.621784212598425
11
-2.3220472440944881
21
3.6266521653543307
0
LINE
8
BLACK
6
CONTINUOUS
10
-2.3220472440944881
20
3.6266521653543307
11
-2.3220472440944881
21
3.6316155511811021
0
LINE
8
BLACK
6
CONTINUOUS
10
-2.3220472440944881
20
3.6316155511811021
11
-2.3230155511811024
21
3.6364835039370078
0
LINE
8
BLACK
6
CONTINUOUS
10
-2.3230155511811024
20
3.6364835039370078
11
-2.3249149212598423
21
3.64106905511811
0
LINE
8
BLACK
6
CONTINUOUS
10
-2.3249149212598423
20
3.64106905511811
11
-2.3276724015748029
21
3.6451959055118111
0
LINE
8
BLACK
6
CONTINUOUS
10
-2.3276724015748029
20
3.6451959055118111
11
-2.3311820472440945
21
3.6487055511811022
0
LINE
8
BLACK
6
CONTINUOUS
10
-2.3311820472440945
20
3.6487055511811022
11
-2.3353088976377951
21
3.6514630314960628
0
LINE
8
BLACK
6
CONTINUOUS
10
-2.3353088976377951
20
3.6514630314960628
11
-2.3398944488188977
21
3.6533624015748032
0
LINE
8
BLACK
6
CONTINUOUS
10
-2.3398944488188977
20
3.6533624015748032
11
-2.344762401574803
21
3.6543307086614174
0
LINE
8
BLACK
6
CONTINUOUS
10
-2.344762401574803
20
3.6543307086614174
11
-2.3497257874015749
21
3.6543307086614174
0
LINE
8
BLACK
6
CONTINUOUS
10
-2.3497257874015749
20
3.6543307086614174
11
-2.3545937401574801
21
3.6533624015748032
0
LINE
8
BLACK
6
CONTINUOUS
10
-2.3545937401574801
20
3.6533624015748032
11
-2.3591792913385827
21
3.6514630314960628
0
LINE
8
BLACK
6
CONTINUOUS
10
-2.3591792913385827
20
3.6514630314960628
11
-2.3633061417322834
21
3.6487055511811022
0
LINE
8
BLACK
6
CONTINUOUS
10
-2.3633061417322834
20
3.6487055511811022
11
-2.3668157874015749
21
3.6451959055118111
0
LINE
8
BLACK
6
CONTINUOUS
10
-2.3668157874015749
20
3.6451959055118111
11
-2.3695732677165355
21
3.64106905511811
0
LINE
8
BLACK
6
CONTINUOUS
10
-2.3695732677165355
20
3.64106905511811
11
-2.3714726377952755
21
3.6364835039370078
0
LINE
8
BLACK
6
CONTINUOUS
10
-2.3714726377952755
20
3.6364835039370078
11
-2.3724409448818897
21
3.6316155511811021
0
LINE
8
BLACK
6
CONTINUOUS
10
-2.3724409448818897
20
3.6316155511811021
11
-2.3724409448818897
21
3.6266521653543307
0
LINE
8
BLACK
6
CONTINUOUS
10
-2.4043275590551181
20
3.6344257874015748
11
-2.4043275590551181
21
3.6325425590551181
0
LINE
8
BLACK
6
CONTINUOUS
10
-2.4043275590551181
20
3.6325425590551181
11
-2.4048609448818898
21
3.6317442519685037
0
LINE
8
BLACK
6
CONTINUOUS
10
-2.4048609448818898
20
3.6317442519685037
11
-2.4097493307086615
21
3.6268558661417321
0
LINE
8
BLACK
6
CONTINUOUS
10
-2.4097493307086615
20
3.6268558661417321
11
-2.4052752362204726
21
3.6223817716535431
0
LINE
8
BLACK
6
CONTINUOUS
10
-2.4052752362204726
20
3.6223817716535431
11
-2.4003868503937009
21
3.627270118110236
0
LINE
8
BLACK
6
CONTINUOUS
10
-2.4003868503937009
20
3.627270118110236
11
-2.3995885433070865
21
3.6278035039370078
0
LINE
8
BLACK
6
CONTINUOUS
10
-2.3995885433070865
20
3.6278035039370078
11
-2.3977053149606298
21
3.6278035039370078
0
LINE
8
BLACK
6
CONTINUOUS
10
-2.3977053149606298
20
3.6278035039370078
11
-2.396373622047244
21
3.626471811023622
0
LINE
8
BLACK
6
CONTINUOUS
10
-2.396373622047244
20
3.626471811023622
11
-2.396373622047244
21
3.6245885826771653
0
LINE
8
BLACK
6
CONTINUOUS
10
-2.396373622047244
20
3.6245885826771653
11
-2.3969070078740158
21
3.6237902755905509
0
LINE
8
BLACK
6
CONTINUOUS
10
-2.3969070078740158
20
3.6237902755905509
11
-2.4108264173228346
21
3.609870866141732
0
LINE
8
BLACK
6
CONTINUOUS
10
-2.4108264173228346
20
3.609870866141732
11
-2.4116247244094486
21
3.6093374803149607
0
LINE
8
BLACK
6
CONTINUOUS
10
-2.4116247244094486
20
3.6093374803149607
11
-2.4135079527559054
21
3.6093374803149607
0
LINE
8
BLACK
6
CONTINUOUS
10
-2.4135079527559054
20
3.6093374803149607
11
-2.4148396456692911
21
3.6106691732283465
0
LINE
8
BLACK
6
CONTINUOUS
10
-2.4148396456692911
20
3.6106691732283465
11
-2.4148396456692911
21
3.6125524015748032
0
LINE
8
BLACK
6
CONTINUOUS
10
-2.4148396456692911
20
3.6125524015748032
11
-2.4143062598425198
21
3.6133507086614172
0
LINE
8
BLACK
6
CONTINUOUS
10
-2.4143062598425198
20
3.6133507086614172
11
-2.4087550787401573
21
3.618901929133858
0
LINE
8
BLACK
6
CONTINUOUS
10
-2.4087550787401573
20
3.618901929133858
11
-2.4132291732283462
21
3.6233760236220474
0
LINE
8
BLACK
6
CONTINUOUS
10
-2.4132291732283462
20
3.6233760236220474
11
-2.4187803937007875
21
3.6178248031496061
0
LINE
8
BLACK
6
CONTINUOUS
10
-2.4187803937007875
20
3.6178248031496061
11
-2.4195787007874014
21
3.6172914173228348
0
LINE
8
BLACK
6
CONTINUOUS
10
-2.4195787007874014
20
3.6172914173228348
11
-2.4214619291338582
21
3.6172914173228348
0
LINE
8
BLACK
6
CONTINUOUS
10
-2.4214619291338582
20
3.6172914173228348
11
-2.4227936220472439
21
3.6186231102362205
0
LINE
8
BLACK
6
CONTINUOUS
10
-2.4227936220472439
20
3.6186231102362205
11
-2.4227936220472439
21
3.6205063385826772
0
LINE
8
BLACK
6
CONTINUOUS
10
-2.4227936220472439
20
3.6205063385826772
11
-2.4222602362204726
21
3.6213046456692912
0
LINE
8
BLACK
6
CONTINUOUS
10
-2.4222602362204726
20
3.6213046456692912
11
-2.4083407874015745
21
3.6352240944881888
0
LINE
8
BLACK
6
CONTINUOUS
10
-2.4083407874015745
20
3.6352240944881888
11
-2.4075424803149605
21
3.6357574803149606
0
LINE
8
BLACK
6
CONTINUOUS
10
-2.4075424803149605
20
3.6357574803149606
11
-2.4056592519685038
21
3.6357574803149606
0
LINE
8
BLACK
6
CONTINUOUS
10
-2.4056592519685038
20
3.6357574803149606
11
-2.4043275590551181
21
3.6344257874015748
0
LINE
8
BLACK
6
CONTINUOUS
10
-2.420133503937008
20
3.6484616535433072
11
-2.4197422047244093
21
3.6484123228346457
0
LINE
8
BLACK
6
CONTINUOUS
10
-2.4197422047244093
20
3.6484123228346457
11
-2.4177537007874017
21
3.6477494881889765
0
LINE
8
BLACK
6
CONTINUOUS
10
-2.4177537007874017
20
3.6477494881889765
11
-2.4176466141732282
21
3.647688464566929
0
LINE
8
BLACK
6
CONTINUOUS
10
-2.4176466141732282
20
3.647688464566929
11
-2.4175901574803147
21
3.6476884251968502
0
LINE
8
BLACK
6
CONTINUOUS
10
-2.4175901574803147
20
3.6476884251968502
11
-2.4172620866141732
21
3.6474692125984252
0
LINE
8
BLACK
6
CONTINUOUS
10
-2.4172620866141732
20
3.6474692125984252
11
-2.4169196062992127
21
3.6472739763779525
0
LINE
8
BLACK
6
CONTINUOUS
10
-2.4169196062992127
20
3.6472739763779525
11
-2.4168944094488189
21
3.6472235826771651
0
LINE
8
BLACK
6
CONTINUOUS
10
-2.4168944094488189
20
3.6472235826771651
11
-2.4167918503937007
21
3.6471550393700785
0
LINE
8
BLACK
6
CONTINUOUS
10
-2.4167918503937007
20
3.6471550393700785
11
-2.414140590551181
21
3.6445037007874017
0
LINE
8
BLACK
6
CONTINUOUS
10
-2.414140590551181
20
3.6445037007874017
11
-2.4140721653543307
21
3.6444012992125985
0
LINE
8
BLACK
6
CONTINUOUS
10
-2.4140721653543307
20
3.6444012992125985
11
-2.414021653543307
21
3.6443760236220473
0
LINE
8
BLACK
6
CONTINUOUS
10
-2.414021653543307
20
3.6443760236220473
11
-2.4138261417322835
21
3.6440330708661417
0
LINE
8
BLACK
6
CONTINUOUS
10
-2.4138261417322835
20
3.6440330708661417
11
-2.4136072047244093
21
3.6437053937007873
0
LINE
8
BLACK
6
CONTINUOUS
10
-2.4136072047244093
20
3.6437053937007873
11
-2.4136072047244093
21
3.64364905511811
0
LINE
8
BLACK
6
CONTINUOUS
10
-2.4136072047244093
20
3.64364905511811
11
-2.4135461417322834
21
3.6435419291338582
0
LINE
8
BLACK
6
CONTINUOUS
10
-2.4135461417322834
20
3.6435419291338582
11
-2.4128833070866142
21
3.641553464566929
0
LINE
8
BLACK
6
CONTINUOUS
10
-2.4128833070866142
20
3.641553464566929
11
-2.4128340157480315
21
3.6411620866141732
0
LINE
8
BLACK
6
CONTINUOUS
10
-2.4128340157480315
20
3.6411620866141732
11
-2.4127570472440945
21
3.6407753149606297
0
LINE
8
BLACK
6
CONTINUOUS
10
-2.4127570472440945
20
3.6407753149606297
11
-2.4127570472440945
21
3.6381239763779525
0
LINE
8
BLACK
6
CONTINUOUS
10
-2.4127570472440945
20
3.6381239763779525
11
-2.4128090551181103
21
3.6378625984251967
0
LINE
8
BLACK
6
CONTINUOUS
10
-2.4128090551181103
20
3.6378625984251967
11
-2.4127838582677166
21
3.6377618110236218
0
LINE
8
BLACK
6
CONTINUOUS
10
-2.4127838582677166
20
3.6377618110236218
11
-2.4128855511811023
21
3.6374780314960629
0
LINE
8
BLACK
6
CONTINUOUS
10
-2.4128855511811023
20
3.6374780314960629
11
-2.4129443700787401
21
3.6371823228346454
0
LINE
8
BLACK
6
CONTINUOUS
10
-2.4129443700787401
20
3.6371823228346454
11
-2.4130178346456694
21
3.6371088976377952
0
LINE
8
BLACK
6
CONTINUOUS
10
-2.4130178346456694
20
3.6371088976377952
11
-2.4131077165354329
21
3.636857992125984
0
LINE
8
BLACK
6
CONTINUOUS
10
-2.4131077165354329
20
3.636857992125984
11
-2.4150962204724409
21
3.6335438582677164
0
LINE
8
BLACK
6
CONTINUOUS
10
-2.4150962204724409
20
3.6335438582677164
11
-2.4152987007874014
21
3.6333207086614174
0
LINE
8
BLACK
6
CONTINUOUS
10
-2.4152987007874014
20
3.6333207086614174
11
-2.4154662598425198
21
3.6330698818897638
0
LINE
8
BLACK
6
CONTINUOUS
10
-2.4154662598425198
20
3.6330698818897638
11
-2.4201060629921258
21
3.6284301181102361
0
LINE
8
BLACK
6
CONTINUOUS
10
-2.4201060629921258
20
3.6284301181102361
11
-2.4203567322834645
21
3.6282626771653543
0
LINE
8
BLACK
6
CONTINUOUS
10
-2.4203567322834645
20
3.6282626771653543
11
-2.4205799999999997
21
3.6280600787401576
0
LINE
8
BLACK
6
CONTINUOUS
10
-2.4205799999999997
20
3.6280600787401576
11
-2.4238941338582678
21
3.6260715748031496
0
LINE
8
BLACK
6
CONTINUOUS
10
-2.4238941338582678
20
3.6260715748031496
11
-2.4241450393700785
21
3.6259816929133857
0
LINE
8
BLACK
6
CONTINUOUS
10
-2.4241450393700785
20
3.6259816929133857
11
-2.4242184645669291
21
3.6259082283464568
0
LINE
8
BLACK
6
CONTINUOUS
10
-2.4242184645669291
20
3.6259082283464568
11
-2.4245141732283466
21
3.6258494094488189
0
LINE
8
BLACK
6
CONTINUOUS
10
-2.4245141732283466
20
3.6258494094488189
11
-2.4247979527559056
21
3.6257477165354328
0
LINE
8
BLACK
6
CONTINUOUS
10
-2.4247979527559056
20
3.6257477165354328
11
-2.4248987401574804
21
3.6257729133858265
0
LINE
8
BLACK
6
CONTINUOUS
10
-2.4248987401574804
20
3.6257729133858265
11
-2.4251601181102362
21
3.6257209055118111
0
LINE
8
BLACK
6
CONTINUOUS
10
-2.4251601181102362
20
3.6257209055118111
11
-2.4278114566929134
21
3.6257209055118111
0
LINE
8
BLACK
6
CONTINUOUS
10
-2.4278114566929134
20
3.6257209055118111
11
-2.4281982283464565
21
3.6257978740157482
0
LINE
8
BLACK
6
CONTINUOUS
10
-2.4281982283464565
20
3.6257978740157482
11
-2.4285896062992127
21
3.6258471653543305
0
LINE
8
BLACK
6
CONTINUOUS
10
-2.4285896062992127
20
3.6258471653543305
11
-2.4305780708661415
21
3.6265100000000001
0
LINE
8
BLACK
6
CONTINUOUS
10
-2.4305780708661415
20
3.6265100000000001
11
-2.4306851968503937
21
3.6265710629921259
0
LINE
8
BLACK
6
CONTINUOUS
10
-2.4306851968503937
20
3.6265710629921259
11
-2.430741535433071
21
3.6265710629921259
0
LINE
8
BLACK
6
CONTINUOUS
10
-2.430741535433071
20
3.6265710629921259
11
-2.431069212598425
21
3.6267899999999997
0
LINE
8
BLACK
6
CONTINUOUS
10
-2.431069212598425
20
3.6267899999999997
11
-2.4314121653543306
21
3.6269855118110237
0
LINE
8
BLACK
6
CONTINUOUS
10
-2.4314121653543306
20
3.6269855118110237
11
-2.4314374409448818
21
3.6270360236220474
0
LINE
8
BLACK
6
CONTINUOUS
10
-2.4314374409448818
20
3.6270360236220474
11
-2.431539842519685
21
3.6271044488188977
0
LINE
8
BLACK
6
CONTINUOUS
10
-2.431539842519685
20
3.6271044488188977
11
-2.4341911811023622
21
3.6297557874015749
0
LINE
8
BLACK
6
CONTINUOUS
10
-2.4341911811023622
20
3.6297557874015749
11
-2.4342596850393701
21
3.6298583070866139
0
LINE
8
BLACK
6
CONTINUOUS
10
-2.4342596850393701
20
3.6298583070866139
11
-2.4343101181102362
21
3.6298835039370076
0
LINE
8
BLACK
6
CONTINUOUS
10
-2.4343101181102362
20
3.6298835039370076
11
-2.4345055118110235
21
3.6302262204724407
0
LINE
8
BLACK
6
CONTINUOUS
10
-2.4345055118110235
20
3.6302262204724407
11
-2.434724566929134
21
3.6305540944881889
0
LINE
8
BLACK
6
CONTINUOUS
10
-2.434724566929134
20
3.6305540944881889
11
-2.434724566929134
21
3.6306105118110237
0
LINE
8
BLACK
6
CONTINUOUS
10
-2.434724566929134
20
3.6306105118110237
11
-2.4347856299212598
21
3.6307175984251967
0
LINE
8
BLACK
6
CONTINUOUS
10
-2.4347856299212598
20
3.6307175984251967
11
-2.435448464566929
21
3.6327060236220472
0
LINE
8
BLACK
6
CONTINUOUS
10
-2.435448464566929
20
3.6327060236220472
11
-2.4354977952755905
21
3.633097401574803
0
LINE
8
BLACK
6
CONTINUOUS
10
-2.4354977952755905
20
3.633097401574803
11
-2.4355747244094488
21
3.6334841732283465
0
LINE
8
BLACK
6
CONTINUOUS
10
-2.4355747244094488
20
3.6334841732283465
11
-2.4355747244094488
21
3.6361355118110237
0
LINE
8
BLACK
6
CONTINUOUS
10
-2.4355747244094488
20
3.6361355118110237
11
-2.4355227559055117
21
3.6363969291338583
0
LINE
8
BLACK
6
CONTINUOUS
10
-2.4355227559055117
20
3.6363969291338583
11
-2.4355479133858267
21
3.6364976771653543
0
LINE
8
BLACK
6
CONTINUOUS
10
-2.4355479133858267
20
3.6364976771653543
11
-2.4354462598425197
21
3.6367814960629921
0
LINE
8
BLACK
6
CONTINUOUS
10
-2.4354462598425197
20
3.6367814960629921
11
-2.4353874015748032
21
3.6370771653543308
0
LINE
8
BLACK
6
CONTINUOUS
10
-2.4353874015748032
20
3.6370771653543308
11
-2.4353139763779525
21
3.6371506299212597
0
LINE
8
BLACK
6
CONTINUOUS
10
-2.4353139763779525
20
3.6371506299212597
11
-2.4352240551181104
21
3.6374014960629921
0
LINE
8
BLACK
6
CONTINUOUS
10
-2.4352240551181104
20
3.6374014960629921
11
-2.4332355511811024
21
3.6407156299212597
0
LINE
8
BLACK
6
CONTINUOUS
10
-2.4332355511811024
20
3.6407156299212597
11
-2.4330329921259843
21
3.6409389370078737
0
LINE
8
BLACK
6
CONTINUOUS
10
-2.4330329921259843
20
3.6409389370078737
11
-2.4328655118110234
21
3.6411895669291336
0
LINE
8
BLACK
6
CONTINUOUS
10
-2.4328655118110234
20
3.6411895669291336
11
-2.4282257480314962
21
3.6458293700787401
0
LINE
8
BLACK
6
CONTINUOUS
10
-2.4282257480314962
20
3.6458293700787401
11
-2.4279749606299212
21
3.6459969685039368
0
LINE
8
BLACK
6
CONTINUOUS
10
-2.4279749606299212
20
3.6459969685039368
11
-2.4277517716535431
21
3.6461994094488186
0
LINE
8
BLACK
6
CONTINUOUS
10
-2.4277517716535431
20
3.6461994094488186
11
-2.4244376377952754
21
3.6481879133858266
0
LINE
8
BLACK
6
CONTINUOUS
10
-2.4244376377952754
20
3.6481879133858266
11
-2.4241867716535435
21
3.6482778346456692
0
LINE
8
BLACK
6
CONTINUOUS
10
-2.4241867716535435
20
3.6482778346456692
11
-2.4241133070866141
21
3.6483512598425194
0
LINE
8
BLACK
6
CONTINUOUS
10
-2.4241133070866141
20
3.6483512598425194
11
-2.4238176377952754
21
3.648410118110236
0
LINE
8
BLACK
6
CONTINUOUS
10
-2.4238176377952754
20
3.648410118110236
11
-2.4235338188976376
21
3.6485117716535433
0
LINE
8
BLACK
6
CONTINUOUS
10
-2.4235338188976376
20
3.6485117716535433
11
-2.4234330708661416
21
3.6484866141732284
0
LINE
8
BLACK
6
CONTINUOUS
10
-2.4234330708661416
20
3.6484866141732284
11
-2.423171653543307
21
3.6485385826771655
0
LINE
8
BLACK
6
CONTINUOUS
10
-2.423171653543307
20
3.6485385826771655
11
-2.4205203149606298
21
3.6485385826771655
0
LINE
8
BLACK
6
CONTINUOUS
10
-2.4205203149606298
20
3.6485385826771655
11
-2.420133503937008
21
3.6484616535433072
0
LINE
8
BLACK
6
CONTINUOUS
10
-2.4249599606299213
20
3.642135433070866
11
-2.4291714960629922
21
3.6379239370078738
0
LINE
8
BLACK
6
CONTINUOUS
10
-2.4291714960629922
20
3.6379239370078738
11
-2.4306534645669289
21
3.6354539763779528
0
LINE
8
BLACK
6
CONTINUOUS
10
-2.4306534645669289
20
3.6354539763779528
11
-2.4306534645669289
21
3.6338835826771652
0
LINE
8
BLACK
6
CONTINUOUS
10
-2.4306534645669289
20
3.6338835826771652
11
-2.4303005905511812
21
3.6328248818897637
0
LINE
8
BLACK
6
CONTINUOUS
10
-2.4303005905511812
20
3.6328248818897637
11
-2.428470787401575
21
3.6309950787401575
0
LINE
8
BLACK
6
CONTINUOUS
10
-2.428470787401575
20
3.6309950787401575
11
-2.4274121259842518
21
3.6306421653543306
0
LINE
8
BLACK
6
CONTINUOUS
10
-2.4274121259842518
20
3.6306421653543306
11
-2.4258416535433072
21
3.6306421653543306
0
LINE
8
BLACK
6
CONTINUOUS
10
-2.4258416535433072
20
3.6306421653543306
11
-2.4233717322834645
21
3.6321241732283465
0
LINE
8
BLACK
6
CONTINUOUS
10
-2.4233717322834645
20
3.6321241732283465
11
-2.4191602362204723
21
3.6363357086614174
0
LINE
8
BLACK
6
CONTINUOUS
10
-2.4191602362204723
20
3.6363357086614174
11
-2.4176783070866139
21
3.6388055511811022
0
LINE
8
BLACK
6
CONTINUOUS
10
-2.4176783070866139
20
3.6388055511811022
11
-2.4176783070866139
21
3.6403759842519685
0
LINE
8
BLACK
6
CONTINUOUS
10
-2.4176783070866139
20
3.6403759842519685
11
-2.4180312204724408
21
3.6414346062992125
0
LINE
8
BLACK
6
CONTINUOUS
10
-2.4180312204724408
20
3.6414346062992125
11
-2.4198610629921258
21
3.6432644881889762
0
LINE
8
BLACK
6
CONTINUOUS
10
-2.4198610629921258
20
3.6432644881889762
11
-2.4209196456692914
21
3.6436173228346456
0
LINE
8
BLACK
6
CONTINUOUS
10
-2.4209196456692914
20
3.6436173228346456
11
-2.4224901181102361
21
3.6436173228346456
0
LINE
8
BLACK
6
CONTINUOUS
10
-2.4224901181102361
20
3.6436173228346456
11
-2.4249599606299213
21
3.642135433070866
0
LINE
8
BLACK
6
CONTINUOUS
10
-2.4255381496062993
20
3.6556363779527556
11
-2.4255381496062993
21
3.6537531496062989
0
LINE
8
BLACK
6
CONTINUOUS
10
-2.4255381496062993
20
3.6537531496062989
11
-2.4260715354330706
21
3.6529548425196849
0
LINE
8
BLACK
6
CONTINUOUS
10
-2.4260715354330706
20
3.6529548425196849
11
-2.4399909448818895
21
3.6390353937007873
0
LINE
8
BLACK
6
CONTINUOUS
10
-2.4399909448818895
20
3.6390353937007873
11
-2.4407891338582677
21
3.6385021259842518
0
LINE
8
BLACK
6
CONTINUOUS
10
-2.4407891338582677
20
3.6385021259842518
11
-2.4407892519685039
21
3.6385019685039368
0
LINE
8
BLACK
6
CONTINUOUS
10
-2.4407892519685039
20
3.6385019685039368
11
-2.4426724803149606
21
3.6385019685039368
0
LINE
8
BLACK
6
CONTINUOUS
10
-2.4426724803149606
20
3.6385019685039368
11
-2.4434707874015746
21
3.6390353937007873
0
LINE
8
BLACK
6
CONTINUOUS
10
-2.4434707874015746
20
3.6390353937007873
11
-2.4500990944881891
21
3.6456637007874013
0
LINE
8
BLACK
6
CONTINUOUS
10
-2.4500990944881891
20
3.6456637007874013
11
-2.4506324803149604
21
3.6464620078740158
0
LINE
8
BLACK
6
CONTINUOUS
10
-2.4506324803149604
20
3.6464620078740158
11
-2.4506324803149604
21
3.6483452362204725
0
LINE
8
BLACK
6
CONTINUOUS
10
-2.4506324803149604
20
3.6483452362204725
11
-2.4493007874015746
21
3.6496769291338582
0
LINE
8
BLACK
6
CONTINUOUS
10
-2.4493007874015746
20
3.6496769291338582
11
-2.4474175590551179
21
3.6496769291338582
0
LINE
8
BLACK
6
CONTINUOUS
10
-2.4474175590551179
20
3.6496769291338582
11
-2.4466192519685039
21
3.6491435433070865
0
LINE
8
BLACK
6
CONTINUOUS
10
-2.4466192519685039
20
3.6491435433070865
11
-2.441730905511811
21
3.6442551968503936
0
LINE
8
BLACK
6
CONTINUOUS
10
-2.441730905511811
20
3.6442551968503936
11
-2.4295513779527558
21
3.6564346850393701
0
LINE
8
BLACK
6
CONTINUOUS
10
-2.4295513779527558
20
3.6564346850393701
11
-2.4287530708661418
21
3.6569680708661418
0
LINE
8
BLACK
6
CONTINUOUS
10
-2.4287530708661418
20
3.6569680708661418
11
-2.4268698425196851
21
3.6569680708661418
0
LINE
8
BLACK
6
CONTINUOUS
10
-2.4268698425196851
20
3.6569680708661418
11
-2.4255381496062993
21
3.6556363779527556
0
LINE
8
BLACK
6
CONTINUOUS
10
-2.4449241338582675
20
3.6730392913385828
11
-2.4448706299212599
21
3.6730570866141732
0
LINE
8
BLACK
6
CONTINUOUS
10
-2.4448706299212599
20
3.6730570866141732
11
-2.4444903149606301
21
3.6729529527559053
0
LINE
8
BLACK
6
CONTINUOUS
10
-2.4444903149606301
20
3.6729529527559053
11
-2.4441033858267716
21
3.6728759842519683
0
LINE
8
BLACK
6
CONTINUOUS
10
-2.4441033858267716
20
3.6728759842519683
11
-2.444063503937008
21
3.6728361023622047
0
LINE
8
BLACK
6
CONTINUOUS
10
-2.444063503937008
20
3.6728361023622047
11
-2.4439446062992127
21
3.6728035433070865
0
LINE
8
BLACK
6
CONTINUOUS
10
-2.4439446062992127
20
3.6728035433070865
11
-2.4412932677165355
21
3.6714778740157481
0
LINE
8
BLACK
6
CONTINUOUS
10
-2.4412932677165355
20
3.6714778740157481
11
-2.4409814173228348
21
3.6712358661417324
0
LINE
8
BLACK
6
CONTINUOUS
10
-2.4409814173228348
20
3.6712358661417324
11
-2.4406537795275591
21
3.6710169291338581
0
LINE
8
BLACK
6
CONTINUOUS
10
-2.4406537795275591
20
3.6710169291338581
11
-2.4373396456692911
21
3.6677027952755905
0
LINE
8
BLACK
6
CONTINUOUS
10
-2.4373396456692911
20
3.6677027952755905
11
-2.4368062992125985
21
3.6669045275590548
0
LINE
8
BLACK
6
CONTINUOUS
10
-2.4368062992125985
20
3.6669045275590548
11
-2.4368062598425198
21
3.6669044881889761
0
LINE
8
BLACK
6
CONTINUOUS
10
-2.4368062598425198
20
3.6669044881889761
11
-2.4368062598425198
21
3.6650212598425198
0
LINE
8
BLACK
6
CONTINUOUS
10
-2.4368062598425198
20
3.6650212598425198
11
-2.4373396456692911
21
3.6642229527559054
0
LINE
8
BLACK
6
CONTINUOUS
10
-2.4373396456692911
20
3.6642229527559054
11
-2.4512590551181104
21
3.6503035039370078
0
LINE
8
BLACK
6
CONTINUOUS
10
-2.4512590551181104
20
3.6503035039370078
11
-2.4520573622047244
21
3.649770118110236
0
LINE
8
BLACK
6
CONTINUOUS
10
-2.4520573622047244
20
3.649770118110236
11
-2.4539405905511811
21
3.649770118110236
0
LINE
8
BLACK
6
CONTINUOUS
10
-2.4539405905511811
20
3.649770118110236
11
-2.4539406299212598
21
3.649770118110236
0
LINE
8
BLACK
6
CONTINUOUS
10
-2.4539406299212598
20
3.649770118110236
11
-2.4547389370078738
21
3.6503035039370078
0
LINE
8
BLACK
6
CONTINUOUS
10
-2.4547389370078738
20
3.6503035039370078
11
-2.4580530708661419
21
3.6536176771653541
0
LINE
8
BLACK
6
CONTINUOUS
10
-2.4580530708661419
20
3.6536176771653541
11
-2.4582720078740157
21
3.6539453149606298
0
LINE
8
BLACK
6
CONTINUOUS
10
-2.4582720078740157
20
3.6539453149606298
11
-2.4585140157480314
21
3.6542571653543305
0
LINE
8
BLACK
6
CONTINUOUS
10
-2.4585140157480314
20
3.6542571653543305
11
-2.4598396456692915
21
3.656908464566929
0
LINE
8
BLACK
6
CONTINUOUS
10
-2.4598396456692915
20
3.656908464566929
11
-2.4598722047244093
21
3.6570273622047242
0
LINE
8
BLACK
6
CONTINUOUS
10
-2.4598722047244093
20
3.6570273622047242
11
-2.4599120866141733
21
3.6570672440944882
0
LINE
8
BLACK
6
CONTINUOUS
10
-2.4599120866141733
20
3.6570672440944882
11
-2.4599890551181103
21
3.6574541732283463
0
LINE
8
BLACK
6
CONTINUOUS
10
-2.4599890551181103
20
3.6574541732283463
11
-2.4600931889763777
21
3.6578344881889762
0
LINE
8
BLACK
6
CONTINUOUS
10
-2.4600931889763777
20
3.6578344881889762
11
-2.4600753937007873
21
3.6578879921259841
0
LINE
8
BLACK
6
CONTINUOUS
10
-2.4600753937007873
20
3.6578879921259841
11
-2.4600994094488189
21
3.6580088976377954
0
LINE
8
BLACK
6
CONTINUOUS
10
-2.4600994094488189
20
3.6580088976377954
11
-2.4600994094488189
21
3.6606602362204725
0
LINE
8
BLACK
6
CONTINUOUS
10
-2.4600994094488189
20
3.6606602362204725
11
-2.4600224803149606
21
3.6610471259842519
0
LINE
8
BLACK
6
CONTINUOUS
10
-2.4600224803149606
20
3.6610471259842519
11
-2.4599731496062991
21
3.6614383464566926
0
LINE
8
BLACK
6
CONTINUOUS
10
-2.4599731496062991
20
3.6614383464566926
11
-2.4593103543307087
21
3.6634268110236219
0
LINE
8
BLACK
6
CONTINUOUS
10
-2.4593103543307087
20
3.6634268110236219
11
-2.4591768503937006
21
3.6636611023622048
0
LINE
8
BLACK
6
CONTINUOUS
10
-2.4591768503937006
20
3.6636611023622048
11
-2.4590859448818896
21
3.6639146850393698
0
LINE
8
BLACK
6
CONTINUOUS
10
-2.4590859448818896
20
3.6639146850393698
11
-2.457097440944882
21
3.6672288582677166
0
LINE
8
BLACK
6
CONTINUOUS
10
-2.457097440944882
20
3.6672288582677166
11
-2.4568949606299211
21
3.6674521259842519
0
LINE
8
BLACK
6
CONTINUOUS
10
-2.4568949606299211
20
3.6674521259842519
11
-2.4567274015748031
21
3.6677028346456693
0
LINE
8
BLACK
6
CONTINUOUS
10
-2.4567274015748031
20
3.6677028346456693
11
-2.4547388976377951
21
3.6696912598425198
0
LINE
8
BLACK
6
CONTINUOUS
10
-2.4547388976377951
20
3.6696912598425198
11
-2.4544882677165352
21
3.6698587401574803
0
LINE
8
BLACK
6
CONTINUOUS
10
-2.4544882677165352
20
3.6698587401574803
11
-2.4542649606299212
21
3.6700612992125983
0
LINE
8
BLACK
6
CONTINUOUS
10
-2.4542649606299212
20
3.6700612992125983
11
-2.4509508267716535
21
3.6720498031496063
0
LINE
8
BLACK
6
CONTINUOUS
10
-2.4509508267716535
20
3.6720498031496063
11
-2.4506971653543306
21
3.6721407086614173
0
LINE
8
BLACK
6
CONTINUOUS
10
-2.4506971653543306
20
3.6721407086614173
11
-2.4504629527559056
21
3.6722742125984249
0
LINE
8
BLACK
6
CONTINUOUS
10
-2.4504629527559056
20
3.6722742125984249
11
-2.4484744488188976
21
3.6729370472440945
0
LINE
8
BLACK
6
CONTINUOUS
10
-2.4484744488188976
20
3.6729370472440945
11
-2.4480831889763781
21
3.6729863779527556
0
LINE
8
BLACK
6
CONTINUOUS
10
-2.4480831889763781
20
3.6729863779527556
11
-2.4476963385826771
21
3.6730633070866139
0
LINE
8
BLACK
6
CONTINUOUS
10
-2.4476963385826771
20
3.6730633070866139
11
-2.4450450393700787
21
3.6730633070866139
0
LINE
8
BLACK
6
CONTINUOUS
10
-2.4450450393700787
20
3.6730633070866139
11
-2.4449241338582675
21
3.6730392913385828
0
LINE
8
BLACK
6
CONTINUOUS
10
-2.4486505511811023
20
3.6676909055118108
11
-2.4514732677165352
21
3.6659972440944881
0
LINE
8
BLACK
6
CONTINUOUS
10
-2.4514732677165352
20
3.6659972440944881
11
-2.4530334251968502
21
3.6644370472440944
0
LINE
8
BLACK
6
CONTINUOUS
10
-2.4530334251968502
20
3.6644370472440944
11
-2.4547270472440945
21
3.661614409448819
0
LINE
8
BLACK
6
CONTINUOUS
10
-2.4547270472440945
20
3.661614409448819
11
-2.455178149606299
21
3.6602609448818897
0
LINE
8
BLACK
6
CONTINUOUS
10
-2.455178149606299
20
3.6602609448818897
11
-2.455178149606299
21
3.658589803149606
0
LINE
8
BLACK
6
CONTINUOUS
10
-2.455178149606299
20
3.658589803149606
11
-2.4542908661417324
21
3.6568151574803149
0
LINE
8
BLACK
6
CONTINUOUS
10
-2.4542908661417324
20
3.6568151574803149
11
-2.4529989763779527
21
3.655523307086614
0
LINE
8
BLACK
6
CONTINUOUS
10
-2.4529989763779527
20
3.655523307086614
11
-2.442559409448819
21
3.6659628740157482
0
LINE
8
BLACK
6
CONTINUOUS
10
-2.442559409448819
20
3.6659628740157482
11
-2.4438512204724407
21
3.6672546850393699
0
LINE
8
BLACK
6
CONTINUOUS
10
-2.4438512204724407
20
3.6672546850393699
11
-2.4456259448818898
21
3.6681420472440944
0
LINE
8
BLACK
6
CONTINUOUS
10
-2.4456259448818898
20
3.6681420472440944
11
-2.4472970078740155
21
3.6681420472440944
0
LINE
8
BLACK
6
CONTINUOUS
10
-2.4472970078740155
20
3.6681420472440944
11
-2.4486505511811023
21
3.6676909055118108
0
LINE
8
BLACK
6
CONTINUOUS
10
-2.5111160236220473
20
3.6733805118110237
11
-2.5107248425196849
21
3.6733311811023621
0
LINE
8
BLACK
6
CONTINUOUS
10
-2.5107248425196849
20
3.6733311811023621
11
-2.5087363385826773
21
3.6726683858267717
0
LINE
8
BLACK
6
CONTINUOUS
10
-2.5087363385826773
20
3.6726683858267717
11
-2.5086292125984251
21
3.6726073228346454
0
LINE
8
BLACK
6
CONTINUOUS
10
-2.5086292125984251
20
3.6726073228346454
11
-2.5085727952755903
21
3.6726073228346454
0
LINE
8
BLACK
6
CONTINUOUS
10
-2.5085727952755903
20
3.6726073228346454
11
-2.5082450787401576
21
3.6723883464566929
0
LINE
8
BLACK
6
CONTINUOUS
10
-2.5082450787401576
20
3.6723883464566929
11
-2.5079022047244095
21
3.6721929133858269
0
LINE
8
BLACK
6
CONTINUOUS
10
-2.5079022047244095
20
3.6721929133858269
11
-2.507876968503937
21
3.6721424015748032
0
LINE
8
BLACK
6
CONTINUOUS
10
-2.507876968503937
20
3.6721424015748032
11
-2.5077744881889763
21
3.6720739370078741
0
LINE
8
BLACK
6
CONTINUOUS
10
-2.5077744881889763
20
3.6720739370078741
11
-2.5064488188976379
21
3.6707482677165353
0
LINE
8
BLACK
6
CONTINUOUS
10
-2.5064488188976379
20
3.6707482677165353
11
-2.5063803543307088
21
3.6706457874015745
0
LINE
8
BLACK
6
CONTINUOUS
10
-2.5063803543307088
20
3.6706457874015745
11
-2.5063298818897639
21
3.6706205511811021
0
LINE
8
BLACK
6
CONTINUOUS
10
-2.5063298818897639
20
3.6706205511811021
11
-2.506134527559055
21
3.6702778740157478
0
LINE
8
BLACK
6
CONTINUOUS
10
-2.506134527559055
20
3.6702778740157478
11
-2.5059154330708662
21
3.6699499606299213
0
LINE
8
BLACK
6
CONTINUOUS
10
-2.5059154330708662
20
3.6699499606299213
11
-2.5059154330708662
21
3.6698935826771653
0
LINE
8
BLACK
6
CONTINUOUS
10
-2.5059154330708662
20
3.6698935826771653
11
-2.5058543700787399
21
3.6697864566929135
0
LINE
8
BLACK
6
CONTINUOUS
10
-2.5058543700787399
20
3.6697864566929135
11
-2.5051915354330707
21
3.6677979527559055
0
LINE
8
BLACK
6
CONTINUOUS
10
-2.5051915354330707
20
3.6677979527559055
11
-2.5051422440944879
21
3.6674066929133859
0
LINE
8
BLACK
6
CONTINUOUS
10
-2.5051422440944879
20
3.6674066929133859
11
-2.5050652755905509
21
3.6670198425196849
0
LINE
8
BLACK
6
CONTINUOUS
10
-2.5050652755905509
20
3.6670198425196849
11
-2.5050652755905509
21
3.6656941732283466
0
LINE
8
BLACK
6
CONTINUOUS
10
-2.5050652755905509
20
3.6656941732283466
11
-2.5051422440944879
21
3.6653074409448818
0
LINE
8
BLACK
6
CONTINUOUS
10
-2.5051422440944879
20
3.6653074409448818
11
-2.5051915354330707
21
3.6649160236220473
0
LINE
8
BLACK
6
CONTINUOUS
10
-2.5051915354330707
20
3.6649160236220473
11
-2.5058543700787399
21
3.662927559055118
0
LINE
8
BLACK
6
CONTINUOUS
10
-2.5058543700787399
20
3.662927559055118
11
-2.5059879527559055
21
3.6626933070866139
0
LINE
8
BLACK
6
CONTINUOUS
10
-2.5059879527559055
20
3.6626933070866139
11
-2.506078779527559
21
3.6624397244094489
0
LINE
8
BLACK
6
CONTINUOUS
10
-2.506078779527559
20
3.6624397244094489
11
-2.5079282677165353
21
3.6593573228346457
0
LINE
8
BLACK
6
CONTINUOUS
10
-2.5079282677165353
20
3.6593573228346457
11
-2.5083794488188977
21
3.6580037007874013
0
LINE
8
BLACK
6
CONTINUOUS
10
-2.5083794488188977
20
3.6580037007874013
11
-2.5083794488188977
21
3.6574767322834645
0
LINE
8
BLACK
6
CONTINUOUS
10
-2.5083794488188977
20
3.6574767322834645
11
-2.5080266141732284
21
3.6564181496062993
0
LINE
8
BLACK
6
CONTINUOUS
10
-2.5080266141732284
20
3.6564181496062993
11
-2.507522401574803
21
3.6559139763779527
0
LINE
8
BLACK
6
CONTINUOUS
10
-2.507522401574803
20
3.6559139763779527
11
-2.5064637795275591
21
3.6555610629921258
0
LINE
8
BLACK
6
CONTINUOUS
10
-2.5064637795275591
20
3.6555610629921258
11
-2.5059367716535434
21
3.6555610629921258
0
LINE
8
BLACK
6
CONTINUOUS
10
-2.5059367716535434
20
3.6555610629921258
11
-2.5048781102362203
21
3.6559139763779527
0
LINE
8
BLACK
6
CONTINUOUS
10
-2.5048781102362203
20
3.6559139763779527
11
-2.5022571259842521
21
3.6585349606299213
0
LINE
8
BLACK
6
CONTINUOUS
10
-2.5022571259842521
20
3.6585349606299213
11
-2.5011099999999997
21
3.6608291338582677
0
LINE
8
BLACK
6
CONTINUOUS
10
-2.5011099999999997
20
3.6608291338582677
11
-2.5005212992125982
21
3.6615875984251969
0
LINE
8
BLACK
6
CONTINUOUS
10
-2.5005212992125982
20
3.6615875984251969
11
-2.4987347244094487
21
3.6621831102362203
0
LINE
8
BLACK
6
CONTINUOUS
10
-2.4987347244094487
20
3.6621831102362203
11
-2.4970502362204723
21
3.6613408661417322
0
LINE
8
BLACK
6
CONTINUOUS
10
-2.4970502362204723
20
3.6613408661417322
11
-2.4964547244094488
21
3.6595542913385826
0
LINE
8
BLACK
6
CONTINUOUS
10
-2.4964547244094488
20
3.6595542913385826
11
-2.4967082677165355
21
3.6586282677165354
0
LINE
8
BLACK
6
CONTINUOUS
10
-2.4967082677165355
20
3.6586282677165354
11
-2.4980339370078739
21
3.6559769685039369
0
LINE
8
BLACK
6
CONTINUOUS
10
-2.4980339370078739
20
3.6559769685039369
11
-2.4982759055118109
21
3.6556652755905512
0
LINE
8
BLACK
6
CONTINUOUS
10
-2.4982759055118109
20
3.6556652755905512
11
-2.4984948818897639
21
3.6553374803149605
0
LINE
8
BLACK
6
CONTINUOUS
10
-2.4984948818897639
20
3.6553374803149605
11
-2.5018090157480315
21
3.6520233464566929
0
LINE
8
BLACK
6
CONTINUOUS
10
-2.5018090157480315
20
3.6520233464566929
11
-2.501911535433071
21
3.6519548818897638
0
LINE
8
BLACK
6
CONTINUOUS
10
-2.501911535433071
20
3.6519548818897638
11
-2.5019367322834647
21
3.6519044094488189
0
LINE
8
BLACK
6
CONTINUOUS
10
-2.5019367322834647
20
3.6519044094488189
11
-2.5022794488188977
21
3.6517090551181099
0
LINE
8
BLACK
6
CONTINUOUS
10
-2.5022794488188977
20
3.6517090551181099
11
-2.5026073228346455
21
3.6514899606299211
0
LINE
8
BLACK
6
CONTINUOUS
10
-2.5026073228346455
20
3.6514899606299211
11
-2.5026637007874015
21
3.6514899606299211
0
LINE
8
BLACK
6
CONTINUOUS
10
-2.5026637007874015
20
3.6514899606299211
11
-2.5027708267716533
21
3.6514288976377953
0
LINE
8
BLACK
6
CONTINUOUS
10
-2.5027708267716533
20
3.6514288976377953
11
-2.5047593307086613
21
3.6507660629921257
0
LINE
8
BLACK
6
CONTINUOUS
10
-2.5047593307086613
20
3.6507660629921257
11
-2.5051506299212596
21
3.6507167716535434
0
LINE
8
BLACK
6
CONTINUOUS
10
-2.5051506299212596
20
3.6507167716535434
11
-2.5055374409448818
21
3.6506398031496063
0
LINE
8
BLACK
6
CONTINUOUS
10
-2.5055374409448818
20
3.6506398031496063
11
-2.5068631102362202
21
3.6506398031496063
0
LINE
8
BLACK
6
CONTINUOUS
10
-2.5068631102362202
20
3.6506398031496063
11
-2.5072498818897637
21
3.6507167716535434
0
LINE
8
BLACK
6
CONTINUOUS
10
-2.5072498818897637
20
3.6507167716535434
11
-2.5076412598425195
21
3.6507660629921257
0
LINE
8
BLACK
6
CONTINUOUS
10
-2.5076412598425195
20
3.6507660629921257
11
-2.5096297244094488
21
3.6514288976377953
0
LINE
8
BLACK
6
CONTINUOUS
10
-2.5096297244094488
20
3.6514288976377953
11
-2.509736771653543
21
3.6514899606299211
0
LINE
8
BLACK
6
CONTINUOUS
10
-2.509736771653543
20
3.6514899606299211
11
-2.5097931496062991
21
3.6514899212598424
0
LINE
8
BLACK
6
CONTINUOUS
10
-2.5097931496062991
20
3.6514899212598424
11
-2.5101209842519685
21
3.6517089763779529
0
LINE
8
BLACK
6
CONTINUOUS
10
-2.5101209842519685
20
3.6517089763779529
11
-2.5104638188976378
21
3.6519044094488189
0
LINE
8
BLACK
6
CONTINUOUS
10
-2.5104638188976378
20
3.6519044094488189
11
-2.510489094488189
21
3.6519549212598426
0
LINE
8
BLACK
6
CONTINUOUS
10
-2.510489094488189
20
3.6519549212598426
11
-2.5105914566929135
21
3.6520233070866142
0
LINE
8
BLACK
6
CONTINUOUS
10
-2.5105914566929135
20
3.6520233070866142
11
-2.5119171653543306
21
3.6533489370078738
0
LINE
8
BLACK
6
CONTINUOUS
10
-2.5119171653543306
20
3.6533489370078738
11
-2.5119857086614172
21
3.653451496062992
0
LINE
8
BLACK
6
CONTINUOUS
10
-2.5119857086614172
20
3.653451496062992
11
-2.5120361023622046
21
3.6534766929133857
0
LINE
8
BLACK
6
CONTINUOUS
10
-2.5120361023622046
20
3.6534766929133857
11
-2.5122313385826769
21
3.6538191732283463
0
LINE
8
BLACK
6
CONTINUOUS
10
-2.5122313385826769
20
3.6538191732283463
11
-2.5124505511811024
21
3.6541472440944882
0
LINE
8
BLACK
6
CONTINUOUS
10
-2.5124505511811024
20
3.6541472440944882
11
-2.5124505905511811
21
3.6542037007874013
0
LINE
8
BLACK
6
CONTINUOUS
10
-2.5124505905511811
20
3.6542037007874013
11
-2.5125116141732282
21
3.6543107874015748
0
LINE
8
BLACK
6
CONTINUOUS
10
-2.5125116141732282
20
3.6543107874015748
11
-2.5131744488188974
21
3.6562992913385828
0
LINE
8
BLACK
6
CONTINUOUS
10
-2.5131744488188974
20
3.6562992913385828
11
-2.5132237795275589
21
3.6566905905511811
0
LINE
8
BLACK
6
CONTINUOUS
10
-2.5132237795275589
20
3.6566905905511811
11
-2.5133007086614172
21
3.6570774015748029
0
LINE
8
BLACK
6
CONTINUOUS
10
-2.5133007086614172
20
3.6570774015748029
11
-2.5133007086614172
21
3.6584030708661417
0
LINE
8
BLACK
6
CONTINUOUS
10
-2.5133007086614172
20
3.6584030708661417
11
-2.5132237795275589
21
3.6587898818897635
0
LINE
8
BLACK
6
CONTINUOUS
10
-2.5132237795275589
20
3.6587898818897635
11
-2.5131744488188974
21
3.659181220472441
0
LINE
8
BLACK
6
CONTINUOUS
10
-2.5131744488188974
20
3.659181220472441
11
-2.5125116141732282
21
3.661169645669291
0
LINE
8
BLACK
6
CONTINUOUS
10
-2.5125116141732282
20
3.661169645669291
11
-2.5123781102362206
21
3.6614038582677164
0
LINE
8
BLACK
6
CONTINUOUS
10
-2.5123781102362206
20
3.6614038582677164
11
-2.5122872047244096
21
3.6616575196850394
0
LINE
8
BLACK
6
CONTINUOUS
10
-2.5122872047244096
20
3.6616575196850394
11
-2.5104377559055115
21
3.6647400000000001
0
LINE
8
BLACK
6
CONTINUOUS
10
-2.5104377559055115
20
3.6647400000000001
11
-2.5099865354330708
21
3.6660935433070865
0
LINE
8
BLACK
6
CONTINUOUS
10
-2.5099865354330708
20
3.6660935433070865
11
-2.5099865354330708
21
3.6666205118110233
0
LINE
8
BLACK
6
CONTINUOUS
10
-2.5099865354330708
20
3.6666205118110233
11
-2.5103394488188977
21
3.6676792125984252
0
LINE
8
BLACK
6
CONTINUOUS
10
-2.5103394488188977
20
3.6676792125984252
11
-2.5108435826771651
21
3.6681833464566926
0
LINE
8
BLACK
6
CONTINUOUS
10
-2.5108435826771651
20
3.6681833464566926
11
-2.5119021653543308
21
3.668536181102362
0
LINE
8
BLACK
6
CONTINUOUS
10
-2.5119021653543308
20
3.668536181102362
11
-2.5124292913385826
21
3.668536181102362
0
LINE
8
BLACK
6
CONTINUOUS
10
-2.5124292913385826
20
3.668536181102362
11
-2.5134878346456691
21
3.6681833858267714
0
LINE
8
BLACK
6
CONTINUOUS
10
-2.5134878346456691
20
3.6681833858267714
11
-2.5161088976377952
21
3.6655623228346457
0
LINE
8
BLACK
6
CONTINUOUS
10
-2.5161088976377952
20
3.6655623228346457
11
-2.5172559842519684
21
3.6632681102362206
0
LINE
8
BLACK
6
CONTINUOUS
10
-2.5172559842519684
20
3.6632681102362206
11
-2.5178446850393699
21
3.6625096456692914
0
LINE
8
BLACK
6
CONTINUOUS
10
-2.5178446850393699
20
3.6625096456692914
11
-2.5196312598425195
21
3.6619141338582675
0
LINE
8
BLACK
6
CONTINUOUS
10
-2.5196312598425195
20
3.6619141338582675
11
-2.5213157480314958
21
3.6627563779527557
0
LINE
8
BLACK
6
CONTINUOUS
10
-2.5213157480314958
20
3.6627563779527557
11
-2.5219112598425197
21
3.6645429527559052
0
LINE
8
BLACK
6
CONTINUOUS
10
-2.5219112598425197
20
3.6645429527559052
11
-2.521657716535433
21
3.6654689763779529
0
LINE
8
BLACK
6
CONTINUOUS
10
-2.521657716535433
20
3.6654689763779529
11
-2.5203320472440942
21
3.6681202755905513
0
LINE
8
BLACK
6
CONTINUOUS
10
-2.5203320472440942
20
3.6681202755905513
11
-2.520090118110236
21
3.6684320078740158
0
LINE
8
BLACK
6
CONTINUOUS
10
-2.520090118110236
20
3.6684320078740158
11
-2.5198711023622047
21
3.6687597637795273
0
LINE
8
BLACK
6
CONTINUOUS
10
-2.5198711023622047
20
3.6687597637795273
11
-2.5165569685039371
21
3.6720739370078741
0
LINE
8
BLACK
6
CONTINUOUS
10
-2.5165569685039371
20
3.6720739370078741
11
-2.5164544881889763
21
3.672142440944882
0
LINE
8
BLACK
6
CONTINUOUS
10
-2.5164544881889763
20
3.672142440944882
11
-2.5164292125984251
21
3.6721929133858269
0
LINE
8
BLACK
6
CONTINUOUS
10
-2.5164292125984251
20
3.6721929133858269
11
-2.5160865354330708
21
3.6723882677165354
0
LINE
8
BLACK
6
CONTINUOUS
10
-2.5160865354330708
20
3.6723882677165354
11
-2.5157586614173226
21
3.6726073228346454
0
LINE
8
BLACK
6
CONTINUOUS
10
-2.5157586614173226
20
3.6726073228346454
11
-2.5157022440944883
21
3.6726073622047242
0
LINE
8
BLACK
6
CONTINUOUS
10
-2.5157022440944883
20
3.6726073622047242
11
-2.5155951181102361
21
3.6726683858267717
0
LINE
8
BLACK
6
CONTINUOUS
10
-2.5155951181102361
20
3.6726683858267717
11
-2.5136066141732285
21
3.6733311811023621
0
LINE
8
BLACK
6
CONTINUOUS
10
-2.5136066141732285
20
3.6733311811023621
11
-2.5132154724409448
21
3.6733805118110237
0
LINE
8
BLACK
6
CONTINUOUS
10
-2.5132154724409448
20
3.6733805118110237
11
-2.5128285433070867
21
3.6734574409448819
0
LINE
8
BLACK
6
CONTINUOUS
10
-2.5128285433070867
20
3.6734574409448819
11
-2.5115029133858267
21
3.6734574409448819
0
LINE
8
BLACK
6
CONTINUOUS
10
-2.5115029133858267
20
3.6734574409448819
11
-2.5111160236220473
21
3.6733805118110237
0
LINE
8
BLACK
6
CONTINUOUS
10
-2.5024485039370079
20
3.6838029527559053
11
-2.4838892913385826
21
3.6745233464566929
0
LINE
8
BLACK
6
CONTINUOUS
10
-2.4838892913385826
20
3.6745233464566929
11
-2.4831308267716534
21
3.6739346456692914
0
LINE
8
BLACK
6
CONTINUOUS
10
-2.4831308267716534
20
3.6739346456692914
11
-2.4825352755905512
21
3.6721480708661418
0
LINE
8
BLACK
6
CONTINUOUS
10
-2.4825352755905512
20
3.6721480708661418
11
-2.4833775196850394
21
3.6704635826771654
0
LINE
8
BLACK
6
CONTINUOUS
10
-2.4833775196850394
20
3.6704635826771654
11
-2.4851641338582677
21
3.6698680314960628
0
LINE
8
BLACK
6
CONTINUOUS
10
-2.4851641338582677
20
3.6698680314960628
11
-2.4860901574803149
21
3.6701216141732282
0
LINE
8
BLACK
6
CONTINUOUS
10
-2.4860901574803149
20
3.6701216141732282
11
-2.489806535433071
21
3.6719798031496063
0
LINE
8
BLACK
6
CONTINUOUS
10
-2.489806535433071
20
3.6719798031496063
11
-2.4939266535433071
21
3.6678596850393701
0
LINE
8
BLACK
6
CONTINUOUS
10
-2.4939266535433071
20
3.6678596850393701
11
-2.4920684645669291
21
3.6641433070866141
0
LINE
8
BLACK
6
CONTINUOUS
10
-2.4920684645669291
20
3.6641433070866141
11
-2.4918148818897636
21
3.6632172834645669
0
LINE
8
BLACK
6
CONTINUOUS
10
-2.4918148818897636
20
3.6632172834645669
11
-2.4924104330708663
21
3.6614306692913385
0
LINE
8
BLACK
6
CONTINUOUS
10
-2.4924104330708663
20
3.6614306692913385
11
-2.4940949212598427
21
3.6605884251968503
0
LINE
8
BLACK
6
CONTINUOUS
10
-2.4940949212598427
20
3.6605884251968503
11
-2.4958814960629923
21
3.6611839763779526
0
LINE
8
BLACK
6
CONTINUOUS
10
-2.4958814960629923
20
3.6611839763779526
11
-2.4964701968503937
21
3.6619424409448817
0
LINE
8
BLACK
6
CONTINUOUS
10
-2.4964701968503937
20
3.6619424409448817
11
-2.5057498031496062
21
3.6805016535433071
0
LINE
8
BLACK
6
CONTINUOUS
10
-2.5057498031496062
20
3.6805016535433071
11
-2.5060033464566929
21
3.6814276771653542
0
LINE
8
BLACK
6
CONTINUOUS
10
-2.5060033464566929
20
3.6814276771653542
11
-2.5059452362204726
21
3.681602086614173
0
LINE
8
BLACK
6
CONTINUOUS
10
-2.5059452362204726
20
3.681602086614173
11
-2.5060033464566929
21
3.6817764960629922
0
LINE
8
BLACK
6
CONTINUOUS
10
-2.5060033464566929
20
3.6817764960629922
11
-2.5056545669291337
21
3.6824741732283464
0
LINE
8
BLACK
6
CONTINUOUS
10
-2.5056545669291337
20
3.6824741732283464
11
-2.5054078346456694
21
3.6832142913385826
0
LINE
8
BLACK
6
CONTINUOUS
10
-2.5054078346456694
20
3.6832142913385826
11
-2.5052433858267715
21
3.6832965354330707
0
LINE
8
BLACK
6
CONTINUOUS
10
-2.5052433858267715
20
3.6832965354330707
11
-2.5051611417322834
21
3.6834609842519686
0
LINE
8
BLACK
6
CONTINUOUS
10
-2.5051611417322834
20
3.6834609842519686
11
-2.5044210236220472
21
3.6837077165354328
0
LINE
8
BLACK
6
CONTINUOUS
10
-2.5044210236220472
20
3.6837077165354328
11
-2.503723346456693
21
3.684056496062992
0
LINE
8
BLACK
6
CONTINUOUS
10
-2.503723346456693
20
3.684056496062992
11
-2.5035489370078738
21
3.6839983858267717
0
LINE
8
BLACK
6
CONTINUOUS
10
-2.5035489370078738
20
3.6839983858267717
11
-2.5033745275590551
21
3.684056496062992
0
LINE
8
BLACK
6
CONTINUOUS
10
-2.5033745275590551
20
3.684056496062992
11
-2.5024485039370079
21
3.6838029527559053
0
LINE
8
BLACK
6
CONTINUOUS
10
-2.4962465748031497
20
3.6724994881889761
11
-2.4944463385826769
21
3.6742997244094489
0
LINE
8
BLACK
6
CONTINUOUS
10
-2.4944463385826769
20
3.6742997244094489
11
-2.4980467716535433
21
3.6760999212598424
0
LINE
8
BLACK
6
CONTINUOUS
10
-2.4980467716535433
20
3.6760999212598424
11
-2.4962465748031497
21
3.6724994881889761
0
LINE
8
BLACK
6
CONTINUOUS
10
-2.4925294094488186
20
3.6926216141732282
11
-2.4786099999999998
21
3.6787022047244093
0
LINE
8
BLACK
6
CONTINUOUS
10
-2.4786099999999998
20
3.6787022047244093
11
-2.4780766141732284
21
3.6779038976377953
0
LINE
8
BLACK
6
CONTINUOUS
10
-2.4780766141732284
20
3.6779038976377953
11
-2.4780766141732284
21
3.6760206692913386
0
LINE
8
BLACK
6
CONTINUOUS
10
-2.4780766141732284
20
3.6760206692913386
11
-2.4794083070866142
21
3.6746889763779529
0
LINE
8
BLACK
6
CONTINUOUS
10
-2.4794083070866142
20
3.6746889763779529
11
-2.4812915354330709
21
3.6746889763779529
0
LINE
8
BLACK
6
CONTINUOUS
10
-2.4812915354330709
20
3.6746889763779529
11
-2.4820898425196849
21
3.6752223622047242
0
LINE
8
BLACK
6
CONTINUOUS
10
-2.4820898425196849
20
3.6752223622047242
11
-2.4960092519685038
21
3.6891417716535431
0
LINE
8
BLACK
6
CONTINUOUS
10
-2.4960092519685038
20
3.6891417716535431
11
-2.4965426377952755
21
3.6899400787401575
0
LINE
8
BLACK
6
CONTINUOUS
10
-2.4965426377952755
20
3.6899400787401575
11
-2.4965426377952755
21
3.6918233070866142
0
LINE
8
BLACK
6
CONTINUOUS
10
-2.4965426377952755
20
3.6918233070866142
11
-2.4952109448818898
21
3.693155
0
LINE
8
BLACK
6
CONTINUOUS
10
-2.4952109448818898
20
3.693155
11
-2.4933277165354331
21
3.693155
0
LINE
8
BLACK
6
CONTINUOUS
10
-2.4933277165354331
20
3.693155
11
-2.4925294094488186
21
3.6926216141732282
0
LINE
8
BLACK
6
CONTINUOUS
10
-2.4786099999999998
20
3.7065410629921258
11
-2.4646905905511809
21
3.6926216141732282
0
LINE
8
BLACK
6
CONTINUOUS
10
-2.4646905905511809
20
3.6926216141732282
11
-2.4641572440944883
21
3.691823346456693
0
LINE
8
BLACK
6
CONTINUOUS
10
-2.4641572440944883
20
3.691823346456693
11
-2.4641572047244096
21
3.6918233070866142
0
LINE
8
BLACK
6
CONTINUOUS
10
-2.4641572047244096
20
3.6918233070866142
11
-2.4641572047244096
21
3.6899400787401575
0
LINE
8
BLACK
6
CONTINUOUS
10
-2.4641572047244096
20
3.6899400787401575
11
-2.4646905905511809
21
3.6891417716535431
0
LINE
8
BLACK
6
CONTINUOUS
10
-2.4646905905511809
20
3.6891417716535431
11
-2.4699932283464565
21
3.6838391338582674
0
LINE
8
BLACK
6
CONTINUOUS
10
-2.4699932283464565
20
3.6838391338582674
11
-2.470095748031496
21
3.6837706692913383
0
LINE
8
BLACK
6
CONTINUOUS
10
-2.470095748031496
20
3.6837706692913383
11
-2.4701209448818897
21
3.6837201968503934
0
LINE
8
BLACK
6
CONTINUOUS
10
-2.4701209448818897
20
3.6837201968503934
11
-2.4704636614173228
21
3.6835248425196849
0
LINE
8
BLACK
6
CONTINUOUS
10
-2.4704636614173228
20
3.6835248425196849
11
-2.470791535433071
21
3.6833057480314961
0
LINE
8
BLACK
6
CONTINUOUS
10
-2.470791535433071
20
3.6833057480314961
11
-2.4708479133858265
21
3.6833057480314961
0
LINE
8
BLACK
6
CONTINUOUS
10
-2.4708479133858265
20
3.6833057480314961
11
-2.4709550393700788
21
3.6832446850393699
0
LINE
8
BLACK
6
CONTINUOUS
10
-2.4709550393700788
20
3.6832446850393699
11
-2.4729434645669293
21
3.6825818503937007
0
LINE
8
BLACK
6
CONTINUOUS
10
-2.4729434645669293
20
3.6825818503937007
11
-2.4733348425196851
21
3.6825325590551179
0
LINE
8
BLACK
6
CONTINUOUS
10
-2.4733348425196851
20
3.6825325590551179
11
-2.4737216141732281
21
3.6824555905511809
0
LINE
8
BLACK
6
CONTINUOUS
10
-2.4737216141732281
20
3.6824555905511809
11
-2.4750472834645669
21
3.6824555905511809
0
LINE
8
BLACK
6
CONTINUOUS
10
-2.4750472834645669
20
3.6824555905511809
11
-2.4754341338582675
21
3.6825325590551179
0
LINE
8
BLACK
6
CONTINUOUS
10
-2.4754341338582675
20
3.6825325590551179
11
-2.4758253937007875
21
3.6825818503937007
0
LINE
8
BLACK
6
CONTINUOUS
10
-2.4758253937007875
20
3.6825818503937007
11
-2.477813897637795
21
3.6832446850393699
0
LINE
8
BLACK
6
CONTINUOUS
10
-2.477813897637795
20
3.6832446850393699
11
-2.4779210236220472
21
3.6833057480314961
0
LINE
8
BLACK
6
CONTINUOUS
10
-2.4779210236220472
20
3.6833057480314961
11
-2.477977440944882
21
3.6833057480314961
0
LINE
8
BLACK
6
CONTINUOUS
10
-2.477977440944882
20
3.6833057480314961
11
-2.4783053937007873
21
3.6835248818897637
0
LINE
8
BLACK
6
CONTINUOUS
10
-2.4783053937007873
20
3.6835248818897637
11
-2.4786479921259841
21
3.6837201968503934
0
LINE
8
BLACK
6
CONTINUOUS
10
-2.4786479921259841
20
3.6837201968503934
11
-2.4786732677165353
21
3.6837707086614171
0
LINE
8
BLACK
6
CONTINUOUS
10
-2.4786732677165353
20
3.6837707086614171
11
-2.478775748031496
21
3.6838391732283462
0
LINE
8
BLACK
6
CONTINUOUS
10
-2.478775748031496
20
3.6838391732283462
11
-2.4807642125984253
21
3.6858276377952754
0
LINE
8
BLACK
6
CONTINUOUS
10
-2.4807642125984253
20
3.6858276377952754
11
-2.4808327165354331
21
3.6859301574803149
0
LINE
8
BLACK
6
CONTINUOUS
10
-2.4808327165354331
20
3.6859301574803149
11
-2.4808831102362205
21
3.6859553543307086
0
LINE
8
BLACK
6
CONTINUOUS
10
-2.4808831102362205
20
3.6859553543307086
11
-2.4810782677165353
21
3.6862976771653542
0
LINE
8
BLACK
6
CONTINUOUS
10
-2.4810782677165353
20
3.6862976771653542
11
-2.4812975984251966
21
3.6866259448818899
0
LINE
8
BLACK
6
CONTINUOUS
10
-2.4812975984251966
20
3.6866259448818899
11
-2.4812975984251966
21
3.6866824409448817
0
LINE
8
BLACK
6
CONTINUOUS
10
-2.4812975984251966
20
3.6866824409448817
11
-2.4813586220472441
21
3.6867894488188977
0
LINE
8
BLACK
6
CONTINUOUS
10
-2.4813586220472441
20
3.6867894488188977
11
-2.4820214566929133
21
3.6887778740157477
0
LINE
8
BLACK
6
CONTINUOUS
10
-2.4820214566929133
20
3.6887778740157477
11
-2.4820707874015748
21
3.689169251968504
0
LINE
8
BLACK
6
CONTINUOUS
10
-2.4820707874015748
20
3.689169251968504
11
-2.4821477165354331
21
3.689556023622047
0
LINE
8
BLACK
6
CONTINUOUS
10
-2.4821477165354331
20
3.689556023622047
11
-2.4821477165354331
21
3.6904972834645666
0
LINE
8
BLACK
6
CONTINUOUS
10
-2.4821477165354331
20
3.6904972834645666
11
-2.4824537401574802
21
3.6905358267716535
0
LINE
8
BLACK
6
CONTINUOUS
10
-2.4824537401574802
20
3.6905358267716535
11
-2.4844422047244095
21
3.6911986614173227
0
LINE
8
BLACK
6
CONTINUOUS
10
-2.4844422047244095
20
3.6911986614173227
11
-2.4845492519685037
21
3.6912597244094489
0
LINE
8
BLACK
6
CONTINUOUS
10
-2.4845492519685037
20
3.6912597244094489
11
-2.4846056299212598
21
3.6912596850393702
0
LINE
8
BLACK
6
CONTINUOUS
10
-2.4846056299212598
20
3.6912596850393702
11
-2.4849334645669292
21
3.6914787401574802
0
LINE
8
BLACK
6
CONTINUOUS
10
-2.4849334645669292
20
3.6914787401574802
11
-2.4852762992125985
21
3.6916741732283462
0
LINE
8
BLACK
6
CONTINUOUS
10
-2.4852762992125985
20
3.6916741732283462
11
-2.4853015748031497
21
3.6917246850393699
0
LINE
8
BLACK
6
CONTINUOUS
10
-2.4853015748031497
20
3.6917246850393699
11
-2.4854039370078738
21
3.6917930708661415
0
LINE
8
BLACK
6
CONTINUOUS
10
-2.4854039370078738
20
3.6917930708661415
11
-2.4867296456692913
21
3.6931187007874016
0
LINE
8
BLACK
6
CONTINUOUS
10
-2.4867296456692913
20
3.6931187007874016
11
-2.4867981889763779
21
3.6932212598425198
0
LINE
8
BLACK
6
CONTINUOUS
10
-2.4867981889763779
20
3.6932212598425198
11
-2.4868485826771654
21
3.6932464566929135
0
LINE
8
BLACK
6
CONTINUOUS
10
-2.4868485826771654
20
3.6932464566929135
11
-2.4870438188976376
21
3.6935889370078741
0
LINE
8
BLACK
6
CONTINUOUS
10
-2.4870438188976376
20
3.6935889370078741
11
-2.4872630314960631
21
3.6939170078740156
0
LINE
8
BLACK
6
CONTINUOUS
10
-2.4872630314960631
20
3.6939170078740156
11
-2.4872630708661418
21
3.6939734645669291
0
LINE
8
BLACK
6
CONTINUOUS
10
-2.4872630708661418
20
3.6939734645669291
11
-2.4873240944881889
21
3.6940805511811021
0
LINE
8
BLACK
6
CONTINUOUS
10
-2.4873240944881889
20
3.6940805511811021
11
-2.4879869291338581
21
3.6960690551181101
0
LINE
8
BLACK
6
CONTINUOUS
10
-2.4879869291338581
20
3.6960690551181101
11
-2.4880362598425196
21
3.6964603543307084
0
LINE
8
BLACK
6
CONTINUOUS
10
-2.4880362598425196
20
3.6964603543307084
11
-2.4881131889763779
21
3.6968471653543307
0
LINE
8
BLACK
6
CONTINUOUS
10
-2.4881131889763779
20
3.6968471653543307
11
-2.4881131889763779
21
3.698172834645669
0
LINE
8
BLACK
6
CONTINUOUS
10
-2.4881131889763779
20
3.698172834645669
11
-2.4880362598425196
21
3.6985596456692913
0
LINE
8
BLACK
6
CONTINUOUS
10
-2.4880362598425196
20
3.6985596456692913
11
-2.4879869291338581
21
3.6989509842519683
0
LINE
8
BLACK
6
CONTINUOUS
10
-2.4879869291338581
20
3.6989509842519683
11
-2.4873240944881889
21
3.7009394094488188
0
LINE
8
BLACK
6
CONTINUOUS
10
-2.4873240944881889
20
3.7009394094488188
11
-2.4872630314960631
21
3.7010465354330706
0
LINE
8
BLACK
6
CONTINUOUS
10
-2.4872630314960631
20
3.7010465354330706
11
-2.4872630314960631
21
3.7011029133858266
0
LINE
8
BLACK
6
CONTINUOUS
10
-2.4872630314960631
20
3.7011029133858266
11
-2.4870439763779526
21
3.7014308267716536
0
LINE
8
BLACK
6
CONTINUOUS
10
-2.4870439763779526
20
3.7014308267716536
11
-2.4868485826771654
21
3.7017735039370079
0
LINE
8
BLACK
6
CONTINUOUS
10
-2.4868485826771654
20
3.7017735039370079
11
-2.4867981496062992
21
3.7017987401574803
0
LINE
8
BLACK
6
CONTINUOUS
10
-2.4867981496062992
20
3.7017987401574803
11
-2.4867296456692913
21
3.7019012204724411
0
LINE
8
BLACK
6
CONTINUOUS
10
-2.4867296456692913
20
3.7019012204724411
11
-2.4820898425196849
21
3.7065410629921258
0
LINE
8
BLACK
6
CONTINUOUS
10
-2.4820898425196849
20
3.7065410629921258
11
-2.4812915748031497
21
3.7070744488188976
0
LINE
8
BLACK
6
CONTINUOUS
10
-2.4812915748031497
20
3.7070744488188976
11
-2.4794083070866142
21
3.7070744488188976
0
LINE
8
BLACK
6
CONTINUOUS
10
-2.4794083070866142
20
3.7070744488188976
11
-2.4786099999999998
21
3.7065410629921258
0
LINE
8
BLACK
6
CONTINUOUS
10
-2.4763391338582679
20
3.6920755118110233
11
-2.4772264566929132
21
3.6903007874015747
0
LINE
8
BLACK
6
CONTINUOUS
10
-2.4772264566929132
20
3.6903007874015747
11
-2.4772264566929132
21
3.6899554330708662
0
LINE
8
BLACK
6
CONTINUOUS
10
-2.4772264566929132
20
3.6899554330708662
11
-2.4768735826771655
21
3.688896771653543
0
LINE
8
BLACK
6
CONTINUOUS
10
-2.4768735826771655
20
3.688896771653543
11
-2.4757066141732285
21
3.6877297637795277
0
LINE
8
BLACK
6
CONTINUOUS
10
-2.4757066141732285
20
3.6877297637795277
11
-2.4746479527559053
21
3.6873768503937008
0
LINE
8
BLACK
6
CONTINUOUS
10
-2.4746479527559053
20
3.6873768503937008
11
-2.4741209842519685
21
3.6873768503937008
0
LINE
8
BLACK
6
CONTINUOUS
10
-2.4741209842519685
20
3.6873768503937008
11
-2.4730623228346458
21
3.6877297637795277
0
LINE
8
BLACK
6
CONTINUOUS
10
-2.4730623228346458
20
3.6877297637795277
11
-2.4699103543307088
21
3.6908817322834646
0
LINE
8
BLACK
6
CONTINUOUS
10
-2.4699103543307088
20
3.6908817322834646
11
-2.4737216141732281
21
3.6946929921259843
0
LINE
8
BLACK
6
CONTINUOUS
10
-2.4737216141732281
20
3.6946929921259843
11
-2.4763391338582679
21
3.6920755118110233
0
LINE
8
BLACK
6
CONTINUOUS
10
-2.4828390551181103
20
3.6988321653543306
11
-2.483191929133858
21
3.6977734645669291
0
LINE
8
BLACK
6
CONTINUOUS
10
-2.483191929133858
20
3.6977734645669291
11
-2.483191929133858
21
3.6972464960629918
0
LINE
8
BLACK
6
CONTINUOUS
10
-2.483191929133858
20
3.6972464960629918
11
-2.4828390944881891
21
3.6961879133858266
0
LINE
8
BLACK
6
CONTINUOUS
10
-2.4828390944881891
20
3.6961879133858266
11
-2.4823348818897637
21
3.69568374015748
0
LINE
8
BLACK
6
CONTINUOUS
10
-2.4823348818897637
20
3.69568374015748
11
-2.4812762598425198
21
3.6953308267716536
0
LINE
8
BLACK
6
CONTINUOUS
10
-2.4812762598425198
20
3.6953308267716536
11
-2.4807492519685037
21
3.6953308267716536
0
LINE
8
BLACK
6
CONTINUOUS
10
-2.4807492519685037
20
3.6953308267716536
11
-2.479690590551181
21
3.69568374015748
0
LINE
8
BLACK
6
CONTINUOUS
10
-2.479690590551181
20
3.69568374015748
11
-2.477201496062992
21
3.6981728740157478
0
LINE
8
BLACK
6
CONTINUOUS
10
-2.477201496062992
20
3.6981728740157478
11
-2.4803499212598425
21
3.7013212992125983
0
LINE
8
BLACK
6
CONTINUOUS
10
-2.4803499212598425
20
3.7013212992125983
11
-2.4828390551181103
21
3.6988321653543306
0
LINE
8
BLACK
6
CONTINUOUS
10
-2.4489121259842519
20
3.704417086614173
11
-2.4489121259842519
21
3.7025338582677163
0
LINE
8
BLACK
6
CONTINUOUS
10
-2.4489121259842519
20
3.7025338582677163
11
-2.4494455118110237
21
3.7017355511811023
0
LINE
8
BLACK
6
CONTINUOUS
10
-2.4494455118110237
20
3.7017355511811023
11
-2.4600507874015749
21
3.6911302755905511
0
LINE
8
BLACK
6
CONTINUOUS
10
-2.4600507874015749
20
3.6911302755905511
11
-2.4608490944881889
21
3.6905968897637793
0
LINE
8
BLACK
6
CONTINUOUS
10
-2.4608490944881889
20
3.6905968897637793
11
-2.4627323228346456
21
3.6905968897637793
0
LINE
8
BLACK
6
CONTINUOUS
10
-2.4627323228346456
20
3.6905968897637793
11
-2.4640640157480314
21
3.6919285826771651
0
LINE
8
BLACK
6
CONTINUOUS
10
-2.4640640157480314
20
3.6919285826771651
11
-2.4640640157480314
21
3.6938118110236218
0
LINE
8
BLACK
6
CONTINUOUS
10
-2.4640640157480314
20
3.6938118110236218
11
-2.4635306299212596
21
3.6946101181102362
0
LINE
8
BLACK
6
CONTINUOUS
10
-2.4635306299212596
20
3.6946101181102362
11
-2.4529253543307088
21
3.7052153937007875
0
LINE
8
BLACK
6
CONTINUOUS
10
-2.4529253543307088
20
3.7052153937007875
11
-2.4521270472440944
21
3.7057487795275588
0
LINE
8
BLACK
6
CONTINUOUS
10
-2.4521270472440944
20
3.7057487795275588
11
-2.4502438188976376
21
3.7057487795275588
0
LINE
8
BLACK
6
CONTINUOUS
10
-2.4502438188976376
20
3.7057487795275588
11
-2.4489121259842519
21
3.704417086614173
0
LINE
8
BLACK
6
CONTINUOUS
10
-2.4613764566929133
20
3.7237746062992123
11
-2.4474570078740157
21
3.7098551968503934
0
LINE
8
BLACK
6
CONTINUOUS
10
-2.4474570078740157
20
3.7098551968503934
11
-2.4469236220472439
21
3.7090568897637795
0
LINE
8
BLACK
6
CONTINUOUS
10
-2.4469236220472439
20
3.7090568897637795
11
-2.4469236220472439
21
3.7071736614173227
0
LINE
8
BLACK
6
CONTINUOUS
10
-2.4469236220472439
20
3.7071736614173227
11
-2.4482553149606296
21
3.705841968503937
0
LINE
8
BLACK
6
CONTINUOUS
10
-2.4482553149606296
20
3.705841968503937
11
-2.4501385433070864
21
3.705841968503937
0
LINE
8
BLACK
6
CONTINUOUS
10
-2.4501385433070864
20
3.705841968503937
11
-2.4509368503937008
21
3.7063753543307087
0
LINE
8
BLACK
6
CONTINUOUS
10
-2.4509368503937008
20
3.7063753543307087
11
-2.4648562992125984
21
3.7202947637795276
0
LINE
8
BLACK
6
CONTINUOUS
10
-2.4648562992125984
20
3.7202947637795276
11
-2.4653896850393702
21
3.7210930708661416
0
LINE
8
BLACK
6
CONTINUOUS
10
-2.4653896850393702
20
3.7210930708661416
11
-2.4653896850393702
21
3.7229762992125983
0
LINE
8
BLACK
6
CONTINUOUS
10
-2.4653896850393702
20
3.7229762992125983
11
-2.464057992125984
21
3.7243079921259841
0
LINE
8
BLACK
6
CONTINUOUS
10
-2.464057992125984
20
3.7243079921259841
11
-2.4621747637795277
21
3.7243079921259841
0
LINE
8
BLACK
6
CONTINUOUS
10
-2.4621747637795277
20
3.7243079921259841
11
-2.4613764566929133
21
3.7237746062992123
0
LINE
8
BLACK
6
CONTINUOUS
10
-2.4467941732283465
20
3.7383568897637796
11
-2.4328747637795276
21
3.7244374409448819
0
LINE
8
BLACK
6
CONTINUOUS
10
-2.4328747637795276
20
3.7244374409448819
11
-2.4323413779527558
21
3.7236391338582675
0
LINE
8
BLACK
6
CONTINUOUS
10
-2.4323413779527558
20
3.7236391338582675
11
-2.4323413779527558
21
3.7217559055118108
0
LINE
8
BLACK
6
CONTINUOUS
10
-2.4323413779527558
20
3.7217559055118108
11
-2.4336730708661416
21
3.720424212598425
0
LINE
8
BLACK
6
CONTINUOUS
10
-2.4336730708661416
20
3.720424212598425
11
-2.4355562992125983
21
3.720424212598425
0
LINE
8
BLACK
6
CONTINUOUS
10
-2.4355562992125983
20
3.720424212598425
11
-2.4363546062992127
21
3.7209575984251968
0
LINE
8
BLACK
6
CONTINUOUS
10
-2.4363546062992127
20
3.7209575984251968
11
-2.4419058267716536
21
3.7265088188976376
0
LINE
8
BLACK
6
CONTINUOUS
10
-2.4419058267716536
20
3.7265088188976376
11
-2.4463799212598425
21
3.7220347244094487
0
LINE
8
BLACK
6
CONTINUOUS
10
-2.4463799212598425
20
3.7220347244094487
11
-2.4408287007874017
21
3.7164835039370079
0
LINE
8
BLACK
6
CONTINUOUS
10
-2.4408287007874017
20
3.7164835039370079
11
-2.4402953149606299
21
3.7156851968503934
0
LINE
8
BLACK
6
CONTINUOUS
10
-2.4402953149606299
20
3.7156851968503934
11
-2.4402953149606299
21
3.7138019685039367
0
LINE
8
BLACK
6
CONTINUOUS
10
-2.4402953149606299
20
3.7138019685039367
11
-2.4416270078740157
21
3.712470275590551
0
LINE
8
BLACK
6
CONTINUOUS
10
-2.4416270078740157
20
3.712470275590551
11
-2.4435102362204724
21
3.712470275590551
0
LINE
8
BLACK
6
CONTINUOUS
10
-2.4435102362204724
20
3.712470275590551
11
-2.4443085433070864
21
3.7130036614173227
0
LINE
8
BLACK
6
CONTINUOUS
10
-2.4443085433070864
20
3.7130036614173227
11
-2.4582279921259844
21
3.7269230708661416
0
LINE
8
BLACK
6
CONTINUOUS
10
-2.4582279921259844
20
3.7269230708661416
11
-2.4587613779527557
21
3.7277213779527556
0
LINE
8
BLACK
6
CONTINUOUS
10
-2.4587613779527557
20
3.7277213779527556
11
-2.4587613779527557
21
3.7296046062992123
0
LINE
8
BLACK
6
CONTINUOUS
10
-2.4587613779527557
20
3.7296046062992123
11
-2.45742968503937
21
3.7309362992125985
0
LINE
8
BLACK
6
CONTINUOUS
10
-2.45742968503937
20
3.7309362992125985
11
-2.4555464566929133
21
3.7309362992125985
0
LINE
8
BLACK
6
CONTINUOUS
10
-2.4555464566929133
20
3.7309362992125985
11
-2.4547481496062993
21
3.7304029133858267
0
LINE
8
BLACK
6
CONTINUOUS
10
-2.4547481496062993
20
3.7304029133858267
11
-2.4498597637795276
21
3.7255145669291339
0
LINE
8
BLACK
6
CONTINUOUS
10
-2.4498597637795276
20
3.7255145669291339
11
-2.4453856692913387
21
3.7299886614173228
0
LINE
8
BLACK
6
CONTINUOUS
10
-2.4453856692913387
20
3.7299886614173228
11
-2.4502740157480316
21
3.7348770472440944
0
LINE
8
BLACK
6
CONTINUOUS
10
-2.4502740157480316
20
3.7348770472440944
11
-2.4508074015748029
21
3.7356753543307084
0
LINE
8
BLACK
6
CONTINUOUS
10
-2.4508074015748029
20
3.7356753543307084
11
-2.4508074015748029
21
3.7375585826771651
0
LINE
8
BLACK
6
CONTINUOUS
10
-2.4508074015748029
20
3.7375585826771651
11
-2.4494757086614172
21
3.7388902755905513
0
LINE
8
BLACK
6
CONTINUOUS
10
-2.4494757086614172
20
3.7388902755905513
11
-2.4475924803149605
21
3.7388902755905513
0
LINE
8
BLACK
6
CONTINUOUS
10
-2.4475924803149605
20
3.7388902755905513
11
-2.4467941732283465
21
3.7383568897637796
0
LINE
8
BLACK
6
CONTINUOUS
10
-2.5039448818897636
20
3.7356698425196848
11
-2.5035535826771653
21
3.7356205118110237
0
LINE
8
BLACK
6
CONTINUOUS
10
-2.5035535826771653
20
3.7356205118110237
11
-2.5015650787401573
21
3.7349576771653541
0
LINE
8
BLACK
6
CONTINUOUS
10
-2.5015650787401573
20
3.7349576771653541
11
-2.5014579921259843
21
3.734896653543307
0
LINE
8
BLACK
6
CONTINUOUS
10
-2.5014579921259843
20
3.734896653543307
11
-2.5014015354330708
21
3.7348966141732283
0
LINE
8
BLACK
6
CONTINUOUS
10
-2.5014015354330708
20
3.7348966141732283
11
-2.5010734645669292
21
3.7346774015748032
0
LINE
8
BLACK
6
CONTINUOUS
10
-2.5010734645669292
20
3.7346774015748032
11
-2.5007309842519683
21
3.7344821653543305
0
LINE
8
BLACK
6
CONTINUOUS
10
-2.5007309842519683
20
3.7344821653543305
11
-2.5007057874015746
21
3.7344317716535431
0
LINE
8
BLACK
6
CONTINUOUS
10
-2.5007057874015746
20
3.7344317716535431
11
-2.5006032283464568
21
3.7343632283464565
0
LINE
8
BLACK
6
CONTINUOUS
10
-2.5006032283464568
20
3.7343632283464565
11
-2.4992775984251967
21
3.7330375196850394
0
LINE
8
BLACK
6
CONTINUOUS
10
-2.4992775984251967
20
3.7330375196850394
11
-2.4992092125984251
21
3.7329351574803149
0
LINE
8
BLACK
6
CONTINUOUS
10
-2.4992092125984251
20
3.7329351574803149
11
-2.4991587007874014
21
3.7329098818897637
0
LINE
8
BLACK
6
CONTINUOUS
10
-2.4991587007874014
20
3.7329098818897637
11
-2.4989632677165354
21
3.7325670472440944
0
LINE
8
BLACK
6
CONTINUOUS
10
-2.4989632677165354
20
3.7325670472440944
11
-2.4987442125984249
21
3.7322392125984249
0
LINE
8
BLACK
6
CONTINUOUS
10
-2.4987442125984249
20
3.7322392125984249
11
-2.4987442519685037
21
3.7321828346456694
0
LINE
8
BLACK
6
CONTINUOUS
10
-2.4987442519685037
20
3.7321828346456694
11
-2.4986831889763779
21
3.7320757874015746
0
LINE
8
BLACK
6
CONTINUOUS
10
-2.4986831889763779
20
3.7320757874015746
11
-2.4980203543307087
21
3.7300873228346454
0
LINE
8
BLACK
6
CONTINUOUS
10
-2.4980203543307087
20
3.7300873228346454
11
-2.4979710629921259
21
3.7296959448818896
0
LINE
8
BLACK
6
CONTINUOUS
10
-2.4979710629921259
20
3.7296959448818896
11
-2.4978940944881889
21
3.7293091732283465
0
LINE
8
BLACK
6
CONTINUOUS
10
-2.4978940944881889
20
3.7293091732283465
11
-2.4978940944881889
21
3.7279835039370077
0
LINE
8
BLACK
6
CONTINUOUS
10
-2.4978940944881889
20
3.7279835039370077
11
-2.4979710629921259
21
3.7275966929133859
0
LINE
8
BLACK
6
CONTINUOUS
10
-2.4979710629921259
20
3.7275966929133859
11
-2.4980203543307087
21
3.7272053937007872
0
LINE
8
BLACK
6
CONTINUOUS
10
-2.4980203543307087
20
3.7272053937007872
11
-2.4986831889763779
21
3.7252168897637796
0
LINE
8
BLACK
6
CONTINUOUS
10
-2.4986831889763779
20
3.7252168897637796
11
-2.4988166929133859
21
3.7249827952755905
0
LINE
8
BLACK
6
CONTINUOUS
10
-2.4988166929133859
20
3.7249827952755905
11
-2.4989075590551182
21
3.72472905511811
0
LINE
8
BLACK
6
CONTINUOUS
10
-2.4989075590551182
20
3.72472905511811
11
-2.5007570472440945
21
3.7216465748031493
0
LINE
8
BLACK
6
CONTINUOUS
10
-2.5007570472440945
20
3.7216465748031493
11
-2.5012082283464565
21
3.7202930314960629
0
LINE
8
BLACK
6
CONTINUOUS
10
-2.5012082283464565
20
3.7202930314960629
11
-2.5012082283464565
21
3.7197660629921261
0
LINE
8
BLACK
6
CONTINUOUS
10
-2.5012082283464565
20
3.7197660629921261
11
-2.5008553543307088
21
3.7187074409448817
0
LINE
8
BLACK
6
CONTINUOUS
10
-2.5008553543307088
20
3.7187074409448817
11
-2.500351220472441
21
3.7182032677165355
0
LINE
8
BLACK
6
CONTINUOUS
10
-2.500351220472441
20
3.7182032677165355
11
-2.4992925590551183
21
3.7178503543307087
0
LINE
8
BLACK
6
CONTINUOUS
10
-2.4992925590551183
20
3.7178503543307087
11
-2.498765590551181
21
3.7178503543307087
0
LINE
8
BLACK
6
CONTINUOUS
10
-2.498765590551181
20
3.7178503543307087
11
-2.4977069291338583
21
3.7182032677165355
0
LINE
8
BLACK
6
CONTINUOUS
10
-2.4977069291338583
20
3.7182032677165355
11
-2.4950858661417321
21
3.7208243307086613
0
LINE
8
BLACK
6
CONTINUOUS
10
-2.4950858661417321
20
3.7208243307086613
11
-2.4939387795275589
21
3.7231184645669289
0
LINE
8
BLACK
6
CONTINUOUS
10
-2.4939387795275589
20
3.7231184645669289
11
-2.4933500787401575
21
3.723876929133858
0
LINE
8
BLACK
6
CONTINUOUS
10
-2.4933500787401575
20
3.723876929133858
11
-2.4915635039370079
21
3.7244724409448819
0
LINE
8
BLACK
6
CONTINUOUS
10
-2.4915635039370079
20
3.7244724409448819
11
-2.4898790157480315
21
3.7236301968503938
0
LINE
8
BLACK
6
CONTINUOUS
10
-2.4898790157480315
20
3.7236301968503938
11
-2.489283503937008
21
3.7218436220472442
0
LINE
8
BLACK
6
CONTINUOUS
10
-2.489283503937008
20
3.7218436220472442
11
-2.4895370472440943
21
3.720917598425197
0
LINE
8
BLACK
6
CONTINUOUS
10
-2.4895370472440943
20
3.720917598425197
11
-2.4908627165354331
21
3.7182662992125985
0
LINE
8
BLACK
6
CONTINUOUS
10
-2.4908627165354331
20
3.7182662992125985
11
-2.4911044881889763
21
3.7179548425196849
0
LINE
8
BLACK
6
CONTINUOUS
10
-2.4911044881889763
20
3.7179548425196849
11
-2.4913236614173226
21
3.7176267716535434
0
LINE
8
BLACK
6
CONTINUOUS
10
-2.4913236614173226
20
3.7176267716535434
11
-2.494637834645669
21
3.7143126377952753
0
LINE
8
BLACK
6
CONTINUOUS
10
-2.494637834645669
20
3.7143126377952753
11
-2.4947403543307085
21
3.7142441732283462
0
LINE
8
BLACK
6
CONTINUOUS
10
-2.4947403543307085
20
3.7142441732283462
11
-2.4947655511811022
21
3.7141937007874013
0
LINE
8
BLACK
6
CONTINUOUS
10
-2.4947655511811022
20
3.7141937007874013
11
-2.4951082677165353
21
3.7139983464566928
0
LINE
8
BLACK
6
CONTINUOUS
10
-2.4951082677165353
20
3.7139983464566928
11
-2.4954361417322835
21
3.713779251968504
0
LINE
8
BLACK
6
CONTINUOUS
10
-2.4954361417322835
20
3.713779251968504
11
-2.4954925196850395
21
3.713779251968504
0
LINE
8
BLACK
6
CONTINUOUS
10
-2.4954925196850395
20
3.713779251968504
11
-2.4955996456692913
21
3.7137181889763777
0
LINE
8
BLACK
6
CONTINUOUS
10
-2.4955996456692913
20
3.7137181889763777
11
-2.4975880708661418
21
3.7130553543307085
0
LINE
8
BLACK
6
CONTINUOUS
10
-2.4975880708661418
20
3.7130553543307085
11
-2.4979794488188976
21
3.7130060629921258
0
LINE
8
BLACK
6
CONTINUOUS
10
-2.4979794488188976
20
3.7130060629921258
11
-2.4983662204724411
21
3.7129290944881888
0
LINE
8
BLACK
6
CONTINUOUS
10
-2.4983662204724411
20
3.7129290944881888
11
-2.4996918897637794
21
3.7129290944881888
0
LINE
8
BLACK
6
CONTINUOUS
10
-2.4996918897637794
20
3.7129290944881888
11
-2.5000787401574804
21
3.7130060629921258
0
LINE
8
BLACK
6
CONTINUOUS
10
-2.5000787401574804
20
3.7130060629921258
11
-2.50047
21
3.7130553543307085
0
LINE
8
BLACK
6
CONTINUOUS
10
-2.50047
20
3.7130553543307085
11
-2.502458503937008
21
3.7137181889763777
0
LINE
8
BLACK
6
CONTINUOUS
10
-2.502458503937008
20
3.7137181889763777
11
-2.5025656299212597
21
3.713779251968504
0
LINE
8
BLACK
6
CONTINUOUS
10
-2.5025656299212597
20
3.713779251968504
11
-2.5026220472440945
21
3.713779251968504
0
LINE
8
BLACK
6
CONTINUOUS
10
-2.5026220472440945
20
3.713779251968504
11
-2.5029501574803148
21
3.7139985039370078
0
LINE
8
BLACK
6
CONTINUOUS
10
-2.5029501574803148
20
3.7139985039370078
11
-2.5032925984251966
21
3.7141937007874013
0
LINE
8
BLACK
6
CONTINUOUS
10
-2.5032925984251966
20
3.7141937007874013
11
-2.503317834645669
21
3.7142441338582675
0
LINE
8
BLACK
6
CONTINUOUS
10
-2.503317834645669
20
3.7142441338582675
11
-2.5034203543307085
21
3.7143126377952753
0
LINE
8
BLACK
6
CONTINUOUS
10
-2.5034203543307085
20
3.7143126377952753
11
-2.5047459842519686
21
3.7156383070866141
0
LINE
8
BLACK
6
CONTINUOUS
10
-2.5047459842519686
20
3.7156383070866141
11
-2.5048144881889765
21
3.7157408267716536
0
LINE
8
BLACK
6
CONTINUOUS
10
-2.5048144881889765
20
3.7157408267716536
11
-2.5048648818897639
21
3.7157660236220473
0
LINE
8
BLACK
6
CONTINUOUS
10
-2.5048648818897639
20
3.7157660236220473
11
-2.5050601574803149
21
3.7161085039370079
0
LINE
8
BLACK
6
CONTINUOUS
10
-2.5050601574803149
20
3.7161085039370079
11
-2.5052793700787399
21
3.7164366535433069
0
LINE
8
BLACK
6
CONTINUOUS
10
-2.5052793700787399
20
3.7164366535433069
11
-2.5052793700787399
21
3.7164931102362204
0
LINE
8
BLACK
6
CONTINUOUS
10
-2.5052793700787399
20
3.7164931102362204
11
-2.5053403937007874
21
3.7166001181102359
0
LINE
8
BLACK
6
CONTINUOUS
10
-2.5053403937007874
20
3.7166001181102359
11
-2.5060032283464566
21
3.7185886220472439
0
LINE
8
BLACK
6
CONTINUOUS
10
-2.5060032283464566
20
3.7185886220472439
11
-2.5060525590551181
21
3.7189799212598422
0
LINE
8
BLACK
6
CONTINUOUS
10
-2.5060525590551181
20
3.7189799212598422
11
-2.5061294881889764
21
3.7193667322834645
0
LINE
8
BLACK
6
CONTINUOUS
10
-2.5061294881889764
20
3.7193667322834645
11
-2.5061294881889764
21
3.7206923622047245
0
LINE
8
BLACK
6
CONTINUOUS
10
-2.5061294881889764
20
3.7206923622047245
11
-2.5060525590551181
21
3.7210792125984251
0
LINE
8
BLACK
6
CONTINUOUS
10
-2.5060525590551181
20
3.7210792125984251
11
-2.5060032283464566
21
3.7214704724409446
0
LINE
8
BLACK
6
CONTINUOUS
10
-2.5060032283464566
20
3.7214704724409446
11
-2.5053403937007874
21
3.7234589763779526
0
LINE
8
BLACK
6
CONTINUOUS
10
-2.5053403937007874
20
3.7234589763779526
11
-2.5052068897637794
21
3.723693188976378
0
LINE
8
BLACK
6
CONTINUOUS
10
-2.5052068897637794
20
3.723693188976378
11
-2.5051159842519684
21
3.7239468503937005
0
LINE
8
BLACK
6
CONTINUOUS
10
-2.5051159842519684
20
3.7239468503937005
11
-2.5032665748031495
21
3.7270292913385825
0
LINE
8
BLACK
6
CONTINUOUS
10
-2.5032665748031495
20
3.7270292913385825
11
-2.5028153543307088
21
3.7283828346456693
0
LINE
8
BLACK
6
CONTINUOUS
10
-2.5028153543307088
20
3.7283828346456693
11
-2.5028153543307088
21
3.7289098425196849
0
LINE
8
BLACK
6
CONTINUOUS
10
-2.5028153543307088
20
3.7289098425196849
11
-2.5031682677165352
21
3.7299684645669289
0
LINE
8
BLACK
6
CONTINUOUS
10
-2.5031682677165352
20
3.7299684645669289
11
-2.5036724409448818
21
3.7304726771653542
0
LINE
8
BLACK
6
CONTINUOUS
10
-2.5036724409448818
20
3.7304726771653542
11
-2.504731023622047
21
3.7308255118110236
0
LINE
8
BLACK
6
CONTINUOUS
10
-2.504731023622047
20
3.7308255118110236
11
-2.5052580314960631
21
3.7308255118110236
0
LINE
8
BLACK
6
CONTINUOUS
10
-2.5052580314960631
20
3.7308255118110236
11
-2.5063166929133858
21
3.7304726377952755
0
LINE
8
BLACK
6
CONTINUOUS
10
-2.5063166929133858
20
3.7304726377952755
11
-2.5089377165354332
21
3.7278516535433068
0
LINE
8
BLACK
6
CONTINUOUS
10
-2.5089377165354332
20
3.7278516535433068
11
-2.5100848031496064
21
3.725557401574803
0
LINE
8
BLACK
6
CONTINUOUS
10
-2.5100848031496064
20
3.725557401574803
11
-2.5106734645669291
21
3.7247989370078738
0
LINE
8
BLACK
6
CONTINUOUS
10
-2.5106734645669291
20
3.7247989370078738
11
-2.5124600787401574
21
3.7242034251968503
0
LINE
8
BLACK
6
CONTINUOUS
10
-2.5124600787401574
20
3.7242034251968503
11
-2.5141445669291338
21
3.7250456299212598
0
LINE
8
BLACK
6
CONTINUOUS
10
-2.5141445669291338
20
3.7250456299212598
11
-2.5147400787401573
21
3.7268322440944881
0
LINE
8
BLACK
6
CONTINUOUS
10
-2.5147400787401573
20
3.7268322440944881
11
-2.514486535433071
21
3.7277582677165353
0
LINE
8
BLACK
6
CONTINUOUS
10
-2.514486535433071
20
3.7277582677165353
11
-2.5131608661417322
21
3.7304096062992125
0
LINE
8
BLACK
6
CONTINUOUS
10
-2.5131608661417322
20
3.7304096062992125
11
-2.5129189370078739
21
3.7307213779527557
0
LINE
8
BLACK
6
CONTINUOUS
10
-2.5129189370078739
20
3.7307213779527557
11
-2.5126999212598427
21
3.7310490944881889
0
LINE
8
BLACK
6
CONTINUOUS
10
-2.5126999212598427
20
3.7310490944881889
11
-2.5093857480314958
21
3.7343632677165353
0
LINE
8
BLACK
6
CONTINUOUS
10
-2.5093857480314958
20
3.7343632677165353
11
-2.5092833070866143
21
3.7344317322834644
0
LINE
8
BLACK
6
CONTINUOUS
10
-2.5092833070866143
20
3.7344317322834644
11
-2.5092580708661418
21
3.7344821653543305
0
LINE
8
BLACK
6
CONTINUOUS
10
-2.5092580708661418
20
3.7344821653543305
11
-2.5089155118110233
21
3.7346774803149607
0
LINE
8
BLACK
6
CONTINUOUS
10
-2.5089155118110233
20
3.7346774803149607
11
-2.5085874409448818
21
3.734896653543307
0
LINE
8
BLACK
6
CONTINUOUS
10
-2.5085874409448818
20
3.734896653543307
11
-2.5085310236220471
21
3.734896653543307
0
LINE
8
BLACK
6
CONTINUOUS
10
-2.5085310236220471
20
3.734896653543307
11
-2.5084239763779528
21
3.7349576771653541
0
LINE
8
BLACK
6
CONTINUOUS
10
-2.5084239763779528
20
3.7349576771653541
11
-2.5064355118110235
21
3.7356205118110237
0
LINE
8
BLACK
6
CONTINUOUS
10
-2.5064355118110235
20
3.7356205118110237
11
-2.5060441338582677
21
3.7356698425196848
0
LINE
8
BLACK
6
CONTINUOUS
10
-2.5060441338582677
20
3.7356698425196848
11
-2.5056573622047242
21
3.7357467716535431
0
LINE
8
BLACK
6
CONTINUOUS
10
-2.5056573622047242
20
3.7357467716535431
11
-2.5043316929133859
21
3.7357467716535431
0
LINE
8
BLACK
6
CONTINUOUS
10
-2.5043316929133859
20
3.7357467716535431
11
-2.5039448818897636
21
3.7356698425196848
0
LINE
8
BLACK
6
CONTINUOUS
10
-2.4249207874015748
20
3.7602302362204725
11
-2.4110013779527559
21
3.7463108267716536
0
LINE
8
BLACK
6
CONTINUOUS
10
-2.4110013779527559
20
3.7463108267716536
11
-2.4104681102362204
21
3.7455126771653542
0
LINE
8
BLACK
6
CONTINUOUS
10
-2.4104681102362204
20
3.7455126771653542
11
-2.4104679527559054
21
3.7455125196850392
0
LINE
8
BLACK
6
CONTINUOUS
10
-2.4104679527559054
20
3.7455125196850392
11
-2.4104679527559054
21
3.7436292913385825
0
LINE
8
BLACK
6
CONTINUOUS
10
-2.4104679527559054
20
3.7436292913385825
11
-2.4110013779527559
21
3.7428309842519685
0
LINE
8
BLACK
6
CONTINUOUS
10
-2.4110013779527559
20
3.7428309842519685
11
-2.4173479133858269
21
3.7364844881889763
0
LINE
8
BLACK
6
CONTINUOUS
10
-2.4173479133858269
20
3.7364844881889763
11
-2.4170962992125982
21
3.736232874015748
0
LINE
8
BLACK
6
CONTINUOUS
10
-2.4170962992125982
20
3.736232874015748
11
-2.4170962992125982
21
3.7343496456692913
0
LINE
8
BLACK
6
CONTINUOUS
10
-2.4170962992125982
20
3.7343496456692913
11
-2.4176296850393699
21
3.7335513385826773
0
LINE
8
BLACK
6
CONTINUOUS
10
-2.4176296850393699
20
3.7335513385826773
11
-2.4282349606299212
21
3.722946062992126
0
LINE
8
BLACK
6
CONTINUOUS
10
-2.4282349606299212
20
3.722946062992126
11
-2.4290332677165352
21
3.7224126771653543
0
LINE
8
BLACK
6
CONTINUOUS
10
-2.4290332677165352
20
3.7224126771653543
11
-2.4309164960629919
21
3.7224126771653543
0
LINE
8
BLACK
6
CONTINUOUS
10
-2.4309164960629919
20
3.7224126771653543
11
-2.4322481889763781
21
3.72374437007874
0
LINE
8
BLACK
6
CONTINUOUS
10
-2.4322481889763781
20
3.72374437007874
11
-2.4322481889763781
21
3.7256275984251968
0
LINE
8
BLACK
6
CONTINUOUS
10
-2.4322481889763781
20
3.7256275984251968
11
-2.4317148031496063
21
3.7264259055118107
0
LINE
8
BLACK
6
CONTINUOUS
10
-2.4317148031496063
20
3.7264259055118107
11
-2.4213913385826773
21
3.7367494094488189
0
LINE
8
BLACK
6
CONTINUOUS
10
-2.4213913385826773
20
3.7367494094488189
11
-2.4216429133858268
21
3.7370009842519685
0
LINE
8
BLACK
6
CONTINUOUS
10
-2.4216429133858268
20
3.7370009842519685
11
-2.4216429133858268
21
3.7388842125984252
0
LINE
8
BLACK
6
CONTINUOUS
10
-2.4216429133858268
20
3.7388842125984252
11
-2.4211095275590551
21
3.7396825196850392
0
LINE
8
BLACK
6
CONTINUOUS
10
-2.4211095275590551
20
3.7396825196850392
11
-2.4162211417322834
21
3.7445709055118108
0
LINE
8
BLACK
6
CONTINUOUS
10
-2.4162211417322834
20
3.7445709055118108
11
-2.4284006299212599
21
3.7567503937007873
0
LINE
8
BLACK
6
CONTINUOUS
10
-2.4284006299212599
20
3.7567503937007873
11
-2.4289340157480312
21
3.7575487007874013
0
LINE
8
BLACK
6
CONTINUOUS
10
-2.4289340157480312
20
3.7575487007874013
11
-2.4289340157480312
21
3.759431929133858
0
LINE
8
BLACK
6
CONTINUOUS
10
-2.4289340157480312
20
3.759431929133858
11
-2.4276023228346455
21
3.7607636220472438
0
LINE
8
BLACK
6
CONTINUOUS
10
-2.4276023228346455
20
3.7607636220472438
11
-2.4257190944881888
21
3.7607636220472438
0
LINE
8
BLACK
6
CONTINUOUS
10
-2.4257190944881888
20
3.7607636220472438
11
-2.4249207874015748
21
3.7602302362204725
0
LINE
8
BLACK
6
CONTINUOUS
10
-2.4952773228346454
20
3.7460922834645669
11
-2.4767180708661418
21
3.7368126377952757
0
LINE
8
BLACK
6
CONTINUOUS
10
-2.4767180708661418
20
3.7368126377952757
11
-2.4759596062992126
21
3.7362239763779526
0
LINE
8
BLACK
6
CONTINUOUS
10
-2.4759596062992126
20
3.7362239763779526
11
-2.4753640944881887
21
3.7344373622047242
0
LINE
8
BLACK
6
CONTINUOUS
10
-2.4753640944881887
20
3.7344373622047242
11
-2.4762063385826769
21
3.7327528740157478
0
LINE
8
BLACK
6
CONTINUOUS
10
-2.4762063385826769
20
3.7327528740157478
11
-2.4779929133858265
21
3.7321573622047244
0
LINE
8
BLACK
6
CONTINUOUS
10
-2.4779929133858265
20
3.7321573622047244
11
-2.4789189370078741
21
3.7324109055118111
0
LINE
8
BLACK
6
CONTINUOUS
10
-2.4789189370078741
20
3.7324109055118111
11
-2.4826353149606297
21
3.7342691338582674
0
LINE
8
BLACK
6
CONTINUOUS
10
-2.4826353149606297
20
3.7342691338582674
11
-2.4867554724409446
21
3.7301489763779525
0
LINE
8
BLACK
6
CONTINUOUS
10
-2.4867554724409446
20
3.7301489763779525
11
-2.4848972834645671
21
3.7264325590551182
0
LINE
8
BLACK
6
CONTINUOUS
10
-2.4848972834645671
20
3.7264325590551182
11
-2.4846437007874016
21
3.7255065748031497
0
LINE
8
BLACK
6
CONTINUOUS
10
-2.4846437007874016
20
3.7255065748031497
11
-2.4852392519685038
21
3.7237199606299214
0
LINE
8
BLACK
6
CONTINUOUS
10
-2.4852392519685038
20
3.7237199606299214
11
-2.4869237401574802
21
3.7228777165354332
0
LINE
8
BLACK
6
CONTINUOUS
10
-2.4869237401574802
20
3.7228777165354332
11
-2.4887103149606298
21
3.7234732677165354
0
LINE
8
BLACK
6
CONTINUOUS
10
-2.4887103149606298
20
3.7234732677165354
11
-2.4892990157480313
21
3.7242317322834646
0
LINE
8
BLACK
6
CONTINUOUS
10
-2.4892990157480313
20
3.7242317322834646
11
-2.4985786220472441
21
3.7427909842519682
0
LINE
8
BLACK
6
CONTINUOUS
10
-2.4985786220472441
20
3.7427909842519682
11
-2.4988321653543308
21
3.7437170078740158
0
LINE
8
BLACK
6
CONTINUOUS
10
-2.4988321653543308
20
3.7437170078740158
11
-2.4987740551181101
21
3.7438914173228346
0
LINE
8
BLACK
6
CONTINUOUS
10
-2.4987740551181101
20
3.7438914173228346
11
-2.4988321653543308
21
3.7440658267716533
0
LINE
8
BLACK
6
CONTINUOUS
10
-2.4988321653543308
20
3.7440658267716533
11
-2.4984833858267717
21
3.744763503937008
0
LINE
8
BLACK
6
CONTINUOUS
10
-2.4984833858267717
20
3.744763503937008
11
-2.4982366535433069
21
3.7455036220472442
0
LINE
8
BLACK
6
CONTINUOUS
10
-2.4982366535433069
20
3.7455036220472442
11
-2.4980722047244095
21
3.7455858661417323
0
LINE
8
BLACK
6
CONTINUOUS
10
-2.4980722047244095
20
3.7455858661417323
11
-2.4979899606299214
21
3.7457503149606297
0
LINE
8
BLACK
6
CONTINUOUS
10
-2.4979899606299214
20
3.7457503149606297
11
-2.4972498425196852
21
3.7459970472440944
0
LINE
8
BLACK
6
CONTINUOUS
10
-2.4972498425196852
20
3.7459970472440944
11
-2.4965521653543306
21
3.7463458267716536
0
LINE
8
BLACK
6
CONTINUOUS
10
-2.4965521653543306
20
3.7463458267716536
11
-2.4963777559055118
21
3.7462877165354329
0
LINE
8
BLACK
6
CONTINUOUS
10
-2.4963777559055118
20
3.7462877165354329
11
-2.4962033464566931
21
3.7463458267716536
0
LINE
8
BLACK
6
CONTINUOUS
10
-2.4962033464566931
20
3.7463458267716536
11
-2.4952773228346454
21
3.7460922834645669
0
LINE
8
BLACK
6
CONTINUOUS
10
-2.4890753937007872
20
3.7347887401574802
11
-2.4872751181102362
21
3.7365890157480313
0
LINE
8
BLACK
6
CONTINUOUS
10
-2.4872751181102362
20
3.7365890157480313
11
-2.49087562992126
21
3.738389251968504
0
LINE
8
BLACK
6
CONTINUOUS
10
-2.49087562992126
20
3.738389251968504
11
-2.4890753937007872
21
3.7347887401574802
0
LINE
8
BLACK
6
CONTINUOUS
10
-2.4853582283464566
20
3.7549109448818898
11
-2.471438779527559
21
3.7409914960629922
0
LINE
8
BLACK
6
CONTINUOUS
10
-2.471438779527559
20
3.7409914960629922
11
-2.4709053937007872
21
3.7401931889763778
0
LINE
8
BLACK
6
CONTINUOUS
10
-2.4709053937007872
20
3.7401931889763778
11
-2.4709053937007872
21
3.738309960629921
0
LINE
8
BLACK
6
CONTINUOUS
10
-2.4709053937007872
20
3.738309960629921
11
-2.472237086614173
21
3.7369782677165353
0
LINE
8
BLACK
6
CONTINUOUS
10
-2.472237086614173
20
3.7369782677165353
11
-2.4741203149606297
21
3.7369782677165353
0
LINE
8
BLACK
6
CONTINUOUS
10
-2.4741203149606297
20
3.7369782677165353
11
-2.4749186220472441
21
3.7375116535433071
0
LINE
8
BLACK
6
CONTINUOUS
10
-2.4749186220472441
20
3.7375116535433071
11
-2.4888380708661417
21
3.7514311023622047
0
LINE
8
BLACK
6
CONTINUOUS
10
-2.4888380708661417
20
3.7514311023622047
11
-2.4893714566929135
21
3.7522294094488187
0
LINE
8
BLACK
6
CONTINUOUS
10
-2.4893714566929135
20
3.7522294094488187
11
-2.4893714566929135
21
3.7541126377952754
0
LINE
8
BLACK
6
CONTINUOUS
10
-2.4893714566929135
20
3.7541126377952754
11
-2.4880397637795273
21
3.7554443307086611
0
LINE
8
BLACK
6
CONTINUOUS
10
-2.4880397637795273
20
3.7554443307086611
11
-2.486156535433071
21
3.7554443307086611
0
LINE
8
BLACK
6
CONTINUOUS
10
-2.486156535433071
20
3.7554443307086611
11
-2.4853582283464566
21
3.7549109448818898
0
LINE
8
BLACK
6
CONTINUOUS
10
-2.471438779527559
20
3.7688303543307087
11
-2.4575193700787401
21
3.7549109448818898
0
LINE
8
BLACK
6
CONTINUOUS
10
-2.4575193700787401
20
3.7549109448818898
11
-2.4569860236220471
21
3.7541126771653541
0
LINE
8
BLACK
6
CONTINUOUS
10
-2.4569860236220471
20
3.7541126771653541
11
-2.4569859842519683
21
3.7541126377952754
0
LINE
8
BLACK
6
CONTINUOUS
10
-2.4569859842519683
20
3.7541126377952754
11
-2.4569859842519683
21
3.7522294094488187
0
LINE
8
BLACK
6
CONTINUOUS
10
-2.4569859842519683
20
3.7522294094488187
11
-2.4575193700787401
21
3.7514311023622047
0
LINE
8
BLACK
6
CONTINUOUS
10
-2.4575193700787401
20
3.7514311023622047
11
-2.4628220078740157
21
3.7461284645669291
0
LINE
8
BLACK
6
CONTINUOUS
10
-2.4628220078740157
20
3.7461284645669291
11
-2.4629245275590552
21
3.7460599999999999
0
LINE
8
BLACK
6
CONTINUOUS
10
-2.4629245275590552
20
3.7460599999999999
11
-2.4629497244094489
21
3.746009527559055
0
LINE
8
BLACK
6
CONTINUOUS
10
-2.4629497244094489
20
3.746009527559055
11
-2.463292440944882
21
3.7458141732283465
0
LINE
8
BLACK
6
CONTINUOUS
10
-2.463292440944882
20
3.7458141732283465
11
-2.4636203149606297
21
3.7455950787401573
0
LINE
8
BLACK
6
CONTINUOUS
10
-2.4636203149606297
20
3.7455950787401573
11
-2.4636766929133858
21
3.7455950787401573
0
LINE
8
BLACK
6
CONTINUOUS
10
-2.4636766929133858
20
3.7455950787401573
11
-2.4637838188976375
21
3.7455340157480315
0
LINE
8
BLACK
6
CONTINUOUS
10
-2.4637838188976375
20
3.7455340157480315
11
-2.4657723228346455
21
3.7448711811023623
0
LINE
8
BLACK
6
CONTINUOUS
10
-2.4657723228346455
20
3.7448711811023623
11
-2.4661636220472438
21
3.7448218897637795
0
LINE
8
BLACK
6
CONTINUOUS
10
-2.4661636220472438
20
3.7448218897637795
11
-2.4665504330708661
21
3.7447449212598425
0
LINE
8
BLACK
6
CONTINUOUS
10
-2.4665504330708661
20
3.7447449212598425
11
-2.4678760629921261
21
3.7447449212598425
0
LINE
8
BLACK
6
CONTINUOUS
10
-2.4678760629921261
20
3.7447449212598425
11
-2.4682629133858267
21
3.7448218897637795
0
LINE
8
BLACK
6
CONTINUOUS
10
-2.4682629133858267
20
3.7448218897637795
11
-2.4686541732283462
21
3.7448711811023623
0
LINE
8
BLACK
6
CONTINUOUS
10
-2.4686541732283462
20
3.7448711811023623
11
-2.4706426771653542
21
3.7455340157480315
0
LINE
8
BLACK
6
CONTINUOUS
10
-2.4706426771653542
20
3.7455340157480315
11
-2.4707498031496065
21
3.7455950787401573
0
LINE
8
BLACK
6
CONTINUOUS
10
-2.4707498031496065
20
3.7455950787401573
11
-2.4708061811023621
21
3.7455950787401573
0
LINE
8
BLACK
6
CONTINUOUS
10
-2.4708061811023621
20
3.7455950787401573
11
-2.471134094488189
21
3.7458141732283465
0
LINE
8
BLACK
6
CONTINUOUS
10
-2.471134094488189
20
3.7458141732283465
11
-2.4714767716535433
21
3.746009527559055
0
LINE
8
BLACK
6
CONTINUOUS
10
-2.4714767716535433
20
3.746009527559055
11
-2.4715020078740157
21
3.7460599999999999
0
LINE
8
BLACK
6
CONTINUOUS
10
-2.4715020078740157
20
3.7460599999999999
11
-2.4716044881889765
21
3.7461284645669291
0
LINE
8
BLACK
6
CONTINUOUS
10
-2.4716044881889765
20
3.7461284645669291
11
-2.473592992125984
21
3.7481168897637795
0
LINE
8
BLACK
6
CONTINUOUS
10
-2.473592992125984
20
3.7481168897637795
11
-2.4736614960629919
21
3.7482194094488186
0
LINE
8
BLACK
6
CONTINUOUS
10
-2.4736614960629919
20
3.7482194094488186
11
-2.4737119685039368
21
3.7482446456692911
0
LINE
8
BLACK
6
CONTINUOUS
10
-2.4737119685039368
20
3.7482446456692911
11
-2.473907283464567
21
3.7485872440944883
0
LINE
8
BLACK
6
CONTINUOUS
10
-2.473907283464567
20
3.7485872440944883
11
-2.4741263779527558
21
3.7489151968503935
0
LINE
8
BLACK
6
CONTINUOUS
10
-2.4741263779527558
20
3.7489151968503935
11
-2.4741264173228346
21
3.7489716929133858
0
LINE
8
BLACK
6
CONTINUOUS
10
-2.4741264173228346
20
3.7489716929133858
11
-2.4741874409448816
21
3.7490787795275589
0
LINE
8
BLACK
6
CONTINUOUS
10
-2.4741874409448816
20
3.7490787795275589
11
-2.4748502362204725
21
3.7510672834645669
0
LINE
8
BLACK
6
CONTINUOUS
10
-2.4748502362204725
20
3.7510672834645669
11
-2.4748995669291336
21
3.7514584645669289
0
LINE
8
BLACK
6
CONTINUOUS
10
-2.4748995669291336
20
3.7514584645669289
11
-2.4749764960629919
21
3.7518453543307086
0
LINE
8
BLACK
6
CONTINUOUS
10
-2.4749764960629919
20
3.7518453543307086
11
-2.4749764960629919
21
3.7527865748031495
0
LINE
8
BLACK
6
CONTINUOUS
10
-2.4749764960629919
20
3.7527865748031495
11
-2.4752824803149607
21
3.7528251181102363
0
LINE
8
BLACK
6
CONTINUOUS
10
-2.4752824803149607
20
3.7528251181102363
11
-2.4772709842519682
21
3.7534879527559055
0
LINE
8
BLACK
6
CONTINUOUS
10
-2.4772709842519682
20
3.7534879527559055
11
-2.4773781102362205
21
3.7535490157480313
0
LINE
8
BLACK
6
CONTINUOUS
10
-2.4773781102362205
20
3.7535490157480313
11
-2.4774345275590552
21
3.7535490157480313
0
LINE
8
BLACK
6
CONTINUOUS
10
-2.4774345275590552
20
3.7535490157480313
11
-2.4777626377952755
21
3.7537682677165352
0
LINE
8
BLACK
6
CONTINUOUS
10
-2.4777626377952755
20
3.7537682677165352
11
-2.4781050787401573
21
3.7539634645669291
0
LINE
8
BLACK
6
CONTINUOUS
10
-2.4781050787401573
20
3.7539634645669291
11
-2.4781303149606297
21
3.7540138976377952
0
LINE
8
BLACK
6
CONTINUOUS
10
-2.4781303149606297
20
3.7540138976377952
11
-2.4782328346456692
21
3.7540824015748031
0
LINE
8
BLACK
6
CONTINUOUS
10
-2.4782328346456692
20
3.7540824015748031
11
-2.4795584645669293
21
3.7554080708661415
0
LINE
8
BLACK
6
CONTINUOUS
10
-2.4795584645669293
20
3.7554080708661415
11
-2.4796269685039372
21
3.755510590551181
0
LINE
8
BLACK
6
CONTINUOUS
10
-2.4796269685039372
20
3.755510590551181
11
-2.4796773622047246
21
3.7555357874015747
0
LINE
8
BLACK
6
CONTINUOUS
10
-2.4796773622047246
20
3.7555357874015747
11
-2.4798726377952756
21
3.7558782677165352
0
LINE
8
BLACK
6
CONTINUOUS
10
-2.4798726377952756
20
3.7558782677165352
11
-2.4800918503937006
21
3.7562064173228347
0
LINE
8
BLACK
6
CONTINUOUS
10
-2.4800918503937006
20
3.7562064173228347
11
-2.4800918503937006
21
3.7562628740157478
0
LINE
8
BLACK
6
CONTINUOUS
10
-2.4800918503937006
20
3.7562628740157478
11
-2.4801528740157481
21
3.7563698818897637
0
LINE
8
BLACK
6
CONTINUOUS
10
-2.4801528740157481
20
3.7563698818897637
11
-2.4808157086614173
21
3.7583583858267717
0
LINE
8
BLACK
6
CONTINUOUS
10
-2.4808157086614173
20
3.7583583858267717
11
-2.4808650393700789
21
3.75874968503937
0
LINE
8
BLACK
6
CONTINUOUS
10
-2.4808650393700789
20
3.75874968503937
11
-2.4809419685039371
21
3.7591364960629918
0
LINE
8
BLACK
6
CONTINUOUS
10
-2.4809419685039371
20
3.7591364960629918
11
-2.4809419685039371
21
3.7604621259842519
0
LINE
8
BLACK
6
CONTINUOUS
10
-2.4809419685039371
20
3.7604621259842519
11
-2.4808650393700789
21
3.7608489763779525
0
LINE
8
BLACK
6
CONTINUOUS
10
-2.4808650393700789
20
3.7608489763779525
11
-2.4808157086614173
21
3.7612402362204724
0
LINE
8
BLACK
6
CONTINUOUS
10
-2.4808157086614173
20
3.7612402362204724
11
-2.4801528740157481
21
3.7632287401574804
0
LINE
8
BLACK
6
CONTINUOUS
10
-2.4801528740157481
20
3.7632287401574804
11
-2.4800918110236219
21
3.7633358661417322
0
LINE
8
BLACK
6
CONTINUOUS
10
-2.4800918110236219
20
3.7633358661417322
11
-2.4800918110236219
21
3.7633922440944882
0
LINE
8
BLACK
6
CONTINUOUS
10
-2.4800918110236219
20
3.7633922440944882
11
-2.4798727559055118
21
3.7637201574803147
0
LINE
8
BLACK
6
CONTINUOUS
10
-2.4798727559055118
20
3.7637201574803147
11
-2.4796773622047246
21
3.764062834645669
0
LINE
8
BLACK
6
CONTINUOUS
10
-2.4796773622047246
20
3.764062834645669
11
-2.4796269291338584
21
3.7640880708661415
0
LINE
8
BLACK
6
CONTINUOUS
10
-2.4796269291338584
20
3.7640880708661415
11
-2.4795584251968505
21
3.7641905511811022
0
LINE
8
BLACK
6
CONTINUOUS
10
-2.4795584251968505
20
3.7641905511811022
11
-2.4749186614173229
21
3.7688303543307087
0
LINE
8
BLACK
6
CONTINUOUS
10
-2.4749186614173229
20
3.7688303543307087
11
-2.4741203543307084
21
3.7693637401574804
0
LINE
8
BLACK
6
CONTINUOUS
10
-2.4741203543307084
20
3.7693637401574804
11
-2.472237086614173
21
3.7693637401574804
0
LINE
8
BLACK
6
CONTINUOUS
10
-2.472237086614173
20
3.7693637401574804
11
-2.471438779527559
21
3.7688303543307087
0
LINE
8
BLACK
6
CONTINUOUS
10
-2.4691679527559054
20
3.7543648031496062
11
-2.4700552362204724
21
3.7525901574803147
0
LINE
8
BLACK
6
CONTINUOUS
10
-2.4700552362204724
20
3.7525901574803147
11
-2.4700552362204724
21
3.7522446456692911
0
LINE
8
BLACK
6
CONTINUOUS
10
-2.4700552362204724
20
3.7522446456692911
11
-2.4697024409448818
21
3.7511861023622046
0
LINE
8
BLACK
6
CONTINUOUS
10
-2.4697024409448818
20
3.7511861023622046
11
-2.468535433070866
21
3.7500190944881888
0
LINE
8
BLACK
6
CONTINUOUS
10
-2.468535433070866
20
3.7500190944881888
11
-2.4674767322834645
21
3.7496661811023619
0
LINE
8
BLACK
6
CONTINUOUS
10
-2.4674767322834645
20
3.7496661811023619
11
-2.4669497637795277
21
3.7496661811023619
0
LINE
8
BLACK
6
CONTINUOUS
10
-2.4669497637795277
20
3.7496661811023619
11
-2.4658911023622045
21
3.7500190944881888
0
LINE
8
BLACK
6
CONTINUOUS
10
-2.4658911023622045
20
3.7500190944881888
11
-2.4627391338582676
21
3.753171023622047
0
LINE
8
BLACK
6
CONTINUOUS
10
-2.4627391338582676
20
3.753171023622047
11
-2.4665504330708661
21
3.7569823228346455
0
LINE
8
BLACK
6
CONTINUOUS
10
-2.4665504330708661
20
3.7569823228346455
11
-2.4691679527559054
21
3.7543648031496062
0
LINE
8
BLACK
6
CONTINUOUS
10
-2.4756678346456691
20
3.7611214960629922
11
-2.4760207086614172
21
3.7600627952755903
0
LINE
8
BLACK
6
CONTINUOUS
10
-2.4760207086614172
20
3.7600627952755903
11
-2.4760207086614172
21
3.7595358267716534
0
LINE
8
BLACK
6
CONTINUOUS
10
-2.4760207086614172
20
3.7595358267716534
11
-2.4756678346456691
21
3.7584772047244095
0
LINE
8
BLACK
6
CONTINUOUS
10
-2.4756678346456691
20
3.7584772047244095
11
-2.4751637007874017
21
3.7579730314960629
0
LINE
8
BLACK
6
CONTINUOUS
10
-2.4751637007874017
20
3.7579730314960629
11
-2.4741050393700785
21
3.757620118110236
0
LINE
8
BLACK
6
CONTINUOUS
10
-2.4741050393700785
20
3.757620118110236
11
-2.4735780708661417
21
3.757620118110236
0
LINE
8
BLACK
6
CONTINUOUS
10
-2.4735780708661417
20
3.757620118110236
11
-2.472519409448819
21
3.7579730314960629
0
LINE
8
BLACK
6
CONTINUOUS
10
-2.472519409448819
20
3.7579730314960629
11
-2.4700302755905512
21
3.7604621653543306
0
LINE
8
BLACK
6
CONTINUOUS
10
-2.4700302755905512
20
3.7604621653543306
11
-2.4731787007874013
21
3.7636105905511812
0
LINE
8
BLACK
6
CONTINUOUS
10
-2.4731787007874013
20
3.7636105905511812
11
-2.4756678346456691
21
3.7611214960629922
0
LINE
8
BLACK
6
CONTINUOUS
10
-2.411793661417323
20
3.7720257086614173
11
-2.411793661417323
21
3.7701424803149606
0
LINE
8
BLACK
6
CONTINUOUS
10
-2.411793661417323
20
3.7701424803149606
11
-2.4123270472440943
21
3.7693441732283466
0
LINE
8
BLACK
6
CONTINUOUS
10
-2.4123270472440943
20
3.7693441732283466
11
-2.4145641338582675
21
3.7671071259842517
0
LINE
8
BLACK
6
CONTINUOUS
10
-2.4145641338582675
20
3.7671071259842517
11
-2.4023846062992127
21
3.7549275984251969
0
LINE
8
BLACK
6
CONTINUOUS
10
-2.4023846062992127
20
3.7549275984251969
11
-2.4018512204724409
21
3.7541292913385824
0
LINE
8
BLACK
6
CONTINUOUS
10
-2.4018512204724409
20
3.7541292913385824
11
-2.4018512204724409
21
3.7522460629921257
0
LINE
8
BLACK
6
CONTINUOUS
10
-2.4018512204724409
20
3.7522460629921257
11
-2.4031829133858267
21
3.75091437007874
0
LINE
8
BLACK
6
CONTINUOUS
10
-2.4031829133858267
20
3.75091437007874
11
-2.4050661417322834
21
3.75091437007874
0
LINE
8
BLACK
6
CONTINUOUS
10
-2.4050661417322834
20
3.75091437007874
11
-2.4058644488188974
21
3.7514477559055117
0
LINE
8
BLACK
6
CONTINUOUS
10
-2.4058644488188974
20
3.7514477559055117
11
-2.4180439763779527
21
3.763627283464567
0
LINE
8
BLACK
6
CONTINUOUS
10
-2.4180439763779527
20
3.763627283464567
11
-2.4202809842519684
21
3.7613901968503938
0
LINE
8
BLACK
6
CONTINUOUS
10
-2.4202809842519684
20
3.7613901968503938
11
-2.4210792913385828
21
3.760856811023622
0
LINE
8
BLACK
6
CONTINUOUS
10
-2.4210792913385828
20
3.760856811023622
11
-2.4229625196850395
21
3.760856811023622
0
LINE
8
BLACK
6
CONTINUOUS
10
-2.4229625196850395
20
3.760856811023622
11
-2.4242942125984253
21
3.7621885039370078
0
LINE
8
BLACK
6
CONTINUOUS
10
-2.4242942125984253
20
3.7621885039370078
11
-2.4242942125984253
21
3.7640717322834645
0
LINE
8
BLACK
6
CONTINUOUS
10
-2.4242942125984253
20
3.7640717322834645
11
-2.4237608267716535
21
3.7648700393700785
0
LINE
8
BLACK
6
CONTINUOUS
10
-2.4237608267716535
20
3.7648700393700785
11
-2.4158068897637794
21
3.7728240157480313
0
LINE
8
BLACK
6
CONTINUOUS
10
-2.4158068897637794
20
3.7728240157480313
11
-2.4150086220472442
21
3.773357401574803
0
LINE
8
BLACK
6
CONTINUOUS
10
-2.4150086220472442
20
3.773357401574803
11
-2.4131253543307087
21
3.773357401574803
0
LINE
8
BLACK
6
CONTINUOUS
10
-2.4131253543307087
20
3.773357401574803
11
-2.411793661417323
21
3.7720257086614173
0
LINE
8
BLACK
6
CONTINUOUS
10
-2.4417409055118111
20
3.7667063779527559
11
-2.4417409055118111
21
3.7648231496062992
0
LINE
8
BLACK
6
CONTINUOUS
10
-2.4417409055118111
20
3.7648231496062992
11
-2.4422742913385824
21
3.7640248425196852
0
LINE
8
BLACK
6
CONTINUOUS
10
-2.4422742913385824
20
3.7640248425196852
11
-2.4528795669291337
21
3.7534195669291339
0
LINE
8
BLACK
6
CONTINUOUS
10
-2.4528795669291337
20
3.7534195669291339
11
-2.4536778740157481
21
3.7528861811023622
0
LINE
8
BLACK
6
CONTINUOUS
10
-2.4536778740157481
20
3.7528861811023622
11
-2.4555611023622048
21
3.7528861811023622
0
LINE
8
BLACK
6
CONTINUOUS
10
-2.4555611023622048
20
3.7528861811023622
11
-2.4568927952755906
21
3.7542178740157479
0
LINE
8
BLACK
6
CONTINUOUS
10
-2.4568927952755906
20
3.7542178740157479
11
-2.4568927952755906
21
3.7561011023622046
0
LINE
8
BLACK
6
CONTINUOUS
10
-2.4568927952755906
20
3.7561011023622046
11
-2.4563594094488188
21
3.7568994094488186
0
LINE
8
BLACK
6
CONTINUOUS
10
-2.4563594094488188
20
3.7568994094488186
11
-2.4457541338582676
21
3.7675046850393699
0
LINE
8
BLACK
6
CONTINUOUS
10
-2.4457541338582676
20
3.7675046850393699
11
-2.4449558267716536
21
3.7680380708661416
0
LINE
8
BLACK
6
CONTINUOUS
10
-2.4449558267716536
20
3.7680380708661416
11
-2.4430725984251969
21
3.7680380708661416
0
LINE
8
BLACK
6
CONTINUOUS
10
-2.4430725984251969
20
3.7680380708661416
11
-2.4417409055118111
21
3.7667063779527559
0
LINE
8
BLACK
6
CONTINUOUS
10
-2.3996431889763778
20
3.7872768110236219
11
-2.3992059055118111
21
3.7872768110236219
0
LINE
8
BLACK
6
CONTINUOUS
10
-2.3992059055118111
20
3.7872768110236219
11
-2.3984075984251967
21
3.7867434251968501
0
LINE
8
BLACK
6
CONTINUOUS
10
-2.3984075984251967
20
3.7867434251968501
11
-2.3844881889763778
21
3.7728240157480313
0
LINE
8
BLACK
6
CONTINUOUS
10
-2.3844881889763778
20
3.7728240157480313
11
-2.3839548031496061
21
3.7720257086614173
0
LINE
8
BLACK
6
CONTINUOUS
10
-2.3839548031496061
20
3.7720257086614173
11
-2.3839548031496061
21
3.7701424803149606
0
LINE
8
BLACK
6
CONTINUOUS
10
-2.3839548031496061
20
3.7701424803149606
11
-2.3852864960629923
21
3.7688107874015748
0
LINE
8
BLACK
6
CONTINUOUS
10
-2.3852864960629923
20
3.7688107874015748
11
-2.387169724409449
21
3.7688107874015748
0
LINE
8
BLACK
6
CONTINUOUS
10
-2.387169724409449
20
3.7688107874015748
11
-2.387968031496063
21
3.7693441732283466
0
LINE
8
BLACK
6
CONTINUOUS
10
-2.387968031496063
20
3.7693441732283466
11
-2.3940446456692914
21
3.7754207874015746
0
LINE
8
BLACK
6
CONTINUOUS
10
-2.3940446456692914
20
3.7754207874015746
11
-2.3925324015748033
21
3.7712621653543308
0
LINE
8
BLACK
6
CONTINUOUS
10
-2.3925324015748033
20
3.7712621653543308
11
-2.3924361417322833
21
3.7706353937007875
0
LINE
8
BLACK
6
CONTINUOUS
10
-2.3924361417322833
20
3.7706353937007875
11
-2.3923866535433072
21
3.7705293307086611
0
LINE
8
BLACK
6
CONTINUOUS
10
-2.3923866535433072
20
3.7705293307086611
11
-2.3924099999999999
21
3.7704651574803147
0
LINE
8
BLACK
6
CONTINUOUS
10
-2.3924099999999999
20
3.7704651574803147
11
-2.3923866535433072
21
3.7703131889763779
0
LINE
8
BLACK
6
CONTINUOUS
10
-2.3923866535433072
20
3.7703131889763779
11
-2.3927427165354329
21
3.7695502362204723
0
LINE
8
BLACK
6
CONTINUOUS
10
-2.3927427165354329
20
3.7695502362204723
11
-2.3930302755905513
21
3.7687594094488186
0
LINE
8
BLACK
6
CONTINUOUS
10
-2.3930302755905513
20
3.7687594094488186
11
-2.3931344488188975
21
3.7687108267716534
0
LINE
8
BLACK
6
CONTINUOUS
10
-2.3931344488188975
20
3.7687108267716534
11
-2.3931830314960632
21
3.7686066535433072
0
LINE
8
BLACK
6
CONTINUOUS
10
-2.3931830314960632
20
3.7686066535433072
11
-2.3939738582677164
21
3.7683190944881888
0
LINE
8
BLACK
6
CONTINUOUS
10
-2.3939738582677164
20
3.7683190944881888
11
-2.394736811023622
21
3.767963031496063
0
LINE
8
BLACK
6
CONTINUOUS
10
-2.394736811023622
20
3.767963031496063
11
-2.3948887795275589
21
3.7679863779527558
0
LINE
8
BLACK
6
CONTINUOUS
10
-2.3948887795275589
20
3.7679863779527558
11
-2.3949529527559053
21
3.767963031496063
0
LINE
8
BLACK
6
CONTINUOUS
10
-2.3949529527559053
20
3.767963031496063
11
-2.3950590157480316
21
3.7680125196850391
0
LINE
8
BLACK
6
CONTINUOUS
10
-2.3950590157480316
20
3.7680125196850391
11
-2.3956857874015749
21
3.7681087795275592
0
LINE
8
BLACK
6
CONTINUOUS
10
-2.3956857874015749
20
3.7681087795275592
11
-2.3998444094488187
21
3.7696210236220473
0
LINE
8
BLACK
6
CONTINUOUS
10
-2.3998444094488187
20
3.7696210236220473
11
-2.3937677952755907
21
3.7635444094488189
0
LINE
8
BLACK
6
CONTINUOUS
10
-2.3937677952755907
20
3.7635444094488189
11
-2.3932344094488189
21
3.7627461023622049
0
LINE
8
BLACK
6
CONTINUOUS
10
-2.3932344094488189
20
3.7627461023622049
11
-2.3932344094488189
21
3.7608628740157481
0
LINE
8
BLACK
6
CONTINUOUS
10
-2.3932344094488189
20
3.7608628740157481
11
-2.3945661023622047
21
3.759531181102362
0
LINE
8
BLACK
6
CONTINUOUS
10
-2.3945661023622047
20
3.759531181102362
11
-2.3964493307086614
21
3.759531181102362
0
LINE
8
BLACK
6
CONTINUOUS
10
-2.3964493307086614
20
3.759531181102362
11
-2.3972476377952754
21
3.7600645669291337
0
LINE
8
BLACK
6
CONTINUOUS
10
-2.3972476377952754
20
3.7600645669291337
11
-2.411167086614173
21
3.7739839763779526
0
LINE
8
BLACK
6
CONTINUOUS
10
-2.411167086614173
20
3.7739839763779526
11
-2.4117004724409448
21
3.774782283464567
0
LINE
8
BLACK
6
CONTINUOUS
10
-2.4117004724409448
20
3.774782283464567
11
-2.4117004724409448
21
3.7752195669291337
0
LINE
8
BLACK
6
CONTINUOUS
10
-2.4117004724409448
20
3.7752195669291337
11
-2.4118853937007874
21
3.7756158267716535
0
LINE
8
BLACK
6
CONTINUOUS
10
-2.4118853937007874
20
3.7756158267716535
11
-2.4117004724409448
21
3.7761244094488187
0
LINE
8
BLACK
6
CONTINUOUS
10
-2.4117004724409448
20
3.7761244094488187
11
-2.4117004724409448
21
3.7766655118110237
0
LINE
8
BLACK
6
CONTINUOUS
10
-2.4117004724409448
20
3.7766655118110237
11
-2.4113912992125983
21
3.7769747244094489
0
LINE
8
BLACK
6
CONTINUOUS
10
-2.4113912992125983
20
3.7769747244094489
11
-2.411241811023622
21
3.7773857480314961
0
LINE
8
BLACK
6
CONTINUOUS
10
-2.411241811023622
20
3.7773857480314961
11
-2.4107513779527561
21
3.7776146456692912
0
LINE
8
BLACK
6
CONTINUOUS
10
-2.4107513779527561
20
3.7776146456692912
11
-2.410368779527559
21
3.7779972047244095
0
LINE
8
BLACK
6
CONTINUOUS
10
-2.410368779527559
20
3.7779972047244095
11
-2.4099314960629923
21
3.7779972047244095
0
LINE
8
BLACK
6
CONTINUOUS
10
-2.4099314960629923
20
3.7779972047244095
11
-2.4095352362204725
21
3.7781821259842521
0
LINE
8
BLACK
6
CONTINUOUS
10
-2.4095352362204725
20
3.7781821259842521
11
-2.4085862598425196
21
3.7780363779527559
0
LINE
8
BLACK
6
CONTINUOUS
10
-2.4085862598425196
20
3.7780363779527559
11
-2.3989592913385827
21
3.7745356692913385
0
LINE
8
BLACK
6
CONTINUOUS
10
-2.3989592913385827
20
3.7745356692913385
11
-2.40246
21
3.7841625984251968
0
LINE
8
BLACK
6
CONTINUOUS
10
-2.40246
20
3.7841625984251968
11
-2.4026057480314962
21
3.7851115748031496
0
LINE
8
BLACK
6
CONTINUOUS
10
-2.4026057480314962
20
3.7851115748031496
11
-2.4024208267716536
21
3.7855078740157477
0
LINE
8
BLACK
6
CONTINUOUS
10
-2.4024208267716536
20
3.7855078740157477
11
-2.4024208267716536
21
3.7859451181102362
0
LINE
8
BLACK
6
CONTINUOUS
10
-2.4024208267716536
20
3.7859451181102362
11
-2.4020382677165353
21
3.7863277165354328
0
LINE
8
BLACK
6
CONTINUOUS
10
-2.4020382677165353
20
3.7863277165354328
11
-2.4018093700787402
21
3.7868181496062991
0
LINE
8
BLACK
6
CONTINUOUS
10
-2.4018093700787402
20
3.7868181496062991
11
-2.401398346456693
21
3.7869676377952755
0
LINE
8
BLACK
6
CONTINUOUS
10
-2.401398346456693
20
3.7869676377952755
11
-2.4010891338582678
21
3.7872768110236219
0
LINE
8
BLACK
6
CONTINUOUS
10
-2.4010891338582678
20
3.7872768110236219
11
-2.400547992125984
21
3.7872768110236219
0
LINE
8
BLACK
6
CONTINUOUS
10
-2.400547992125984
20
3.7872768110236219
11
-2.4000394488188976
21
3.7874617322834645
0
LINE
8
BLACK
6
CONTINUOUS
10
-2.4000394488188976
20
3.7874617322834645
11
-2.3996431889763778
21
3.7872768110236219
0
LINE
8
BLACK
6
CONTINUOUS
10
-2.3346214173228348
20
3.8231210629921257
11
-2.3292022834645669
21
3.8208763779527559
0
LINE
8
BLACK
6
CONTINUOUS
10
-2.3292022834645669
20
3.8208763779527559
11
-2.3243252362204725
21
3.8176176377952755
0
LINE
8
BLACK
6
CONTINUOUS
10
-2.3243252362204725
20
3.8176176377952755
11
-2.3201776377952754
21
3.8134700393700784
0
LINE
8
BLACK
6
CONTINUOUS
10
-2.3201776377952754
20
3.8134700393700784
11
-2.316918897637795
21
3.808592992125984
0
LINE
8
BLACK
6
CONTINUOUS
10
-2.316918897637795
20
3.808592992125984
11
-2.3146742125984252
21
3.8031738582677166
0
LINE
8
BLACK
6
CONTINUOUS
10
-2.3146742125984252
20
3.8031738582677166
11
-2.3135299212598426
21
3.7974209842519686
0
LINE
8
BLACK
6
CONTINUOUS
10
-2.3135299212598426
20
3.7974209842519686
11
-2.3135299212598426
21
3.7915553937007873
0
LINE
8
BLACK
6
CONTINUOUS
10
-2.3135299212598426
20
3.7915553937007873
11
-2.3146742125984252
21
3.7858025196850393
0
LINE
8
BLACK
6
CONTINUOUS
10
-2.3146742125984252
20
3.7858025196850393
11
-2.316918897637795
21
3.7803833858267715
0
LINE
8
BLACK
6
CONTINUOUS
10
-2.316918897637795
20
3.7803833858267715
11
-2.3201776377952754
21
3.775506338582677
0
LINE
8
BLACK
6
CONTINUOUS
10
-2.3201776377952754
20
3.775506338582677
11
-2.3243252362204725
21
3.7713587401574804
0
LINE
8
BLACK
6
CONTINUOUS
10
-2.3243252362204725
20
3.7713587401574804
11
-2.3292022834645669
21
3.7681
0
LINE
8
BLACK
6
CONTINUOUS
10
-2.3292022834645669
20
3.7681
11
-2.3346214173228348
21
3.7658553149606298
0
LINE
8
BLACK
6
CONTINUOUS
10
-2.3346214173228348
20
3.7658553149606298
11
-2.3403742913385828
21
3.7647110236220471
0
LINE
8
BLACK
6
CONTINUOUS
10
-2.3403742913385828
20
3.7647110236220471
11
-2.3462398818897636
21
3.7647110236220471
0
LINE
8
BLACK
6
CONTINUOUS
10
-2.3462398818897636
20
3.7647110236220471
11
-2.3519927559055116
21
3.7658553149606298
0
LINE
8
BLACK
6
CONTINUOUS
10
-2.3519927559055116
20
3.7658553149606298
11
-2.3574118897637795
21
3.7681
0
LINE
8
BLACK
6
CONTINUOUS
10
-2.3574118897637795
20
3.7681
11
-2.3622889370078739
21
3.7713587401574804
0
LINE
8
BLACK
6
CONTINUOUS
10
-2.3622889370078739
20
3.7713587401574804
11
-2.366436535433071
21
3.775506338582677
0
LINE
8
BLACK
6
CONTINUOUS
10
-2.366436535433071
20
3.775506338582677
11
-2.3696952755905509
21
3.7803833858267715
0
LINE
8
BLACK
6
CONTINUOUS
10
-2.3696952755905509
20
3.7803833858267715
11
-2.3719399606299212
21
3.7858025196850393
0
LINE
8
BLACK
6
CONTINUOUS
10
-2.3719399606299212
20
3.7858025196850393
11
-2.3730842519685038
21
3.7915553937007873
0
LINE
8
BLACK
6
CONTINUOUS
10
-2.3730842519685038
20
3.7915553937007873
11
-2.3730842519685038
21
3.7969698818897637
0
LINE
8
BLACK
6
CONTINUOUS
10
-2.3730842519685038
20
3.7969698818897637
11
-2.3730842519685038
21
3.7974209842519686
0
LINE
8
BLACK
6
CONTINUOUS
10
-2.3730842519685038
20
3.7974209842519686
11
-2.3719399606299212
21
3.8031738582677166
0
LINE
8
BLACK
6
CONTINUOUS
10
-2.3719399606299212
20
3.8031738582677166
11
-2.3696952755905509
21
3.808592992125984
0
LINE
8
BLACK
6
CONTINUOUS
10
-2.3696952755905509
20
3.808592992125984
11
-2.366436535433071
21
3.8134700393700784
0
LINE
8
BLACK
6
CONTINUOUS
10
-2.366436535433071
20
3.8134700393700784
11
-2.3622889370078739
21
3.8176176377952755
0
LINE
8
BLACK
6
CONTINUOUS
10
-2.3622889370078739
20
3.8176176377952755
11
-2.3574118897637795
21
3.8208763779527559
0
LINE
8
BLACK
6
CONTINUOUS
10
-2.3574118897637795
20
3.8208763779527559
11
-2.3519927559055116
21
3.8231210629921257
0
LINE
8
BLACK
6
CONTINUOUS
10
-2.3519927559055116
20
3.8231210629921257
11
-2.3462398818897636
21
3.8242653543307084
0
LINE
8
BLACK
6
CONTINUOUS
10
-2.3462398818897636
20
3.8242653543307084
11
-2.3403742913385828
21
3.8242653543307084
0
LINE
8
BLACK
6
CONTINUOUS
10
-2.3403742913385828
20
3.8242653543307084
11
-2.3346214173228348
21
3.8231210629921257
0
LINE
8
BLACK
6
CONTINUOUS
10
-2.368503937007874
20
3.7920064960629922
11
-2.3675356299212598
21
3.7871385433070865
0
LINE
8
BLACK
6
CONTINUOUS
10
-2.3675356299212598
20
3.7871385433070865
11
-2.3656362598425198
21
3.7825529921259839
0
LINE
8
BLACK
6
CONTINUOUS
10
-2.3656362598425198
20
3.7825529921259839
11
-2.3628787795275592
21
3.7784261417322833
0
LINE
8
BLACK
6
CONTINUOUS
10
-2.3628787795275592
20
3.7784261417322833
11
-2.3593691338582676
21
3.7749164960629922
0
LINE
8
BLACK
6
CONTINUOUS
10
-2.3593691338582676
20
3.7749164960629922
11
-2.355242283464567
21
3.7721590157480316
0
LINE
8
BLACK
6
CONTINUOUS
10
-2.355242283464567
20
3.7721590157480316
11
-2.3506567322834644
21
3.7702596456692912
0
LINE
8
BLACK
6
CONTINUOUS
10
-2.3506567322834644
20
3.7702596456692912
11
-2.3457887795275592
21
3.769291338582677
0
LINE
8
BLACK
6
CONTINUOUS
10
-2.3457887795275592
20
3.769291338582677
11
-2.3408253937007872
21
3.769291338582677
0
LINE
8
BLACK
6
CONTINUOUS
10
-2.3408253937007872
20
3.769291338582677
11
-2.335957440944882
21
3.7702596456692912
0
LINE
8
BLACK
6
CONTINUOUS
10
-2.335957440944882
20
3.7702596456692912
11
-2.3313718897637794
21
3.7721590157480316
0
LINE
8
BLACK
6
CONTINUOUS
10
-2.3313718897637794
20
3.7721590157480316
11
-2.3272450393700788
21
3.7749164960629922
0
LINE
8
BLACK
6
CONTINUOUS
10
-2.3272450393700788
20
3.7749164960629922
11
-2.3237353937007872
21
3.7784261417322833
0
LINE
8
BLACK
6
CONTINUOUS
10
-2.3237353937007872
20
3.7784261417322833
11
-2.3209779133858266
21
3.7825529921259839
0
LINE
8
BLACK
6
CONTINUOUS
10
-2.3209779133858266
20
3.7825529921259839
11
-2.3190785433070866
21
3.7871385433070865
0
LINE
8
BLACK
6
CONTINUOUS
10
-2.3190785433070866
20
3.7871385433070865
11
-2.3181102362204724
21
3.7920064960629922
0
LINE
8
BLACK
6
CONTINUOUS
10
-2.3181102362204724
20
3.7920064960629922
11
-2.3181102362204724
21
3.7969698818897637
0
LINE
8
BLACK
6
CONTINUOUS
10
-2.3181102362204724
20
3.7969698818897637
11
-2.3190785433070866
21
3.8018378346456694
0
LINE
8
BLACK
6
CONTINUOUS
10
-2.3190785433070866
20
3.8018378346456694
11
-2.3209779133858266
21
3.8064233858267715
0
LINE
8
BLACK
6
CONTINUOUS
10
-2.3209779133858266
20
3.8064233858267715
11
-2.3237353937007872
21
3.8105502362204722
0
LINE
8
BLACK
6
CONTINUOUS
10
-2.3237353937007872
20
3.8105502362204722
11
-2.3272450393700788
21
3.8140598818897637
0
LINE
8
BLACK
6
CONTINUOUS
10
-2.3272450393700788
20
3.8140598818897637
11
-2.3313718897637794
21
3.8168173622047243
0
LINE
8
BLACK
6
CONTINUOUS
10
-2.3313718897637794
20
3.8168173622047243
11
-2.335957440944882
21
3.8187167322834643
0
LINE
8
BLACK
6
CONTINUOUS
10
-2.335957440944882
20
3.8187167322834643
11
-2.3408253937007872
21
3.8196850393700785
0
LINE
8
BLACK
6
CONTINUOUS
10
-2.3408253937007872
20
3.8196850393700785
11
-2.3457887795275592
21
3.8196850393700785
0
LINE
8
BLACK
6
CONTINUOUS
10
-2.3457887795275592
20
3.8196850393700785
11
-2.3506567322834644
21
3.8187167322834643
0
LINE
8
BLACK
6
CONTINUOUS
10
-2.3506567322834644
20
3.8187167322834643
11
-2.355242283464567
21
3.8168173622047243
0
LINE
8
BLACK
6
CONTINUOUS
10
-2.355242283464567
20
3.8168173622047243
11
-2.3593691338582676
21
3.8140598818897637
0
LINE
8
BLACK
6
CONTINUOUS
10
-2.3593691338582676
20
3.8140598818897637
11
-2.3628787795275592
21
3.8105502362204722
0
LINE
8
BLACK
6
CONTINUOUS
10
-2.3628787795275592
20
3.8105502362204722
11
-2.3656362598425198
21
3.8064233858267715
0
LINE
8
BLACK
6
CONTINUOUS
10
-2.3656362598425198
20
3.8064233858267715
11
-2.3675356299212598
21
3.8018378346456694
0
LINE
8
BLACK
6
CONTINUOUS
10
-2.3675356299212598
20
3.8018378346456694
11
-2.368503937007874
21
3.7969698818897637
0
LINE
8
BLACK
6
CONTINUOUS
10
-2.368503937007874
20
3.7969698818897637
11
-2.368503937007874
21
3.7920064960629922
0
LINE
8
BLACK
6
CONTINUOUS
10
-2.4457412992125982
20
3.792698149606299
11
-2.4456405118110234
21
3.792723307086614
0
LINE
8
BLACK
6
CONTINUOUS
10
-2.4456405118110234
20
3.792723307086614
11
-2.4453567322834644
21
3.792621653543307
0
LINE
8
BLACK
6
CONTINUOUS
10
-2.4453567322834644
20
3.792621653543307
11
-2.4450610236220474
21
3.7925627952755905
0
LINE
8
BLACK
6
CONTINUOUS
10
-2.4450610236220474
20
3.7925627952755905
11
-2.4449875984251968
21
3.7924893700787399
0
LINE
8
BLACK
6
CONTINUOUS
10
-2.4449875984251968
20
3.7924893700787399
11
-2.4447366929133856
21
3.7923994488188977
0
LINE
8
BLACK
6
CONTINUOUS
10
-2.4447366929133856
20
3.7923994488188977
11
-2.441422559055118
21
3.7904109448818897
0
LINE
8
BLACK
6
CONTINUOUS
10
-2.441422559055118
20
3.7904109448818897
11
-2.4411992913385827
21
3.7902083858267717
0
LINE
8
BLACK
6
CONTINUOUS
10
-2.4411992913385827
20
3.7902083858267717
11
-2.4409486220472441
21
3.7900409055118107
0
LINE
8
BLACK
6
CONTINUOUS
10
-2.4409486220472441
20
3.7900409055118107
11
-2.4363088188976376
21
3.7854011417322835
0
LINE
8
BLACK
6
CONTINUOUS
10
-2.4363088188976376
20
3.7854011417322835
11
-2.4361412598425196
21
3.7851503543307086
0
LINE
8
BLACK
6
CONTINUOUS
10
-2.4361412598425196
20
3.7851503543307086
11
-2.4359387795275591
21
3.7849271653543308
0
LINE
8
BLACK
6
CONTINUOUS
10
-2.4359387795275591
20
3.7849271653543308
11
-2.4339502755905511
21
3.7816130314960628
0
LINE
8
BLACK
6
CONTINUOUS
10
-2.4339502755905511
20
3.7816130314960628
11
-2.4338603937007872
21
3.7813621653543308
0
LINE
8
BLACK
6
CONTINUOUS
10
-2.4338603937007872
20
3.7813621653543308
11
-2.4337869291338583
21
3.7812887007874014
0
LINE
8
BLACK
6
CONTINUOUS
10
-2.4337869291338583
20
3.7812887007874014
11
-2.4337281102362205
21
3.7809930314960627
0
LINE
8
BLACK
6
CONTINUOUS
10
-2.4337281102362205
20
3.7809930314960627
11
-2.4336264173228348
21
3.780709212598425
0
LINE
8
BLACK
6
CONTINUOUS
10
-2.4336264173228348
20
3.780709212598425
11
-2.4336516141732285
21
3.7806084645669289
0
LINE
8
BLACK
6
CONTINUOUS
10
-2.4336516141732285
20
3.7806084645669289
11
-2.4335996062992127
21
3.7803470472440943
0
LINE
8
BLACK
6
CONTINUOUS
10
-2.4335996062992127
20
3.7803470472440943
11
-2.4335996062992127
21
3.7776957086614171
0
LINE
8
BLACK
6
CONTINUOUS
10
-2.4335996062992127
20
3.7776957086614171
11
-2.4336765748031497
21
3.7773089763779528
0
LINE
8
BLACK
6
CONTINUOUS
10
-2.4336765748031497
20
3.7773089763779528
11
-2.433725866141732
21
3.7769175590551178
0
LINE
8
BLACK
6
CONTINUOUS
10
-2.433725866141732
20
3.7769175590551178
11
-2.4343887007874017
21
3.774929094488189
0
LINE
8
BLACK
6
CONTINUOUS
10
-2.4343887007874017
20
3.774929094488189
11
-2.4344497637795275
21
3.7748220078740156
0
LINE
8
BLACK
6
CONTINUOUS
10
-2.4344497637795275
20
3.7748220078740156
11
-2.4344497637795275
21
3.77476562992126
0
LINE
8
BLACK
6
CONTINUOUS
10
-2.4344497637795275
20
3.77476562992126
11
-2.4346687007874017
21
3.7744379921259843
0
LINE
8
BLACK
6
CONTINUOUS
10
-2.4346687007874017
20
3.7744379921259843
11
-2.4348642125984252
21
3.774095
0
LINE
8
BLACK
6
CONTINUOUS
10
-2.4348642125984252
20
3.774095
11
-2.4349147244094489
21
3.7740697637795275
0
LINE
8
BLACK
6
CONTINUOUS
10
-2.4349147244094489
20
3.7740697637795275
11
-2.4349831496062992
21
3.7739673228346455
0
LINE
8
BLACK
6
CONTINUOUS
10
-2.4349831496062992
20
3.7739673228346455
11
-2.4376344881889764
21
3.7713159842519683
0
LINE
8
BLACK
6
CONTINUOUS
10
-2.4376344881889764
20
3.7713159842519683
11
-2.4377370078740155
21
3.7712475196850392
0
LINE
8
BLACK
6
CONTINUOUS
10
-2.4377370078740155
20
3.7712475196850392
11
-2.4377622047244092
21
3.7711970472440943
0
LINE
8
BLACK
6
CONTINUOUS
10
-2.4377622047244092
20
3.7711970472440943
11
-2.4381049212598427
21
3.7710016929133858
0
LINE
8
BLACK
6
CONTINUOUS
10
-2.4381049212598427
20
3.7710016929133858
11
-2.4384327952755904
21
3.7707825984251966
0
LINE
8
BLACK
6
CONTINUOUS
10
-2.4384327952755904
20
3.7707825984251966
11
-2.4384891732283465
21
3.7707825984251966
0
LINE
8
BLACK
6
CONTINUOUS
10
-2.4384891732283465
20
3.7707825984251966
11
-2.4385962992125982
21
3.7707215354330708
0
LINE
8
BLACK
6
CONTINUOUS
10
-2.4385962992125982
20
3.7707215354330708
11
-2.4405847244094487
21
3.7700587007874016
0
LINE
8
BLACK
6
CONTINUOUS
10
-2.4405847244094487
20
3.7700587007874016
11
-2.4409761023622045
21
3.7700094094488188
0
LINE
8
BLACK
6
CONTINUOUS
10
-2.4409761023622045
20
3.7700094094488188
11
-2.441362874015748
21
3.7699324409448818
0
LINE
8
BLACK
6
CONTINUOUS
10
-2.441362874015748
20
3.7699324409448818
11
-2.4440142125984252
21
3.7699324409448818
0
LINE
8
BLACK
6
CONTINUOUS
10
-2.4440142125984252
20
3.7699324409448818
11
-2.4442756299212598
21
3.7699844488188976
0
LINE
8
BLACK
6
CONTINUOUS
10
-2.4442756299212598
20
3.7699844488188976
11
-2.4443763779527559
21
3.7699592519685039
0
LINE
8
BLACK
6
CONTINUOUS
10
-2.4443763779527559
20
3.7699592519685039
11
-2.4446601968503936
21
3.7700609448818896
0
LINE
8
BLACK
6
CONTINUOUS
10
-2.4446601968503936
20
3.7700609448818896
11
-2.4449558661417323
21
3.7701197637795274
0
LINE
8
BLACK
6
CONTINUOUS
10
-2.4449558661417323
20
3.7701197637795274
11
-2.4450293307086612
21
3.7701932283464568
0
LINE
8
BLACK
6
CONTINUOUS
10
-2.4450293307086612
20
3.7701932283464568
11
-2.4452801968503937
21
3.7702831102362202
0
LINE
8
BLACK
6
CONTINUOUS
10
-2.4452801968503937
20
3.7702831102362202
11
-2.4485943307086613
21
3.7722716141732282
0
LINE
8
BLACK
6
CONTINUOUS
10
-2.4485943307086613
20
3.7722716141732282
11
-2.4488175196850395
21
3.7724740944881887
0
LINE
8
BLACK
6
CONTINUOUS
10
-2.4488175196850395
20
3.7724740944881887
11
-2.4490683070866139
21
3.7726416535433072
0
LINE
8
BLACK
6
CONTINUOUS
10
-2.4490683070866139
20
3.7726416535433072
11
-2.4537080708661416
21
3.7772814566929132
0
LINE
8
BLACK
6
CONTINUOUS
10
-2.4537080708661416
20
3.7772814566929132
11
-2.4538755511811021
21
3.7775321259842518
0
LINE
8
BLACK
6
CONTINUOUS
10
-2.4538755511811021
20
3.7775321259842518
11
-2.4540781102362206
21
3.7777553937007875
0
LINE
8
BLACK
6
CONTINUOUS
10
-2.4540781102362206
20
3.7777553937007875
11
-2.4560666141732281
21
3.7810695275590551
0
LINE
8
BLACK
6
CONTINUOUS
10
-2.4560666141732281
20
3.7810695275590551
11
-2.4561565354330708
21
3.7813204330708658
0
LINE
8
BLACK
6
CONTINUOUS
10
-2.4561565354330708
20
3.7813204330708658
11
-2.4562299606299214
21
3.7813938582677165
0
LINE
8
BLACK
6
CONTINUOUS
10
-2.4562299606299214
20
3.7813938582677165
11
-2.4562888188976379
21
3.7816895669291339
0
LINE
8
BLACK
6
CONTINUOUS
10
-2.4562888188976379
20
3.7816895669291339
11
-2.4563904724409449
21
3.7819733464566929
0
LINE
8
BLACK
6
CONTINUOUS
10
-2.4563904724409449
20
3.7819733464566929
11
-2.4563653149606299
21
3.7820741338582677
0
LINE
8
BLACK
6
CONTINUOUS
10
-2.4563653149606299
20
3.7820741338582677
11
-2.456417283464567
21
3.7823355118110236
0
LINE
8
BLACK
6
CONTINUOUS
10
-2.456417283464567
20
3.7823355118110236
11
-2.456417283464567
21
3.7849868503937008
0
LINE
8
BLACK
6
CONTINUOUS
10
-2.456417283464567
20
3.7849868503937008
11
-2.4563403543307087
21
3.7853737007874013
0
LINE
8
BLACK
6
CONTINUOUS
10
-2.4563403543307087
20
3.7853737007874013
11
-2.4562910236220472
21
3.7857649606299213
0
LINE
8
BLACK
6
CONTINUOUS
10
-2.4562910236220472
20
3.7857649606299213
11
-2.455628188976378
21
3.7877534645669289
0
LINE
8
BLACK
6
CONTINUOUS
10
-2.455628188976378
20
3.7877534645669289
11
-2.4555671259842518
21
3.7878605905511811
0
LINE
8
BLACK
6
CONTINUOUS
10
-2.4555671259842518
20
3.7878605905511811
11
-2.4555671259842518
21
3.7879169685039371
0
LINE
8
BLACK
6
CONTINUOUS
10
-2.4555671259842518
20
3.7879169685039371
11
-2.4553480708661417
21
3.7882448818897636
0
LINE
8
BLACK
6
CONTINUOUS
10
-2.4553480708661417
20
3.7882448818897636
11
-2.4551526771653545
21
3.7885875590551179
0
LINE
8
BLACK
6
CONTINUOUS
10
-2.4551526771653545
20
3.7885875590551179
11
-2.4551022440944883
21
3.7886127952755904
0
LINE
8
BLACK
6
CONTINUOUS
10
-2.4551022440944883
20
3.7886127952755904
11
-2.4550337401574804
21
3.7887152755905511
0
LINE
8
BLACK
6
CONTINUOUS
10
-2.4550337401574804
20
3.7887152755905511
11
-2.452382440944882
21
3.7913665748031495
0
LINE
8
BLACK
6
CONTINUOUS
10
-2.452382440944882
20
3.7913665748031495
11
-2.4522799606299213
21
3.7914350787401574
0
LINE
8
BLACK
6
CONTINUOUS
10
-2.4522799606299213
20
3.7914350787401574
11
-2.4522547244094488
21
3.7914855118110236
0
LINE
8
BLACK
6
CONTINUOUS
10
-2.4522547244094488
20
3.7914855118110236
11
-2.4519120472440945
21
3.7916809055118108
0
LINE
8
BLACK
6
CONTINUOUS
10
-2.4519120472440945
20
3.7916809055118108
11
-2.4515841338582676
21
3.7918999606299213
0
LINE
8
BLACK
6
CONTINUOUS
10
-2.4515841338582676
20
3.7918999606299213
11
-2.451527755905512
21
3.7918999606299213
0
LINE
8
BLACK
6
CONTINUOUS
10
-2.451527755905512
20
3.7918999606299213
11
-2.4514206299212598
21
3.7919610236220471
0
LINE
8
BLACK
6
CONTINUOUS
10
-2.4514206299212598
20
3.7919610236220471
11
-2.4494321259842518
21
3.7926238582677163
0
LINE
8
BLACK
6
CONTINUOUS
10
-2.4494321259842518
20
3.7926238582677163
11
-2.4490408661417322
21
3.7926731889763778
0
LINE
8
BLACK
6
CONTINUOUS
10
-2.4490408661417322
20
3.7926731889763778
11
-2.4486540157480317
21
3.7927501181102361
0
LINE
8
BLACK
6
CONTINUOUS
10
-2.4486540157480317
20
3.7927501181102361
11
-2.4460026771653545
21
3.7927501181102361
0
LINE
8
BLACK
6
CONTINUOUS
10
-2.4460026771653545
20
3.7927501181102361
11
-2.4457412992125982
21
3.792698149606299
0
LINE
8
BLACK
6
CONTINUOUS
10
-2.4493133858267715
20
3.7874759842519685
11
-2.451143149606299
21
3.785646220472441
0
LINE
8
BLACK
6
CONTINUOUS
10
-2.451143149606299
20
3.785646220472441
11
-2.4514960236220471
21
3.7845875196850391
0
LINE
8
BLACK
6
CONTINUOUS
10
-2.4514960236220471
20
3.7845875196850391
11
-2.4514960236220471
21
3.7830170866141732
0
LINE
8
BLACK
6
CONTINUOUS
10
-2.4514960236220471
20
3.7830170866141732
11
-2.45001405511811
21
3.7805471259842518
0
LINE
8
BLACK
6
CONTINUOUS
10
-2.45001405511811
20
3.7805471259842518
11
-2.4458025196850395
21
3.7763356299212596
0
LINE
8
BLACK
6
CONTINUOUS
10
-2.4458025196850395
20
3.7763356299212596
11
-2.4433326771653543
21
3.7748537007874017
0
LINE
8
BLACK
6
CONTINUOUS
10
-2.4433326771653543
20
3.7748537007874017
11
-2.4417622440944879
21
3.7748537007874017
0
LINE
8
BLACK
6
CONTINUOUS
10
-2.4417622440944879
20
3.7748537007874017
11
-2.4407035826771653
21
3.7752066141732281
0
LINE
8
BLACK
6
CONTINUOUS
10
-2.4407035826771653
20
3.7752066141732281
11
-2.438873779527559
21
3.7770364173228343
0
LINE
8
BLACK
6
CONTINUOUS
10
-2.438873779527559
20
3.7770364173228343
11
-2.4385208661417321
21
3.7780950787401575
0
LINE
8
BLACK
6
CONTINUOUS
10
-2.4385208661417321
20
3.7780950787401575
11
-2.4385208661417321
21
3.7796655118110234
0
LINE
8
BLACK
6
CONTINUOUS
10
-2.4385208661417321
20
3.7796655118110234
11
-2.4400027952755905
21
3.7821353543307086
0
LINE
8
BLACK
6
CONTINUOUS
10
-2.4400027952755905
20
3.7821353543307086
11
-2.4442142913385827
21
3.7863468897637795
0
LINE
8
BLACK
6
CONTINUOUS
10
-2.4442142913385827
20
3.7863468897637795
11
-2.4466842125984249
21
3.7878288582677166
0
LINE
8
BLACK
6
CONTINUOUS
10
-2.4466842125984249
20
3.7878288582677166
11
-2.44825468503937
21
3.7878288582677166
0
LINE
8
BLACK
6
CONTINUOUS
10
-2.44825468503937
20
3.7878288582677166
11
-2.4493133858267715
21
3.7874759842519685
0
LINE
8
BLACK
6
CONTINUOUS
10
-2.4349831496062992
20
3.8052860236220472
11
-2.4210637401574804
21
3.7913665748031495
0
LINE
8
BLACK
6
CONTINUOUS
10
-2.4210637401574804
20
3.7913665748031495
11
-2.4205303543307086
21
3.7905682677165355
0
LINE
8
BLACK
6
CONTINUOUS
10
-2.4205303543307086
20
3.7905682677165355
11
-2.4205303543307086
21
3.7886850393700788
0
LINE
8
BLACK
6
CONTINUOUS
10
-2.4205303543307086
20
3.7886850393700788
11
-2.4210637401574804
21
3.7878867322834644
0
LINE
8
BLACK
6
CONTINUOUS
10
-2.4210637401574804
20
3.7878867322834644
11
-2.4276920078740156
21
3.7812584251968504
0
LINE
8
BLACK
6
CONTINUOUS
10
-2.4276920078740156
20
3.7812584251968504
11
-2.4284903149606301
21
3.7807250393700786
0
LINE
8
BLACK
6
CONTINUOUS
10
-2.4284903149606301
20
3.7807250393700786
11
-2.4303735433070868
21
3.7807250393700786
0
LINE
8
BLACK
6
CONTINUOUS
10
-2.4303735433070868
20
3.7807250393700786
11
-2.4317052362204725
21
3.7820567322834644
0
LINE
8
BLACK
6
CONTINUOUS
10
-2.4317052362204725
20
3.7820567322834644
11
-2.4317052362204725
21
3.7839399606299211
0
LINE
8
BLACK
6
CONTINUOUS
10
-2.4317052362204725
20
3.7839399606299211
11
-2.4311718503937008
21
3.7847382677165355
0
LINE
8
BLACK
6
CONTINUOUS
10
-2.4311718503937008
20
3.7847382677165355
11
-2.4262835039370079
21
3.7896266535433072
0
LINE
8
BLACK
6
CONTINUOUS
10
-2.4262835039370079
20
3.7896266535433072
11
-2.4384629921259844
21
3.801806181102362
0
LINE
8
BLACK
6
CONTINUOUS
10
-2.4384629921259844
20
3.801806181102362
11
-2.4389963779527557
21
3.8026044881889765
0
LINE
8
BLACK
6
CONTINUOUS
10
-2.4389963779527557
20
3.8026044881889765
11
-2.4389963779527557
21
3.8044877165354332
0
LINE
8
BLACK
6
CONTINUOUS
10
-2.4389963779527557
20
3.8044877165354332
11
-2.4376646850393699
21
3.8058194094488189
0
LINE
8
BLACK
6
CONTINUOUS
10
-2.4376646850393699
20
3.8058194094488189
11
-2.4357814566929132
21
3.8058194094488189
0
LINE
8
BLACK
6
CONTINUOUS
10
-2.4357814566929132
20
3.8058194094488189
11
-2.4349831496062992
21
3.8052860236220472
0
LINE
8
BLACK
6
CONTINUOUS
10
-2.4131097637795276
20
3.8271593700787401
11
-2.3991903543307087
21
3.8132399606299212
0
LINE
8
BLACK
6
CONTINUOUS
10
-2.3991903543307087
20
3.8132399606299212
11
-2.3986570866141732
21
3.8124418110236218
0
LINE
8
BLACK
6
CONTINUOUS
10
-2.3986570866141732
20
3.8124418110236218
11
-2.3986569291338582
21
3.8124416535433072
0
LINE
8
BLACK
6
CONTINUOUS
10
-2.3986569291338582
20
3.8124416535433072
11
-2.3986569291338582
21
3.8105584251968505
0
LINE
8
BLACK
6
CONTINUOUS
10
-2.3986569291338582
20
3.8105584251968505
11
-2.3991903543307087
21
3.8097601181102361
0
LINE
8
BLACK
6
CONTINUOUS
10
-2.3991903543307087
20
3.8097601181102361
11
-2.4055368897637797
21
3.8034136220472439
0
LINE
8
BLACK
6
CONTINUOUS
10
-2.4055368897637797
20
3.8034136220472439
11
-2.4052852755905509
21
3.8031620078740156
0
LINE
8
BLACK
6
CONTINUOUS
10
-2.4052852755905509
20
3.8031620078740156
11
-2.4052852755905509
21
3.8012787795275589
0
LINE
8
BLACK
6
CONTINUOUS
10
-2.4052852755905509
20
3.8012787795275589
11
-2.4058186614173227
21
3.8004804724409449
0
LINE
8
BLACK
6
CONTINUOUS
10
-2.4058186614173227
20
3.8004804724409449
11
-2.4164239370078739
21
3.7898751968503936
0
LINE
8
BLACK
6
CONTINUOUS
10
-2.4164239370078739
20
3.7898751968503936
11
-2.4172222440944879
21
3.7893418110236219
0
LINE
8
BLACK
6
CONTINUOUS
10
-2.4172222440944879
20
3.7893418110236219
11
-2.4191054724409446
21
3.7893418110236219
0
LINE
8
BLACK
6
CONTINUOUS
10
-2.4191054724409446
20
3.7893418110236219
11
-2.4204371653543308
21
3.7906735039370076
0
LINE
8
BLACK
6
CONTINUOUS
10
-2.4204371653543308
20
3.7906735039370076
11
-2.4204371653543308
21
3.7925567322834643
0
LINE
8
BLACK
6
CONTINUOUS
10
-2.4204371653543308
20
3.7925567322834643
11
-2.4199037795275591
21
3.7933550393700788
0
LINE
8
BLACK
6
CONTINUOUS
10
-2.4199037795275591
20
3.7933550393700788
11
-2.4095803149606301
21
3.8036785433070865
0
LINE
8
BLACK
6
CONTINUOUS
10
-2.4095803149606301
20
3.8036785433070865
11
-2.4098318897637796
21
3.8039301181102361
0
LINE
8
BLACK
6
CONTINUOUS
10
-2.4098318897637796
20
3.8039301181102361
11
-2.4098318897637796
21
3.8058133464566928
0
LINE
8
BLACK
6
CONTINUOUS
10
-2.4098318897637796
20
3.8058133464566928
11
-2.4092985039370078
21
3.8066116535433072
0
LINE
8
BLACK
6
CONTINUOUS
10
-2.4092985039370078
20
3.8066116535433072
11
-2.4044101181102362
21
3.8115000393700789
0
LINE
8
BLACK
6
CONTINUOUS
10
-2.4044101181102362
20
3.8115000393700789
11
-2.4165896062992127
21
3.8236795275590549
0
LINE
8
BLACK
6
CONTINUOUS
10
-2.4165896062992127
20
3.8236795275590549
11
-2.417122992125984
21
3.8244778346456694
0
LINE
8
BLACK
6
CONTINUOUS
10
-2.417122992125984
20
3.8244778346456694
11
-2.417122992125984
21
3.8263610629921261
0
LINE
8
BLACK
6
CONTINUOUS
10
-2.417122992125984
20
3.8263610629921261
11
-2.4157912992125983
21
3.8276927559055118
0
LINE
8
BLACK
6
CONTINUOUS
10
-2.4157912992125983
20
3.8276927559055118
11
-2.4139080708661416
21
3.8276927559055118
0
LINE
8
BLACK
6
CONTINUOUS
10
-2.4139080708661416
20
3.8276927559055118
11
-2.4131097637795276
21
3.8271593700787401
0
LINE
8
BLACK
6
CONTINUOUS
10
-2.3999826377952753
20
3.8389548425196849
11
-2.3999826377952753
21
3.8370716141732282
0
LINE
8
BLACK
6
CONTINUOUS
10
-2.3999826377952753
20
3.8370716141732282
11
-2.4005160236220471
21
3.8362733070866142
0
LINE
8
BLACK
6
CONTINUOUS
10
-2.4005160236220471
20
3.8362733070866142
11
-2.4027531102362203
21
3.8340362598425197
0
LINE
8
BLACK
6
CONTINUOUS
10
-2.4027531102362203
20
3.8340362598425197
11
-2.3905735826771655
21
3.8218567322834645
0
LINE
8
BLACK
6
CONTINUOUS
10
-2.3905735826771655
20
3.8218567322834645
11
-2.3900401968503937
21
3.8210584251968505
0
LINE
8
BLACK
6
CONTINUOUS
10
-2.3900401968503937
20
3.8210584251968505
11
-2.3900401968503937
21
3.8191751968503937
0
LINE
8
BLACK
6
CONTINUOUS
10
-2.3900401968503937
20
3.8191751968503937
11
-2.3913718897637795
21
3.817843503937008
0
LINE
8
BLACK
6
CONTINUOUS
10
-2.3913718897637795
20
3.817843503937008
11
-2.3932551181102362
21
3.817843503937008
0
LINE
8
BLACK
6
CONTINUOUS
10
-2.3932551181102362
20
3.817843503937008
11
-2.3940534251968502
21
3.8183768897637793
0
LINE
8
BLACK
6
CONTINUOUS
10
-2.3940534251968502
20
3.8183768897637793
11
-2.4062329527559054
21
3.8305564173228346
0
LINE
8
BLACK
6
CONTINUOUS
10
-2.4062329527559054
20
3.8305564173228346
11
-2.4084699606299211
21
3.8283193307086614
0
LINE
8
BLACK
6
CONTINUOUS
10
-2.4084699606299211
20
3.8283193307086614
11
-2.4092682677165356
21
3.8277859448818896
0
LINE
8
BLACK
6
CONTINUOUS
10
-2.4092682677165356
20
3.8277859448818896
11
-2.4111514960629923
21
3.8277859448818896
0
LINE
8
BLACK
6
CONTINUOUS
10
-2.4111514960629923
20
3.8277859448818896
11
-2.412483188976378
21
3.8291176377952754
0
LINE
8
BLACK
6
CONTINUOUS
10
-2.412483188976378
20
3.8291176377952754
11
-2.412483188976378
21
3.8310008661417321
0
LINE
8
BLACK
6
CONTINUOUS
10
-2.412483188976378
20
3.8310008661417321
11
-2.4119498031496063
21
3.8317991732283465
0
LINE
8
BLACK
6
CONTINUOUS
10
-2.4119498031496063
20
3.8317991732283465
11
-2.4039958661417322
21
3.8397531496062993
0
LINE
8
BLACK
6
CONTINUOUS
10
-2.4039958661417322
20
3.8397531496062993
11
-2.403197598425197
21
3.8402865354330706
0
LINE
8
BLACK
6
CONTINUOUS
10
-2.403197598425197
20
3.8402865354330706
11
-2.4013143307086615
21
3.8402865354330706
0
LINE
8
BLACK
6
CONTINUOUS
10
-2.4013143307086615
20
3.8402865354330706
11
-2.3999826377952753
21
3.8389548425196849
0
LINE
8
BLACK
6
CONTINUOUS
10
-2.3878321653543306
20
3.8542059448818895
11
-2.3873948818897639
21
3.8542059448818895
0
LINE
8
BLACK
6
CONTINUOUS
10
-2.3873948818897639
20
3.8542059448818895
11
-2.3865965748031495
21
3.8536725590551182
0
LINE
8
BLACK
6
CONTINUOUS
10
-2.3865965748031495
20
3.8536725590551182
11
-2.3726771653543306
21
3.8397531496062993
0
LINE
8
BLACK
6
CONTINUOUS
10
-2.3726771653543306
20
3.8397531496062993
11
-2.3721437795275588
21
3.8389548425196849
0
LINE
8
BLACK
6
CONTINUOUS
10
-2.3721437795275588
20
3.8389548425196849
11
-2.3721437795275588
21
3.8370716141732282
0
LINE
8
BLACK
6
CONTINUOUS
10
-2.3721437795275588
20
3.8370716141732282
11
-2.373475472440945
21
3.8357399212598424
0
LINE
8
BLACK
6
CONTINUOUS
10
-2.373475472440945
20
3.8357399212598424
11
-2.3753587007874013
21
3.8357399212598424
0
LINE
8
BLACK
6
CONTINUOUS
10
-2.3753587007874013
20
3.8357399212598424
11
-2.3761570078740157
21
3.8362733070866142
0
LINE
8
BLACK
6
CONTINUOUS
10
-2.3761570078740157
20
3.8362733070866142
11
-2.3822336220472442
21
3.8423499212598426
0
LINE
8
BLACK
6
CONTINUOUS
10
-2.3822336220472442
20
3.8423499212598426
11
-2.3807213779527561
21
3.8381912992125984
0
LINE
8
BLACK
6
CONTINUOUS
10
-2.3807213779527561
20
3.8381912992125984
11
-2.380625118110236
21
3.8375645275590551
0
LINE
8
BLACK
6
CONTINUOUS
10
-2.380625118110236
20
3.8375645275590551
11
-2.3805756299212599
21
3.8374584645669292
0
LINE
8
BLACK
6
CONTINUOUS
10
-2.3805756299212599
20
3.8374584645669292
11
-2.3805989763779527
21
3.8373942913385828
0
LINE
8
BLACK
6
CONTINUOUS
10
-2.3805989763779527
20
3.8373942913385828
11
-2.3805756299212599
21
3.8372423228346455
0
LINE
8
BLACK
6
CONTINUOUS
10
-2.3805756299212599
20
3.8372423228346455
11
-2.3809316929133857
21
3.8364793700787403
0
LINE
8
BLACK
6
CONTINUOUS
10
-2.3809316929133857
20
3.8364793700787403
11
-2.381219251968504
21
3.8356885433070866
0
LINE
8
BLACK
6
CONTINUOUS
10
-2.381219251968504
20
3.8356885433070866
11
-2.3813234251968503
21
3.835639960629921
0
LINE
8
BLACK
6
CONTINUOUS
10
-2.3813234251968503
20
3.835639960629921
11
-2.3813720078740155
21
3.8355357874015747
0
LINE
8
BLACK
6
CONTINUOUS
10
-2.3813720078740155
20
3.8355357874015747
11
-2.3821628346456691
21
3.8352482283464564
0
LINE
8
BLACK
6
CONTINUOUS
10
-2.3821628346456691
20
3.8352482283464564
11
-2.3829257874015748
21
3.8348921653543306
0
LINE
8
BLACK
6
CONTINUOUS
10
-2.3829257874015748
20
3.8348921653543306
11
-2.3830777559055116
21
3.8349155118110234
0
LINE
8
BLACK
6
CONTINUOUS
10
-2.3830777559055116
20
3.8349155118110234
11
-2.383141929133858
21
3.8348921653543306
0
LINE
8
BLACK
6
CONTINUOUS
10
-2.383141929133858
20
3.8348921653543306
11
-2.3832479921259844
21
3.8349416535433072
0
LINE
8
BLACK
6
CONTINUOUS
10
-2.3832479921259844
20
3.8349416535433072
11
-2.3838747637795277
21
3.8350379133858268
0
LINE
8
BLACK
6
CONTINUOUS
10
-2.3838747637795277
20
3.8350379133858268
11
-2.3880333858267715
21
3.8365501574803149
0
LINE
8
BLACK
6
CONTINUOUS
10
-2.3880333858267715
20
3.8365501574803149
11
-2.3819567716535435
21
3.8304735433070864
0
LINE
8
BLACK
6
CONTINUOUS
10
-2.3819567716535435
20
3.8304735433070864
11
-2.3814233858267717
21
3.8296752362204725
0
LINE
8
BLACK
6
CONTINUOUS
10
-2.3814233858267717
20
3.8296752362204725
11
-2.3814233858267717
21
3.8277920078740157
0
LINE
8
BLACK
6
CONTINUOUS
10
-2.3814233858267717
20
3.8277920078740157
11
-2.3827550787401575
21
3.82646031496063
0
LINE
8
BLACK
6
CONTINUOUS
10
-2.3827550787401575
20
3.82646031496063
11
-2.3846383070866142
21
3.82646031496063
0
LINE
8
BLACK
6
CONTINUOUS
10
-2.3846383070866142
20
3.82646031496063
11
-2.3854366141732282
21
3.8269937007874013
0
LINE
8
BLACK
6
CONTINUOUS
10
-2.3854366141732282
20
3.8269937007874013
11
-2.3993560629921258
21
3.8409131102362202
0
LINE
8
BLACK
6
CONTINUOUS
10
-2.3993560629921258
20
3.8409131102362202
11
-2.3998894488188975
21
3.8417114173228346
0
LINE
8
BLACK
6
CONTINUOUS
10
-2.3998894488188975
20
3.8417114173228346
11
-2.3998894488188975
21
3.8421487007874013
0
LINE
8
BLACK
6
CONTINUOUS
10
-2.3998894488188975
20
3.8421487007874013
11
-2.4000743700787401
21
3.8425449606299211
0
LINE
8
BLACK
6
CONTINUOUS
10
-2.4000743700787401
20
3.8425449606299211
11
-2.3998894488188975
21
3.8430535433070867
0
LINE
8
BLACK
6
CONTINUOUS
10
-2.3998894488188975
20
3.8430535433070867
11
-2.3998894488188975
21
3.8435946456692913
0
LINE
8
BLACK
6
CONTINUOUS
10
-2.3998894488188975
20
3.8435946456692913
11
-2.3995802755905511
21
3.8439038582677165
0
LINE
8
BLACK
6
CONTINUOUS
10
-2.3995802755905511
20
3.8439038582677165
11
-2.3994307874015748
21
3.8443148818897637
0
LINE
8
BLACK
6
CONTINUOUS
10
-2.3994307874015748
20
3.8443148818897637
11
-2.3989403543307084
21
3.8445437795275588
0
LINE
8
BLACK
6
CONTINUOUS
10
-2.3989403543307084
20
3.8445437795275588
11
-2.3985577559055118
21
3.8449263385826771
0
LINE
8
BLACK
6
CONTINUOUS
10
-2.3985577559055118
20
3.8449263385826771
11
-2.3981204724409446
21
3.8449263385826771
0
LINE
8
BLACK
6
CONTINUOUS
10
-2.3981204724409446
20
3.8449263385826771
11
-2.3977242125984253
21
3.8451112598425197
0
LINE
8
BLACK
6
CONTINUOUS
10
-2.3977242125984253
20
3.8451112598425197
11
-2.3967752362204724
21
3.8449655118110235
0
LINE
8
BLACK
6
CONTINUOUS
10
-2.3967752362204724
20
3.8449655118110235
11
-2.3871482677165354
21
3.8414648031496061
0
LINE
8
BLACK
6
CONTINUOUS
10
-2.3871482677165354
20
3.8414648031496061
11
-2.3906489763779528
21
3.8510917322834644
0
LINE
8
BLACK
6
CONTINUOUS
10
-2.3906489763779528
20
3.8510917322834644
11
-2.390794724409449
21
3.8520407086614172
0
LINE
8
BLACK
6
CONTINUOUS
10
-2.390794724409449
20
3.8520407086614172
11
-2.3906098031496064
21
3.8524370078740158
0
LINE
8
BLACK
6
CONTINUOUS
10
-2.3906098031496064
20
3.8524370078740158
11
-2.3906098031496064
21
3.8528742519685037
0
LINE
8
BLACK
6
CONTINUOUS
10
-2.3906098031496064
20
3.8528742519685037
11
-2.3902272440944881
21
3.8532568503937008
0
LINE
8
BLACK
6
CONTINUOUS
10
-2.3902272440944881
20
3.8532568503937008
11
-2.389998346456693
21
3.8537472834645667
0
LINE
8
BLACK
6
CONTINUOUS
10
-2.389998346456693
20
3.8537472834645667
11
-2.3895873228346458
21
3.8538967716535431
0
LINE
8
BLACK
6
CONTINUOUS
10
-2.3895873228346458
20
3.8538967716535431
11
-2.3892781102362206
21
3.8542059448818895
0
LINE
8
BLACK
6
CONTINUOUS
10
-2.3892781102362206
20
3.8542059448818895
11
-2.3887369685039368
21
3.8542059448818895
0
LINE
8
BLACK
6
CONTINUOUS
10
-2.3887369685039368
20
3.8542059448818895
11
-2.3882284251968504
21
3.8543908661417321
0
LINE
8
BLACK
6
CONTINUOUS
10
-2.3882284251968504
20
3.8543908661417321
11
-2.3878321653543306
21
3.8542059448818895
0
LINE
8
BLACK
6
CONTINUOUS
10
-2.3346214173228348
20
3.9057982283464567
11
-2.3292022834645669
21
3.9035535433070865
0
LINE
8
BLACK
6
CONTINUOUS
10
-2.3292022834645669
20
3.9035535433070865
11
-2.3243252362204725
21
3.9002948031496061
0
LINE
8
BLACK
6
CONTINUOUS
10
-2.3243252362204725
20
3.9002948031496061
11
-2.3201776377952754
21
3.8961472047244095
0
LINE
8
BLACK
6
CONTINUOUS
10
-2.3201776377952754
20
3.8961472047244095
11
-2.316918897637795
21
3.891270157480315
0
LINE
8
BLACK
6
CONTINUOUS
10
-2.316918897637795
20
3.891270157480315
11
-2.3146742125984252
21
3.8858510236220472
0
LINE
8
BLACK
6
CONTINUOUS
10
-2.3146742125984252
20
3.8858510236220472
11
-2.3135299212598426
21
3.8800981496062992
0
LINE
8
BLACK
6
CONTINUOUS
10
-2.3135299212598426
20
3.8800981496062992
11
-2.3135299212598426
21
3.8742325590551179
0
LINE
8
BLACK
6
CONTINUOUS
10
-2.3135299212598426
20
3.8742325590551179
11
-2.3146742125984252
21
3.8684796850393699
0
LINE
8
BLACK
6
CONTINUOUS
10
-2.3146742125984252
20
3.8684796850393699
11
-2.316918897637795
21
3.8630605511811025
0
LINE
8
BLACK
6
CONTINUOUS
10
-2.316918897637795
20
3.8630605511811025
11
-2.3201776377952754
21
3.8581835039370076
0
LINE
8
BLACK
6
CONTINUOUS
10
-2.3201776377952754
20
3.8581835039370076
11
-2.3243252362204725
21
3.854035905511811
0
LINE
8
BLACK
6
CONTINUOUS
10
-2.3243252362204725
20
3.854035905511811
11
-2.3292022834645669
21
3.8507771653543306
0
LINE
8
BLACK
6
CONTINUOUS
10
-2.3292022834645669
20
3.8507771653543306
11
-2.3346214173228348
21
3.8485324803149608
0
LINE
8
BLACK
6
CONTINUOUS
10
-2.3346214173228348
20
3.8485324803149608
11
-2.3403742913385828
21
3.8473881889763777
0
LINE
8
BLACK
6
CONTINUOUS
10
-2.3403742913385828
20
3.8473881889763777
11
-2.3462398818897636
21
3.8473881889763777
0
LINE
8
BLACK
6
CONTINUOUS
10
-2.3462398818897636
20
3.8473881889763777
11
-2.3519927559055116
21
3.8485324803149608
0
LINE
8
BLACK
6
CONTINUOUS
10
-2.3519927559055116
20
3.8485324803149608
11
-2.3574118897637795
21
3.8507771653543306
0
LINE
8
BLACK
6
CONTINUOUS
10
-2.3574118897637795
20
3.8507771653543306
11
-2.3622889370078739
21
3.854035905511811
0
LINE
8
BLACK
6
CONTINUOUS
10
-2.3622889370078739
20
3.854035905511811
11
-2.366436535433071
21
3.8581835039370076
0
LINE
8
BLACK
6
CONTINUOUS
10
-2.366436535433071
20
3.8581835039370076
11
-2.3696952755905509
21
3.8630605511811025
0
LINE
8
BLACK
6
CONTINUOUS
10
-2.3696952755905509
20
3.8630605511811025
11
-2.3719399606299212
21
3.8684796850393699
0
LINE
8
BLACK
6
CONTINUOUS
10
-2.3719399606299212
20
3.8684796850393699
11
-2.3730842519685038
21
3.8742325590551179
0
LINE
8
BLACK
6
CONTINUOUS
10
-2.3730842519685038
20
3.8742325590551179
11
-2.3730842519685038
21
3.8796470472440943
0
LINE
8
BLACK
6
CONTINUOUS
10
-2.3730842519685038
20
3.8796470472440943
11
-2.3730842519685038
21
3.8800981496062992
0
LINE
8
BLACK
6
CONTINUOUS
10
-2.3730842519685038
20
3.8800981496062992
11
-2.3719399606299212
21
3.8858510236220472
0
LINE
8
BLACK
6
CONTINUOUS
10
-2.3719399606299212
20
3.8858510236220472
11
-2.3696952755905509
21
3.891270157480315
0
LINE
8
BLACK
6
CONTINUOUS
10
-2.3696952755905509
20
3.891270157480315
11
-2.366436535433071
21
3.8961472047244095
0
LINE
8
BLACK
6
CONTINUOUS
10
-2.366436535433071
20
3.8961472047244095
11
-2.3622889370078739
21
3.9002948031496061
0
LINE
8
BLACK
6
CONTINUOUS
10
-2.3622889370078739
20
3.9002948031496061
11
-2.3574118897637795
21
3.9035535433070865
0
LINE
8
BLACK
6
CONTINUOUS
10
-2.3574118897637795
20
3.9035535433070865
11
-2.3519927559055116
21
3.9057982283464567
0
LINE
8
BLACK
6
CONTINUOUS
10
-2.3519927559055116
20
3.9057982283464567
11
-2.3462398818897636
21
3.9069425196850394
0
LINE
8
BLACK
6
CONTINUOUS
10
-2.3462398818897636
20
3.9069425196850394
11
-2.3403742913385828
21
3.9069425196850394
0
LINE
8
BLACK
6
CONTINUOUS
10
-2.3403742913385828
20
3.9069425196850394
11
-2.3346214173228348
21
3.9057982283464567
0
LINE
8
BLACK
6
CONTINUOUS
10
-2.368503937007874
20
3.8746836614173228
11
-2.3675356299212598
21
3.8698157086614171
0
LINE
8
BLACK
6
CONTINUOUS
10
-2.3675356299212598
20
3.8698157086614171
11
-2.3656362598425198
21
3.865230157480315
0
LINE
8
BLACK
6
CONTINUOUS
10
-2.3656362598425198
20
3.865230157480315
11
-2.3628787795275592
21
3.8611033070866139
0
LINE
8
BLACK
6
CONTINUOUS
10
-2.3628787795275592
20
3.8611033070866139
11
-2.3593691338582676
21
3.8575936614173227
0
LINE
8
BLACK
6
CONTINUOUS
10
-2.3593691338582676
20
3.8575936614173227
11
-2.355242283464567
21
3.8548361811023621
0
LINE
8
BLACK
6
CONTINUOUS
10
-2.355242283464567
20
3.8548361811023621
11
-2.3506567322834644
21
3.8529368110236222
0
LINE
8
BLACK
6
CONTINUOUS
10
-2.3506567322834644
20
3.8529368110236222
11
-2.3457887795275592
21
3.851968503937008
0
LINE
8
BLACK
6
CONTINUOUS
10
-2.3457887795275592
20
3.851968503937008
11
-2.3408253937007872
21
3.851968503937008
0
LINE
8
BLACK
6
CONTINUOUS
10
-2.3408253937007872
20
3.851968503937008
11
-2.335957440944882
21
3.8529368110236222
0
LINE
8
BLACK
6
CONTINUOUS
10
-2.335957440944882
20
3.8529368110236222
11
-2.3313718897637794
21
3.8548361811023621
0
LINE
8
BLACK
6
CONTINUOUS
10
-2.3313718897637794
20
3.8548361811023621
11
-2.3272450393700788
21
3.8575936614173227
0
LINE
8
BLACK
6
CONTINUOUS
10
-2.3272450393700788
20
3.8575936614173227
11
-2.3237353937007872
21
3.8611033070866139
0
LINE
8
BLACK
6
CONTINUOUS
10
-2.3237353937007872
20
3.8611033070866139
11
-2.3209779133858266
21
3.865230157480315
0
LINE
8
BLACK
6
CONTINUOUS
10
-2.3209779133858266
20
3.865230157480315
11
-2.3190785433070866
21
3.8698157086614171
0
LINE
8
BLACK
6
CONTINUOUS
10
-2.3190785433070866
20
3.8698157086614171
11
-2.3181102362204724
21
3.8746836614173228
0
LINE
8
BLACK
6
CONTINUOUS
10
-2.3181102362204724
20
3.8746836614173228
11
-2.3181102362204724
21
3.8796470472440943
0
LINE
8
BLACK
6
CONTINUOUS
10
-2.3181102362204724
20
3.8796470472440943
11
-2.3190785433070866
21
3.8845149999999999
0
LINE
8
BLACK
6
CONTINUOUS
10
-2.3190785433070866
20
3.8845149999999999
11
-2.3209779133858266
21
3.8891005511811021
0
LINE
8
BLACK
6
CONTINUOUS
10
-2.3209779133858266
20
3.8891005511811021
11
-2.3237353937007872
21
3.8932274015748032
0
LINE
8
BLACK
6
CONTINUOUS
10
-2.3237353937007872
20
3.8932274015748032
11
-2.3272450393700788
21
3.8967370472440943
0
LINE
8
BLACK
6
CONTINUOUS
10
-2.3272450393700788
20
3.8967370472440943
11
-2.3313718897637794
21
3.8994945275590549
0
LINE
8
BLACK
6
CONTINUOUS
10
-2.3313718897637794
20
3.8994945275590549
11
-2.335957440944882
21
3.9013938976377953
0
LINE
8
BLACK
6
CONTINUOUS
10
-2.335957440944882
20
3.9013938976377953
11
-2.3408253937007872
21
3.9023622047244095
0
LINE
8
BLACK
6
CONTINUOUS
10
-2.3408253937007872
20
3.9023622047244095
11
-2.3457887795275592
21
3.9023622047244095
0
LINE
8
BLACK
6
CONTINUOUS
10
-2.3457887795275592
20
3.9023622047244095
11
-2.3506567322834644
21
3.9013938976377953
0
LINE
8
BLACK
6
CONTINUOUS
10
-2.3506567322834644
20
3.9013938976377953
11
-2.355242283464567
21
3.8994945275590549
0
LINE
8
BLACK
6
CONTINUOUS
10
-2.355242283464567
20
3.8994945275590549
11
-2.3593691338582676
21
3.8967370472440943
0
LINE
8
BLACK
6
CONTINUOUS
10
-2.3593691338582676
20
3.8967370472440943
11
-2.3628787795275592
21
3.8932274015748032
0
LINE
8
BLACK
6
CONTINUOUS
10
-2.3628787795275592
20
3.8932274015748032
11
-2.3656362598425198
21
3.8891005511811021
0
LINE
8
BLACK
6
CONTINUOUS
10
-2.3656362598425198
20
3.8891005511811021
11
-2.3675356299212598
21
3.8845149999999999
0
LINE
8
BLACK
6
CONTINUOUS
10
-2.3675356299212598
20
3.8845149999999999
11
-2.368503937007874
21
3.8796470472440943
0
LINE
8
BLACK
6
CONTINUOUS
10
-2.368503937007874
20
3.8796470472440943
11
-2.368503937007874
21
3.8746836614173228
0
CIRCLE
8
BLACK
10
2.
20
0.4
40
0.0068897637795276
0
CIRCLE
8
BLACK
10
0.4
20
2.
40
0.0068897637795276
0
CIRCLE
8
BLACK
10
0.4
20
0.4
40
0.0068897637795276
0
CIRCLE
8
BLACK
10
-0.725236220472441
20
0.8675905511811023
40
0.0068897637795276
0
CIRCLE
8
BLACK
10
-0.625236220472441
20
0.8675905511811023
40
0.0068897637795276
0
CIRCLE
8
BLACK
10
-0.725236220472441
20
0.7675905511811023
40
0.0068897637795276
0
CIRCLE
8
BLACK
10
-0.625236220472441
20
0.7675905511811023
40
0.0068897637795276
0
CIRCLE
8
BLACK
10
-0.725236220472441
20
0.6675905511811023
40
0.0068897637795276
0
CIRCLE
8
BLACK
10
-0.625236220472441
20
0.6675905511811023
40
0.0068897637795276
0
CIRCLE
8
BLACK
10
-1.9299212598425197
20
3.8181102362204724
40
0.0068897637795276
0
CIRCLE
8
BLACK
10
-1.8299212598425196
20
3.9181102362204725
40
0.0068897637795276
0
CIRCLE
8
BLACK
10
-2.0299212598425198
20
3.9181102362204725
40
0.0068897637795276
0
CIRCLE
8
BLACK
10
-1.8299212598425196
20
3.7181102362204723
40
0.0068897637795276
0
CIRCLE
8
BLACK
10
-2.0299212598425198
20
3.7181102362204723
40
0.0068897637795276
0
CIRCLE
8
BLACK
10
2.
20
2.
40
0.0068897637795276
0
CIRCLE
8
BLACK
10
2.
20
0.4
40
0.0068897637795276
0
CIRCLE
8
BLACK
10
0.4
20
2.
40
0.0068897637795276
0
CIRCLE
8
BLACK
10
0.4
20
0.4
40
0.0068897637795276
0
CIRCLE
8
BLACK
10
-0.725236220472441
20
0.8675905511811023
40
0.0068897637795276
0
CIRCLE
8
BLACK
10
-0.625236220472441
20
0.8675905511811023
40
0.0068897637795276
0
CIRCLE
8
BLACK
10
-0.725236220472441
20
0.7675905511811023
40
0.0068897637795276
0
CIRCLE
8
BLACK
10
-0.625236220472441
20
0.7675905511811023
40
0.0068897637795276
0
CIRCLE
8
BLACK
10
-0.725236220472441
20
0.6675905511811023
40
0.0068897637795276
0
CIRCLE
8
BLACK
10
-0.625236220472441
20
0.6675905511811023
40
0.0068897637795276
0
CIRCLE
8
BLACK
10
-1.9299212598425197
20
3.8181102362204724
40
0.0068897637795276
0
CIRCLE
8
BLACK
10
-1.8299212598425196
20
3.9181102362204725
40
0.0068897637795276
0
CIRCLE
8
BLACK
10
-2.0299212598425198
20
3.9181102362204725
40
0.0068897637795276
0
CIRCLE
8
BLACK
10
-1.8299212598425196
20
3.7181102362204723
40
0.0068897637795276
0
CIRCLE
8
BLACK
10
-2.0299212598425198
20
3.7181102362204723
40
0.0068897637795276
0
CIRCLE
8
BLACK
10
2.
20
2.
40
0.0068897637795276
  0
ENDSEC
  0
EOF
