  0
SECTION
  2
HEADER
  9
$ANGBASE
  50
0.0
  9
$ANGDIR
  70
1
  9
$MEASUREMENT
  70
0
  0
ENDSEC
  0
SECTION
  2
TABLES
  0
TABLE
  2
LTYPE
  70
4
  0
LTYPE
  5
40F
  2
CONTINUOUS
  70
0
  3
Solid line
  72
65
  73
0
  40
0.0
  0
LTYPE
  5
410
  2
DASHDOT
 70
0
  3
Dash Dot ____ _ ____ _
 72
65
 73
4
 40
2.0
 49
1.25
 49
-0.25
 49
0.25
 49
-0.25
  0
LTYPE
  5
411
  2
DASHED
 70
0
  3
Dashed __ __ __ __ __
 72
65
 73
2
 40
0.75
 49
0.5
 49
-0.25
  0
LTYPE
  5
43B
  2
DOTTED
 70
0
  3
Dotted .  .  .  .
 72
65
 73
2
 40
0.2
 49
0.0
 49
-0.2
  0
ENDTAB
  0
TABLE
  2
STYLE
  70
4
  0
STYLE
  2
KICAD
  70
0
  40
0
  41
1
  42
1
  50
0
  71
0
  3
isocp.shx
  0
STYLE
  2
KICADB
  70
0
  40
0
  41
1
  42
1
  50
0
  71
0
  3
isocp.shx
  0
STYLE
  2
KICADI
  70
0
  40
0
  41
1
  42
1
  50
15
  71
0
  3
isocp.shx
  0
STYLE
  2
KICADBI
  70
0
  40
0
  41
1
  42
1
  50
15
  71
0
  3
isocp.shx
  0
ENDTAB
  0
TABLE
  2
LAYER
  70
1
  0
LAYER
  2
BLACK
  70
0
  62
7
  6
CONTINUOUS
  0
ENDTAB
  0
ENDSEC
  0
SECTION
  2
ENTITIES
0
LINE
8
BLACK
6
CONTINUOUS
10
2.1891270078740157
20
2.149949842519685
11
2.1899803149606298
21
2.1478897637795273
0
LINE
8
BLACK
6
CONTINUOUS
10
2.1899803149606298
20
2.1478897637795273
11
2.1899803149606298
21
0.2129331102362205
0
LINE
8
BLACK
6
CONTINUOUS
10
2.1899803149606298
20
0.2129331102362205
11
2.1891270078740157
21
0.210873031496063
0
LINE
8
BLACK
6
CONTINUOUS
10
2.1891270078740157
20
0.210873031496063
11
2.187066929133858
21
0.2100197244094488
0
LINE
8
BLACK
6
CONTINUOUS
10
2.187066929133858
20
0.2100197244094488
11
0.2129330708661417
21
0.2100197244094488
0
LINE
8
BLACK
6
CONTINUOUS
10
0.2129330708661417
20
0.2100197244094488
11
0.2108729921259843
21
0.210873031496063
0
LINE
8
BLACK
6
CONTINUOUS
10
0.2108729921259843
20
0.210873031496063
11
0.2100196850393701
21
0.2129331102362205
0
LINE
8
BLACK
6
CONTINUOUS
10
0.2100196850393701
20
0.2129331102362205
11
0.2100196850393701
21
2.1478897637795273
0
LINE
8
BLACK
6
CONTINUOUS
10
0.2100196850393701
20
2.1478897637795273
11
0.2108729921259843
21
2.149949842519685
0
LINE
8
BLACK
6
CONTINUOUS
10
0.2108729921259843
20
2.149949842519685
11
0.2129330708661417
21
2.1508031496062991
0
LINE
8
BLACK
6
CONTINUOUS
10
0.2129330708661417
20
2.1508031496062991
11
2.187066929133858
21
2.1508031496062991
0
LINE
8
BLACK
6
CONTINUOUS
10
2.187066929133858
20
2.1508031496062991
11
2.1891270078740157
21
2.149949842519685
0
LINE
8
BLACK
6
CONTINUOUS
10
-0.6952362204724409
20
0.6375905511811023
11
-0.7552362204724409
21
0.6375905511811023
0
LINE
8
BLACK
6
CONTINUOUS
10
-0.7552362204724409
20
0.6375905511811023
11
-0.7552362204724409
21
0.6975905511811024
0
LINE
8
BLACK
6
CONTINUOUS
10
-0.7552362204724409
20
0.6975905511811024
11
-0.6952362204724409
21
0.6975905511811024
0
LINE
8
BLACK
6
CONTINUOUS
10
-0.6952362204724409
20
0.6975905511811024
11
-0.6952362204724409
21
0.6375905511811023
0
LINE
8
BLACK
6
CONTINUOUS
10
-0.595236220472441
20
0.6375905511811023
11
-0.6552362204724409
21
0.6375905511811023
0
LINE
8
BLACK
6
CONTINUOUS
10
-0.6552362204724409
20
0.6375905511811023
11
-0.6552362204724409
21
0.6975905511811024
0
LINE
8
BLACK
6
CONTINUOUS
10
-0.6552362204724409
20
0.6975905511811024
11
-0.595236220472441
21
0.6975905511811024
0
LINE
8
BLACK
6
CONTINUOUS
10
-0.595236220472441
20
0.6975905511811024
11
-0.595236220472441
21
0.6375905511811023
0
LINE
8
BLACK
6
CONTINUOUS
10
-0.6952362204724409
20
0.7375905511811024
11
-0.7552362204724409
21
0.7375905511811024
0
LINE
8
BLACK
6
CONTINUOUS
10
-0.7552362204724409
20
0.7375905511811024
11
-0.7552362204724409
21
0.7975905511811023
0
LINE
8
BLACK
6
CONTINUOUS
10
-0.7552362204724409
20
0.7975905511811023
11
-0.6952362204724409
21
0.7975905511811023
0
LINE
8
BLACK
6
CONTINUOUS
10
-0.6952362204724409
20
0.7975905511811023
11
-0.6952362204724409
21
0.7375905511811024
0
LINE
8
BLACK
6
CONTINUOUS
10
-0.595236220472441
20
0.7375905511811024
11
-0.6552362204724409
21
0.7375905511811024
0
LINE
8
BLACK
6
CONTINUOUS
10
-0.6552362204724409
20
0.7375905511811024
11
-0.6552362204724409
21
0.7975905511811023
0
LINE
8
BLACK
6
CONTINUOUS
10
-0.6552362204724409
20
0.7975905511811023
11
-0.595236220472441
21
0.7975905511811023
0
LINE
8
BLACK
6
CONTINUOUS
10
-0.595236220472441
20
0.7975905511811023
11
-0.595236220472441
21
0.7375905511811024
0
LINE
8
BLACK
6
CONTINUOUS
10
-0.6952362204724409
20
0.8375905511811024
11
-0.7552362204724409
21
0.8375905511811024
0
LINE
8
BLACK
6
CONTINUOUS
10
-0.7552362204724409
20
0.8375905511811024
11
-0.7552362204724409
21
0.8975905511811023
0
LINE
8
BLACK
6
CONTINUOUS
10
-0.7552362204724409
20
0.8975905511811023
11
-0.6952362204724409
21
0.8975905511811023
0
LINE
8
BLACK
6
CONTINUOUS
10
-0.6952362204724409
20
0.8975905511811023
11
-0.6952362204724409
21
0.8375905511811024
0
LINE
8
BLACK
6
CONTINUOUS
10
-0.595236220472441
20
0.8375905511811024
11
-0.6552362204724409
21
0.8375905511811024
0
LINE
8
BLACK
6
CONTINUOUS
10
-0.6552362204724409
20
0.8375905511811024
11
-0.6552362204724409
21
0.8975905511811023
0
LINE
8
BLACK
6
CONTINUOUS
10
-0.6552362204724409
20
0.8975905511811023
11
-0.595236220472441
21
0.8975905511811023
0
LINE
8
BLACK
6
CONTINUOUS
10
-0.595236220472441
20
0.8975905511811023
11
-0.595236220472441
21
0.8375905511811024
0
LINE
8
BLACK
6
CONTINUOUS
10
-1.840816220472441
20
3.0067869291338583
11
-1.8395389370078741
21
3.0059335039370079
0
LINE
8
BLACK
6
CONTINUOUS
10
-1.8395389370078741
20
3.0059335039370079
11
-1.8386855118110237
21
3.004656220472441
0
LINE
8
BLACK
6
CONTINUOUS
10
-1.8386855118110237
20
3.004656220472441
11
-1.8383858267716535
21
3.0031496062992127
0
LINE
8
BLACK
6
CONTINUOUS
10
-1.8383858267716535
20
3.0031496062992127
11
-1.8383858267716535
21
2.9470472440944881
0
LINE
8
BLACK
6
CONTINUOUS
10
-1.8383858267716535
20
2.9470472440944881
11
-1.8386855118110237
21
2.9455406299212599
0
LINE
8
BLACK
6
CONTINUOUS
10
-1.8386855118110237
20
2.9455406299212599
11
-1.8395389370078741
21
2.944263346456693
0
LINE
8
BLACK
6
CONTINUOUS
10
-1.8395389370078741
20
2.944263346456693
11
-1.840816220472441
21
2.9434099212598426
0
LINE
8
BLACK
6
CONTINUOUS
10
-1.840816220472441
20
2.9434099212598426
11
-1.8423228346456693
21
2.9431102362204724
0
LINE
8
BLACK
6
CONTINUOUS
10
-1.8423228346456693
20
2.9431102362204724
11
-1.8433070866141732
21
2.9431102362204724
0
LINE
8
BLACK
6
CONTINUOUS
10
-1.8433070866141732
20
2.9431102362204724
11
-1.8433070866141732
21
2.9173228346456694
0
LINE
8
BLACK
6
CONTINUOUS
10
-1.8433070866141732
20
2.9173228346456694
11
-1.8344488188976378
21
2.9173228346456694
0
LINE
8
BLACK
6
CONTINUOUS
10
-1.8344488188976378
20
2.9173228346456694
11
-1.8324148818897636
21
2.9169182677165355
0
LINE
8
BLACK
6
CONTINUOUS
10
-1.8324148818897636
20
2.9169182677165355
11
-1.830690590551181
21
2.9157661023622046
0
LINE
8
BLACK
6
CONTINUOUS
10
-1.830690590551181
20
2.9157661023622046
11
-1.8295384251968503
21
2.9140418110236221
0
LINE
8
BLACK
6
CONTINUOUS
10
-1.8295384251968503
20
2.9140418110236221
11
-1.8291338582677166
21
2.9120078740157478
0
LINE
8
BLACK
6
CONTINUOUS
10
-1.8291338582677166
20
2.9120078740157478
11
-1.8291338582677166
21
2.8974409448818896
0
LINE
8
BLACK
6
CONTINUOUS
10
-1.8291338582677166
20
2.8974409448818896
11
-1.8295384251968503
21
2.8954070078740157
0
LINE
8
BLACK
6
CONTINUOUS
10
-1.8295384251968503
20
2.8954070078740157
11
-1.830690590551181
21
2.8936827165354329
0
LINE
8
BLACK
6
CONTINUOUS
10
-1.830690590551181
20
2.8936827165354329
11
-1.8324148818897636
21
2.8925305511811024
0
LINE
8
BLACK
6
CONTINUOUS
10
-1.8324148818897636
20
2.8925305511811024
11
-1.8344488188976378
21
2.8921259842519684
0
LINE
8
BLACK
6
CONTINUOUS
10
-1.8344488188976378
20
2.8921259842519684
11
-1.8450787401574802
21
2.8921259842519684
0
LINE
8
BLACK
6
CONTINUOUS
10
-1.8450787401574802
20
2.8921259842519684
11
-1.8471126771653543
21
2.8925305511811024
0
LINE
8
BLACK
6
CONTINUOUS
10
-1.8471126771653543
20
2.8925305511811024
11
-1.848836968503937
21
2.8936827165354329
0
LINE
8
BLACK
6
CONTINUOUS
10
-1.848836968503937
20
2.8936827165354329
11
-1.8499891338582677
21
2.8954070078740157
0
LINE
8
BLACK
6
CONTINUOUS
10
-1.8499891338582677
20
2.8954070078740157
11
-1.8503937007874016
21
2.8974409448818896
0
LINE
8
BLACK
6
CONTINUOUS
10
-1.8503937007874016
20
2.8974409448818896
11
-1.8503937007874016
21
2.9120078740157478
0
LINE
8
BLACK
6
CONTINUOUS
10
-1.8503937007874016
20
2.9120078740157478
11
-1.8499891338582677
21
2.9140418110236221
0
LINE
8
BLACK
6
CONTINUOUS
10
-1.8499891338582677
20
2.9140418110236221
11
-1.8492125984251968
21
2.9152039763779527
0
LINE
8
BLACK
6
CONTINUOUS
10
-1.8492125984251968
20
2.9152039763779527
11
-1.8492125984251968
21
2.9431102362204724
0
LINE
8
BLACK
6
CONTINUOUS
10
-1.8492125984251968
20
2.9431102362204724
11
-1.8501968503937007
21
2.9431102362204724
0
LINE
8
BLACK
6
CONTINUOUS
10
-1.8501968503937007
20
2.9431102362204724
11
-1.851703464566929
21
2.9434099212598426
0
LINE
8
BLACK
6
CONTINUOUS
10
-1.851703464566929
20
2.9434099212598426
11
-1.8529807480314959
21
2.944263346456693
0
LINE
8
BLACK
6
CONTINUOUS
10
-1.8529807480314959
20
2.944263346456693
11
-1.8538341732283463
21
2.9455406299212599
0
LINE
8
BLACK
6
CONTINUOUS
10
-1.8538341732283463
20
2.9455406299212599
11
-1.8541338582677165
21
2.9470472440944881
0
LINE
8
BLACK
6
CONTINUOUS
10
-1.8541338582677165
20
2.9470472440944881
11
-1.8541338582677165
21
3.0031496062992127
0
LINE
8
BLACK
6
CONTINUOUS
10
-1.8541338582677165
20
3.0031496062992127
11
-1.8538341732283463
21
3.004656220472441
0
LINE
8
BLACK
6
CONTINUOUS
10
-1.8538341732283463
20
3.004656220472441
11
-1.8529807480314959
21
3.0059335039370079
0
LINE
8
BLACK
6
CONTINUOUS
10
-1.8529807480314959
20
3.0059335039370079
11
-1.851703464566929
21
3.0067869291338583
0
LINE
8
BLACK
6
CONTINUOUS
10
-1.851703464566929
20
3.0067869291338583
11
-1.8501968503937007
21
3.0070866141732284
0
LINE
8
BLACK
6
CONTINUOUS
10
-1.8501968503937007
20
3.0070866141732284
11
-1.8423228346456693
21
3.0070866141732284
0
LINE
8
BLACK
6
CONTINUOUS
10
-1.8423228346456693
20
3.0070866141732284
11
-1.840816220472441
21
3.0067869291338583
0
LINE
8
BLACK
6
CONTINUOUS
10
-2.160236220472441
20
3.0671259842519683
11
-2.1661417322834646
21
3.0671259842519683
0
LINE
8
BLACK
6
CONTINUOUS
10
-2.1661417322834646
20
3.0671259842519683
11
-2.1661417322834646
21
3.0585065354330707
0
LINE
8
BLACK
6
CONTINUOUS
10
-2.1661417322834646
20
3.0585065354330707
11
-2.1412966141732284
21
3.0336614173228345
0
LINE
8
BLACK
6
CONTINUOUS
10
-2.1412966141732284
20
3.0336614173228345
11
-1.8442913779527559
21
3.0336614173228345
0
LINE
8
BLACK
6
CONTINUOUS
10
-1.8442913779527559
20
3.0336614173228345
11
-1.8437153149606298
21
3.0336046850393701
0
LINE
8
BLACK
6
CONTINUOUS
10
-1.8437153149606298
20
3.0336046850393701
11
-1.842650905511811
21
3.033163779527559
0
LINE
8
BLACK
6
CONTINUOUS
10
-1.842650905511811
20
3.033163779527559
11
-1.8422034645669292
21
3.0327965748031493
0
LINE
8
BLACK
6
CONTINUOUS
10
-1.8422034645669292
20
3.0327965748031493
11
-1.8185813779527558
21
3.0091744881889761
0
LINE
8
BLACK
6
CONTINUOUS
10
-1.8185813779527558
20
3.0091744881889761
11
-1.8182141338582676
21
3.0087270078740156
0
LINE
8
BLACK
6
CONTINUOUS
10
-1.8182141338582676
20
3.0087270078740156
11
-1.8179559055118111
21
3.0081035039370079
0
LINE
8
BLACK
6
CONTINUOUS
10
-1.8179559055118111
20
3.0081035039370079
11
-1.8177732677165355
21
3.0076626377952755
0
LINE
8
BLACK
6
CONTINUOUS
10
-1.8177732677165355
20
3.0076626377952755
11
-1.8177165354330709
21
3.0070866141732284
0
LINE
8
BLACK
6
CONTINUOUS
10
-1.8177165354330709
20
3.0070866141732284
11
-1.8167322834645669
21
3.0070866141732284
0
LINE
8
BLACK
6
CONTINUOUS
10
-1.8167322834645669
20
3.0070866141732284
11
-1.8152256692913384
21
3.0067869291338583
0
LINE
8
BLACK
6
CONTINUOUS
10
-1.8152256692913384
20
3.0067869291338583
11
-1.8139483858267715
21
3.0059335039370079
0
LINE
8
BLACK
6
CONTINUOUS
10
-1.8139483858267715
20
3.0059335039370079
11
-1.8130949606299211
21
3.004656220472441
0
LINE
8
BLACK
6
CONTINUOUS
10
-1.8130949606299211
20
3.004656220472441
11
-1.8127952755905512
21
3.0031496062992127
0
LINE
8
BLACK
6
CONTINUOUS
10
-1.8127952755905512
20
3.0031496062992127
11
-1.8127952755905512
21
2.9470472440944881
0
LINE
8
BLACK
6
CONTINUOUS
10
-1.8127952755905512
20
2.9470472440944881
11
-1.8130949606299211
21
2.9455406299212599
0
LINE
8
BLACK
6
CONTINUOUS
10
-1.8130949606299211
20
2.9455406299212599
11
-1.8139483858267715
21
2.944263346456693
0
LINE
8
BLACK
6
CONTINUOUS
10
-1.8139483858267715
20
2.944263346456693
11
-1.8152256692913384
21
2.9434099212598426
0
LINE
8
BLACK
6
CONTINUOUS
10
-1.8152256692913384
20
2.9434099212598426
11
-1.8167322834645669
21
2.9431102362204724
0
LINE
8
BLACK
6
CONTINUOUS
10
-1.8167322834645669
20
2.9431102362204724
11
-1.8177165354330709
21
2.9431102362204724
0
LINE
8
BLACK
6
CONTINUOUS
10
-1.8177165354330709
20
2.9431102362204724
11
-1.8177165354330709
21
2.9270104330708659
0
LINE
8
BLACK
6
CONTINUOUS
10
-1.8177165354330709
20
2.9270104330708659
11
-1.8073563385826772
21
2.9166502362204723
0
LINE
8
BLACK
6
CONTINUOUS
10
-1.8073563385826772
20
2.9166502362204723
11
-1.8069551968503936
21
2.9169182677165355
0
LINE
8
BLACK
6
CONTINUOUS
10
-1.8069551968503936
20
2.9169182677165355
11
-1.8049212598425197
21
2.9173228346456694
0
LINE
8
BLACK
6
CONTINUOUS
10
-1.8049212598425197
20
2.9173228346456694
11
-1.7942913385826771
21
2.9173228346456694
0
LINE
8
BLACK
6
CONTINUOUS
10
-1.7942913385826771
20
2.9173228346456694
11
-1.7922574015748032
21
2.9169182677165355
0
LINE
8
BLACK
6
CONTINUOUS
10
-1.7922574015748032
20
2.9169182677165355
11
-1.7905331102362205
21
2.9157661023622046
0
LINE
8
BLACK
6
CONTINUOUS
10
-1.7905331102362205
20
2.9157661023622046
11
-1.7893809448818898
21
2.9140418110236221
0
LINE
8
BLACK
6
CONTINUOUS
10
-1.7893809448818898
20
2.9140418110236221
11
-1.7889763779527559
21
2.9120078740157478
0
LINE
8
BLACK
6
CONTINUOUS
10
-1.7889763779527559
20
2.9120078740157478
11
-1.7889763779527559
21
2.8974409448818896
0
LINE
8
BLACK
6
CONTINUOUS
10
-1.7889763779527559
20
2.8974409448818896
11
-1.7893809448818898
21
2.8954070078740157
0
LINE
8
BLACK
6
CONTINUOUS
10
-1.7893809448818898
20
2.8954070078740157
11
-1.7905331102362205
21
2.8936827165354329
0
LINE
8
BLACK
6
CONTINUOUS
10
-1.7905331102362205
20
2.8936827165354329
11
-1.7922574015748032
21
2.8925305511811024
0
LINE
8
BLACK
6
CONTINUOUS
10
-1.7922574015748032
20
2.8925305511811024
11
-1.7942913385826771
21
2.8921259842519684
0
LINE
8
BLACK
6
CONTINUOUS
10
-1.7942913385826771
20
2.8921259842519684
11
-1.8049212598425197
21
2.8921259842519684
0
LINE
8
BLACK
6
CONTINUOUS
10
-1.8049212598425197
20
2.8921259842519684
11
-1.8069551968503936
21
2.8925305511811024
0
LINE
8
BLACK
6
CONTINUOUS
10
-1.8069551968503936
20
2.8925305511811024
11
-1.8086794881889763
21
2.8936827165354329
0
LINE
8
BLACK
6
CONTINUOUS
10
-1.8086794881889763
20
2.8936827165354329
11
-1.809831653543307
21
2.8954070078740157
0
LINE
8
BLACK
6
CONTINUOUS
10
-1.809831653543307
20
2.8954070078740157
11
-1.8102362204724409
21
2.8974409448818896
0
LINE
8
BLACK
6
CONTINUOUS
10
-1.8102362204724409
20
2.8974409448818896
11
-1.8102362204724409
21
2.911178464566929
0
LINE
8
BLACK
6
CONTINUOUS
10
-1.8102362204724409
20
2.911178464566929
11
-1.8227572047244094
21
2.9236994488188977
0
LINE
8
BLACK
6
CONTINUOUS
10
-1.8227572047244094
20
2.9236994488188977
11
-1.8231244094488188
21
2.9241468897637795
0
LINE
8
BLACK
6
CONTINUOUS
10
-1.8231244094488188
20
2.9241468897637795
11
-1.8235653149606299
21
2.925211338582677
0
LINE
8
BLACK
6
CONTINUOUS
10
-1.8235653149606299
20
2.925211338582677
11
-1.8236220472440945
21
2.9257873622047241
0
LINE
8
BLACK
6
CONTINUOUS
10
-1.8236220472440945
20
2.9257873622047241
11
-1.8236220472440945
21
2.9431102362204724
0
LINE
8
BLACK
6
CONTINUOUS
10
-1.8236220472440945
20
2.9431102362204724
11
-1.8246062992125984
21
2.9431102362204724
0
LINE
8
BLACK
6
CONTINUOUS
10
-1.8246062992125984
20
2.9431102362204724
11
-1.8261129133858267
21
2.9434099212598426
0
LINE
8
BLACK
6
CONTINUOUS
10
-1.8261129133858267
20
2.9434099212598426
11
-1.8273901968503936
21
2.944263346456693
0
LINE
8
BLACK
6
CONTINUOUS
10
-1.8273901968503936
20
2.944263346456693
11
-1.828243622047244
21
2.9455406299212599
0
LINE
8
BLACK
6
CONTINUOUS
10
-1.828243622047244
20
2.9455406299212599
11
-1.8285433070866142
21
2.9470472440944881
0
LINE
8
BLACK
6
CONTINUOUS
10
-1.8285433070866142
20
2.9470472440944881
11
-1.8285433070866142
21
3.0031496062992127
0
LINE
8
BLACK
6
CONTINUOUS
10
-1.8285433070866142
20
3.0031496062992127
11
-1.828243622047244
21
3.004656220472441
0
LINE
8
BLACK
6
CONTINUOUS
10
-1.828243622047244
20
3.004656220472441
11
-1.8273901968503936
21
3.0059335039370079
0
LINE
8
BLACK
6
CONTINUOUS
10
-1.8273901968503936
20
3.0059335039370079
11
-1.8261129133858267
21
3.0067869291338583
0
LINE
8
BLACK
6
CONTINUOUS
10
-1.8261129133858267
20
3.0067869291338583
11
-1.8248055511811023
21
3.0070470078740157
0
LINE
8
BLACK
6
CONTINUOUS
10
-1.8248055511811023
20
3.0070470078740157
11
-1.8455144488188977
21
3.0277559055118108
0
LINE
8
BLACK
6
CONTINUOUS
10
-1.8455144488188977
20
3.0277559055118108
11
-2.1425196850393702
21
3.0277559055118108
0
LINE
8
BLACK
6
CONTINUOUS
10
-2.1425196850393702
20
3.0277559055118108
11
-2.1430957480314961
21
3.0278126377952757
0
LINE
8
BLACK
6
CONTINUOUS
10
-2.1430957480314961
20
3.0278126377952757
11
-2.1441601574803149
21
3.0282535433070867
0
LINE
8
BLACK
6
CONTINUOUS
10
-2.1441601574803149
20
3.0282535433070867
11
-2.1446075984251967
21
3.0286207480314959
0
LINE
8
BLACK
6
CONTINUOUS
10
-2.1446075984251967
20
3.0286207480314959
11
-2.1711824015748031
21
3.0551955511811024
0
LINE
8
BLACK
6
CONTINUOUS
10
-2.1711824015748031
20
3.0551955511811024
11
-2.1715496062992123
21
3.0556429921259842
0
LINE
8
BLACK
6
CONTINUOUS
10
-2.1715496062992123
20
3.0556429921259842
11
-2.1719905118110234
21
3.0567074409448818
0
LINE
8
BLACK
6
CONTINUOUS
10
-2.1719905118110234
20
3.0567074409448818
11
-2.1720472440944882
21
3.0572834645669289
0
LINE
8
BLACK
6
CONTINUOUS
10
-2.1720472440944882
20
3.0572834645669289
11
-2.1720472440944882
21
3.0671259842519683
0
LINE
8
BLACK
6
CONTINUOUS
10
-2.1720472440944882
20
3.0671259842519683
11
-2.1779527559055119
21
3.0671259842519683
0
LINE
8
BLACK
6
CONTINUOUS
10
-2.1779527559055119
20
3.0671259842519683
11
-2.1779527559055119
21
3.1242125984251969
0
LINE
8
BLACK
6
CONTINUOUS
10
-2.1779527559055119
20
3.1242125984251969
11
-2.160236220472441
21
3.1242125984251969
0
LINE
8
BLACK
6
CONTINUOUS
10
-2.160236220472441
20
3.1242125984251969
11
-2.160236220472441
21
3.0671259842519683
0
LINE
8
BLACK
6
CONTINUOUS
10
-1.8919973228346456
20
3.0067869291338583
11
-1.8907200393700787
21
3.0059335039370079
0
LINE
8
BLACK
6
CONTINUOUS
10
-1.8907200393700787
20
3.0059335039370079
11
-1.8898666141732283
21
3.004656220472441
0
LINE
8
BLACK
6
CONTINUOUS
10
-1.8898666141732283
20
3.004656220472441
11
-1.8895669291338582
21
3.0031496062992127
0
LINE
8
BLACK
6
CONTINUOUS
10
-1.8895669291338582
20
3.0031496062992127
11
-1.8895669291338582
21
2.9470472440944881
0
LINE
8
BLACK
6
CONTINUOUS
10
-1.8895669291338582
20
2.9470472440944881
11
-1.8898666141732283
21
2.9455406299212599
0
LINE
8
BLACK
6
CONTINUOUS
10
-1.8898666141732283
20
2.9455406299212599
11
-1.8907200393700787
21
2.944263346456693
0
LINE
8
BLACK
6
CONTINUOUS
10
-1.8907200393700787
20
2.944263346456693
11
-1.8919973228346456
21
2.9434099212598426
0
LINE
8
BLACK
6
CONTINUOUS
10
-1.8919973228346456
20
2.9434099212598426
11
-1.8935039370078739
21
2.9431102362204724
0
LINE
8
BLACK
6
CONTINUOUS
10
-1.8935039370078739
20
2.9431102362204724
11
-1.9013779527559054
21
2.9431102362204724
0
LINE
8
BLACK
6
CONTINUOUS
10
-1.9013779527559054
20
2.9431102362204724
11
-1.9028845669291339
21
2.9434099212598426
0
LINE
8
BLACK
6
CONTINUOUS
10
-1.9028845669291339
20
2.9434099212598426
11
-1.9041618503937008
21
2.944263346456693
0
LINE
8
BLACK
6
CONTINUOUS
10
-1.9041618503937008
20
2.944263346456693
11
-1.9050152755905512
21
2.9455406299212599
0
LINE
8
BLACK
6
CONTINUOUS
10
-1.9050152755905512
20
2.9455406299212599
11
-1.9053149606299211
21
2.9470472440944881
0
LINE
8
BLACK
6
CONTINUOUS
10
-1.9053149606299211
20
2.9470472440944881
11
-1.9053149606299211
21
2.9720435039370079
0
LINE
8
BLACK
6
CONTINUOUS
10
-1.9053149606299211
20
2.9720435039370079
11
-1.9061479133858268
21
2.974054409448819
0
LINE
8
BLACK
6
CONTINUOUS
10
-1.9061479133858268
20
2.974054409448819
11
-1.9061479133858268
21
2.9771266929133859
0
LINE
8
BLACK
6
CONTINUOUS
10
-1.9061479133858268
20
2.9771266929133859
11
-1.9053149606299211
21
2.9791376377952754
0
LINE
8
BLACK
6
CONTINUOUS
10
-1.9053149606299211
20
2.9791376377952754
11
-1.9053149606299211
21
3.0031496062992127
0
LINE
8
BLACK
6
CONTINUOUS
10
-1.9053149606299211
20
3.0031496062992127
11
-1.9050152755905512
21
3.004656220472441
0
LINE
8
BLACK
6
CONTINUOUS
10
-1.9050152755905512
20
3.004656220472441
11
-1.9041618503937008
21
3.0059335039370079
0
LINE
8
BLACK
6
CONTINUOUS
10
-1.9041618503937008
20
3.0059335039370079
11
-1.9028845669291339
21
3.0067869291338583
0
LINE
8
BLACK
6
CONTINUOUS
10
-1.9028845669291339
20
3.0067869291338583
11
-1.9013779527559054
21
3.0070866141732284
0
LINE
8
BLACK
6
CONTINUOUS
10
-1.9013779527559054
20
3.0070866141732284
11
-1.8935039370078739
21
3.0070866141732284
0
LINE
8
BLACK
6
CONTINUOUS
10
-1.8935039370078739
20
3.0070866141732284
11
-1.8919973228346456
21
3.0067869291338583
0
LINE
8
BLACK
6
CONTINUOUS
10
-1.8664067716535433
20
3.0067869291338583
11
-1.8651294881889764
21
3.0059335039370079
0
LINE
8
BLACK
6
CONTINUOUS
10
-1.8651294881889764
20
3.0059335039370079
11
-1.864276062992126
21
3.004656220472441
0
LINE
8
BLACK
6
CONTINUOUS
10
-1.864276062992126
20
3.004656220472441
11
-1.8639763779527558
21
3.0031496062992127
0
LINE
8
BLACK
6
CONTINUOUS
10
-1.8639763779527558
20
3.0031496062992127
11
-1.8639763779527558
21
2.9470472440944881
0
LINE
8
BLACK
6
CONTINUOUS
10
-1.8639763779527558
20
2.9470472440944881
11
-1.864276062992126
21
2.9455406299212599
0
LINE
8
BLACK
6
CONTINUOUS
10
-1.864276062992126
20
2.9455406299212599
11
-1.8651294881889764
21
2.944263346456693
0
LINE
8
BLACK
6
CONTINUOUS
10
-1.8651294881889764
20
2.944263346456693
11
-1.8664067716535433
21
2.9434099212598426
0
LINE
8
BLACK
6
CONTINUOUS
10
-1.8664067716535433
20
2.9434099212598426
11
-1.8679133858267716
21
2.9431102362204724
0
LINE
8
BLACK
6
CONTINUOUS
10
-1.8679133858267716
20
2.9431102362204724
11
-1.8757874015748031
21
2.9431102362204724
0
LINE
8
BLACK
6
CONTINUOUS
10
-1.8757874015748031
20
2.9431102362204724
11
-1.8772940157480316
21
2.9434099212598426
0
LINE
8
BLACK
6
CONTINUOUS
10
-1.8772940157480316
20
2.9434099212598426
11
-1.8785712992125985
21
2.944263346456693
0
LINE
8
BLACK
6
CONTINUOUS
10
-1.8785712992125985
20
2.944263346456693
11
-1.8794247244094489
21
2.9455406299212599
0
LINE
8
BLACK
6
CONTINUOUS
10
-1.8794247244094489
20
2.9455406299212599
11
-1.8797244094488188
21
2.9470472440944881
0
LINE
8
BLACK
6
CONTINUOUS
10
-1.8797244094488188
20
2.9470472440944881
11
-1.8797244094488188
21
3.0031496062992127
0
LINE
8
BLACK
6
CONTINUOUS
10
-1.8797244094488188
20
3.0031496062992127
11
-1.8794247244094489
21
3.004656220472441
0
LINE
8
BLACK
6
CONTINUOUS
10
-1.8794247244094489
20
3.004656220472441
11
-1.8785712992125985
21
3.0059335039370079
0
LINE
8
BLACK
6
CONTINUOUS
10
-1.8785712992125985
20
3.0059335039370079
11
-1.8772940157480316
21
3.0067869291338583
0
LINE
8
BLACK
6
CONTINUOUS
10
-1.8772940157480316
20
3.0067869291338583
11
-1.8757874015748031
21
3.0070866141732284
0
LINE
8
BLACK
6
CONTINUOUS
10
-1.8757874015748031
20
3.0070866141732284
11
-1.8679133858267716
21
3.0070866141732284
0
LINE
8
BLACK
6
CONTINUOUS
10
-1.8679133858267716
20
3.0070866141732284
11
-1.8664067716535433
21
3.0067869291338583
0
LINE
8
BLACK
6
CONTINUOUS
10
-2.0711311811023623
20
3.2193853543307087
11
-2.0698538976377954
21
3.2185319291338583
0
LINE
8
BLACK
6
CONTINUOUS
10
-2.0698538976377954
20
3.2185319291338583
11
-2.069000472440945
21
3.2172546456692914
0
LINE
8
BLACK
6
CONTINUOUS
10
-2.069000472440945
20
3.2172546456692914
11
-2.0687007874015748
21
3.2157480314960627
0
LINE
8
BLACK
6
CONTINUOUS
10
-2.0687007874015748
20
3.2157480314960627
11
-2.0687007874015748
21
3.2078740157480312
0
LINE
8
BLACK
6
CONTINUOUS
10
-2.0687007874015748
20
3.2078740157480312
11
-2.069000472440945
21
3.2063674015748029
0
LINE
8
BLACK
6
CONTINUOUS
10
-2.069000472440945
20
3.2063674015748029
11
-2.0698538976377954
21
3.205090118110236
0
LINE
8
BLACK
6
CONTINUOUS
10
-2.0698538976377954
20
3.205090118110236
11
-2.0711311811023623
21
3.2042366929133856
0
LINE
8
BLACK
6
CONTINUOUS
10
-2.0711311811023623
20
3.2042366929133856
11
-2.0726377952755906
21
3.2039370078740155
0
LINE
8
BLACK
6
CONTINUOUS
10
-2.0726377952755906
20
3.2039370078740155
11
-2.0903543307086614
21
3.2039370078740155
0
LINE
8
BLACK
6
CONTINUOUS
10
-2.0903543307086614
20
3.2039370078740155
11
-2.0909761023622049
21
3.2040607086614172
0
LINE
8
BLACK
6
CONTINUOUS
10
-2.0909761023622049
20
3.2040607086614172
11
-2.1350976377952757
21
3.1599391732283464
0
LINE
8
BLACK
6
CONTINUOUS
10
-2.1350976377952757
20
3.1599391732283464
11
-2.1347969685039367
21
3.1592133070866142
0
LINE
8
BLACK
6
CONTINUOUS
10
-2.1347969685039367
20
3.1592133070866142
11
-2.1347969685039367
21
3.1561410236220473
0
LINE
8
BLACK
6
CONTINUOUS
10
-2.1347969685039367
20
3.1561410236220473
11
-2.1359726771653542
21
3.1533025984251966
0
LINE
8
BLACK
6
CONTINUOUS
10
-2.1359726771653542
20
3.1533025984251966
11
-2.138145118110236
21
3.1511301574803148
0
LINE
8
BLACK
6
CONTINUOUS
10
-2.138145118110236
20
3.1511301574803148
11
-2.1409835433070867
21
3.1499544488188977
0
LINE
8
BLACK
6
CONTINUOUS
10
-2.1409835433070867
20
3.1499544488188977
11
-2.1440558267716536
21
3.1499544488188977
0
LINE
8
BLACK
6
CONTINUOUS
10
-2.1440558267716536
20
3.1499544488188977
11
-2.1468942519685039
21
3.1511301574803148
0
LINE
8
BLACK
6
CONTINUOUS
10
-2.1468942519685039
20
3.1511301574803148
11
-2.1490666929133857
21
3.1533025984251966
0
LINE
8
BLACK
6
CONTINUOUS
10
-2.1490666929133857
20
3.1533025984251966
11
-2.1492479527559056
21
3.153740157480315
0
LINE
8
BLACK
6
CONTINUOUS
10
-2.1492479527559056
20
3.153740157480315
11
-2.2042887401574802
21
3.153740157480315
0
LINE
8
BLACK
6
CONTINUOUS
10
-2.2042887401574802
20
3.153740157480315
11
-2.2173228346456693
21
3.140706062992126
0
LINE
8
BLACK
6
CONTINUOUS
10
-2.2173228346456693
20
3.140706062992126
11
-2.2173228346456693
21
3.1242125984251969
0
LINE
8
BLACK
6
CONTINUOUS
10
-2.2173228346456693
20
3.1242125984251969
11
-2.2114173228346456
21
3.1242125984251969
0
LINE
8
BLACK
6
CONTINUOUS
10
-2.2114173228346456
20
3.1242125984251969
11
-2.2114173228346456
21
3.0671259842519683
0
LINE
8
BLACK
6
CONTINUOUS
10
-2.2114173228346456
20
3.0671259842519683
11
-2.2291338582677165
21
3.0671259842519683
0
LINE
8
BLACK
6
CONTINUOUS
10
-2.2291338582677165
20
3.0671259842519683
11
-2.2291338582677165
21
3.092716535433071
0
LINE
8
BLACK
6
CONTINUOUS
10
-2.2291338582677165
20
3.092716535433071
11
-2.2692493700787399
21
3.092716535433071
0
LINE
8
BLACK
6
CONTINUOUS
10
-2.2692493700787399
20
3.092716535433071
11
-2.2810551968503936
21
3.0809107480314961
0
LINE
8
BLACK
6
CONTINUOUS
10
-2.2810551968503936
20
3.0809107480314961
11
-2.2804662598425196
21
3.0794888976377952
0
LINE
8
BLACK
6
CONTINUOUS
10
-2.2804662598425196
20
3.0794888976377952
11
-2.2804662598425196
21
3.0764166141732283
0
LINE
8
BLACK
6
CONTINUOUS
10
-2.2804662598425196
20
3.0764166141732283
11
-2.2816419685039371
21
3.073578188976378
0
LINE
8
BLACK
6
CONTINUOUS
10
-2.2816419685039371
20
3.073578188976378
11
-2.2838144094488189
21
3.0714057480314958
0
LINE
8
BLACK
6
CONTINUOUS
10
-2.2838144094488189
20
3.0714057480314958
11
-2.2866528346456692
21
3.0702300393700788
0
LINE
8
BLACK
6
CONTINUOUS
10
-2.2866528346456692
20
3.0702300393700788
11
-2.289725118110236
21
3.0702300393700788
0
LINE
8
BLACK
6
CONTINUOUS
10
-2.289725118110236
20
3.0702300393700788
11
-2.2925635433070868
21
3.0714057480314958
0
LINE
8
BLACK
6
CONTINUOUS
10
-2.2925635433070868
20
3.0714057480314958
11
-2.2947359842519686
21
3.073578188976378
0
LINE
8
BLACK
6
CONTINUOUS
10
-2.2947359842519686
20
3.073578188976378
11
-2.2959116929133856
21
3.0764166141732283
0
LINE
8
BLACK
6
CONTINUOUS
10
-2.2959116929133856
20
3.0764166141732283
11
-2.2959116929133856
21
3.0794888976377952
0
LINE
8
BLACK
6
CONTINUOUS
10
-2.2959116929133856
20
3.0794888976377952
11
-2.2947359842519686
21
3.0823273228346455
0
LINE
8
BLACK
6
CONTINUOUS
10
-2.2947359842519686
20
3.0823273228346455
11
-2.2925635433070868
21
3.0844997637795273
0
LINE
8
BLACK
6
CONTINUOUS
10
-2.2925635433070868
20
3.0844997637795273
11
-2.289725118110236
21
3.0856754724409448
0
LINE
8
BLACK
6
CONTINUOUS
10
-2.289725118110236
20
3.0856754724409448
11
-2.2866528346456692
21
3.0856754724409448
0
LINE
8
BLACK
6
CONTINUOUS
10
-2.2866528346456692
20
3.0856754724409448
11
-2.285231023622047
21
3.0850865748031495
0
LINE
8
BLACK
6
CONTINUOUS
10
-2.285231023622047
20
3.0850865748031495
11
-2.2725603543307087
21
3.0977572047244095
0
LINE
8
BLACK
6
CONTINUOUS
10
-2.2725603543307087
20
3.0977572047244095
11
-2.2721129133858269
21
3.0981244094488187
0
LINE
8
BLACK
6
CONTINUOUS
10
-2.2721129133858269
20
3.0981244094488187
11
-2.2710485039370076
21
3.0985653149606298
0
LINE
8
BLACK
6
CONTINUOUS
10
-2.2710485039370076
20
3.0985653149606298
11
-2.2704724409448818
21
3.0986220472440946
0
LINE
8
BLACK
6
CONTINUOUS
10
-2.2704724409448818
20
3.0986220472440946
11
-2.2291338582677165
21
3.0986220472440946
0
LINE
8
BLACK
6
CONTINUOUS
10
-2.2291338582677165
20
3.0986220472440946
11
-2.2291338582677165
21
3.1242125984251969
0
LINE
8
BLACK
6
CONTINUOUS
10
-2.2291338582677165
20
3.1242125984251969
11
-2.2232283464566929
21
3.1242125984251969
0
LINE
8
BLACK
6
CONTINUOUS
10
-2.2232283464566929
20
3.1242125984251969
11
-2.2232283464566929
21
3.1419291338582678
0
LINE
8
BLACK
6
CONTINUOUS
10
-2.2232283464566929
20
3.1419291338582678
11
-2.2231716141732285
21
3.1425051968503936
0
LINE
8
BLACK
6
CONTINUOUS
10
-2.2231716141732285
20
3.1425051968503936
11
-2.2227307086614174
21
3.1435696062992124
0
LINE
8
BLACK
6
CONTINUOUS
10
-2.2227307086614174
20
3.1435696062992124
11
-2.2223635039370078
21
3.1440170472440943
0
LINE
8
BLACK
6
CONTINUOUS
10
-2.2223635039370078
20
3.1440170472440943
11
-2.207599724409449
21
3.1587808267716535
0
LINE
8
BLACK
6
CONTINUOUS
10
-2.207599724409449
20
3.1587808267716535
11
-2.2071522834645667
21
3.1591480314960627
0
LINE
8
BLACK
6
CONTINUOUS
10
-2.2071522834645667
20
3.1591480314960627
11
-2.2060878740157479
21
3.1595889370078738
0
LINE
8
BLACK
6
CONTINUOUS
10
-2.2060878740157479
20
3.1595889370078738
11
-2.205511811023622
21
3.1596456692913386
0
LINE
8
BLACK
6
CONTINUOUS
10
-2.205511811023622
20
3.1596456692913386
11
-2.1500633070866142
21
3.1596456692913386
0
LINE
8
BLACK
6
CONTINUOUS
10
-2.1500633070866142
20
3.1596456692913386
11
-2.1490666929133857
21
3.1620517322834645
0
LINE
8
BLACK
6
CONTINUOUS
10
-2.1490666929133857
20
3.1620517322834645
11
-2.1468942519685039
21
3.1642241732283463
0
LINE
8
BLACK
6
CONTINUOUS
10
-2.1468942519685039
20
3.1642241732283463
11
-2.1440558267716536
21
3.1653998818897637
0
LINE
8
BLACK
6
CONTINUOUS
10
-2.1440558267716536
20
3.1653998818897637
11
-2.1409835433070867
21
3.1653998818897637
0
LINE
8
BLACK
6
CONTINUOUS
10
-2.1409835433070867
20
3.1653998818897637
11
-2.1388657874015746
21
3.1645226771653543
0
LINE
8
BLACK
6
CONTINUOUS
10
-2.1388657874015746
20
3.1645226771653543
11
-2.0942913385826771
21
3.209097086614173
0
LINE
8
BLACK
6
CONTINUOUS
10
-2.0942913385826771
20
3.209097086614173
11
-2.0942913385826771
21
3.2157480314960627
0
LINE
8
BLACK
6
CONTINUOUS
10
-2.0942913385826771
20
3.2157480314960627
11
-2.093991653543307
21
3.2172546456692914
0
LINE
8
BLACK
6
CONTINUOUS
10
-2.093991653543307
20
3.2172546456692914
11
-2.0931382283464566
21
3.2185319291338583
0
LINE
8
BLACK
6
CONTINUOUS
10
-2.0931382283464566
20
3.2185319291338583
11
-2.0918609448818897
21
3.2193853543307087
0
LINE
8
BLACK
6
CONTINUOUS
10
-2.0918609448818897
20
3.2193853543307087
11
-2.0903543307086614
21
3.2196850393700789
0
LINE
8
BLACK
6
CONTINUOUS
10
-2.0903543307086614
20
3.2196850393700789
11
-2.0726377952755906
21
3.2196850393700789
0
LINE
8
BLACK
6
CONTINUOUS
10
-2.0726377952755906
20
3.2196850393700789
11
-2.0711311811023623
21
3.2193853543307087
0
LINE
8
BLACK
6
CONTINUOUS
10
-2.0711311811023623
20
3.1937948031496064
11
-2.0698538976377954
21
3.192941377952756
0
LINE
8
BLACK
6
CONTINUOUS
10
-2.0698538976377954
20
3.192941377952756
11
-2.069000472440945
21
3.1916640944881891
0
LINE
8
BLACK
6
CONTINUOUS
10
-2.069000472440945
20
3.1916640944881891
11
-2.0687007874015748
21
3.1901574803149604
0
LINE
8
BLACK
6
CONTINUOUS
10
-2.0687007874015748
20
3.1901574803149604
11
-2.0687007874015748
21
3.1822834645669289
0
LINE
8
BLACK
6
CONTINUOUS
10
-2.0687007874015748
20
3.1822834645669289
11
-2.069000472440945
21
3.1807768503937006
0
LINE
8
BLACK
6
CONTINUOUS
10
-2.069000472440945
20
3.1807768503937006
11
-2.0698538976377954
21
3.1794995669291337
0
LINE
8
BLACK
6
CONTINUOUS
10
-2.0698538976377954
20
3.1794995669291337
11
-2.0711311811023623
21
3.1786461417322833
0
LINE
8
BLACK
6
CONTINUOUS
10
-2.0711311811023623
20
3.1786461417322833
11
-2.0726377952755906
21
3.1783464566929132
0
LINE
8
BLACK
6
CONTINUOUS
10
-2.0726377952755906
20
3.1783464566929132
11
-2.0785433070866142
21
3.1783464566929132
0
LINE
8
BLACK
6
CONTINUOUS
10
-2.0785433070866142
20
3.1783464566929132
11
-2.0785433070866142
21
3.1440944881889763
0
LINE
8
BLACK
6
CONTINUOUS
10
-2.0785433070866142
20
3.1440944881889763
11
-2.0761811023622045
21
3.1440944881889763
0
LINE
8
BLACK
6
CONTINUOUS
10
-2.0761811023622045
20
3.1440944881889763
11
-2.0741471653543306
21
3.1436899212598424
0
LINE
8
BLACK
6
CONTINUOUS
10
-2.0741471653543306
20
3.1436899212598424
11
-2.0724228740157478
21
3.1425377559055119
0
LINE
8
BLACK
6
CONTINUOUS
10
-2.0724228740157478
20
3.1425377559055119
11
-2.0712707086614173
21
3.140813464566929
0
LINE
8
BLACK
6
CONTINUOUS
10
-2.0712707086614173
20
3.140813464566929
11
-2.0708661417322833
21
3.1387795275590551
0
LINE
8
BLACK
6
CONTINUOUS
10
-2.0708661417322833
20
3.1387795275590551
11
-2.0708661417322833
21
3.1281496062992127
0
LINE
8
BLACK
6
CONTINUOUS
10
-2.0708661417322833
20
3.1281496062992127
11
-2.0712707086614173
21
3.1261156692913383
0
LINE
8
BLACK
6
CONTINUOUS
10
-2.0712707086614173
20
3.1261156692913383
11
-2.0724228740157478
21
3.1243913779527559
0
LINE
8
BLACK
6
CONTINUOUS
10
-2.0724228740157478
20
3.1243913779527559
11
-2.0741471653543306
21
3.123239212598425
0
LINE
8
BLACK
6
CONTINUOUS
10
-2.0741471653543306
20
3.123239212598425
11
-2.0761811023622045
21
3.1228346456692915
0
LINE
8
BLACK
6
CONTINUOUS
10
-2.0761811023622045
20
3.1228346456692915
11
-2.0907480314960631
21
3.1228346456692915
0
LINE
8
BLACK
6
CONTINUOUS
10
-2.0907480314960631
20
3.1228346456692915
11
-2.0927819685039371
21
3.123239212598425
0
LINE
8
BLACK
6
CONTINUOUS
10
-2.0927819685039371
20
3.123239212598425
11
-2.0945062598425195
21
3.1243913779527559
0
LINE
8
BLACK
6
CONTINUOUS
10
-2.0945062598425195
20
3.1243913779527559
11
-2.0956584251968504
21
3.1261156692913383
0
LINE
8
BLACK
6
CONTINUOUS
10
-2.0956584251968504
20
3.1261156692913383
11
-2.0960629921259843
21
3.1281496062992127
0
LINE
8
BLACK
6
CONTINUOUS
10
-2.0960629921259843
20
3.1281496062992127
11
-2.0960629921259843
21
3.137992125984252
0
LINE
8
BLACK
6
CONTINUOUS
10
-2.0960629921259843
20
3.137992125984252
11
-2.1826351968503936
21
3.137992125984252
0
LINE
8
BLACK
6
CONTINUOUS
10
-2.1826351968503936
20
3.137992125984252
11
-2.1917322834645669
21
3.1288950393700787
0
LINE
8
BLACK
6
CONTINUOUS
10
-2.1917322834645669
20
3.1288950393700787
11
-2.1917322834645669
21
3.1242125984251969
0
LINE
8
BLACK
6
CONTINUOUS
10
-2.1917322834645669
20
3.1242125984251969
11
-2.1858267716535433
21
3.1242125984251969
0
LINE
8
BLACK
6
CONTINUOUS
10
-2.1858267716535433
20
3.1242125984251969
11
-2.1858267716535433
21
3.0671259842519683
0
LINE
8
BLACK
6
CONTINUOUS
10
-2.1858267716535433
20
3.0671259842519683
11
-2.2035433070866142
21
3.0671259842519683
0
LINE
8
BLACK
6
CONTINUOUS
10
-2.2035433070866142
20
3.0671259842519683
11
-2.2035433070866142
21
3.1242125984251969
0
LINE
8
BLACK
6
CONTINUOUS
10
-2.2035433070866142
20
3.1242125984251969
11
-2.1976377952755906
21
3.1242125984251969
0
LINE
8
BLACK
6
CONTINUOUS
10
-2.1976377952755906
20
3.1242125984251969
11
-2.1976377952755906
21
3.1301181102362206
0
LINE
8
BLACK
6
CONTINUOUS
10
-2.1976377952755906
20
3.1301181102362206
11
-2.1975810629921257
21
3.1306941732283464
0
LINE
8
BLACK
6
CONTINUOUS
10
-2.1975810629921257
20
3.1306941732283464
11
-2.1971401574803151
21
3.1317585826771652
0
LINE
8
BLACK
6
CONTINUOUS
10
-2.1971401574803151
20
3.1317585826771652
11
-2.1967729527559055
21
3.132206023622047
0
LINE
8
BLACK
6
CONTINUOUS
10
-2.1967729527559055
20
3.132206023622047
11
-2.1859461811023619
21
3.1430327952755905
0
LINE
8
BLACK
6
CONTINUOUS
10
-2.1859461811023619
20
3.1430327952755905
11
-2.1854987007874014
21
3.1434000393700785
0
LINE
8
BLACK
6
CONTINUOUS
10
-2.1854987007874014
20
3.1434000393700785
11
-2.1847988188976379
21
3.1436899212598424
0
LINE
8
BLACK
6
CONTINUOUS
10
-2.1847988188976379
20
3.1436899212598424
11
-2.1844343307086613
21
3.1438409055118108
0
LINE
8
BLACK
6
CONTINUOUS
10
-2.1844343307086613
20
3.1438409055118108
11
-2.1838582677165355
21
3.1438976377952756
0
LINE
8
BLACK
6
CONTINUOUS
10
-2.1838582677165355
20
3.1438976377952756
11
-2.0917376771653542
21
3.1438976377952756
0
LINE
8
BLACK
6
CONTINUOUS
10
-2.0917376771653542
20
3.1438976377952756
11
-2.0907480314960631
21
3.1440944881889763
0
LINE
8
BLACK
6
CONTINUOUS
10
-2.0907480314960631
20
3.1440944881889763
11
-2.0844488188976378
21
3.1440944881889763
0
LINE
8
BLACK
6
CONTINUOUS
10
-2.0844488188976378
20
3.1440944881889763
11
-2.0844488188976378
21
3.1783464566929132
0
LINE
8
BLACK
6
CONTINUOUS
10
-2.0844488188976378
20
3.1783464566929132
11
-2.0903543307086614
21
3.1783464566929132
0
LINE
8
BLACK
6
CONTINUOUS
10
-2.0903543307086614
20
3.1783464566929132
11
-2.0918609448818897
21
3.1786461417322833
0
LINE
8
BLACK
6
CONTINUOUS
10
-2.0918609448818897
20
3.1786461417322833
11
-2.0931382283464566
21
3.1794995669291337
0
LINE
8
BLACK
6
CONTINUOUS
10
-2.0931382283464566
20
3.1794995669291337
11
-2.093991653543307
21
3.1807768503937006
0
LINE
8
BLACK
6
CONTINUOUS
10
-2.093991653543307
20
3.1807768503937006
11
-2.0942913385826771
21
3.1822834645669289
0
LINE
8
BLACK
6
CONTINUOUS
10
-2.0942913385826771
20
3.1822834645669289
11
-2.0942913385826771
21
3.1901574803149604
0
LINE
8
BLACK
6
CONTINUOUS
10
-2.0942913385826771
20
3.1901574803149604
11
-2.093991653543307
21
3.1916640944881891
0
LINE
8
BLACK
6
CONTINUOUS
10
-2.093991653543307
20
3.1916640944881891
11
-2.0931382283464566
21
3.192941377952756
0
LINE
8
BLACK
6
CONTINUOUS
10
-2.0931382283464566
20
3.192941377952756
11
-2.0918609448818897
21
3.1937948031496064
0
LINE
8
BLACK
6
CONTINUOUS
10
-2.0918609448818897
20
3.1937948031496064
11
-2.0903543307086614
21
3.1940944881889761
0
LINE
8
BLACK
6
CONTINUOUS
10
-2.0903543307086614
20
3.1940944881889761
11
-2.0726377952755906
21
3.1940944881889761
0
LINE
8
BLACK
6
CONTINUOUS
10
-2.0726377952755906
20
3.1940944881889761
11
-2.0711311811023623
21
3.1937948031496064
0
LINE
8
BLACK
6
CONTINUOUS
10
-2.1346456692913387
20
3.0671259842519683
11
-2.1523622047244095
21
3.0671259842519683
0
LINE
8
BLACK
6
CONTINUOUS
10
-2.1523622047244095
20
3.0671259842519683
11
-2.1523622047244095
21
3.1242125984251969
0
LINE
8
BLACK
6
CONTINUOUS
10
-2.1523622047244095
20
3.1242125984251969
11
-2.1346456692913387
21
3.1242125984251969
0
LINE
8
BLACK
6
CONTINUOUS
10
-2.1346456692913387
20
3.1242125984251969
11
-2.1346456692913387
21
3.0671259842519683
0
LINE
8
BLACK
6
CONTINUOUS
10
-1.9255466929133858
20
3.0963107874015749
11
-1.923374251968504
21
3.0941383464566927
0
LINE
8
BLACK
6
CONTINUOUS
10
-1.923374251968504
20
3.0941383464566927
11
-1.9221985433070865
21
3.0912999212598424
0
LINE
8
BLACK
6
CONTINUOUS
10
-1.9221985433070865
20
3.0912999212598424
11
-1.9221985433070865
21
3.0882276377952755
0
LINE
8
BLACK
6
CONTINUOUS
10
-1.9221985433070865
20
3.0882276377952755
11
-1.923374251968504
21
3.0853892125984252
0
LINE
8
BLACK
6
CONTINUOUS
10
-1.923374251968504
20
3.0853892125984252
11
-1.9255466929133858
21
3.083216771653543
0
LINE
8
BLACK
6
CONTINUOUS
10
-1.9255466929133858
20
3.083216771653543
11
-1.9283851181102363
21
3.082041062992126
0
LINE
8
BLACK
6
CONTINUOUS
10
-1.9283851181102363
20
3.082041062992126
11
-1.9314574015748032
21
3.082041062992126
0
LINE
8
BLACK
6
CONTINUOUS
10
-1.9314574015748032
20
3.082041062992126
11
-1.9342958267716535
21
3.083216771653543
0
LINE
8
BLACK
6
CONTINUOUS
10
-1.9342958267716535
20
3.083216771653543
11
-1.9364682677165355
21
3.0853892125984252
0
LINE
8
BLACK
6
CONTINUOUS
10
-1.9364682677165355
20
3.0853892125984252
11
-1.9376439763779527
21
3.0882276377952755
0
LINE
8
BLACK
6
CONTINUOUS
10
-1.9376439763779527
20
3.0882276377952755
11
-1.9376439763779527
21
3.0912999212598424
0
LINE
8
BLACK
6
CONTINUOUS
10
-1.9376439763779527
20
3.0912999212598424
11
-1.9364682677165355
21
3.0941383464566927
0
LINE
8
BLACK
6
CONTINUOUS
10
-1.9364682677165355
20
3.0941383464566927
11
-1.9342958267716535
21
3.0963107874015749
0
LINE
8
BLACK
6
CONTINUOUS
10
-1.9342958267716535
20
3.0963107874015749
11
-1.9314574015748032
21
3.097486496062992
0
LINE
8
BLACK
6
CONTINUOUS
10
-1.9314574015748032
20
3.097486496062992
11
-1.9283851181102363
21
3.097486496062992
0
LINE
8
BLACK
6
CONTINUOUS
10
-1.9283851181102363
20
3.097486496062992
11
-1.9255466929133858
21
3.0963107874015749
0
LINE
8
BLACK
6
CONTINUOUS
10
-1.8861766141732283
20
3.0963107874015749
11
-1.8840041732283463
21
3.0941383464566927
0
LINE
8
BLACK
6
CONTINUOUS
10
-1.8840041732283463
20
3.0941383464566927
11
-1.8828284645669291
21
3.0912999212598424
0
LINE
8
BLACK
6
CONTINUOUS
10
-1.8828284645669291
20
3.0912999212598424
11
-1.8828284645669291
21
3.0882276377952755
0
LINE
8
BLACK
6
CONTINUOUS
10
-1.8828284645669291
20
3.0882276377952755
11
-1.8840041732283463
21
3.0853892125984252
0
LINE
8
BLACK
6
CONTINUOUS
10
-1.8840041732283463
20
3.0853892125984252
11
-1.8861766141732283
21
3.083216771653543
0
LINE
8
BLACK
6
CONTINUOUS
10
-1.8861766141732283
20
3.083216771653543
11
-1.8890150393700786
21
3.082041062992126
0
LINE
8
BLACK
6
CONTINUOUS
10
-1.8890150393700786
20
3.082041062992126
11
-1.8920873228346455
21
3.082041062992126
0
LINE
8
BLACK
6
CONTINUOUS
10
-1.8920873228346455
20
3.082041062992126
11
-1.894925748031496
21
3.083216771653543
0
LINE
8
BLACK
6
CONTINUOUS
10
-1.894925748031496
20
3.083216771653543
11
-1.8970981889763778
21
3.0853892125984252
0
LINE
8
BLACK
6
CONTINUOUS
10
-1.8970981889763778
20
3.0853892125984252
11
-1.8982738976377953
21
3.0882276377952755
0
LINE
8
BLACK
6
CONTINUOUS
10
-1.8982738976377953
20
3.0882276377952755
11
-1.8982738976377953
21
3.0912999212598424
0
LINE
8
BLACK
6
CONTINUOUS
10
-1.8982738976377953
20
3.0912999212598424
11
-1.8970981889763778
21
3.0941383464566927
0
LINE
8
BLACK
6
CONTINUOUS
10
-1.8970981889763778
20
3.0941383464566927
11
-1.894925748031496
21
3.0963107874015749
0
LINE
8
BLACK
6
CONTINUOUS
10
-1.894925748031496
20
3.0963107874015749
11
-1.8920873228346455
21
3.097486496062992
0
LINE
8
BLACK
6
CONTINUOUS
10
-1.8920873228346455
20
3.097486496062992
11
-1.8890150393700786
21
3.097486496062992
0
LINE
8
BLACK
6
CONTINUOUS
10
-1.8890150393700786
20
3.097486496062992
11
-1.8861766141732283
21
3.0963107874015749
0
LINE
8
BLACK
6
CONTINUOUS
10
-1.8468065354330707
20
3.0963107874015749
11
-1.8446340944881889
21
3.0941383464566927
0
LINE
8
BLACK
6
CONTINUOUS
10
-1.8446340944881889
20
3.0941383464566927
11
-1.8434583858267717
21
3.0912999212598424
0
LINE
8
BLACK
6
CONTINUOUS
10
-1.8434583858267717
20
3.0912999212598424
11
-1.8434583858267717
21
3.0882276377952755
0
LINE
8
BLACK
6
CONTINUOUS
10
-1.8434583858267717
20
3.0882276377952755
11
-1.8446340944881889
21
3.0853892125984252
0
LINE
8
BLACK
6
CONTINUOUS
10
-1.8446340944881889
20
3.0853892125984252
11
-1.8468065354330707
21
3.083216771653543
0
LINE
8
BLACK
6
CONTINUOUS
10
-1.8468065354330707
20
3.083216771653543
11
-1.8496449606299212
21
3.082041062992126
0
LINE
8
BLACK
6
CONTINUOUS
10
-1.8496449606299212
20
3.082041062992126
11
-1.8527172440944881
21
3.082041062992126
0
LINE
8
BLACK
6
CONTINUOUS
10
-1.8527172440944881
20
3.082041062992126
11
-1.8555556692913386
21
3.083216771653543
0
LINE
8
BLACK
6
CONTINUOUS
10
-1.8555556692913386
20
3.083216771653543
11
-1.8577281102362204
21
3.0853892125984252
0
LINE
8
BLACK
6
CONTINUOUS
10
-1.8577281102362204
20
3.0853892125984252
11
-1.8589038188976377
21
3.0882276377952755
0
LINE
8
BLACK
6
CONTINUOUS
10
-1.8589038188976377
20
3.0882276377952755
11
-1.8589038188976377
21
3.0912999212598424
0
LINE
8
BLACK
6
CONTINUOUS
10
-1.8589038188976377
20
3.0912999212598424
11
-1.8577281102362204
21
3.0941383464566927
0
LINE
8
BLACK
6
CONTINUOUS
10
-1.8577281102362204
20
3.0941383464566927
11
-1.8555556692913386
21
3.0963107874015749
0
LINE
8
BLACK
6
CONTINUOUS
10
-1.8555556692913386
20
3.0963107874015749
11
-1.8527172440944881
21
3.097486496062992
0
LINE
8
BLACK
6
CONTINUOUS
10
-1.8527172440944881
20
3.097486496062992
11
-1.8496449606299212
21
3.097486496062992
0
LINE
8
BLACK
6
CONTINUOUS
10
-1.8496449606299212
20
3.097486496062992
11
-1.8468065354330707
21
3.0963107874015749
0
LINE
8
BLACK
6
CONTINUOUS
10
-1.8074364566929133
20
3.0963107874015749
11
-1.8052640157480315
21
3.0941383464566927
0
LINE
8
BLACK
6
CONTINUOUS
10
-1.8052640157480315
20
3.0941383464566927
11
-1.8040883070866141
21
3.0912999212598424
0
LINE
8
BLACK
6
CONTINUOUS
10
-1.8040883070866141
20
3.0912999212598424
11
-1.8040883070866141
21
3.0882276377952755
0
LINE
8
BLACK
6
CONTINUOUS
10
-1.8040883070866141
20
3.0882276377952755
11
-1.8052640157480315
21
3.0853892125984252
0
LINE
8
BLACK
6
CONTINUOUS
10
-1.8052640157480315
20
3.0853892125984252
11
-1.8074364566929133
21
3.083216771653543
0
LINE
8
BLACK
6
CONTINUOUS
10
-1.8074364566929133
20
3.083216771653543
11
-1.8102748818897638
21
3.082041062992126
0
LINE
8
BLACK
6
CONTINUOUS
10
-1.8102748818897638
20
3.082041062992126
11
-1.8133471653543307
21
3.082041062992126
0
LINE
8
BLACK
6
CONTINUOUS
10
-1.8133471653543307
20
3.082041062992126
11
-1.816185590551181
21
3.083216771653543
0
LINE
8
BLACK
6
CONTINUOUS
10
-1.816185590551181
20
3.083216771653543
11
-1.818358031496063
21
3.0853892125984252
0
LINE
8
BLACK
6
CONTINUOUS
10
-1.818358031496063
20
3.0853892125984252
11
-1.8195337401574803
21
3.0882276377952755
0
LINE
8
BLACK
6
CONTINUOUS
10
-1.8195337401574803
20
3.0882276377952755
11
-1.8195337401574803
21
3.0912999212598424
0
LINE
8
BLACK
6
CONTINUOUS
10
-1.8195337401574803
20
3.0912999212598424
11
-1.818358031496063
21
3.0941383464566927
0
LINE
8
BLACK
6
CONTINUOUS
10
-1.818358031496063
20
3.0941383464566927
11
-1.816185590551181
21
3.0963107874015749
0
LINE
8
BLACK
6
CONTINUOUS
10
-1.816185590551181
20
3.0963107874015749
11
-1.8133471653543307
21
3.097486496062992
0
LINE
8
BLACK
6
CONTINUOUS
10
-1.8133471653543307
20
3.097486496062992
11
-1.8102748818897638
21
3.097486496062992
0
LINE
8
BLACK
6
CONTINUOUS
10
-1.8102748818897638
20
3.097486496062992
11
-1.8074364566929133
21
3.0963107874015749
0
LINE
8
BLACK
6
CONTINUOUS
10
-1.7680663779527559
20
3.0963107874015749
11
-1.7658939370078739
21
3.0941383464566927
0
LINE
8
BLACK
6
CONTINUOUS
10
-1.7658939370078739
20
3.0941383464566927
11
-1.7647182283464566
21
3.0912999212598424
0
LINE
8
BLACK
6
CONTINUOUS
10
-1.7647182283464566
20
3.0912999212598424
11
-1.7647182283464566
21
3.0882276377952755
0
LINE
8
BLACK
6
CONTINUOUS
10
-1.7647182283464566
20
3.0882276377952755
11
-1.7658939370078739
21
3.0853892125984252
0
LINE
8
BLACK
6
CONTINUOUS
10
-1.7658939370078739
20
3.0853892125984252
11
-1.7680663779527559
21
3.083216771653543
0
LINE
8
BLACK
6
CONTINUOUS
10
-1.7680663779527559
20
3.083216771653543
11
-1.7709048031496062
21
3.082041062992126
0
LINE
8
BLACK
6
CONTINUOUS
10
-1.7709048031496062
20
3.082041062992126
11
-1.7739770866141731
21
3.082041062992126
0
LINE
8
BLACK
6
CONTINUOUS
10
-1.7739770866141731
20
3.082041062992126
11
-1.7768155118110236
21
3.083216771653543
0
LINE
8
BLACK
6
CONTINUOUS
10
-1.7768155118110236
20
3.083216771653543
11
-1.7789879527559054
21
3.0853892125984252
0
LINE
8
BLACK
6
CONTINUOUS
10
-1.7789879527559054
20
3.0853892125984252
11
-1.7801636614173229
21
3.0882276377952755
0
LINE
8
BLACK
6
CONTINUOUS
10
-1.7801636614173229
20
3.0882276377952755
11
-1.7801636614173229
21
3.0912999212598424
0
LINE
8
BLACK
6
CONTINUOUS
10
-1.7801636614173229
20
3.0912999212598424
11
-1.7789879527559054
21
3.0941383464566927
0
LINE
8
BLACK
6
CONTINUOUS
10
-1.7789879527559054
20
3.0941383464566927
11
-1.7768155118110236
21
3.0963107874015749
0
LINE
8
BLACK
6
CONTINUOUS
10
-1.7768155118110236
20
3.0963107874015749
11
-1.7739770866141731
21
3.097486496062992
0
LINE
8
BLACK
6
CONTINUOUS
10
-1.7739770866141731
20
3.097486496062992
11
-1.7709048031496062
21
3.097486496062992
0
LINE
8
BLACK
6
CONTINUOUS
10
-1.7709048031496062
20
3.097486496062992
11
-1.7680663779527559
21
3.0963107874015749
0
LINE
8
BLACK
6
CONTINUOUS
10
-2.0741471653543306
20
3.1035324409448819
11
-2.0724228740157478
21
3.102380275590551
0
LINE
8
BLACK
6
CONTINUOUS
10
-2.0724228740157478
20
3.102380275590551
11
-2.0712707086614173
21
3.1006559842519685
0
LINE
8
BLACK
6
CONTINUOUS
10
-2.0712707086614173
20
3.1006559842519685
11
-2.0708661417322833
21
3.0986220472440946
0
LINE
8
BLACK
6
CONTINUOUS
10
-2.0708661417322833
20
3.0986220472440946
11
-2.0708661417322833
21
3.0879921259842518
0
LINE
8
BLACK
6
CONTINUOUS
10
-2.0708661417322833
20
3.0879921259842518
11
-2.0712707086614173
21
3.0859581889763779
0
LINE
8
BLACK
6
CONTINUOUS
10
-2.0712707086614173
20
3.0859581889763779
11
-2.0724228740157478
21
3.084233897637795
0
LINE
8
BLACK
6
CONTINUOUS
10
-2.0724228740157478
20
3.084233897637795
11
-2.0741471653543306
21
3.0830817322834645
0
LINE
8
BLACK
6
CONTINUOUS
10
-2.0741471653543306
20
3.0830817322834645
11
-2.0761811023622045
21
3.0826771653543306
0
LINE
8
BLACK
6
CONTINUOUS
10
-2.0761811023622045
20
3.0826771653543306
11
-2.0907480314960631
21
3.0826771653543306
0
LINE
8
BLACK
6
CONTINUOUS
10
-2.0907480314960631
20
3.0826771653543306
11
-2.0927819685039371
21
3.0830817322834645
0
LINE
8
BLACK
6
CONTINUOUS
10
-2.0927819685039371
20
3.0830817322834645
11
-2.0945062598425195
21
3.084233897637795
0
LINE
8
BLACK
6
CONTINUOUS
10
-2.0945062598425195
20
3.084233897637795
11
-2.0956584251968504
21
3.0859581889763779
0
LINE
8
BLACK
6
CONTINUOUS
10
-2.0956584251968504
20
3.0859581889763779
11
-2.0960629921259843
21
3.0879921259842518
0
LINE
8
BLACK
6
CONTINUOUS
10
-2.0960629921259843
20
3.0879921259842518
11
-2.0960629921259843
21
3.0986220472440946
0
LINE
8
BLACK
6
CONTINUOUS
10
-2.0960629921259843
20
3.0986220472440946
11
-2.0956584251968504
21
3.1006559842519685
0
LINE
8
BLACK
6
CONTINUOUS
10
-2.0956584251968504
20
3.1006559842519685
11
-2.0945062598425195
21
3.102380275590551
0
LINE
8
BLACK
6
CONTINUOUS
10
-2.0945062598425195
20
3.102380275590551
11
-2.0927819685039371
21
3.1035324409448819
0
LINE
8
BLACK
6
CONTINUOUS
10
-2.0927819685039371
20
3.1035324409448819
11
-2.0907480314960631
21
3.1039370078740158
0
LINE
8
BLACK
6
CONTINUOUS
10
-2.0907480314960631
20
3.1039370078740158
11
-2.0761811023622045
21
3.1039370078740158
0
LINE
8
BLACK
6
CONTINUOUS
10
-2.0761811023622045
20
3.1039370078740158
11
-2.0741471653543306
21
3.1035324409448819
0
LINE
8
BLACK
6
CONTINUOUS
10
-1.9093080314960629
20
3.2271394881889761
11
-1.9075198818897638
21
3.2259446850393698
0
LINE
8
BLACK
6
CONTINUOUS
10
-1.9075198818897638
20
3.2259446850393698
11
-1.9063250787401573
21
3.224156535433071
0
LINE
8
BLACK
6
CONTINUOUS
10
-1.9063250787401573
20
3.224156535433071
11
-1.9059055118110235
21
3.2220472440944881
0
LINE
8
BLACK
6
CONTINUOUS
10
-1.9059055118110235
20
3.2220472440944881
11
-1.9059055118110235
21
3.2110236220472439
0
LINE
8
BLACK
6
CONTINUOUS
10
-1.9059055118110235
20
3.2110236220472439
11
-1.9063250787401573
21
3.2089143307086614
0
LINE
8
BLACK
6
CONTINUOUS
10
-1.9063250787401573
20
3.2089143307086614
11
-1.9075198818897638
21
3.2071261811023621
0
LINE
8
BLACK
6
CONTINUOUS
10
-1.9075198818897638
20
3.2071261811023621
11
-1.9093080314960629
21
3.2059313779527558
0
LINE
8
BLACK
6
CONTINUOUS
10
-1.9093080314960629
20
3.2059313779527558
11
-1.9114173228346456
21
3.205511811023622
0
LINE
8
BLACK
6
CONTINUOUS
10
-1.9114173228346456
20
3.205511811023622
11
-1.9178434251968504
21
3.205511811023622
0
LINE
8
BLACK
6
CONTINUOUS
10
-1.9178434251968504
20
3.205511811023622
11
-1.9409986220472442
21
3.182356653543307
0
LINE
8
BLACK
6
CONTINUOUS
10
-1.9409986220472442
20
3.182356653543307
11
-1.9409448818897637
21
3.1820866141732282
0
LINE
8
BLACK
6
CONTINUOUS
10
-1.9409448818897637
20
3.1820866141732282
11
-1.9409448818897637
21
3.1714566929133858
0
LINE
8
BLACK
6
CONTINUOUS
10
-1.9409448818897637
20
3.1714566929133858
11
-1.9409986220472442
21
3.1711866141732283
0
LINE
8
BLACK
6
CONTINUOUS
10
-1.9409986220472442
20
3.1711866141732283
11
-1.9161702362204724
21
3.1463582677165354
0
LINE
8
BLACK
6
CONTINUOUS
10
-1.9161702362204724
20
3.1463582677165354
11
-1.9053149606299211
21
3.1463582677165354
0
LINE
8
BLACK
6
CONTINUOUS
10
-1.9053149606299211
20
3.1463582677165354
11
-1.9053149606299211
21
3.169488188976378
0
LINE
8
BLACK
6
CONTINUOUS
10
-1.9053149606299211
20
3.169488188976378
11
-1.9050152755905512
21
3.1709948031496062
0
LINE
8
BLACK
6
CONTINUOUS
10
-1.9050152755905512
20
3.1709948031496062
11
-1.9041618503937008
21
3.1722720866141731
0
LINE
8
BLACK
6
CONTINUOUS
10
-1.9041618503937008
20
3.1722720866141731
11
-1.9028845669291339
21
3.1731255118110235
0
LINE
8
BLACK
6
CONTINUOUS
10
-1.9028845669291339
20
3.1731255118110235
11
-1.9013779527559054
21
3.1734251968503937
0
LINE
8
BLACK
6
CONTINUOUS
10
-1.9013779527559054
20
3.1734251968503937
11
-1.8935039370078739
21
3.1734251968503937
0
LINE
8
BLACK
6
CONTINUOUS
10
-1.8935039370078739
20
3.1734251968503937
11
-1.8919973228346456
21
3.1731255118110235
0
LINE
8
BLACK
6
CONTINUOUS
10
-1.8919973228346456
20
3.1731255118110235
11
-1.8907200393700787
21
3.1722720866141731
0
LINE
8
BLACK
6
CONTINUOUS
10
-1.8907200393700787
20
3.1722720866141731
11
-1.8898666141732283
21
3.1709948031496062
0
LINE
8
BLACK
6
CONTINUOUS
10
-1.8898666141732283
20
3.1709948031496062
11
-1.8895669291338582
21
3.169488188976378
0
LINE
8
BLACK
6
CONTINUOUS
10
-1.8895669291338582
20
3.169488188976378
11
-1.8895669291338582
21
3.1133858267716534
0
LINE
8
BLACK
6
CONTINUOUS
10
-1.8895669291338582
20
3.1133858267716534
11
-1.8898666141732283
21
3.1118792125984251
0
LINE
8
BLACK
6
CONTINUOUS
10
-1.8898666141732283
20
3.1118792125984251
11
-1.8907200393700787
21
3.1106019291338582
0
LINE
8
BLACK
6
CONTINUOUS
10
-1.8907200393700787
20
3.1106019291338582
11
-1.8919973228346456
21
3.1097485039370079
0
LINE
8
BLACK
6
CONTINUOUS
10
-1.8919973228346456
20
3.1097485039370079
11
-1.8935039370078739
21
3.1094488188976377
0
LINE
8
BLACK
6
CONTINUOUS
10
-1.8935039370078739
20
3.1094488188976377
11
-1.9013779527559054
21
3.1094488188976377
0
LINE
8
BLACK
6
CONTINUOUS
10
-1.9013779527559054
20
3.1094488188976377
11
-1.9028845669291339
21
3.1097485039370079
0
LINE
8
BLACK
6
CONTINUOUS
10
-1.9028845669291339
20
3.1097485039370079
11
-1.9041618503937008
21
3.1106019291338582
0
LINE
8
BLACK
6
CONTINUOUS
10
-1.9041618503937008
20
3.1106019291338582
11
-1.9050152755905512
21
3.1118792125984251
0
LINE
8
BLACK
6
CONTINUOUS
10
-1.9050152755905512
20
3.1118792125984251
11
-1.9053149606299211
21
3.1133858267716534
0
LINE
8
BLACK
6
CONTINUOUS
10
-1.9053149606299211
20
3.1133858267716534
11
-1.9053149606299211
21
3.136515748031496
0
LINE
8
BLACK
6
CONTINUOUS
10
-1.9053149606299211
20
3.136515748031496
11
-1.9182087007874016
21
3.136515748031496
0
LINE
8
BLACK
6
CONTINUOUS
10
-1.9182087007874016
20
3.136515748031496
11
-1.9191687795275589
21
3.1366103149606297
0
LINE
8
BLACK
6
CONTINUOUS
10
-1.9191687795275589
20
3.1366103149606297
11
-1.9191688188976377
21
3.1366103149606297
0
LINE
8
BLACK
6
CONTINUOUS
10
-1.9191688188976377
20
3.1366103149606297
11
-1.9199036220472441
21
3.1369147244094489
0
LINE
8
BLACK
6
CONTINUOUS
10
-1.9199036220472441
20
3.1369147244094489
11
-1.9209427952755904
21
3.1373451181102361
0
LINE
8
BLACK
6
CONTINUOUS
10
-1.9209427952755904
20
3.1373451181102361
11
-1.9209428346456692
21
3.1373451574803148
0
LINE
8
BLACK
6
CONTINUOUS
10
-1.9209428346456692
20
3.1373451574803148
11
-1.9216885826771652
21
3.1379571653543308
0
LINE
8
BLACK
6
CONTINUOUS
10
-1.9216885826771652
20
3.1379571653543308
11
-1.9498731102362203
21
3.1661417322834646
0
LINE
8
BLACK
6
CONTINUOUS
10
-1.9498731102362203
20
3.1661417322834646
11
-1.9608267716535432
21
3.1661417322834646
0
LINE
8
BLACK
6
CONTINUOUS
10
-1.9608267716535432
20
3.1661417322834646
11
-1.9628607086614174
21
3.1665462992125986
0
LINE
8
BLACK
6
CONTINUOUS
10
-1.9628607086614174
20
3.1665462992125986
11
-1.964585
21
3.1676984645669291
0
LINE
8
BLACK
6
CONTINUOUS
10
-1.964585
20
3.1676984645669291
11
-1.9657371653543307
21
3.1694227559055119
0
LINE
8
BLACK
6
CONTINUOUS
10
-1.9657371653543307
20
3.1694227559055119
11
-1.9661417322834644
21
3.1714566929133858
0
LINE
8
BLACK
6
CONTINUOUS
10
-1.9661417322834644
20
3.1714566929133858
11
-1.9661417322834644
21
3.1820866141732282
0
LINE
8
BLACK
6
CONTINUOUS
10
-1.9661417322834644
20
3.1820866141732282
11
-1.9657371653543307
21
3.1841205511811022
0
LINE
8
BLACK
6
CONTINUOUS
10
-1.9657371653543307
20
3.1841205511811022
11
-1.964585
21
3.185844842519685
0
LINE
8
BLACK
6
CONTINUOUS
10
-1.964585
20
3.185844842519685
11
-1.9628607086614174
21
3.1869970078740155
0
LINE
8
BLACK
6
CONTINUOUS
10
-1.9628607086614174
20
3.1869970078740155
11
-1.9608267716535432
21
3.1874015748031495
0
LINE
8
BLACK
6
CONTINUOUS
10
-1.9608267716535432
20
3.1874015748031495
11
-1.9498730314960631
21
3.1874015748031495
0
LINE
8
BLACK
6
CONTINUOUS
10
-1.9498730314960631
20
3.1874015748031495
11
-1.9292805118110237
21
3.2079941338582678
0
LINE
8
BLACK
6
CONTINUOUS
10
-1.9292805118110237
20
3.2079941338582678
11
-1.9298953937007874
21
3.2089143307086614
0
LINE
8
BLACK
6
CONTINUOUS
10
-1.9298953937007874
20
3.2089143307086614
11
-1.9303149606299213
21
3.2110236220472439
0
LINE
8
BLACK
6
CONTINUOUS
10
-1.9303149606299213
20
3.2110236220472439
11
-1.9303149606299213
21
3.2220472440944881
0
LINE
8
BLACK
6
CONTINUOUS
10
-1.9303149606299213
20
3.2220472440944881
11
-1.9298953937007874
21
3.224156535433071
0
LINE
8
BLACK
6
CONTINUOUS
10
-1.9298953937007874
20
3.224156535433071
11
-1.9287005905511811
21
3.2259446850393698
0
LINE
8
BLACK
6
CONTINUOUS
10
-1.9287005905511811
20
3.2259446850393698
11
-1.9269124409448819
21
3.2271394881889761
0
LINE
8
BLACK
6
CONTINUOUS
10
-1.9269124409448819
20
3.2271394881889761
11
-1.9248031496062992
21
3.2275590551181104
0
LINE
8
BLACK
6
CONTINUOUS
10
-1.9248031496062992
20
3.2275590551181104
11
-1.9114173228346456
21
3.2275590551181104
0
LINE
8
BLACK
6
CONTINUOUS
10
-1.9114173228346456
20
3.2275590551181104
11
-1.9093080314960629
21
3.2271394881889761
0
LINE
8
BLACK
6
CONTINUOUS
10
-1.8699379527559055
20
3.266509566929134
11
-1.8681498031496062
21
3.2653147637795277
0
LINE
8
BLACK
6
CONTINUOUS
10
-1.8681498031496062
20
3.2653147637795277
11
-1.8669549999999999
21
3.2635266141732284
0
LINE
8
BLACK
6
CONTINUOUS
10
-1.8669549999999999
20
3.2635266141732284
11
-1.8665354330708661
21
3.2614173228346455
0
LINE
8
BLACK
6
CONTINUOUS
10
-1.8665354330708661
20
3.2614173228346455
11
-1.8665354330708661
21
3.2503937007874013
0
LINE
8
BLACK
6
CONTINUOUS
10
-1.8665354330708661
20
3.2503937007874013
11
-1.8669549999999999
21
3.2482844094488188
0
LINE
8
BLACK
6
CONTINUOUS
10
-1.8669549999999999
20
3.2482844094488188
11
-1.8681498031496062
21
3.2464962598425195
0
LINE
8
BLACK
6
CONTINUOUS
10
-1.8681498031496062
20
3.2464962598425195
11
-1.8699379527559055
21
3.2453014566929133
0
LINE
8
BLACK
6
CONTINUOUS
10
-1.8699379527559055
20
3.2453014566929133
11
-1.8720472440944882
21
3.2448818897637794
0
LINE
8
BLACK
6
CONTINUOUS
10
-1.8720472440944882
20
3.2448818897637794
11
-1.8748031496062991
21
3.2448818897637794
0
LINE
8
BLACK
6
CONTINUOUS
10
-1.8748031496062991
20
3.2448818897637794
11
-1.8748031496062991
21
3.2283464566929134
0
LINE
8
BLACK
6
CONTINUOUS
10
-1.8748031496062991
20
3.2283464566929134
11
-1.8723425196850394
21
3.2283464566929134
0
LINE
8
BLACK
6
CONTINUOUS
10
-1.8723425196850394
20
3.2283464566929134
11
-1.8701202362204723
21
3.227904409448819
0
LINE
8
BLACK
6
CONTINUOUS
10
-1.8701202362204723
20
3.227904409448819
11
-1.8682362992125985
21
3.2266455905511808
0
LINE
8
BLACK
6
CONTINUOUS
10
-1.8682362992125985
20
3.2266455905511808
11
-1.8669774803149606
21
3.224761653543307
0
LINE
8
BLACK
6
CONTINUOUS
10
-1.8669774803149606
20
3.224761653543307
11
-1.8665354330708661
21
3.2225393700787399
0
LINE
8
BLACK
6
CONTINUOUS
10
-1.8665354330708661
20
3.2225393700787399
11
-1.8665354330708661
21
3.2089566929133859
0
LINE
8
BLACK
6
CONTINUOUS
10
-1.8665354330708661
20
3.2089566929133859
11
-1.8669774803149606
21
3.2067344094488188
0
LINE
8
BLACK
6
CONTINUOUS
10
-1.8669774803149606
20
3.2067344094488188
11
-1.8679133858267716
21
3.2053337795275589
0
LINE
8
BLACK
6
CONTINUOUS
10
-1.8679133858267716
20
3.2053337795275589
11
-1.8679133858267716
21
3.1734251968503937
0
LINE
8
BLACK
6
CONTINUOUS
10
-1.8679133858267716
20
3.1734251968503937
11
-1.8664067716535433
21
3.1731255118110235
0
LINE
8
BLACK
6
CONTINUOUS
10
-1.8664067716535433
20
3.1731255118110235
11
-1.8651294881889764
21
3.1722720866141731
0
LINE
8
BLACK
6
CONTINUOUS
10
-1.8651294881889764
20
3.1722720866141731
11
-1.864276062992126
21
3.1709948031496062
0
LINE
8
BLACK
6
CONTINUOUS
10
-1.864276062992126
20
3.1709948031496062
11
-1.8639763779527558
21
3.169488188976378
0
LINE
8
BLACK
6
CONTINUOUS
10
-1.8639763779527558
20
3.169488188976378
11
-1.8639763779527558
21
3.1133858267716534
0
LINE
8
BLACK
6
CONTINUOUS
10
-1.8639763779527558
20
3.1133858267716534
11
-1.864276062992126
21
3.1118792125984251
0
LINE
8
BLACK
6
CONTINUOUS
10
-1.864276062992126
20
3.1118792125984251
11
-1.8651294881889764
21
3.1106019291338582
0
LINE
8
BLACK
6
CONTINUOUS
10
-1.8651294881889764
20
3.1106019291338582
11
-1.8664067716535433
21
3.1097485039370079
0
LINE
8
BLACK
6
CONTINUOUS
10
-1.8664067716535433
20
3.1097485039370079
11
-1.8679133858267716
21
3.1094488188976377
0
LINE
8
BLACK
6
CONTINUOUS
10
-1.8679133858267716
20
3.1094488188976377
11
-1.8757874015748031
21
3.1094488188976377
0
LINE
8
BLACK
6
CONTINUOUS
10
-1.8757874015748031
20
3.1094488188976377
11
-1.8772940157480316
21
3.1097485039370079
0
LINE
8
BLACK
6
CONTINUOUS
10
-1.8772940157480316
20
3.1097485039370079
11
-1.8785712992125985
21
3.1106019291338582
0
LINE
8
BLACK
6
CONTINUOUS
10
-1.8785712992125985
20
3.1106019291338582
11
-1.8794247244094489
21
3.1118792125984251
0
LINE
8
BLACK
6
CONTINUOUS
10
-1.8794247244094489
20
3.1118792125984251
11
-1.8797244094488188
21
3.1133858267716534
0
LINE
8
BLACK
6
CONTINUOUS
10
-1.8797244094488188
20
3.1133858267716534
11
-1.8797244094488188
21
3.169488188976378
0
LINE
8
BLACK
6
CONTINUOUS
10
-1.8797244094488188
20
3.169488188976378
11
-1.8794247244094489
21
3.1709948031496062
0
LINE
8
BLACK
6
CONTINUOUS
10
-1.8794247244094489
20
3.1709948031496062
11
-1.8785712992125985
21
3.1722720866141731
0
LINE
8
BLACK
6
CONTINUOUS
10
-1.8785712992125985
20
3.1722720866141731
11
-1.8772940157480316
21
3.1731255118110235
0
LINE
8
BLACK
6
CONTINUOUS
10
-1.8772940157480316
20
3.1731255118110235
11
-1.8757874015748031
21
3.1734251968503937
0
LINE
8
BLACK
6
CONTINUOUS
10
-1.8757874015748031
20
3.1734251968503937
11
-1.8757874015748031
21
3.2031496062992124
0
LINE
8
BLACK
6
CONTINUOUS
10
-1.8757874015748031
20
3.2031496062992124
11
-1.8839566929133857
21
3.2031496062992124
0
LINE
8
BLACK
6
CONTINUOUS
10
-1.8839566929133857
20
3.2031496062992124
11
-1.8861789763779526
21
3.2035916535433069
0
LINE
8
BLACK
6
CONTINUOUS
10
-1.8861789763779526
20
3.2035916535433069
11
-1.8880629133858267
21
3.204850472440945
0
LINE
8
BLACK
6
CONTINUOUS
10
-1.8880629133858267
20
3.204850472440945
11
-1.8893217322834646
21
3.2067344094488188
0
LINE
8
BLACK
6
CONTINUOUS
10
-1.8893217322834646
20
3.2067344094488188
11
-1.889763779527559
21
3.2089566929133859
0
LINE
8
BLACK
6
CONTINUOUS
10
-1.889763779527559
20
3.2089566929133859
11
-1.889763779527559
21
3.2225393700787399
0
LINE
8
BLACK
6
CONTINUOUS
10
-1.889763779527559
20
3.2225393700787399
11
-1.8893217322834646
21
3.224761653543307
0
LINE
8
BLACK
6
CONTINUOUS
10
-1.8893217322834646
20
3.224761653543307
11
-1.8880629133858267
21
3.2266455905511808
0
LINE
8
BLACK
6
CONTINUOUS
10
-1.8880629133858267
20
3.2266455905511808
11
-1.8861789763779526
21
3.227904409448819
0
LINE
8
BLACK
6
CONTINUOUS
10
-1.8861789763779526
20
3.227904409448819
11
-1.8839566929133857
21
3.2283464566929134
0
LINE
8
BLACK
6
CONTINUOUS
10
-1.8839566929133857
20
3.2283464566929134
11
-1.8826771653543306
21
3.2283464566929134
0
LINE
8
BLACK
6
CONTINUOUS
10
-1.8826771653543306
20
3.2283464566929134
11
-1.8826771653543306
21
3.2448818897637794
0
LINE
8
BLACK
6
CONTINUOUS
10
-1.8826771653543306
20
3.2448818897637794
11
-1.8854330708661418
21
3.2448818897637794
0
LINE
8
BLACK
6
CONTINUOUS
10
-1.8854330708661418
20
3.2448818897637794
11
-1.8875423622047243
21
3.2453014566929133
0
LINE
8
BLACK
6
CONTINUOUS
10
-1.8875423622047243
20
3.2453014566929133
11
-1.8893305118110235
21
3.2464962598425195
0
LINE
8
BLACK
6
CONTINUOUS
10
-1.8893305118110235
20
3.2464962598425195
11
-1.8905253149606298
21
3.2482844094488188
0
LINE
8
BLACK
6
CONTINUOUS
10
-1.8905253149606298
20
3.2482844094488188
11
-1.8909448818897638
21
3.2503937007874013
0
LINE
8
BLACK
6
CONTINUOUS
10
-1.8909448818897638
20
3.2503937007874013
11
-1.8909448818897638
21
3.2614173228346455
0
LINE
8
BLACK
6
CONTINUOUS
10
-1.8909448818897638
20
3.2614173228346455
11
-1.8905253149606298
21
3.2635266141732284
0
LINE
8
BLACK
6
CONTINUOUS
10
-1.8905253149606298
20
3.2635266141732284
11
-1.8893305118110235
21
3.2653147637795277
0
LINE
8
BLACK
6
CONTINUOUS
10
-1.8893305118110235
20
3.2653147637795277
11
-1.8875423622047243
21
3.266509566929134
0
LINE
8
BLACK
6
CONTINUOUS
10
-1.8875423622047243
20
3.266509566929134
11
-1.8854330708661418
21
3.2669291338582678
0
LINE
8
BLACK
6
CONTINUOUS
10
-1.8854330708661418
20
3.2669291338582678
11
-1.8720472440944882
21
3.2669291338582678
0
LINE
8
BLACK
6
CONTINUOUS
10
-1.8720472440944882
20
3.2669291338582678
11
-1.8699379527559055
21
3.266509566929134
0
LINE
8
BLACK
6
CONTINUOUS
10
-1.8305678740157481
20
3.266509566929134
11
-1.8287797244094488
21
3.2653147637795277
0
LINE
8
BLACK
6
CONTINUOUS
10
-1.8287797244094488
20
3.2653147637795277
11
-1.8275849212598425
21
3.2635266141732284
0
LINE
8
BLACK
6
CONTINUOUS
10
-1.8275849212598425
20
3.2635266141732284
11
-1.8271653543307087
21
3.2614173228346455
0
LINE
8
BLACK
6
CONTINUOUS
10
-1.8271653543307087
20
3.2614173228346455
11
-1.8271653543307087
21
3.2503937007874013
0
LINE
8
BLACK
6
CONTINUOUS
10
-1.8271653543307087
20
3.2503937007874013
11
-1.8275849212598425
21
3.2482844094488188
0
LINE
8
BLACK
6
CONTINUOUS
10
-1.8275849212598425
20
3.2482844094488188
11
-1.8287797244094488
21
3.2464962598425195
0
LINE
8
BLACK
6
CONTINUOUS
10
-1.8287797244094488
20
3.2464962598425195
11
-1.8305678740157481
21
3.2453014566929133
0
LINE
8
BLACK
6
CONTINUOUS
10
-1.8305678740157481
20
3.2453014566929133
11
-1.8326771653543306
21
3.2448818897637794
0
LINE
8
BLACK
6
CONTINUOUS
10
-1.8326771653543306
20
3.2448818897637794
11
-1.8354330708661417
21
3.2448818897637794
0
LINE
8
BLACK
6
CONTINUOUS
10
-1.8354330708661417
20
3.2448818897637794
11
-1.8354330708661417
21
3.2283464566929134
0
LINE
8
BLACK
6
CONTINUOUS
10
-1.8354330708661417
20
3.2283464566929134
11
-1.8341535433070866
21
3.2283464566929134
0
LINE
8
BLACK
6
CONTINUOUS
10
-1.8341535433070866
20
3.2283464566929134
11
-1.8319312598425197
21
3.227904409448819
0
LINE
8
BLACK
6
CONTINUOUS
10
-1.8319312598425197
20
3.227904409448819
11
-1.8300473228346457
21
3.2266455905511808
0
LINE
8
BLACK
6
CONTINUOUS
10
-1.8300473228346457
20
3.2266455905511808
11
-1.8287885039370078
21
3.224761653543307
0
LINE
8
BLACK
6
CONTINUOUS
10
-1.8287885039370078
20
3.224761653543307
11
-1.8283464566929133
21
3.2225393700787399
0
LINE
8
BLACK
6
CONTINUOUS
10
-1.8283464566929133
20
3.2225393700787399
11
-1.8283464566929133
21
3.2089566929133859
0
LINE
8
BLACK
6
CONTINUOUS
10
-1.8283464566929133
20
3.2089566929133859
11
-1.8287885039370078
21
3.2067344094488188
0
LINE
8
BLACK
6
CONTINUOUS
10
-1.8287885039370078
20
3.2067344094488188
11
-1.8300473228346457
21
3.204850472440945
0
LINE
8
BLACK
6
CONTINUOUS
10
-1.8300473228346457
20
3.204850472440945
11
-1.8319312598425197
21
3.2035916535433069
0
LINE
8
BLACK
6
CONTINUOUS
10
-1.8319312598425197
20
3.2035916535433069
11
-1.8341535433070866
21
3.2031496062992124
0
LINE
8
BLACK
6
CONTINUOUS
10
-1.8341535433070866
20
3.2031496062992124
11
-1.8423228346456693
21
3.2031496062992124
0
LINE
8
BLACK
6
CONTINUOUS
10
-1.8423228346456693
20
3.2031496062992124
11
-1.8423228346456693
21
3.1734251968503937
0
LINE
8
BLACK
6
CONTINUOUS
10
-1.8423228346456693
20
3.1734251968503937
11
-1.840816220472441
21
3.1731255118110235
0
LINE
8
BLACK
6
CONTINUOUS
10
-1.840816220472441
20
3.1731255118110235
11
-1.8395389370078741
21
3.1722720866141731
0
LINE
8
BLACK
6
CONTINUOUS
10
-1.8395389370078741
20
3.1722720866141731
11
-1.8386855118110237
21
3.1709948031496062
0
LINE
8
BLACK
6
CONTINUOUS
10
-1.8386855118110237
20
3.1709948031496062
11
-1.8383858267716535
21
3.169488188976378
0
LINE
8
BLACK
6
CONTINUOUS
10
-1.8383858267716535
20
3.169488188976378
11
-1.8383858267716535
21
3.1133858267716534
0
LINE
8
BLACK
6
CONTINUOUS
10
-1.8383858267716535
20
3.1133858267716534
11
-1.8386855118110237
21
3.1118792125984251
0
LINE
8
BLACK
6
CONTINUOUS
10
-1.8386855118110237
20
3.1118792125984251
11
-1.8395389370078741
21
3.1106019291338582
0
LINE
8
BLACK
6
CONTINUOUS
10
-1.8395389370078741
20
3.1106019291338582
11
-1.840816220472441
21
3.1097485039370079
0
LINE
8
BLACK
6
CONTINUOUS
10
-1.840816220472441
20
3.1097485039370079
11
-1.8423228346456693
21
3.1094488188976377
0
LINE
8
BLACK
6
CONTINUOUS
10
-1.8423228346456693
20
3.1094488188976377
11
-1.8501968503937007
21
3.1094488188976377
0
LINE
8
BLACK
6
CONTINUOUS
10
-1.8501968503937007
20
3.1094488188976377
11
-1.851703464566929
21
3.1097485039370079
0
LINE
8
BLACK
6
CONTINUOUS
10
-1.851703464566929
20
3.1097485039370079
11
-1.8529807480314959
21
3.1106019291338582
0
LINE
8
BLACK
6
CONTINUOUS
10
-1.8529807480314959
20
3.1106019291338582
11
-1.8538341732283463
21
3.1118792125984251
0
LINE
8
BLACK
6
CONTINUOUS
10
-1.8538341732283463
20
3.1118792125984251
11
-1.8541338582677165
21
3.1133858267716534
0
LINE
8
BLACK
6
CONTINUOUS
10
-1.8541338582677165
20
3.1133858267716534
11
-1.8541338582677165
21
3.169488188976378
0
LINE
8
BLACK
6
CONTINUOUS
10
-1.8541338582677165
20
3.169488188976378
11
-1.8538341732283463
21
3.1709948031496062
0
LINE
8
BLACK
6
CONTINUOUS
10
-1.8538341732283463
20
3.1709948031496062
11
-1.8529807480314959
21
3.1722720866141731
0
LINE
8
BLACK
6
CONTINUOUS
10
-1.8529807480314959
20
3.1722720866141731
11
-1.851703464566929
21
3.1731255118110235
0
LINE
8
BLACK
6
CONTINUOUS
10
-1.851703464566929
20
3.1731255118110235
11
-1.8501968503937007
21
3.1734251968503937
0
LINE
8
BLACK
6
CONTINUOUS
10
-1.8501968503937007
20
3.1734251968503937
11
-1.8501968503937007
21
3.2053337795275589
0
LINE
8
BLACK
6
CONTINUOUS
10
-1.8501968503937007
20
3.2053337795275589
11
-1.8511327559055117
21
3.2067344094488188
0
LINE
8
BLACK
6
CONTINUOUS
10
-1.8511327559055117
20
3.2067344094488188
11
-1.8515748031496062
21
3.2089566929133859
0
LINE
8
BLACK
6
CONTINUOUS
10
-1.8515748031496062
20
3.2089566929133859
11
-1.8515748031496062
21
3.2225393700787399
0
LINE
8
BLACK
6
CONTINUOUS
10
-1.8515748031496062
20
3.2225393700787399
11
-1.8511327559055117
21
3.224761653543307
0
LINE
8
BLACK
6
CONTINUOUS
10
-1.8511327559055117
20
3.224761653543307
11
-1.8498739370078741
21
3.2266455905511808
0
LINE
8
BLACK
6
CONTINUOUS
10
-1.8498739370078741
20
3.2266455905511808
11
-1.84799
21
3.227904409448819
0
LINE
8
BLACK
6
CONTINUOUS
10
-1.84799
20
3.227904409448819
11
-1.8457677165354329
21
3.2283464566929134
0
LINE
8
BLACK
6
CONTINUOUS
10
-1.8457677165354329
20
3.2283464566929134
11
-1.8433070866141732
21
3.2283464566929134
0
LINE
8
BLACK
6
CONTINUOUS
10
-1.8433070866141732
20
3.2283464566929134
11
-1.8433070866141732
21
3.2448818897637794
0
LINE
8
BLACK
6
CONTINUOUS
10
-1.8433070866141732
20
3.2448818897637794
11
-1.8460629921259841
21
3.2448818897637794
0
LINE
8
BLACK
6
CONTINUOUS
10
-1.8460629921259841
20
3.2448818897637794
11
-1.8481722834645669
21
3.2453014566929133
0
LINE
8
BLACK
6
CONTINUOUS
10
-1.8481722834645669
20
3.2453014566929133
11
-1.8499604330708661
21
3.2464962598425195
0
LINE
8
BLACK
6
CONTINUOUS
10
-1.8499604330708661
20
3.2464962598425195
11
-1.8511552362204724
21
3.2482844094488188
0
LINE
8
BLACK
6
CONTINUOUS
10
-1.8511552362204724
20
3.2482844094488188
11
-1.8515748031496062
21
3.2503937007874013
0
LINE
8
BLACK
6
CONTINUOUS
10
-1.8515748031496062
20
3.2503937007874013
11
-1.8515748031496062
21
3.2614173228346455
0
LINE
8
BLACK
6
CONTINUOUS
10
-1.8515748031496062
20
3.2614173228346455
11
-1.8511552362204724
21
3.2635266141732284
0
LINE
8
BLACK
6
CONTINUOUS
10
-1.8511552362204724
20
3.2635266141732284
11
-1.8499604330708661
21
3.2653147637795277
0
LINE
8
BLACK
6
CONTINUOUS
10
-1.8499604330708661
20
3.2653147637795277
11
-1.8481722834645669
21
3.266509566929134
0
LINE
8
BLACK
6
CONTINUOUS
10
-1.8481722834645669
20
3.266509566929134
11
-1.8460629921259841
21
3.2669291338582678
0
LINE
8
BLACK
6
CONTINUOUS
10
-1.8460629921259841
20
3.2669291338582678
11
-1.8326771653543306
21
3.2669291338582678
0
LINE
8
BLACK
6
CONTINUOUS
10
-1.8326771653543306
20
3.2669291338582678
11
-1.8305678740157481
21
3.266509566929134
0
LINE
8
BLACK
6
CONTINUOUS
10
-1.7911977952755904
20
3.2271394881889761
11
-1.7894096456692914
21
3.2259446850393698
0
LINE
8
BLACK
6
CONTINUOUS
10
-1.7894096456692914
20
3.2259446850393698
11
-1.7882148425196851
21
3.224156535433071
0
LINE
8
BLACK
6
CONTINUOUS
10
-1.7882148425196851
20
3.224156535433071
11
-1.7877952755905511
21
3.2220472440944881
0
LINE
8
BLACK
6
CONTINUOUS
10
-1.7877952755905511
20
3.2220472440944881
11
-1.7877952755905511
21
3.2110236220472439
0
LINE
8
BLACK
6
CONTINUOUS
10
-1.7877952755905511
20
3.2110236220472439
11
-1.7882148425196851
21
3.2089143307086614
0
LINE
8
BLACK
6
CONTINUOUS
10
-1.7882148425196851
20
3.2089143307086614
11
-1.7888297637795276
21
3.2079941338582678
0
LINE
8
BLACK
6
CONTINUOUS
10
-1.7888297637795276
20
3.2079941338582678
11
-1.7682372047244095
21
3.1874015748031495
0
LINE
8
BLACK
6
CONTINUOUS
10
-1.7682372047244095
20
3.1874015748031495
11
-1.7572834645669291
21
3.1874015748031495
0
LINE
8
BLACK
6
CONTINUOUS
10
-1.7572834645669291
20
3.1874015748031495
11
-1.7552495275590552
21
3.1869970078740155
0
LINE
8
BLACK
6
CONTINUOUS
10
-1.7552495275590552
20
3.1869970078740155
11
-1.7535252362204723
21
3.185844842519685
0
LINE
8
BLACK
6
CONTINUOUS
10
-1.7535252362204723
20
3.185844842519685
11
-1.7523730708661418
21
3.1841205511811022
0
LINE
8
BLACK
6
CONTINUOUS
10
-1.7523730708661418
20
3.1841205511811022
11
-1.7519685039370079
21
3.1820866141732282
0
LINE
8
BLACK
6
CONTINUOUS
10
-1.7519685039370079
20
3.1820866141732282
11
-1.7519685039370079
21
3.1714566929133858
0
LINE
8
BLACK
6
CONTINUOUS
10
-1.7519685039370079
20
3.1714566929133858
11
-1.7523730708661418
21
3.1694227559055119
0
LINE
8
BLACK
6
CONTINUOUS
10
-1.7523730708661418
20
3.1694227559055119
11
-1.7535252362204723
21
3.1676984645669291
0
LINE
8
BLACK
6
CONTINUOUS
10
-1.7535252362204723
20
3.1676984645669291
11
-1.7552495275590552
21
3.1665462992125986
0
LINE
8
BLACK
6
CONTINUOUS
10
-1.7552495275590552
20
3.1665462992125986
11
-1.7572834645669291
21
3.1661417322834646
0
LINE
8
BLACK
6
CONTINUOUS
10
-1.7572834645669291
20
3.1661417322834646
11
-1.7682370866141732
21
3.1661417322834646
0
LINE
8
BLACK
6
CONTINUOUS
10
-1.7682370866141732
20
3.1661417322834646
11
-1.7964216929133858
21
3.1379571653543308
0
LINE
8
BLACK
6
CONTINUOUS
10
-1.7964216929133858
20
3.1379571653543308
11
-1.7971672440944881
21
3.1373453543307086
0
LINE
8
BLACK
6
CONTINUOUS
10
-1.7971672440944881
20
3.1373453543307086
11
-1.7971674409448819
21
3.1373451181102361
0
LINE
8
BLACK
6
CONTINUOUS
10
-1.7971674409448819
20
3.1373451181102361
11
-1.7984218503937008
21
3.1368255511811025
0
LINE
8
BLACK
6
CONTINUOUS
10
-1.7984218503937008
20
3.1368255511811025
11
-1.7989414173228346
21
3.1366103149606297
0
LINE
8
BLACK
6
CONTINUOUS
10
-1.7989414173228346
20
3.1366103149606297
11
-1.7989414566929134
21
3.1366103149606297
0
LINE
8
BLACK
6
CONTINUOUS
10
-1.7989414566929134
20
3.1366103149606297
11
-1.7999015354330707
21
3.136515748031496
0
LINE
8
BLACK
6
CONTINUOUS
10
-1.7999015354330707
20
3.136515748031496
11
-1.8127952755905512
21
3.136515748031496
0
LINE
8
BLACK
6
CONTINUOUS
10
-1.8127952755905512
20
3.136515748031496
11
-1.8127952755905512
21
3.1133858267716534
0
LINE
8
BLACK
6
CONTINUOUS
10
-1.8127952755905512
20
3.1133858267716534
11
-1.8130949606299211
21
3.1118792125984251
0
LINE
8
BLACK
6
CONTINUOUS
10
-1.8130949606299211
20
3.1118792125984251
11
-1.8139483858267715
21
3.1106019291338582
0
LINE
8
BLACK
6
CONTINUOUS
10
-1.8139483858267715
20
3.1106019291338582
11
-1.8152256692913384
21
3.1097485039370079
0
LINE
8
BLACK
6
CONTINUOUS
10
-1.8152256692913384
20
3.1097485039370079
11
-1.8167322834645669
21
3.1094488188976377
0
LINE
8
BLACK
6
CONTINUOUS
10
-1.8167322834645669
20
3.1094488188976377
11
-1.8246062992125984
21
3.1094488188976377
0
LINE
8
BLACK
6
CONTINUOUS
10
-1.8246062992125984
20
3.1094488188976377
11
-1.8261129133858267
21
3.1097485039370079
0
LINE
8
BLACK
6
CONTINUOUS
10
-1.8261129133858267
20
3.1097485039370079
11
-1.8273901968503936
21
3.1106019291338582
0
LINE
8
BLACK
6
CONTINUOUS
10
-1.8273901968503936
20
3.1106019291338582
11
-1.828243622047244
21
3.1118792125984251
0
LINE
8
BLACK
6
CONTINUOUS
10
-1.828243622047244
20
3.1118792125984251
11
-1.8285433070866142
21
3.1133858267716534
0
LINE
8
BLACK
6
CONTINUOUS
10
-1.8285433070866142
20
3.1133858267716534
11
-1.8285433070866142
21
3.169488188976378
0
LINE
8
BLACK
6
CONTINUOUS
10
-1.8285433070866142
20
3.169488188976378
11
-1.828243622047244
21
3.1709948031496062
0
LINE
8
BLACK
6
CONTINUOUS
10
-1.828243622047244
20
3.1709948031496062
11
-1.8273901968503936
21
3.1722720866141731
0
LINE
8
BLACK
6
CONTINUOUS
10
-1.8273901968503936
20
3.1722720866141731
11
-1.8261129133858267
21
3.1731255118110235
0
LINE
8
BLACK
6
CONTINUOUS
10
-1.8261129133858267
20
3.1731255118110235
11
-1.8246062992125984
21
3.1734251968503937
0
LINE
8
BLACK
6
CONTINUOUS
10
-1.8246062992125984
20
3.1734251968503937
11
-1.8167322834645669
21
3.1734251968503937
0
LINE
8
BLACK
6
CONTINUOUS
10
-1.8167322834645669
20
3.1734251968503937
11
-1.8152256692913384
21
3.1731255118110235
0
LINE
8
BLACK
6
CONTINUOUS
10
-1.8152256692913384
20
3.1731255118110235
11
-1.8139483858267715
21
3.1722720866141731
0
LINE
8
BLACK
6
CONTINUOUS
10
-1.8139483858267715
20
3.1722720866141731
11
-1.8130949606299211
21
3.1709948031496062
0
LINE
8
BLACK
6
CONTINUOUS
10
-1.8130949606299211
20
3.1709948031496062
11
-1.8127952755905512
21
3.169488188976378
0
LINE
8
BLACK
6
CONTINUOUS
10
-1.8127952755905512
20
3.169488188976378
11
-1.8127952755905512
21
3.1463582677165354
0
LINE
8
BLACK
6
CONTINUOUS
10
-1.8127952755905512
20
3.1463582677165354
11
-1.8019399606299211
21
3.1463582677165354
0
LINE
8
BLACK
6
CONTINUOUS
10
-1.8019399606299211
20
3.1463582677165354
11
-1.7771116535433071
21
3.1711866535433071
0
LINE
8
BLACK
6
CONTINUOUS
10
-1.7771116535433071
20
3.1711866535433071
11
-1.7771653543307087
21
3.1714566929133858
0
LINE
8
BLACK
6
CONTINUOUS
10
-1.7771653543307087
20
3.1714566929133858
11
-1.7771653543307087
21
3.1820866141732282
0
LINE
8
BLACK
6
CONTINUOUS
10
-1.7771653543307087
20
3.1820866141732282
11
-1.7771116535433071
21
3.182356653543307
0
LINE
8
BLACK
6
CONTINUOUS
10
-1.7771116535433071
20
3.182356653543307
11
-1.800266811023622
21
3.205511811023622
0
LINE
8
BLACK
6
CONTINUOUS
10
-1.800266811023622
20
3.205511811023622
11
-1.8066929133858267
21
3.205511811023622
0
LINE
8
BLACK
6
CONTINUOUS
10
-1.8066929133858267
20
3.205511811023622
11
-1.8088022047244094
21
3.2059313779527558
0
LINE
8
BLACK
6
CONTINUOUS
10
-1.8088022047244094
20
3.2059313779527558
11
-1.8105903543307087
21
3.2071261811023621
0
LINE
8
BLACK
6
CONTINUOUS
10
-1.8105903543307087
20
3.2071261811023621
11
-1.811785157480315
21
3.2089143307086614
0
LINE
8
BLACK
6
CONTINUOUS
10
-1.811785157480315
20
3.2089143307086614
11
-1.8122047244094488
21
3.2110236220472439
0
LINE
8
BLACK
6
CONTINUOUS
10
-1.8122047244094488
20
3.2110236220472439
11
-1.8122047244094488
21
3.2220472440944881
0
LINE
8
BLACK
6
CONTINUOUS
10
-1.8122047244094488
20
3.2220472440944881
11
-1.811785157480315
21
3.224156535433071
0
LINE
8
BLACK
6
CONTINUOUS
10
-1.811785157480315
20
3.224156535433071
11
-1.8105903543307087
21
3.2259446850393698
0
LINE
8
BLACK
6
CONTINUOUS
10
-1.8105903543307087
20
3.2259446850393698
11
-1.8088022047244094
21
3.2271394881889761
0
LINE
8
BLACK
6
CONTINUOUS
10
-1.8088022047244094
20
3.2271394881889761
11
-1.8066929133858267
21
3.2275590551181104
0
LINE
8
BLACK
6
CONTINUOUS
10
-1.8066929133858267
20
3.2275590551181104
11
-1.7933070866141732
21
3.2275590551181104
0
LINE
8
BLACK
6
CONTINUOUS
10
-1.7933070866141732
20
3.2275590551181104
11
-1.7911977952755904
21
3.2271394881889761
0
LINE
8
BLACK
6
CONTINUOUS
10
-2.0356859842519683
20
3.1448560236220473
11
-2.0338978346456691
21
3.143661220472441
0
LINE
8
BLACK
6
CONTINUOUS
10
-2.0338978346456691
20
3.143661220472441
11
-2.0327030314960628
21
3.1418730708661418
0
LINE
8
BLACK
6
CONTINUOUS
10
-2.0327030314960628
20
3.1418730708661418
11
-2.032283464566929
21
3.1397637795275588
0
LINE
8
BLACK
6
CONTINUOUS
10
-2.032283464566929
20
3.1397637795275588
11
-2.032283464566929
21
3.1263779527559055
0
LINE
8
BLACK
6
CONTINUOUS
10
-2.032283464566929
20
3.1263779527559055
11
-2.0327030314960628
21
3.124268661417323
0
LINE
8
BLACK
6
CONTINUOUS
10
-2.0327030314960628
20
3.124268661417323
11
-2.0338978346456691
21
3.1224805118110237
0
LINE
8
BLACK
6
CONTINUOUS
10
-2.0338978346456691
20
3.1224805118110237
11
-2.0356859842519683
21
3.1212857086614174
0
LINE
8
BLACK
6
CONTINUOUS
10
-2.0356859842519683
20
3.1212857086614174
11
-2.0377952755905513
21
3.1208661417322836
0
LINE
8
BLACK
6
CONTINUOUS
10
-2.0377952755905513
20
3.1208661417322836
11
-2.048818897637795
21
3.1208661417322836
0
LINE
8
BLACK
6
CONTINUOUS
10
-2.048818897637795
20
3.1208661417322836
11
-2.050928188976378
21
3.1212857086614174
0
LINE
8
BLACK
6
CONTINUOUS
10
-2.050928188976378
20
3.1212857086614174
11
-2.0527163385826772
21
3.1224805118110237
0
LINE
8
BLACK
6
CONTINUOUS
10
-2.0527163385826772
20
3.1224805118110237
11
-2.0539111417322835
21
3.124268661417323
0
LINE
8
BLACK
6
CONTINUOUS
10
-2.0539111417322835
20
3.124268661417323
11
-2.0543307086614173
21
3.1263779527559055
0
LINE
8
BLACK
6
CONTINUOUS
10
-2.0543307086614173
20
3.1263779527559055
11
-2.0543307086614173
21
3.1397637795275588
0
LINE
8
BLACK
6
CONTINUOUS
10
-2.0543307086614173
20
3.1397637795275588
11
-2.0539111417322835
21
3.1418730708661418
0
LINE
8
BLACK
6
CONTINUOUS
10
-2.0539111417322835
20
3.1418730708661418
11
-2.0527163385826772
21
3.143661220472441
0
LINE
8
BLACK
6
CONTINUOUS
10
-2.0527163385826772
20
3.143661220472441
11
-2.050928188976378
21
3.1448560236220473
0
LINE
8
BLACK
6
CONTINUOUS
10
-2.050928188976378
20
3.1448560236220473
11
-2.048818897637795
21
3.1452755905511811
0
LINE
8
BLACK
6
CONTINUOUS
10
-2.048818897637795
20
3.1452755905511811
11
-2.0377952755905513
21
3.1452755905511811
0
LINE
8
BLACK
6
CONTINUOUS
10
-2.0377952755905513
20
3.1452755905511811
11
-2.0356859842519683
21
3.1448560236220473
0
LINE
8
BLACK
6
CONTINUOUS
10
-1.996328031496063
20
3.1937948031496064
11
-1.9950507480314961
21
3.192941377952756
0
LINE
8
BLACK
6
CONTINUOUS
10
-1.9950507480314961
20
3.192941377952756
11
-1.9941973228346457
21
3.1916640944881891
0
LINE
8
BLACK
6
CONTINUOUS
10
-1.9941973228346457
20
3.1916640944881891
11
-1.9938976377952755
21
3.1901574803149604
0
LINE
8
BLACK
6
CONTINUOUS
10
-1.9938976377952755
20
3.1901574803149604
11
-1.9938976377952755
21
3.1822834645669289
0
LINE
8
BLACK
6
CONTINUOUS
10
-1.9938976377952755
20
3.1822834645669289
11
-1.9941973228346457
21
3.1807768503937006
0
LINE
8
BLACK
6
CONTINUOUS
10
-1.9941973228346457
20
3.1807768503937006
11
-1.9950507480314961
21
3.1794995669291337
0
LINE
8
BLACK
6
CONTINUOUS
10
-1.9950507480314961
20
3.1794995669291337
11
-1.996328031496063
21
3.1786461417322833
0
LINE
8
BLACK
6
CONTINUOUS
10
-1.996328031496063
20
3.1786461417322833
11
-1.9978346456692913
21
3.1783464566929132
0
LINE
8
BLACK
6
CONTINUOUS
10
-1.9978346456692913
20
3.1783464566929132
11
-2.0005905511811024
21
3.1783464566929132
0
LINE
8
BLACK
6
CONTINUOUS
10
-2.0005905511811024
20
3.1783464566929132
11
-2.0005905511811024
21
3.1452755905511811
0
LINE
8
BLACK
6
CONTINUOUS
10
-2.0005905511811024
20
3.1452755905511811
11
-2.
21
3.1452755905511811
0
LINE
8
BLACK
6
CONTINUOUS
10
-2.
20
3.1452755905511811
11
-1.9978907086614173
21
3.1448560236220473
0
LINE
8
BLACK
6
CONTINUOUS
10
-1.9978907086614173
20
3.1448560236220473
11
-1.996102559055118
21
3.143661220472441
0
LINE
8
BLACK
6
CONTINUOUS
10
-1.996102559055118
20
3.143661220472441
11
-1.9949077559055117
21
3.1418730708661418
0
LINE
8
BLACK
6
CONTINUOUS
10
-1.9949077559055117
20
3.1418730708661418
11
-1.994840590551181
21
3.141535433070866
0
LINE
8
BLACK
6
CONTINUOUS
10
-1.994840590551181
20
3.141535433070866
11
-1.9661417322834644
21
3.141535433070866
0
LINE
8
BLACK
6
CONTINUOUS
10
-1.9661417322834644
20
3.141535433070866
11
-1.9661417322834644
21
3.1419291338582678
0
LINE
8
BLACK
6
CONTINUOUS
10
-1.9661417322834644
20
3.1419291338582678
11
-1.9657371653543307
21
3.1439630708661417
0
LINE
8
BLACK
6
CONTINUOUS
10
-1.9657371653543307
20
3.1439630708661417
11
-1.964585
21
3.1456873622047246
0
LINE
8
BLACK
6
CONTINUOUS
10
-1.964585
20
3.1456873622047246
11
-1.9628607086614174
21
3.146839527559055
0
LINE
8
BLACK
6
CONTINUOUS
10
-1.9628607086614174
20
3.146839527559055
11
-1.9608267716535432
21
3.147244094488189
0
LINE
8
BLACK
6
CONTINUOUS
10
-1.9608267716535432
20
3.147244094488189
11
-1.9462598425196851
21
3.147244094488189
0
LINE
8
BLACK
6
CONTINUOUS
10
-1.9462598425196851
20
3.147244094488189
11
-1.944225905511811
21
3.146839527559055
0
LINE
8
BLACK
6
CONTINUOUS
10
-1.944225905511811
20
3.146839527559055
11
-1.9425016141732283
21
3.1456873622047246
0
LINE
8
BLACK
6
CONTINUOUS
10
-1.9425016141732283
20
3.1456873622047246
11
-1.9413494488188976
21
3.1439630708661417
0
LINE
8
BLACK
6
CONTINUOUS
10
-1.9413494488188976
20
3.1439630708661417
11
-1.9409448818897637
21
3.1419291338582678
0
LINE
8
BLACK
6
CONTINUOUS
10
-1.9409448818897637
20
3.1419291338582678
11
-1.9409448818897637
21
3.1312992125984249
0
LINE
8
BLACK
6
CONTINUOUS
10
-1.9409448818897637
20
3.1312992125984249
11
-1.9413494488188976
21
3.129265275590551
0
LINE
8
BLACK
6
CONTINUOUS
10
-1.9413494488188976
20
3.129265275590551
11
-1.9425016141732283
21
3.1275409842519686
0
LINE
8
BLACK
6
CONTINUOUS
10
-1.9425016141732283
20
3.1275409842519686
11
-1.944225905511811
21
3.1263888188976376
0
LINE
8
BLACK
6
CONTINUOUS
10
-1.944225905511811
20
3.1263888188976376
11
-1.9462598425196851
21
3.1259842519685037
0
LINE
8
BLACK
6
CONTINUOUS
10
-1.9462598425196851
20
3.1259842519685037
11
-1.9608267716535432
21
3.1259842519685037
0
LINE
8
BLACK
6
CONTINUOUS
10
-1.9608267716535432
20
3.1259842519685037
11
-1.9628607086614174
21
3.1263888188976376
0
LINE
8
BLACK
6
CONTINUOUS
10
-1.9628607086614174
20
3.1263888188976376
11
-1.964585
21
3.1275409842519686
0
LINE
8
BLACK
6
CONTINUOUS
10
-1.964585
20
3.1275409842519686
11
-1.9657371653543307
21
3.129265275590551
0
LINE
8
BLACK
6
CONTINUOUS
10
-1.9657371653543307
20
3.129265275590551
11
-1.9661417322834644
21
3.1312992125984249
0
LINE
8
BLACK
6
CONTINUOUS
10
-1.9661417322834644
20
3.1312992125984249
11
-1.9661417322834644
21
3.1316929133858267
0
LINE
8
BLACK
6
CONTINUOUS
10
-1.9661417322834644
20
3.1316929133858267
11
-1.9944881889763779
21
3.1316929133858267
0
LINE
8
BLACK
6
CONTINUOUS
10
-1.9944881889763779
20
3.1316929133858267
11
-1.9944881889763779
21
3.1263779527559055
0
LINE
8
BLACK
6
CONTINUOUS
10
-1.9944881889763779
20
3.1263779527559055
11
-1.9949077559055117
21
3.124268661417323
0
LINE
8
BLACK
6
CONTINUOUS
10
-1.9949077559055117
20
3.124268661417323
11
-1.996102559055118
21
3.1224805118110237
0
LINE
8
BLACK
6
CONTINUOUS
10
-1.996102559055118
20
3.1224805118110237
11
-1.9978907086614173
21
3.1212857086614174
0
LINE
8
BLACK
6
CONTINUOUS
10
-1.9978907086614173
20
3.1212857086614174
11
-2.
21
3.1208661417322836
0
LINE
8
BLACK
6
CONTINUOUS
10
-2.
20
3.1208661417322836
11
-2.0110236220472442
21
3.1208661417322836
0
LINE
8
BLACK
6
CONTINUOUS
10
-2.0110236220472442
20
3.1208661417322836
11
-2.0131329133858267
21
3.1212857086614174
0
LINE
8
BLACK
6
CONTINUOUS
10
-2.0131329133858267
20
3.1212857086614174
11
-2.0149210629921259
21
3.1224805118110237
0
LINE
8
BLACK
6
CONTINUOUS
10
-2.0149210629921259
20
3.1224805118110237
11
-2.0161158661417322
21
3.124268661417323
0
LINE
8
BLACK
6
CONTINUOUS
10
-2.0161158661417322
20
3.124268661417323
11
-2.016535433070866
21
3.1263779527559055
0
LINE
8
BLACK
6
CONTINUOUS
10
-2.016535433070866
20
3.1263779527559055
11
-2.016535433070866
21
3.1397637795275588
0
LINE
8
BLACK
6
CONTINUOUS
10
-2.016535433070866
20
3.1397637795275588
11
-2.0161158661417322
21
3.1418730708661418
0
LINE
8
BLACK
6
CONTINUOUS
10
-2.0161158661417322
20
3.1418730708661418
11
-2.0149210629921259
21
3.143661220472441
0
LINE
8
BLACK
6
CONTINUOUS
10
-2.0149210629921259
20
3.143661220472441
11
-2.0131329133858267
21
3.1448560236220473
0
LINE
8
BLACK
6
CONTINUOUS
10
-2.0131329133858267
20
3.1448560236220473
11
-2.0110236220472442
21
3.1452755905511811
0
LINE
8
BLACK
6
CONTINUOUS
10
-2.0110236220472442
20
3.1452755905511811
11
-2.0104330708661418
21
3.1452755905511811
0
LINE
8
BLACK
6
CONTINUOUS
10
-2.0104330708661418
20
3.1452755905511811
11
-2.0104330708661418
21
3.1783464566929132
0
LINE
8
BLACK
6
CONTINUOUS
10
-2.0104330708661418
20
3.1783464566929132
11
-2.0155511811023623
21
3.1783464566929132
0
LINE
8
BLACK
6
CONTINUOUS
10
-2.0155511811023623
20
3.1783464566929132
11
-2.0170577952755906
21
3.1786461417322833
0
LINE
8
BLACK
6
CONTINUOUS
10
-2.0170577952755906
20
3.1786461417322833
11
-2.0183350787401575
21
3.1794995669291337
0
LINE
8
BLACK
6
CONTINUOUS
10
-2.0183350787401575
20
3.1794995669291337
11
-2.0191885039370079
21
3.1807768503937006
0
LINE
8
BLACK
6
CONTINUOUS
10
-2.0191885039370079
20
3.1807768503937006
11
-2.0194881889763781
21
3.1822834645669289
0
LINE
8
BLACK
6
CONTINUOUS
10
-2.0194881889763781
20
3.1822834645669289
11
-2.0194881889763781
21
3.1901574803149604
0
LINE
8
BLACK
6
CONTINUOUS
10
-2.0194881889763781
20
3.1901574803149604
11
-2.0191885039370079
21
3.1916640944881891
0
LINE
8
BLACK
6
CONTINUOUS
10
-2.0191885039370079
20
3.1916640944881891
11
-2.0183350787401575
21
3.192941377952756
0
LINE
8
BLACK
6
CONTINUOUS
10
-2.0183350787401575
20
3.192941377952756
11
-2.0170577952755906
21
3.1937948031496064
0
LINE
8
BLACK
6
CONTINUOUS
10
-2.0170577952755906
20
3.1937948031496064
11
-2.0155511811023623
21
3.1940944881889761
0
LINE
8
BLACK
6
CONTINUOUS
10
-2.0155511811023623
20
3.1940944881889761
11
-1.9978346456692913
21
3.1940944881889761
0
LINE
8
BLACK
6
CONTINUOUS
10
-1.9978346456692913
20
3.1940944881889761
11
-1.996328031496063
21
3.1937948031496064
0
LINE
8
BLACK
6
CONTINUOUS
10
-1.7552495275590552
20
3.146839527559055
11
-1.7535252362204723
21
3.1456873622047246
0
LINE
8
BLACK
6
CONTINUOUS
10
-1.7535252362204723
20
3.1456873622047246
11
-1.7523730708661418
21
3.1439630708661417
0
LINE
8
BLACK
6
CONTINUOUS
10
-1.7523730708661418
20
3.1439630708661417
11
-1.7519685039370079
21
3.1419291338582678
0
LINE
8
BLACK
6
CONTINUOUS
10
-1.7519685039370079
20
3.1419291338582678
11
-1.7519685039370079
21
3.141535433070866
0
LINE
8
BLACK
6
CONTINUOUS
10
-1.7519685039370079
20
3.141535433070866
11
-1.7158428346456693
21
3.141535433070866
0
LINE
8
BLACK
6
CONTINUOUS
10
-1.7158428346456693
20
3.141535433070866
11
-1.7138233858267715
21
3.1435548818897638
0
LINE
8
BLACK
6
CONTINUOUS
10
-1.7138233858267715
20
3.1435548818897638
11
-1.7109849606299212
21
3.1447305905511809
0
LINE
8
BLACK
6
CONTINUOUS
10
-1.7109849606299212
20
3.1447305905511809
11
-1.7079126771653543
21
3.1447305905511809
0
LINE
8
BLACK
6
CONTINUOUS
10
-1.7079126771653543
20
3.1447305905511809
11
-1.7050742519685038
21
3.1435548818897638
0
LINE
8
BLACK
6
CONTINUOUS
10
-1.7050742519685038
20
3.1435548818897638
11
-1.702901811023622
21
3.1413824409448816
0
LINE
8
BLACK
6
CONTINUOUS
10
-1.702901811023622
20
3.1413824409448816
11
-1.7017261023622048
21
3.1385440157480313
0
LINE
8
BLACK
6
CONTINUOUS
10
-1.7017261023622048
20
3.1385440157480313
11
-1.7017261023622048
21
3.1354717322834644
0
LINE
8
BLACK
6
CONTINUOUS
10
-1.7017261023622048
20
3.1354717322834644
11
-1.702901811023622
21
3.1326333070866141
0
LINE
8
BLACK
6
CONTINUOUS
10
-1.702901811023622
20
3.1326333070866141
11
-1.7050742519685038
21
3.1304608661417324
0
LINE
8
BLACK
6
CONTINUOUS
10
-1.7050742519685038
20
3.1304608661417324
11
-1.7079126771653543
21
3.1292851574803149
0
LINE
8
BLACK
6
CONTINUOUS
10
-1.7079126771653543
20
3.1292851574803149
11
-1.7109849606299212
21
3.1292851574803149
0
LINE
8
BLACK
6
CONTINUOUS
10
-1.7109849606299212
20
3.1292851574803149
11
-1.7138233858267715
21
3.1304608661417324
0
LINE
8
BLACK
6
CONTINUOUS
10
-1.7138233858267715
20
3.1304608661417324
11
-1.7150554330708661
21
3.1316929133858267
0
LINE
8
BLACK
6
CONTINUOUS
10
-1.7150554330708661
20
3.1316929133858267
11
-1.7519685039370079
21
3.1316929133858267
0
LINE
8
BLACK
6
CONTINUOUS
10
-1.7519685039370079
20
3.1316929133858267
11
-1.7519685039370079
21
3.1312992125984249
0
LINE
8
BLACK
6
CONTINUOUS
10
-1.7519685039370079
20
3.1312992125984249
11
-1.7523730708661418
21
3.129265275590551
0
LINE
8
BLACK
6
CONTINUOUS
10
-1.7523730708661418
20
3.129265275590551
11
-1.7535252362204723
21
3.1275409842519686
0
LINE
8
BLACK
6
CONTINUOUS
10
-1.7535252362204723
20
3.1275409842519686
11
-1.7552495275590552
21
3.1263888188976376
0
LINE
8
BLACK
6
CONTINUOUS
10
-1.7552495275590552
20
3.1263888188976376
11
-1.7572834645669291
21
3.1259842519685037
0
LINE
8
BLACK
6
CONTINUOUS
10
-1.7572834645669291
20
3.1259842519685037
11
-1.7718503937007875
21
3.1259842519685037
0
LINE
8
BLACK
6
CONTINUOUS
10
-1.7718503937007875
20
3.1259842519685037
11
-1.7738843307086614
21
3.1263888188976376
0
LINE
8
BLACK
6
CONTINUOUS
10
-1.7738843307086614
20
3.1263888188976376
11
-1.775608622047244
21
3.1275409842519686
0
LINE
8
BLACK
6
CONTINUOUS
10
-1.775608622047244
20
3.1275409842519686
11
-1.7767607874015747
21
3.129265275590551
0
LINE
8
BLACK
6
CONTINUOUS
10
-1.7767607874015747
20
3.129265275590551
11
-1.7771653543307087
21
3.1312992125984249
0
LINE
8
BLACK
6
CONTINUOUS
10
-1.7771653543307087
20
3.1312992125984249
11
-1.7771653543307087
21
3.1419291338582678
0
LINE
8
BLACK
6
CONTINUOUS
10
-1.7771653543307087
20
3.1419291338582678
11
-1.7767607874015747
21
3.1439630708661417
0
LINE
8
BLACK
6
CONTINUOUS
10
-1.7767607874015747
20
3.1439630708661417
11
-1.775608622047244
21
3.1456873622047246
0
LINE
8
BLACK
6
CONTINUOUS
10
-1.775608622047244
20
3.1456873622047246
11
-1.7738843307086614
21
3.146839527559055
0
LINE
8
BLACK
6
CONTINUOUS
10
-1.7738843307086614
20
3.146839527559055
11
-1.7718503937007875
21
3.147244094488189
0
LINE
8
BLACK
6
CONTINUOUS
10
-1.7718503937007875
20
3.147244094488189
11
-1.7572834645669291
21
3.147244094488189
0
LINE
8
BLACK
6
CONTINUOUS
10
-1.7572834645669291
20
3.147244094488189
11
-1.7552495275590552
21
3.146839527559055
0
LINE
8
BLACK
6
CONTINUOUS
10
-2.0711311811023623
20
3.244975905511811
11
-2.0698538976377954
21
3.2441224803149606
0
LINE
8
BLACK
6
CONTINUOUS
10
-2.0698538976377954
20
3.2441224803149606
11
-2.069000472440945
21
3.2428451968503937
0
LINE
8
BLACK
6
CONTINUOUS
10
-2.069000472440945
20
3.2428451968503937
11
-2.0687007874015748
21
3.2413385826771655
0
LINE
8
BLACK
6
CONTINUOUS
10
-2.0687007874015748
20
3.2413385826771655
11
-2.0687007874015748
21
3.233464566929134
0
LINE
8
BLACK
6
CONTINUOUS
10
-2.0687007874015748
20
3.233464566929134
11
-2.069000472440945
21
3.2319579527559053
0
LINE
8
BLACK
6
CONTINUOUS
10
-2.069000472440945
20
3.2319579527559053
11
-2.0698538976377954
21
3.2306806692913383
0
LINE
8
BLACK
6
CONTINUOUS
10
-2.0698538976377954
20
3.2306806692913383
11
-2.0711311811023623
21
3.229827244094488
0
LINE
8
BLACK
6
CONTINUOUS
10
-2.0711311811023623
20
3.229827244094488
11
-2.0726377952755906
21
3.2295275590551182
0
LINE
8
BLACK
6
CONTINUOUS
10
-2.0726377952755906
20
3.2295275590551182
11
-2.0903543307086614
21
3.2295275590551182
0
LINE
8
BLACK
6
CONTINUOUS
10
-2.0903543307086614
20
3.2295275590551182
11
-2.0918609448818897
21
3.229827244094488
0
LINE
8
BLACK
6
CONTINUOUS
10
-2.0918609448818897
20
3.229827244094488
11
-2.0931382283464566
21
3.2306806692913383
0
LINE
8
BLACK
6
CONTINUOUS
10
-2.0931382283464566
20
3.2306806692913383
11
-2.093991653543307
21
3.2319579527559053
0
LINE
8
BLACK
6
CONTINUOUS
10
-2.093991653543307
20
3.2319579527559053
11
-2.0942517322834644
21
3.2332653543307086
0
LINE
8
BLACK
6
CONTINUOUS
10
-2.0942517322834644
20
3.2332653543307086
11
-2.1492900000000001
21
3.1782270472440945
0
LINE
8
BLACK
6
CONTINUOUS
10
-2.1492900000000001
20
3.1782270472440945
11
-2.1497374409448819
21
3.1778598425196849
0
LINE
8
BLACK
6
CONTINUOUS
10
-2.1497374409448819
20
3.1778598425196849
11
-2.1508018503937008
21
3.1774189370078738
0
LINE
8
BLACK
6
CONTINUOUS
10
-2.1508018503937008
20
3.1774189370078738
11
-2.1513779133858266
21
3.1773622047244094
0
LINE
8
BLACK
6
CONTINUOUS
10
-2.1513779133858266
20
3.1773622047244094
11
-2.3259423228346456
21
3.1773622047244094
0
LINE
8
BLACK
6
CONTINUOUS
10
-2.3259423228346456
20
3.1773622047244094
11
-2.3583451968503937
21
3.1449593307086614
0
LINE
8
BLACK
6
CONTINUOUS
10
-2.3583451968503937
20
3.1449593307086614
11
-2.3587926377952755
21
3.1445921259842518
0
LINE
8
BLACK
6
CONTINUOUS
10
-2.3587926377952755
20
3.1445921259842518
11
-2.3598570472440943
21
3.1441512204724407
0
LINE
8
BLACK
6
CONTINUOUS
10
-2.3598570472440943
20
3.1441512204724407
11
-2.3604331102362206
21
3.1440944881889763
0
LINE
8
BLACK
6
CONTINUOUS
10
-2.3604331102362206
20
3.1440944881889763
11
-2.390466811023622
21
3.1440944881889763
0
LINE
8
BLACK
6
CONTINUOUS
10
-2.390466811023622
20
3.1440944881889763
11
-2.3910428740157479
21
3.1441512204724407
0
LINE
8
BLACK
6
CONTINUOUS
10
-2.3910428740157479
20
3.1441512204724407
11
-2.3914837401574802
21
3.1443338582677165
0
LINE
8
BLACK
6
CONTINUOUS
10
-2.3914837401574802
20
3.1443338582677165
11
-2.3921072440944879
21
3.144592086614173
0
LINE
8
BLACK
6
CONTINUOUS
10
-2.3921072440944879
20
3.144592086614173
11
-2.3925547244094489
21
3.1449593307086614
0
LINE
8
BLACK
6
CONTINUOUS
10
-2.3925547244094489
20
3.1449593307086614
11
-2.403325275590551
21
3.1557298425196851
0
LINE
8
BLACK
6
CONTINUOUS
10
-2.403325275590551
20
3.1557298425196851
11
-2.4036924803149606
21
3.1561772834645669
0
LINE
8
BLACK
6
CONTINUOUS
10
-2.4036924803149606
20
3.1561772834645669
11
-2.4041333858267717
21
3.1572416929133857
0
LINE
8
BLACK
6
CONTINUOUS
10
-2.4041333858267717
20
3.1572416929133857
11
-2.4041901181102361
21
3.1578177559055116
0
LINE
8
BLACK
6
CONTINUOUS
10
-2.4041901181102361
20
3.1578177559055116
11
-2.4041901181102361
21
3.1891732283464567
0
LINE
8
BLACK
6
CONTINUOUS
10
-2.4041901181102361
20
3.1891732283464567
11
-2.4227853149606298
21
3.1891732283464567
0
LINE
8
BLACK
6
CONTINUOUS
10
-2.4227853149606298
20
3.1891732283464567
11
-2.4233742519685038
21
3.1877514173228345
0
LINE
8
BLACK
6
CONTINUOUS
10
-2.4233742519685038
20
3.1877514173228345
11
-2.425546692913386
21
3.1855789763779527
0
LINE
8
BLACK
6
CONTINUOUS
10
-2.425546692913386
20
3.1855789763779527
11
-2.4283851181102363
21
3.1844032677165353
0
LINE
8
BLACK
6
CONTINUOUS
10
-2.4283851181102363
20
3.1844032677165353
11
-2.4314574015748032
21
3.1844032677165353
0
LINE
8
BLACK
6
CONTINUOUS
10
-2.4314574015748032
20
3.1844032677165353
11
-2.4342958267716535
21
3.1855789763779527
0
LINE
8
BLACK
6
CONTINUOUS
10
-2.4342958267716535
20
3.1855789763779527
11
-2.4364682677165352
21
3.1877514173228345
0
LINE
8
BLACK
6
CONTINUOUS
10
-2.4364682677165352
20
3.1877514173228345
11
-2.4376439763779527
21
3.1905898425196848
0
LINE
8
BLACK
6
CONTINUOUS
10
-2.4376439763779527
20
3.1905898425196848
11
-2.4376439763779527
21
3.1936621259842517
0
LINE
8
BLACK
6
CONTINUOUS
10
-2.4376439763779527
20
3.1936621259842517
11
-2.4364682677165352
21
3.1965005511811024
0
LINE
8
BLACK
6
CONTINUOUS
10
-2.4364682677165352
20
3.1965005511811024
11
-2.4342958267716535
21
3.1986729921259842
0
LINE
8
BLACK
6
CONTINUOUS
10
-2.4342958267716535
20
3.1986729921259842
11
-2.4314574015748032
21
3.1998487007874017
0
LINE
8
BLACK
6
CONTINUOUS
10
-2.4314574015748032
20
3.1998487007874017
11
-2.4283851181102363
21
3.1998487007874017
0
LINE
8
BLACK
6
CONTINUOUS
10
-2.4283851181102363
20
3.1998487007874017
11
-2.425546692913386
21
3.1986729921259842
0
LINE
8
BLACK
6
CONTINUOUS
10
-2.425546692913386
20
3.1986729921259842
11
-2.4233742519685038
21
3.1965005511811024
0
LINE
8
BLACK
6
CONTINUOUS
10
-2.4233742519685038
20
3.1965005511811024
11
-2.4227853149606298
21
3.1950787401574803
0
LINE
8
BLACK
6
CONTINUOUS
10
-2.4227853149606298
20
3.1950787401574803
11
-2.4012373622047245
21
3.1950787401574803
0
LINE
8
BLACK
6
CONTINUOUS
10
-2.4012373622047245
20
3.1950787401574803
11
-2.4006612992125982
21
3.1950220078740155
0
LINE
8
BLACK
6
CONTINUOUS
10
-2.4006612992125982
20
3.1950220078740155
11
-2.3995968897637794
21
3.1945811023622048
0
LINE
8
BLACK
6
CONTINUOUS
10
-2.3995968897637794
20
3.1945811023622048
11
-2.3987822440944879
21
3.1937664566929134
0
LINE
8
BLACK
6
CONTINUOUS
10
-2.3987822440944879
20
3.1937664566929134
11
-2.3983413385826773
21
3.1927020472440946
0
LINE
8
BLACK
6
CONTINUOUS
10
-2.3983413385826773
20
3.1927020472440946
11
-2.3982846062992125
21
3.1921259842519683
0
LINE
8
BLACK
6
CONTINUOUS
10
-2.3982846062992125
20
3.1921259842519683
11
-2.3982846062992125
21
3.1590408661417322
0
LINE
8
BLACK
6
CONTINUOUS
10
-2.3982846062992125
20
3.1590408661417322
11
-2.3892437401574802
21
3.1499999999999999
0
LINE
8
BLACK
6
CONTINUOUS
10
-2.3892437401574802
20
3.1499999999999999
11
-2.361656181102362
21
3.1499999999999999
0
LINE
8
BLACK
6
CONTINUOUS
10
-2.361656181102362
20
3.1499999999999999
11
-2.3292533070866139
21
3.182402874015748
0
LINE
8
BLACK
6
CONTINUOUS
10
-2.3292533070866139
20
3.182402874015748
11
-2.3288058661417321
21
3.1827700787401576
0
LINE
8
BLACK
6
CONTINUOUS
10
-2.3288058661417321
20
3.1827700787401576
11
-2.3277414566929133
21
3.1832109842519682
0
LINE
8
BLACK
6
CONTINUOUS
10
-2.3277414566929133
20
3.1832109842519682
11
-2.3271653937007875
21
3.1832677165354331
0
LINE
8
BLACK
6
CONTINUOUS
10
-2.3271653937007875
20
3.1832677165354331
11
-2.1526009842519684
21
3.1832677165354331
0
LINE
8
BLACK
6
CONTINUOUS
10
-2.1526009842519684
20
3.1832677165354331
11
-2.0963792125984253
21
3.2394894881889762
0
LINE
8
BLACK
6
CONTINUOUS
10
-2.0963792125984253
20
3.2394894881889762
11
-2.0959317322834643
21
3.2398567322834646
0
LINE
8
BLACK
6
CONTINUOUS
10
-2.0959317322834643
20
3.2398567322834646
11
-2.0953082283464566
21
3.2401149999999999
0
LINE
8
BLACK
6
CONTINUOUS
10
-2.0953082283464566
20
3.2401149999999999
11
-2.0948673622047242
21
3.2402975984251969
0
LINE
8
BLACK
6
CONTINUOUS
10
-2.0948673622047242
20
3.2402975984251969
11
-2.0942913385826771
21
3.2403543307086613
0
LINE
8
BLACK
6
CONTINUOUS
10
-2.0942913385826771
20
3.2403543307086613
11
-2.0942913385826771
21
3.2413385826771655
0
LINE
8
BLACK
6
CONTINUOUS
10
-2.0942913385826771
20
3.2413385826771655
11
-2.093991653543307
21
3.2428451968503937
0
LINE
8
BLACK
6
CONTINUOUS
10
-2.093991653543307
20
3.2428451968503937
11
-2.0931382283464566
21
3.2441224803149606
0
LINE
8
BLACK
6
CONTINUOUS
10
-2.0931382283464566
20
3.2441224803149606
11
-2.0918609448818897
21
3.244975905511811
0
LINE
8
BLACK
6
CONTINUOUS
10
-2.0918609448818897
20
3.244975905511811
11
-2.0903543307086614
21
3.2452755905511812
0
LINE
8
BLACK
6
CONTINUOUS
10
-2.0903543307086614
20
3.2452755905511812
11
-2.0726377952755906
21
3.2452755905511812
0
LINE
8
BLACK
6
CONTINUOUS
10
-2.0726377952755906
20
3.2452755905511812
11
-2.0711311811023623
21
3.244975905511811
0
LINE
8
BLACK
6
CONTINUOUS
10
-2.0435184251968503
20
3.2580141338582678
11
-2.042454094488189
21
3.2575732677165354
0
LINE
8
BLACK
6
CONTINUOUS
10
-2.042454094488189
20
3.2575732677165354
11
-2.0424540157480315
21
3.2575732283464567
0
LINE
8
BLACK
6
CONTINUOUS
10
-2.0424540157480315
20
3.2575732283464567
11
-2.0420065748031497
21
3.257206023622047
0
LINE
8
BLACK
6
CONTINUOUS
10
-2.0420065748031497
20
3.257206023622047
11
-2.0251548818897636
21
3.2403543307086613
0
LINE
8
BLACK
6
CONTINUOUS
10
-2.0251548818897636
20
3.2403543307086613
11
-2.0194881889763781
21
3.2403543307086613
0
LINE
8
BLACK
6
CONTINUOUS
10
-2.0194881889763781
20
3.2403543307086613
11
-2.0194881889763781
21
3.2413385826771655
0
LINE
8
BLACK
6
CONTINUOUS
10
-2.0194881889763781
20
3.2413385826771655
11
-2.0191885039370079
21
3.2428451968503937
0
LINE
8
BLACK
6
CONTINUOUS
10
-2.0191885039370079
20
3.2428451968503937
11
-2.0183350787401575
21
3.2441224803149606
0
LINE
8
BLACK
6
CONTINUOUS
10
-2.0183350787401575
20
3.2441224803149606
11
-2.0170577952755906
21
3.244975905511811
0
LINE
8
BLACK
6
CONTINUOUS
10
-2.0170577952755906
20
3.244975905511811
11
-2.0155511811023623
21
3.2452755905511812
0
LINE
8
BLACK
6
CONTINUOUS
10
-2.0155511811023623
20
3.2452755905511812
11
-1.9978346456692913
21
3.2452755905511812
0
LINE
8
BLACK
6
CONTINUOUS
10
-1.9978346456692913
20
3.2452755905511812
11
-1.996328031496063
21
3.244975905511811
0
LINE
8
BLACK
6
CONTINUOUS
10
-1.996328031496063
20
3.244975905511811
11
-1.9950507480314961
21
3.2441224803149606
0
LINE
8
BLACK
6
CONTINUOUS
10
-1.9950507480314961
20
3.2441224803149606
11
-1.9941973228346457
21
3.2428451968503937
0
LINE
8
BLACK
6
CONTINUOUS
10
-1.9941973228346457
20
3.2428451968503937
11
-1.9938976377952755
21
3.2413385826771655
0
LINE
8
BLACK
6
CONTINUOUS
10
-1.9938976377952755
20
3.2413385826771655
11
-1.9938976377952755
21
3.233464566929134
0
LINE
8
BLACK
6
CONTINUOUS
10
-1.9938976377952755
20
3.233464566929134
11
-1.9941973228346457
21
3.2319579527559053
0
LINE
8
BLACK
6
CONTINUOUS
10
-1.9941973228346457
20
3.2319579527559053
11
-1.9950507480314961
21
3.2306806692913383
0
LINE
8
BLACK
6
CONTINUOUS
10
-1.9950507480314961
20
3.2306806692913383
11
-1.996328031496063
21
3.229827244094488
0
LINE
8
BLACK
6
CONTINUOUS
10
-1.996328031496063
20
3.229827244094488
11
-1.9978346456692913
21
3.2295275590551182
0
LINE
8
BLACK
6
CONTINUOUS
10
-1.9978346456692913
20
3.2295275590551182
11
-2.0155511811023623
21
3.2295275590551182
0
LINE
8
BLACK
6
CONTINUOUS
10
-2.0155511811023623
20
3.2295275590551182
11
-2.0170577952755906
21
3.229827244094488
0
LINE
8
BLACK
6
CONTINUOUS
10
-2.0170577952755906
20
3.229827244094488
11
-2.0183350787401575
21
3.2306806692913383
0
LINE
8
BLACK
6
CONTINUOUS
10
-2.0183350787401575
20
3.2306806692913383
11
-2.0191885039370079
21
3.2319579527559053
0
LINE
8
BLACK
6
CONTINUOUS
10
-2.0191885039370079
20
3.2319579527559053
11
-2.0194881889763781
21
3.233464566929134
0
LINE
8
BLACK
6
CONTINUOUS
10
-2.0194881889763781
20
3.233464566929134
11
-2.0194881889763781
21
3.2344488188976377
0
LINE
8
BLACK
6
CONTINUOUS
10
-2.0194881889763781
20
3.2344488188976377
11
-2.0263779527559054
21
3.2344488188976377
0
LINE
8
BLACK
6
CONTINUOUS
10
-2.0263779527559054
20
3.2344488188976377
11
-2.0269540157480312
21
3.2345055511811025
0
LINE
8
BLACK
6
CONTINUOUS
10
-2.0269540157480312
20
3.2345055511811025
11
-2.0280184251968505
21
3.2349464566929131
0
LINE
8
BLACK
6
CONTINUOUS
10
-2.0280184251968505
20
3.2349464566929131
11
-2.0284658661417323
21
3.2353136614173228
0
LINE
8
BLACK
6
CONTINUOUS
10
-2.0284658661417323
20
3.2353136614173228
11
-2.045317559055118
21
3.2521653543307085
0
LINE
8
BLACK
6
CONTINUOUS
10
-2.045317559055118
20
3.2521653543307085
11
-2.1009422834645668
21
3.2521653543307085
0
LINE
8
BLACK
6
CONTINUOUS
10
-2.1009422834645668
20
3.2521653543307085
11
-2.163069566929134
21
3.1900380708661418
0
LINE
8
BLACK
6
CONTINUOUS
10
-2.163069566929134
20
3.1900380708661418
11
-2.1635170078740158
21
3.1896708661417321
0
LINE
8
BLACK
6
CONTINUOUS
10
-2.1635170078740158
20
3.1896708661417321
11
-2.1645814173228346
21
3.189229960629921
0
LINE
8
BLACK
6
CONTINUOUS
10
-2.1645814173228346
20
3.189229960629921
11
-2.1651574803149605
21
3.1891732283464567
0
LINE
8
BLACK
6
CONTINUOUS
10
-2.1651574803149605
20
3.1891732283464567
11
-2.3236220472440943
21
3.1891732283464567
0
LINE
8
BLACK
6
CONTINUOUS
10
-2.3236220472440943
20
3.1891732283464567
11
-2.3241981102362206
21
3.189229960629921
0
LINE
8
BLACK
6
CONTINUOUS
10
-2.3241981102362206
20
3.189229960629921
11
-2.3246389763779529
21
3.1894125984251969
0
LINE
8
BLACK
6
CONTINUOUS
10
-2.3246389763779529
20
3.1894125984251969
11
-2.3252624803149606
21
3.1896708267716534
0
LINE
8
BLACK
6
CONTINUOUS
10
-2.3252624803149606
20
3.1896708267716534
11
-2.3257099606299212
21
3.1900380708661418
0
LINE
8
BLACK
6
CONTINUOUS
10
-2.3257099606299212
20
3.1900380708661418
11
-2.3410643307086612
21
3.2053924409448817
0
LINE
8
BLACK
6
CONTINUOUS
10
-2.3410643307086612
20
3.2053924409448817
11
-2.3414315354330708
21
3.2058398818897635
0
LINE
8
BLACK
6
CONTINUOUS
10
-2.3414315354330708
20
3.2058398818897635
11
-2.3416500393700788
21
3.2063674015748029
0
LINE
8
BLACK
6
CONTINUOUS
10
-2.3416500393700788
20
3.2063674015748029
11
-2.3418724409448819
21
3.2069042913385828
0
LINE
8
BLACK
6
CONTINUOUS
10
-2.3418724409448819
20
3.2069042913385828
11
-2.3419291732283463
21
3.2074803543307087
0
LINE
8
BLACK
6
CONTINUOUS
10
-2.3419291732283463
20
3.2074803543307087
11
-2.3419291732283463
21
3.2078740157480312
0
LINE
8
BLACK
6
CONTINUOUS
10
-2.3419291732283463
20
3.2078740157480312
11
-2.3418724409448819
21
3.2084500787401575
0
LINE
8
BLACK
6
CONTINUOUS
10
-2.3418724409448819
20
3.2084500787401575
11
-2.3414315354330708
21
3.2095144881889763
0
LINE
8
BLACK
6
CONTINUOUS
10
-2.3414315354330708
20
3.2095144881889763
11
-2.3406168897637794
21
3.2103291338582678
0
LINE
8
BLACK
6
CONTINUOUS
10
-2.3406168897637794
20
3.2103291338582678
11
-2.3395524803149605
21
3.2107700393700789
0
LINE
8
BLACK
6
CONTINUOUS
10
-2.3395524803149605
20
3.2107700393700789
11
-2.3389764173228347
21
3.2108267716535432
0
LINE
8
BLACK
6
CONTINUOUS
10
-2.3389764173228347
20
3.2108267716535432
11
-2.3327191338582676
21
3.2108267716535432
0
LINE
8
BLACK
6
CONTINUOUS
10
-2.3327191338582676
20
3.2108267716535432
11
-2.3268188582677163
21
3.2167270866141733
0
LINE
8
BLACK
6
CONTINUOUS
10
-2.3268188582677163
20
3.2167270866141733
11
-2.327407755905512
21
3.218148897637795
0
LINE
8
BLACK
6
CONTINUOUS
10
-2.327407755905512
20
3.218148897637795
11
-2.327407755905512
21
3.2212211811023623
0
LINE
8
BLACK
6
CONTINUOUS
10
-2.327407755905512
20
3.2212211811023623
11
-2.3262320472440945
21
3.2240596062992126
0
LINE
8
BLACK
6
CONTINUOUS
10
-2.3262320472440945
20
3.2240596062992126
11
-2.3240596062992127
21
3.2262320472440944
0
LINE
8
BLACK
6
CONTINUOUS
10
-2.3240596062992127
20
3.2262320472440944
11
-2.321221181102362
21
3.2274077559055119
0
LINE
8
BLACK
6
CONTINUOUS
10
-2.321221181102362
20
3.2274077559055119
11
-2.3181488976377951
21
3.2274077559055119
0
LINE
8
BLACK
6
CONTINUOUS
10
-2.3181488976377951
20
3.2274077559055119
11
-2.3153104724409448
21
3.2262320472440944
0
LINE
8
BLACK
6
CONTINUOUS
10
-2.3153104724409448
20
3.2262320472440944
11
-2.313138031496063
21
3.2240596062992126
0
LINE
8
BLACK
6
CONTINUOUS
10
-2.313138031496063
20
3.2240596062992126
11
-2.3119623228346455
21
3.2212211811023623
0
LINE
8
BLACK
6
CONTINUOUS
10
-2.3119623228346455
20
3.2212211811023623
11
-2.3119623228346455
21
3.218148897637795
0
LINE
8
BLACK
6
CONTINUOUS
10
-2.3119623228346455
20
3.218148897637795
11
-2.313138031496063
21
3.2153104724409447
0
LINE
8
BLACK
6
CONTINUOUS
10
-2.313138031496063
20
3.2153104724409447
11
-2.3153104724409448
21
3.2131380314960629
0
LINE
8
BLACK
6
CONTINUOUS
10
-2.3153104724409448
20
3.2131380314960629
11
-2.3181488976377951
21
3.2119623228346454
0
LINE
8
BLACK
6
CONTINUOUS
10
-2.3181488976377951
20
3.2119623228346454
11
-2.321221181102362
21
3.2119623228346454
0
LINE
8
BLACK
6
CONTINUOUS
10
-2.321221181102362
20
3.2119623228346454
11
-2.3226430314960629
21
3.2125512598425194
0
LINE
8
BLACK
6
CONTINUOUS
10
-2.3226430314960629
20
3.2125512598425194
11
-2.3294081496062993
21
3.2057861023622047
0
LINE
8
BLACK
6
CONTINUOUS
10
-2.3294081496062993
20
3.2057861023622047
11
-2.3298555905511811
21
3.2054188976377951
0
LINE
8
BLACK
6
CONTINUOUS
10
-2.3298555905511811
20
3.2054188976377951
11
-2.3309199999999999
21
3.204977992125984
0
LINE
8
BLACK
6
CONTINUOUS
10
-2.3309199999999999
20
3.204977992125984
11
-2.3314960629921258
21
3.2049212598425196
0
LINE
8
BLACK
6
CONTINUOUS
10
-2.3314960629921258
20
3.2049212598425196
11
-2.3322414960629922
21
3.2049212598425196
0
LINE
8
BLACK
6
CONTINUOUS
10
-2.3322414960629922
20
3.2049212598425196
11
-2.3223989763779529
21
3.1950787401574803
0
LINE
8
BLACK
6
CONTINUOUS
10
-2.3223989763779529
20
3.1950787401574803
11
-2.1663805511811023
21
3.1950787401574803
0
LINE
8
BLACK
6
CONTINUOUS
10
-2.1663805511811023
20
3.1950787401574803
11
-2.1042532677165355
21
3.257206023622047
0
LINE
8
BLACK
6
CONTINUOUS
10
-2.1042532677165355
20
3.257206023622047
11
-2.1038057874015745
21
3.2575732677165354
0
LINE
8
BLACK
6
CONTINUOUS
10
-2.1038057874015745
20
3.2575732677165354
11
-2.1031822834645668
21
3.2578315354330707
0
LINE
8
BLACK
6
CONTINUOUS
10
-2.1031822834645668
20
3.2578315354330707
11
-2.1027414173228345
21
3.2580141338582678
0
LINE
8
BLACK
6
CONTINUOUS
10
-2.1027414173228345
20
3.2580141338582678
11
-2.1021653543307086
21
3.2580708661417321
0
LINE
8
BLACK
6
CONTINUOUS
10
-2.1021653543307086
20
3.2580708661417321
11
-2.0440944881889762
21
3.2580708661417321
0
LINE
8
BLACK
6
CONTINUOUS
10
-2.0440944881889762
20
3.2580708661417321
11
-2.0435184251968503
21
3.2580141338582678
0
LINE
8
BLACK
6
CONTINUOUS
10
-1.996328031496063
20
3.2193853543307087
11
-1.9950507480314961
21
3.2185319291338583
0
LINE
8
BLACK
6
CONTINUOUS
10
-1.9950507480314961
20
3.2185319291338583
11
-1.9941973228346457
21
3.2172546456692914
0
LINE
8
BLACK
6
CONTINUOUS
10
-1.9941973228346457
20
3.2172546456692914
11
-1.9938976377952755
21
3.2157480314960627
0
LINE
8
BLACK
6
CONTINUOUS
10
-1.9938976377952755
20
3.2157480314960627
11
-1.9938976377952755
21
3.2078740157480312
0
LINE
8
BLACK
6
CONTINUOUS
10
-1.9938976377952755
20
3.2078740157480312
11
-1.9941973228346457
21
3.2063674015748029
0
LINE
8
BLACK
6
CONTINUOUS
10
-1.9941973228346457
20
3.2063674015748029
11
-1.9950507480314961
21
3.205090118110236
0
LINE
8
BLACK
6
CONTINUOUS
10
-1.9950507480314961
20
3.205090118110236
11
-1.996328031496063
21
3.2042366929133856
0
LINE
8
BLACK
6
CONTINUOUS
10
-1.996328031496063
20
3.2042366929133856
11
-1.9978346456692913
21
3.2039370078740155
0
LINE
8
BLACK
6
CONTINUOUS
10
-1.9978346456692913
20
3.2039370078740155
11
-2.0155511811023623
21
3.2039370078740155
0
LINE
8
BLACK
6
CONTINUOUS
10
-2.0155511811023623
20
3.2039370078740155
11
-2.0170577952755906
21
3.2042366929133856
0
LINE
8
BLACK
6
CONTINUOUS
10
-2.0170577952755906
20
3.2042366929133856
11
-2.0183350787401575
21
3.205090118110236
0
LINE
8
BLACK
6
CONTINUOUS
10
-2.0183350787401575
20
3.205090118110236
11
-2.0191885039370079
21
3.2063674015748029
0
LINE
8
BLACK
6
CONTINUOUS
10
-2.0191885039370079
20
3.2063674015748029
11
-2.0194881889763781
21
3.2078740157480312
0
LINE
8
BLACK
6
CONTINUOUS
10
-2.0194881889763781
20
3.2078740157480312
11
-2.0194881889763781
21
3.2157480314960627
0
LINE
8
BLACK
6
CONTINUOUS
10
-2.0194881889763781
20
3.2157480314960627
11
-2.0191885039370079
21
3.2172546456692914
0
LINE
8
BLACK
6
CONTINUOUS
10
-2.0191885039370079
20
3.2172546456692914
11
-2.0183350787401575
21
3.2185319291338583
0
LINE
8
BLACK
6
CONTINUOUS
10
-2.0183350787401575
20
3.2185319291338583
11
-2.0170577952755906
21
3.2193853543307087
0
LINE
8
BLACK
6
CONTINUOUS
10
-2.0170577952755906
20
3.2193853543307087
11
-2.0155511811023623
21
3.2196850393700789
0
LINE
8
BLACK
6
CONTINUOUS
10
-2.0155511811023623
20
3.2196850393700789
11
-1.9978346456692913
21
3.2196850393700789
0
LINE
8
BLACK
6
CONTINUOUS
10
-1.9978346456692913
20
3.2196850393700789
11
-1.996328031496063
21
3.2193853543307087
0
LINE
8
BLACK
6
CONTINUOUS
10
-2.2715127559055119
20
3.2428875196850391
11
-2.2697246062992127
21
3.2416927165354328
0
LINE
8
BLACK
6
CONTINUOUS
10
-2.2697246062992127
20
3.2416927165354328
11
-2.2685298031496064
21
3.239904566929134
0
LINE
8
BLACK
6
CONTINUOUS
10
-2.2685298031496064
20
3.239904566929134
11
-2.2681102362204726
21
3.237795275590551
0
LINE
8
BLACK
6
CONTINUOUS
10
-2.2681102362204726
20
3.237795275590551
11
-2.2681102362204726
21
3.2267716535433069
0
LINE
8
BLACK
6
CONTINUOUS
10
-2.2681102362204726
20
3.2267716535433069
11
-2.2685298031496064
21
3.2246623622047244
0
LINE
8
BLACK
6
CONTINUOUS
10
-2.2685298031496064
20
3.2246623622047244
11
-2.2697246062992127
21
3.2228742125984251
0
LINE
8
BLACK
6
CONTINUOUS
10
-2.2697246062992127
20
3.2228742125984251
11
-2.2715127559055119
21
3.2216794094488188
0
LINE
8
BLACK
6
CONTINUOUS
10
-2.2715127559055119
20
3.2216794094488188
11
-2.2736220472440944
21
3.221259842519685
0
LINE
8
BLACK
6
CONTINUOUS
10
-2.2736220472440944
20
3.221259842519685
11
-2.2870078740157478
21
3.221259842519685
0
LINE
8
BLACK
6
CONTINUOUS
10
-2.2870078740157478
20
3.221259842519685
11
-2.2891171653543307
21
3.2216794094488188
0
LINE
8
BLACK
6
CONTINUOUS
10
-2.2891171653543307
20
3.2216794094488188
11
-2.29090531496063
21
3.2228742125984251
0
LINE
8
BLACK
6
CONTINUOUS
10
-2.29090531496063
20
3.2228742125984251
11
-2.2921001181102363
21
3.2246623622047244
0
LINE
8
BLACK
6
CONTINUOUS
10
-2.2921001181102363
20
3.2246623622047244
11
-2.2925196850393701
21
3.2267716535433069
0
LINE
8
BLACK
6
CONTINUOUS
10
-2.2925196850393701
20
3.2267716535433069
11
-2.2925196850393701
21
3.237795275590551
0
LINE
8
BLACK
6
CONTINUOUS
10
-2.2925196850393701
20
3.237795275590551
11
-2.2921001181102363
21
3.239904566929134
0
LINE
8
BLACK
6
CONTINUOUS
10
-2.2921001181102363
20
3.239904566929134
11
-2.29090531496063
21
3.2416927165354328
0
LINE
8
BLACK
6
CONTINUOUS
10
-2.29090531496063
20
3.2416927165354328
11
-2.2891171653543307
21
3.2428875196850391
0
LINE
8
BLACK
6
CONTINUOUS
10
-2.2891171653543307
20
3.2428875196850391
11
-2.2870078740157478
21
3.2433070866141733
0
LINE
8
BLACK
6
CONTINUOUS
10
-2.2870078740157478
20
3.2433070866141733
11
-2.2736220472440944
21
3.2433070866141733
0
LINE
8
BLACK
6
CONTINUOUS
10
-2.2736220472440944
20
3.2433070866141733
11
-2.2715127559055119
21
3.2428875196850391
0
LINE
8
BLACK
6
CONTINUOUS
10
-2.2114173228346456
20
3.2403543307086613
11
-2.2291338582677165
21
3.2403543307086613
0
LINE
8
BLACK
6
CONTINUOUS
10
-2.2291338582677165
20
3.2403543307086613
11
-2.2291338582677165
21
3.2651574803149606
0
LINE
8
BLACK
6
CONTINUOUS
10
-2.2291338582677165
20
3.2651574803149606
11
-2.2681102362204726
21
3.2651574803149606
0
LINE
8
BLACK
6
CONTINUOUS
10
-2.2681102362204726
20
3.2651574803149606
11
-2.2681102362204726
21
3.2645669291338582
0
LINE
8
BLACK
6
CONTINUOUS
10
-2.2681102362204726
20
3.2645669291338582
11
-2.2685298031496064
21
3.2624576377952756
0
LINE
8
BLACK
6
CONTINUOUS
10
-2.2685298031496064
20
3.2624576377952756
11
-2.2697246062992127
21
3.2606694881889764
0
LINE
8
BLACK
6
CONTINUOUS
10
-2.2697246062992127
20
3.2606694881889764
11
-2.2715127559055119
21
3.2594746850393701
0
LINE
8
BLACK
6
CONTINUOUS
10
-2.2715127559055119
20
3.2594746850393701
11
-2.2736220472440944
21
3.2590551181102363
0
LINE
8
BLACK
6
CONTINUOUS
10
-2.2736220472440944
20
3.2590551181102363
11
-2.2870078740157478
21
3.2590551181102363
0
LINE
8
BLACK
6
CONTINUOUS
10
-2.2870078740157478
20
3.2590551181102363
11
-2.2891171653543307
21
3.2594746850393701
0
LINE
8
BLACK
6
CONTINUOUS
10
-2.2891171653543307
20
3.2594746850393701
11
-2.29090531496063
21
3.2606694881889764
0
LINE
8
BLACK
6
CONTINUOUS
10
-2.29090531496063
20
3.2606694881889764
11
-2.2921001181102363
21
3.2624576377952756
0
LINE
8
BLACK
6
CONTINUOUS
10
-2.2921001181102363
20
3.2624576377952756
11
-2.2925196850393701
21
3.2645669291338582
0
LINE
8
BLACK
6
CONTINUOUS
10
-2.2925196850393701
20
3.2645669291338582
11
-2.2925196850393701
21
3.2755905511811023
0
LINE
8
BLACK
6
CONTINUOUS
10
-2.2925196850393701
20
3.2755905511811023
11
-2.2921001181102363
21
3.2776998425196848
0
LINE
8
BLACK
6
CONTINUOUS
10
-2.2921001181102363
20
3.2776998425196848
11
-2.29090531496063
21
3.2794879921259841
0
LINE
8
BLACK
6
CONTINUOUS
10
-2.29090531496063
20
3.2794879921259841
11
-2.2891171653543307
21
3.2806827952755904
0
LINE
8
BLACK
6
CONTINUOUS
10
-2.2891171653543307
20
3.2806827952755904
11
-2.2870078740157478
21
3.2811023622047242
0
LINE
8
BLACK
6
CONTINUOUS
10
-2.2870078740157478
20
3.2811023622047242
11
-2.2736220472440944
21
3.2811023622047242
0
LINE
8
BLACK
6
CONTINUOUS
10
-2.2736220472440944
20
3.2811023622047242
11
-2.2715127559055119
21
3.2806827952755904
0
LINE
8
BLACK
6
CONTINUOUS
10
-2.2715127559055119
20
3.2806827952755904
11
-2.2697246062992127
21
3.2794879921259841
0
LINE
8
BLACK
6
CONTINUOUS
10
-2.2697246062992127
20
3.2794879921259841
11
-2.2685298031496064
21
3.2776998425196848
0
LINE
8
BLACK
6
CONTINUOUS
10
-2.2685298031496064
20
3.2776998425196848
11
-2.2681102362204726
21
3.2755905511811023
0
LINE
8
BLACK
6
CONTINUOUS
10
-2.2681102362204726
20
3.2755905511811023
11
-2.2681102362204726
21
3.2749999999999999
0
LINE
8
BLACK
6
CONTINUOUS
10
-2.2681102362204726
20
3.2749999999999999
11
-2.2291338582677165
21
3.2749999999999999
0
LINE
8
BLACK
6
CONTINUOUS
10
-2.2291338582677165
20
3.2749999999999999
11
-2.2291338582677165
21
3.2974409448818895
0
LINE
8
BLACK
6
CONTINUOUS
10
-2.2291338582677165
20
3.2974409448818895
11
-2.2114173228346456
21
3.2974409448818895
0
LINE
8
BLACK
6
CONTINUOUS
10
-2.2114173228346456
20
3.2974409448818895
11
-2.2114173228346456
21
3.2403543307086613
0
LINE
8
BLACK
6
CONTINUOUS
10
-2.1873581102362203
20
3.3961761023622046
11
-2.1844842913385825
21
3.3942558661417324
0
LINE
8
BLACK
6
CONTINUOUS
10
-2.1844842913385825
20
3.3942558661417324
11
-2.1825640551181102
21
3.3913820472440945
0
LINE
8
BLACK
6
CONTINUOUS
10
-2.1825640551181102
20
3.3913820472440945
11
-2.1818897637795276
21
3.387992125984252
0
LINE
8
BLACK
6
CONTINUOUS
10
-2.1818897637795276
20
3.387992125984252
11
-2.1818897637795276
21
3.358464566929134
0
LINE
8
BLACK
6
CONTINUOUS
10
-2.1818897637795276
20
3.358464566929134
11
-2.1825640551181102
21
3.3550746456692915
0
LINE
8
BLACK
6
CONTINUOUS
10
-2.1825640551181102
20
3.3550746456692915
11
-2.1844842913385825
21
3.3522008267716537
0
LINE
8
BLACK
6
CONTINUOUS
10
-2.1844842913385825
20
3.3522008267716537
11
-2.1873581102362203
21
3.350280590551181
0
LINE
8
BLACK
6
CONTINUOUS
10
-2.1873581102362203
20
3.350280590551181
11
-2.1907480314960628
21
3.3496062992125983
0
LINE
8
BLACK
6
CONTINUOUS
10
-2.1907480314960628
20
3.3496062992125983
11
-2.1917322834645669
21
3.3496062992125983
0
LINE
8
BLACK
6
CONTINUOUS
10
-2.1917322834645669
20
3.3496062992125983
11
-2.1917322834645669
21
3.2974409448818895
0
LINE
8
BLACK
6
CONTINUOUS
10
-2.1917322834645669
20
3.2974409448818895
11
-2.1858267716535433
21
3.2974409448818895
0
LINE
8
BLACK
6
CONTINUOUS
10
-2.1858267716535433
20
3.2974409448818895
11
-2.1858267716535433
21
3.2403543307086613
0
LINE
8
BLACK
6
CONTINUOUS
10
-2.1858267716535433
20
3.2403543307086613
11
-2.2035433070866142
21
3.2403543307086613
0
LINE
8
BLACK
6
CONTINUOUS
10
-2.2035433070866142
20
3.2403543307086613
11
-2.2035433070866142
21
3.2974409448818895
0
LINE
8
BLACK
6
CONTINUOUS
10
-2.2035433070866142
20
3.2974409448818895
11
-2.1976377952755906
21
3.2974409448818895
0
LINE
8
BLACK
6
CONTINUOUS
10
-2.1976377952755906
20
3.2974409448818895
11
-2.1976377952755906
21
3.3496062992125983
0
LINE
8
BLACK
6
CONTINUOUS
10
-2.1976377952755906
20
3.3496062992125983
11
-2.2084645669291336
21
3.3496062992125983
0
LINE
8
BLACK
6
CONTINUOUS
10
-2.2084645669291336
20
3.3496062992125983
11
-2.2118544881889761
21
3.350280590551181
0
LINE
8
BLACK
6
CONTINUOUS
10
-2.2118544881889761
20
3.350280590551181
11
-2.2147283070866139
21
3.3522008267716537
0
LINE
8
BLACK
6
CONTINUOUS
10
-2.2147283070866139
20
3.3522008267716537
11
-2.2166485433070866
21
3.3550746456692915
0
LINE
8
BLACK
6
CONTINUOUS
10
-2.2166485433070866
20
3.3550746456692915
11
-2.2173228346456693
21
3.358464566929134
0
LINE
8
BLACK
6
CONTINUOUS
10
-2.2173228346456693
20
3.358464566929134
11
-2.2173228346456693
21
3.387992125984252
0
LINE
8
BLACK
6
CONTINUOUS
10
-2.2173228346456693
20
3.387992125984252
11
-2.2166485433070866
21
3.3913820472440945
0
LINE
8
BLACK
6
CONTINUOUS
10
-2.2166485433070866
20
3.3913820472440945
11
-2.2147283070866139
21
3.3942558661417324
0
LINE
8
BLACK
6
CONTINUOUS
10
-2.2147283070866139
20
3.3942558661417324
11
-2.2118544881889761
21
3.3961761023622046
0
LINE
8
BLACK
6
CONTINUOUS
10
-2.2118544881889761
20
3.3961761023622046
11
-2.2084645669291336
21
3.3968503937007872
0
LINE
8
BLACK
6
CONTINUOUS
10
-2.2084645669291336
20
3.3968503937007872
11
-2.1907480314960628
21
3.3968503937007872
0
LINE
8
BLACK
6
CONTINUOUS
10
-2.1907480314960628
20
3.3968503937007872
11
-2.1873581102362203
21
3.3961761023622046
0
LINE
8
BLACK
6
CONTINUOUS
10
-2.0574368503937008
20
3.3961761023622046
11
-2.054563031496063
21
3.3942558661417324
0
LINE
8
BLACK
6
CONTINUOUS
10
-2.054563031496063
20
3.3942558661417324
11
-2.0526427952755903
21
3.3913820472440945
0
LINE
8
BLACK
6
CONTINUOUS
10
-2.0526427952755903
20
3.3913820472440945
11
-2.0519685039370077
21
3.387992125984252
0
LINE
8
BLACK
6
CONTINUOUS
10
-2.0519685039370077
20
3.387992125984252
11
-2.0519685039370077
21
3.358464566929134
0
LINE
8
BLACK
6
CONTINUOUS
10
-2.0519685039370077
20
3.358464566929134
11
-2.0526427952755903
21
3.3550746456692915
0
LINE
8
BLACK
6
CONTINUOUS
10
-2.0526427952755903
20
3.3550746456692915
11
-2.054563031496063
21
3.3522008267716537
0
LINE
8
BLACK
6
CONTINUOUS
10
-2.054563031496063
20
3.3522008267716537
11
-2.0574368503937008
21
3.350280590551181
0
LINE
8
BLACK
6
CONTINUOUS
10
-2.0574368503937008
20
3.350280590551181
11
-2.0608267716535433
21
3.3496062992125983
0
LINE
8
BLACK
6
CONTINUOUS
10
-2.0608267716535433
20
3.3496062992125983
11
-2.0785433070866142
21
3.3496062992125983
0
LINE
8
BLACK
6
CONTINUOUS
10
-2.0785433070866142
20
3.3496062992125983
11
-2.0819332283464567
21
3.350280590551181
0
LINE
8
BLACK
6
CONTINUOUS
10
-2.0819332283464567
20
3.350280590551181
11
-2.0848070472440945
21
3.3522008267716537
0
LINE
8
BLACK
6
CONTINUOUS
10
-2.0848070472440945
20
3.3522008267716537
11
-2.0867272834645667
21
3.3550746456692915
0
LINE
8
BLACK
6
CONTINUOUS
10
-2.0867272834645667
20
3.3550746456692915
11
-2.0874015748031494
21
3.358464566929134
0
LINE
8
BLACK
6
CONTINUOUS
10
-2.0874015748031494
20
3.358464566929134
11
-2.0874015748031494
21
3.3707362598425195
0
LINE
8
BLACK
6
CONTINUOUS
10
-2.0874015748031494
20
3.3707362598425195
11
-2.104871929133858
21
3.3707362598425195
0
LINE
8
BLACK
6
CONTINUOUS
10
-2.104871929133858
20
3.3707362598425195
11
-2.1054608661417324
21
3.3693144488188977
0
LINE
8
BLACK
6
CONTINUOUS
10
-2.1054608661417324
20
3.3693144488188977
11
-2.1076333070866142
21
3.3671420078740155
0
LINE
8
BLACK
6
CONTINUOUS
10
-2.1076333070866142
20
3.3671420078740155
11
-2.1090551181102364
21
3.3665531102362203
0
LINE
8
BLACK
6
CONTINUOUS
10
-2.1090551181102364
20
3.3665531102362203
11
-2.1090551181102364
21
3.3604330708661418
0
LINE
8
BLACK
6
CONTINUOUS
10
-2.1090551181102364
20
3.3604330708661418
11
-2.1091118503937007
21
3.3598570472440943
0
LINE
8
BLACK
6
CONTINUOUS
10
-2.1091118503937007
20
3.3598570472440943
11
-2.1095527165354331
21
3.3587926377952755
0
LINE
8
BLACK
6
CONTINUOUS
10
-2.1095527165354331
20
3.3587926377952755
11
-2.109919960629921
21
3.3583451574803149
0
LINE
8
BLACK
6
CONTINUOUS
10
-2.109919960629921
20
3.3583451574803149
11
-2.1661417322834646
21
3.3021233858267718
0
LINE
8
BLACK
6
CONTINUOUS
10
-2.1661417322834646
20
3.3021233858267718
11
-2.1661417322834646
21
3.2974409448818895
0
LINE
8
BLACK
6
CONTINUOUS
10
-2.1661417322834646
20
3.2974409448818895
11
-2.160236220472441
21
3.2974409448818895
0
LINE
8
BLACK
6
CONTINUOUS
10
-2.160236220472441
20
3.2974409448818895
11
-2.160236220472441
21
3.2403543307086613
0
LINE
8
BLACK
6
CONTINUOUS
10
-2.160236220472441
20
3.2403543307086613
11
-2.1779527559055119
21
3.2403543307086613
0
LINE
8
BLACK
6
CONTINUOUS
10
-2.1779527559055119
20
3.2403543307086613
11
-2.1779527559055119
21
3.2974409448818895
0
LINE
8
BLACK
6
CONTINUOUS
10
-2.1779527559055119
20
3.2974409448818895
11
-2.1720472440944882
21
3.2974409448818895
0
LINE
8
BLACK
6
CONTINUOUS
10
-2.1720472440944882
20
3.2974409448818895
11
-2.1720472440944882
21
3.3033464566929132
0
LINE
8
BLACK
6
CONTINUOUS
10
-2.1720472440944882
20
3.3033464566929132
11
-2.1719905118110234
21
3.3039225196850395
0
LINE
8
BLACK
6
CONTINUOUS
10
-2.1719905118110234
20
3.3039225196850395
11
-2.1715496062992123
21
3.3049869291338583
0
LINE
8
BLACK
6
CONTINUOUS
10
-2.1715496062992123
20
3.3049869291338583
11
-2.1711824015748031
21
3.3054343700787401
0
LINE
8
BLACK
6
CONTINUOUS
10
-2.1711824015748031
20
3.3054343700787401
11
-2.11496062992126
21
3.3616561417322832
0
LINE
8
BLACK
6
CONTINUOUS
10
-2.11496062992126
20
3.3616561417322832
11
-2.11496062992126
21
3.3665531102362203
0
LINE
8
BLACK
6
CONTINUOUS
10
-2.11496062992126
20
3.3665531102362203
11
-2.1163824409448817
21
3.3671420078740155
0
LINE
8
BLACK
6
CONTINUOUS
10
-2.1163824409448817
20
3.3671420078740155
11
-2.1185548818897639
21
3.3693144488188977
0
LINE
8
BLACK
6
CONTINUOUS
10
-2.1185548818897639
20
3.3693144488188977
11
-2.119730590551181
21
3.372152874015748
0
LINE
8
BLACK
6
CONTINUOUS
10
-2.119730590551181
20
3.372152874015748
11
-2.119730590551181
21
3.3752251574803149
0
LINE
8
BLACK
6
CONTINUOUS
10
-2.119730590551181
20
3.3752251574803149
11
-2.1185548818897639
21
3.3780635826771652
0
LINE
8
BLACK
6
CONTINUOUS
10
-2.1185548818897639
20
3.3780635826771652
11
-2.1163824409448817
21
3.380236023622047
0
LINE
8
BLACK
6
CONTINUOUS
10
-2.1163824409448817
20
3.380236023622047
11
-2.1135440157480314
21
3.3814117322834645
0
LINE
8
BLACK
6
CONTINUOUS
10
-2.1135440157480314
20
3.3814117322834645
11
-2.1104717322834645
21
3.3814117322834645
0
LINE
8
BLACK
6
CONTINUOUS
10
-2.1104717322834645
20
3.3814117322834645
11
-2.1076333070866142
21
3.380236023622047
0
LINE
8
BLACK
6
CONTINUOUS
10
-2.1076333070866142
20
3.380236023622047
11
-2.1054608661417324
21
3.3780635826771652
0
LINE
8
BLACK
6
CONTINUOUS
10
-2.1054608661417324
20
3.3780635826771652
11
-2.104871929133858
21
3.3766417716535431
0
LINE
8
BLACK
6
CONTINUOUS
10
-2.104871929133858
20
3.3766417716535431
11
-2.0874015748031494
21
3.3766417716535431
0
LINE
8
BLACK
6
CONTINUOUS
10
-2.0874015748031494
20
3.3766417716535431
11
-2.0874015748031494
21
3.387992125984252
0
LINE
8
BLACK
6
CONTINUOUS
10
-2.0874015748031494
20
3.387992125984252
11
-2.0867272834645667
21
3.3913820472440945
0
LINE
8
BLACK
6
CONTINUOUS
10
-2.0867272834645667
20
3.3913820472440945
11
-2.0848070472440945
21
3.3942558661417324
0
LINE
8
BLACK
6
CONTINUOUS
10
-2.0848070472440945
20
3.3942558661417324
11
-2.0819332283464567
21
3.3961761023622046
0
LINE
8
BLACK
6
CONTINUOUS
10
-2.0819332283464567
20
3.3961761023622046
11
-2.0785433070866142
21
3.3968503937007872
0
LINE
8
BLACK
6
CONTINUOUS
10
-2.0785433070866142
20
3.3968503937007872
11
-2.0608267716535433
21
3.3968503937007872
0
LINE
8
BLACK
6
CONTINUOUS
10
-2.0608267716535433
20
3.3968503937007872
11
-2.0574368503937008
21
3.3961761023622046
0
LINE
8
BLACK
6
CONTINUOUS
10
-2.06030437007874
20
3.4624955905511809
11
-2.0590270866141731
21
3.4616421653543306
0
LINE
8
BLACK
6
CONTINUOUS
10
-2.0590270866141731
20
3.4616421653543306
11
-2.0581736614173227
21
3.4603648818897637
0
LINE
8
BLACK
6
CONTINUOUS
10
-2.0581736614173227
20
3.4603648818897637
11
-2.0578739763779526
21
3.4588582677165354
0
LINE
8
BLACK
6
CONTINUOUS
10
-2.0578739763779526
20
3.4588582677165354
11
-2.0578739763779526
21
3.4529527559055118
0
LINE
8
BLACK
6
CONTINUOUS
10
-2.0578739763779526
20
3.4529527559055118
11
-2.0499590157480316
21
3.4529527559055118
0
LINE
8
BLACK
6
CONTINUOUS
10
-2.0499590157480316
20
3.4529527559055118
11
-2.0493829527559053
21
3.452896023622047
0
LINE
8
BLACK
6
CONTINUOUS
10
-2.0493829527559053
20
3.452896023622047
11
-2.0483185433070865
21
3.4524551181102363
0
LINE
8
BLACK
6
CONTINUOUS
10
-2.0483185433070865
20
3.4524551181102363
11
-2.0478711023622047
21
3.4520879133858267
0
LINE
8
BLACK
6
CONTINUOUS
10
-2.0478711023622047
20
3.4520879133858267
11
-2.0134632677165354
21
3.4176800787401573
0
LINE
8
BLACK
6
CONTINUOUS
10
-2.0134632677165354
20
3.4176800787401573
11
-2.013096023622047
21
3.4172325984251968
0
LINE
8
BLACK
6
CONTINUOUS
10
-2.013096023622047
20
3.4172325984251968
11
-2.0129885039370077
21
3.4169729921259844
0
LINE
8
BLACK
6
CONTINUOUS
10
-2.0129885039370077
20
3.4169729921259844
11
-2.0126551574803151
21
3.4161682283464567
0
LINE
8
BLACK
6
CONTINUOUS
10
-2.0126551574803151
20
3.4161682283464567
11
-2.0125984251968503
21
3.4155921653543304
0
LINE
8
BLACK
6
CONTINUOUS
10
-2.0125984251968503
20
3.4155921653543304
11
-2.0125984251968503
21
3.3505495669291339
0
LINE
8
BLACK
6
CONTINUOUS
10
-2.0125984251968503
20
3.3505495669291339
11
-2.0126551574803151
21
3.349973503937008
0
LINE
8
BLACK
6
CONTINUOUS
10
-2.0126551574803151
20
3.349973503937008
11
-2.0128377952755905
21
3.3495326377952757
0
LINE
8
BLACK
6
CONTINUOUS
10
-2.0128377952755905
20
3.3495326377952757
11
-2.013096023622047
21
3.3489091338582675
0
LINE
8
BLACK
6
CONTINUOUS
10
-2.013096023622047
20
3.3489091338582675
11
-2.0134632677165354
21
3.3484616535433069
0
LINE
8
BLACK
6
CONTINUOUS
10
-2.0134632677165354
20
3.3484616535433069
11
-2.0419655905511811
21
3.3199593307086612
0
LINE
8
BLACK
6
CONTINUOUS
10
-2.0419655905511811
20
3.3199593307086612
11
-2.0424130314960629
21
3.319592125984252
0
LINE
8
BLACK
6
CONTINUOUS
10
-2.0424130314960629
20
3.319592125984252
11
-2.0434774409448817
21
3.3191512204724409
0
LINE
8
BLACK
6
CONTINUOUS
10
-2.0434774409448817
20
3.3191512204724409
11
-2.044053503937008
21
3.3190944881889761
0
LINE
8
BLACK
6
CONTINUOUS
10
-2.044053503937008
20
3.3190944881889761
11
-2.1255485826771654
21
3.3190944881889761
0
LINE
8
BLACK
6
CONTINUOUS
10
-2.1255485826771654
20
3.3190944881889761
11
-2.1405511811023623
21
3.3040918897637797
0
LINE
8
BLACK
6
CONTINUOUS
10
-2.1405511811023623
20
3.3040918897637797
11
-2.1405511811023623
21
3.2974409448818895
0
LINE
8
BLACK
6
CONTINUOUS
10
-2.1405511811023623
20
3.2974409448818895
11
-2.1346456692913387
21
3.2974409448818895
0
LINE
8
BLACK
6
CONTINUOUS
10
-2.1346456692913387
20
3.2974409448818895
11
-2.1346456692913387
21
3.2403543307086613
0
LINE
8
BLACK
6
CONTINUOUS
10
-2.1346456692913387
20
3.2403543307086613
11
-2.1523622047244095
21
3.2403543307086613
0
LINE
8
BLACK
6
CONTINUOUS
10
-2.1523622047244095
20
3.2403543307086613
11
-2.1523622047244095
21
3.2974409448818895
0
LINE
8
BLACK
6
CONTINUOUS
10
-2.1523622047244095
20
3.2974409448818895
11
-2.1464566929133859
21
3.2974409448818895
0
LINE
8
BLACK
6
CONTINUOUS
10
-2.1464566929133859
20
3.2974409448818895
11
-2.1464566929133859
21
3.305314960629921
0
LINE
8
BLACK
6
CONTINUOUS
10
-2.1464566929133859
20
3.305314960629921
11
-2.1463999606299211
21
3.3058910236220473
0
LINE
8
BLACK
6
CONTINUOUS
10
-2.1463999606299211
20
3.3058910236220473
11
-2.14595905511811
21
3.3069554330708661
0
LINE
8
BLACK
6
CONTINUOUS
10
-2.14595905511811
20
3.3069554330708661
11
-2.1455918503937008
21
3.307402874015748
0
LINE
8
BLACK
6
CONTINUOUS
10
-2.1455918503937008
20
3.307402874015748
11
-2.1288595669291337
21
3.3241351574803151
0
LINE
8
BLACK
6
CONTINUOUS
10
-2.1288595669291337
20
3.3241351574803151
11
-2.1284121259842519
21
3.324502401574803
0
LINE
8
BLACK
6
CONTINUOUS
10
-2.1284121259842519
20
3.324502401574803
11
-2.1276594881889763
21
3.3248141732283463
0
LINE
8
BLACK
6
CONTINUOUS
10
-2.1276594881889763
20
3.3248141732283463
11
-2.1273477165354331
21
3.3249432677165354
0
LINE
8
BLACK
6
CONTINUOUS
10
-2.1273477165354331
20
3.3249432677165354
11
-2.1267716535433072
21
3.3249999999999997
0
LINE
8
BLACK
6
CONTINUOUS
10
-2.1267716535433072
20
3.3249999999999997
11
-2.0452765748031494
21
3.3249999999999997
0
LINE
8
BLACK
6
CONTINUOUS
10
-2.0452765748031494
20
3.3249999999999997
11
-2.0185039370078739
21
3.3517726377952757
0
LINE
8
BLACK
6
CONTINUOUS
10
-2.0185039370078739
20
3.3517726377952757
11
-2.0185039370078739
21
3.414369094488189
0
LINE
8
BLACK
6
CONTINUOUS
10
-2.0185039370078739
20
3.414369094488189
11
-2.051182086614173
21
3.4470472440944881
0
LINE
8
BLACK
6
CONTINUOUS
10
-2.051182086614173
20
3.4470472440944881
11
-2.0578739763779526
21
3.4470472440944881
0
LINE
8
BLACK
6
CONTINUOUS
10
-2.0578739763779526
20
3.4470472440944881
11
-2.0578739763779526
21
3.4411417322834645
0
LINE
8
BLACK
6
CONTINUOUS
10
-2.0578739763779526
20
3.4411417322834645
11
-2.0581736614173227
21
3.4396351181102363
0
LINE
8
BLACK
6
CONTINUOUS
10
-2.0581736614173227
20
3.4396351181102363
11
-2.0590270866141731
21
3.4383578346456694
0
LINE
8
BLACK
6
CONTINUOUS
10
-2.0590270866141731
20
3.4383578346456694
11
-2.06030437007874
21
3.437504409448819
0
LINE
8
BLACK
6
CONTINUOUS
10
-2.06030437007874
20
3.437504409448819
11
-2.0618109842519683
21
3.4372047244094488
0
LINE
8
BLACK
6
CONTINUOUS
10
-2.0618109842519683
20
3.4372047244094488
11
-2.0696849999999998
21
3.4372047244094488
0
LINE
8
BLACK
6
CONTINUOUS
10
-2.0696849999999998
20
3.4372047244094488
11
-2.0711916141732285
21
3.437504409448819
0
LINE
8
BLACK
6
CONTINUOUS
10
-2.0711916141732285
20
3.437504409448819
11
-2.0724688976377954
21
3.4383578346456694
0
LINE
8
BLACK
6
CONTINUOUS
10
-2.0724688976377954
20
3.4383578346456694
11
-2.0733223228346458
21
3.4396351181102363
0
LINE
8
BLACK
6
CONTINUOUS
10
-2.0733223228346458
20
3.4396351181102363
11
-2.0736220078740155
21
3.4411417322834645
0
LINE
8
BLACK
6
CONTINUOUS
10
-2.0736220078740155
20
3.4411417322834645
11
-2.0736220078740155
21
3.4588582677165354
0
LINE
8
BLACK
6
CONTINUOUS
10
-2.0736220078740155
20
3.4588582677165354
11
-2.0733223228346458
21
3.4603648818897637
0
LINE
8
BLACK
6
CONTINUOUS
10
-2.0733223228346458
20
3.4603648818897637
11
-2.0724688976377954
21
3.4616421653543306
0
LINE
8
BLACK
6
CONTINUOUS
10
-2.0724688976377954
20
3.4616421653543306
11
-2.0711916141732285
21
3.4624955905511809
0
LINE
8
BLACK
6
CONTINUOUS
10
-2.0711916141732285
20
3.4624955905511809
11
-2.0696849999999998
21
3.4627952755905511
0
LINE
8
BLACK
6
CONTINUOUS
10
-2.0696849999999998
20
3.4627952755905511
11
-2.0618109842519683
21
3.4627952755905511
0
LINE
8
BLACK
6
CONTINUOUS
10
-2.0618109842519683
20
3.4627952755905511
11
-2.06030437007874
21
3.4624955905511809
0
LINE
8
BLACK
6
CONTINUOUS
10
-1.9093080314960629
20
3.2649347637795274
11
-1.9075198818897638
21
3.2637399606299211
0
LINE
8
BLACK
6
CONTINUOUS
10
-1.9075198818897638
20
3.2637399606299211
11
-1.9063250787401573
21
3.2619518110236219
0
LINE
8
BLACK
6
CONTINUOUS
10
-1.9063250787401573
20
3.2619518110236219
11
-1.9059055118110235
21
3.2598425196850394
0
LINE
8
BLACK
6
CONTINUOUS
10
-1.9059055118110235
20
3.2598425196850394
11
-1.9059055118110235
21
3.2488188976377952
0
LINE
8
BLACK
6
CONTINUOUS
10
-1.9059055118110235
20
3.2488188976377952
11
-1.9063250787401573
21
3.2467096062992127
0
LINE
8
BLACK
6
CONTINUOUS
10
-1.9063250787401573
20
3.2467096062992127
11
-1.9075198818897638
21
3.2449214566929134
0
LINE
8
BLACK
6
CONTINUOUS
10
-1.9075198818897638
20
3.2449214566929134
11
-1.9093080314960629
21
3.2437266535433071
0
LINE
8
BLACK
6
CONTINUOUS
10
-1.9093080314960629
20
3.2437266535433071
11
-1.9114173228346456
21
3.2433070866141733
0
LINE
8
BLACK
6
CONTINUOUS
10
-1.9114173228346456
20
3.2433070866141733
11
-1.9248031496062992
21
3.2433070866141733
0
LINE
8
BLACK
6
CONTINUOUS
10
-1.9248031496062992
20
3.2433070866141733
11
-1.9269124409448819
21
3.2437266535433071
0
LINE
8
BLACK
6
CONTINUOUS
10
-1.9269124409448819
20
3.2437266535433071
11
-1.9287005905511811
21
3.2449214566929134
0
LINE
8
BLACK
6
CONTINUOUS
10
-1.9287005905511811
20
3.2449214566929134
11
-1.9298953937007874
21
3.2467096062992127
0
LINE
8
BLACK
6
CONTINUOUS
10
-1.9298953937007874
20
3.2467096062992127
11
-1.9303149606299213
21
3.2488188976377952
0
LINE
8
BLACK
6
CONTINUOUS
10
-1.9303149606299213
20
3.2488188976377952
11
-1.9303149606299213
21
3.2598425196850394
0
LINE
8
BLACK
6
CONTINUOUS
10
-1.9303149606299213
20
3.2598425196850394
11
-1.9298953937007874
21
3.2619518110236219
0
LINE
8
BLACK
6
CONTINUOUS
10
-1.9298953937007874
20
3.2619518110236219
11
-1.9287005905511811
21
3.2637399606299211
0
LINE
8
BLACK
6
CONTINUOUS
10
-1.9287005905511811
20
3.2637399606299211
11
-1.9269124409448819
21
3.2649347637795274
0
LINE
8
BLACK
6
CONTINUOUS
10
-1.9269124409448819
20
3.2649347637795274
11
-1.9248031496062992
21
3.2653543307086612
0
LINE
8
BLACK
6
CONTINUOUS
10
-1.9248031496062992
20
3.2653543307086612
11
-1.9114173228346456
21
3.2653543307086612
0
LINE
8
BLACK
6
CONTINUOUS
10
-1.9114173228346456
20
3.2653543307086612
11
-1.9093080314960629
21
3.2649347637795274
0
LINE
8
BLACK
6
CONTINUOUS
10
-1.7911977952755904
20
3.2649347637795274
11
-1.7894096456692914
21
3.2637399606299211
0
LINE
8
BLACK
6
CONTINUOUS
10
-1.7894096456692914
20
3.2637399606299211
11
-1.7882148425196851
21
3.2619518110236219
0
LINE
8
BLACK
6
CONTINUOUS
10
-1.7882148425196851
20
3.2619518110236219
11
-1.7877952755905511
21
3.2598425196850394
0
LINE
8
BLACK
6
CONTINUOUS
10
-1.7877952755905511
20
3.2598425196850394
11
-1.7877952755905511
21
3.2488188976377952
0
LINE
8
BLACK
6
CONTINUOUS
10
-1.7877952755905511
20
3.2488188976377952
11
-1.7882148425196851
21
3.2467096062992127
0
LINE
8
BLACK
6
CONTINUOUS
10
-1.7882148425196851
20
3.2467096062992127
11
-1.7894096456692914
21
3.2449214566929134
0
LINE
8
BLACK
6
CONTINUOUS
10
-1.7894096456692914
20
3.2449214566929134
11
-1.7911977952755904
21
3.2437266535433071
0
LINE
8
BLACK
6
CONTINUOUS
10
-1.7911977952755904
20
3.2437266535433071
11
-1.7933070866141732
21
3.2433070866141733
0
LINE
8
BLACK
6
CONTINUOUS
10
-1.7933070866141732
20
3.2433070866141733
11
-1.8066929133858267
21
3.2433070866141733
0
LINE
8
BLACK
6
CONTINUOUS
10
-1.8066929133858267
20
3.2433070866141733
11
-1.8088022047244094
21
3.2437266535433071
0
LINE
8
BLACK
6
CONTINUOUS
10
-1.8088022047244094
20
3.2437266535433071
11
-1.8105903543307087
21
3.2449214566929134
0
LINE
8
BLACK
6
CONTINUOUS
10
-1.8105903543307087
20
3.2449214566929134
11
-1.811785157480315
21
3.2467096062992127
0
LINE
8
BLACK
6
CONTINUOUS
10
-1.811785157480315
20
3.2467096062992127
11
-1.8122047244094488
21
3.2488188976377952
0
LINE
8
BLACK
6
CONTINUOUS
10
-1.8122047244094488
20
3.2488188976377952
11
-1.8122047244094488
21
3.2598425196850394
0
LINE
8
BLACK
6
CONTINUOUS
10
-1.8122047244094488
20
3.2598425196850394
11
-1.811785157480315
21
3.2619518110236219
0
LINE
8
BLACK
6
CONTINUOUS
10
-1.811785157480315
20
3.2619518110236219
11
-1.8105903543307087
21
3.2637399606299211
0
LINE
8
BLACK
6
CONTINUOUS
10
-1.8105903543307087
20
3.2637399606299211
11
-1.8088022047244094
21
3.2649347637795274
0
LINE
8
BLACK
6
CONTINUOUS
10
-1.8088022047244094
20
3.2649347637795274
11
-1.8066929133858267
21
3.2653543307086612
0
LINE
8
BLACK
6
CONTINUOUS
10
-1.8066929133858267
20
3.2653543307086612
11
-1.7933070866141732
21
3.2653543307086612
0
LINE
8
BLACK
6
CONTINUOUS
10
-1.7933070866141732
20
3.2653543307086612
11
-1.7911977952755904
21
3.2649347637795274
0
LINE
8
BLACK
6
CONTINUOUS
10
-1.7877514173228346
20
3.293161181102362
11
-1.7855789763779528
21
3.2909887401574802
0
LINE
8
BLACK
6
CONTINUOUS
10
-1.7855789763779528
20
3.2909887401574802
11
-1.7844032677165353
21
3.2881503149606299
0
LINE
8
BLACK
6
CONTINUOUS
10
-1.7844032677165353
20
3.2881503149606299
11
-1.7844032677165353
21
3.285078031496063
0
LINE
8
BLACK
6
CONTINUOUS
10
-1.7844032677165353
20
3.285078031496063
11
-1.7855789763779528
21
3.2822396062992127
0
LINE
8
BLACK
6
CONTINUOUS
10
-1.7855789763779528
20
3.2822396062992127
11
-1.7877514173228346
21
3.2800671653543305
0
LINE
8
BLACK
6
CONTINUOUS
10
-1.7877514173228346
20
3.2800671653543305
11
-1.7905898425196849
21
3.2788914566929135
0
LINE
8
BLACK
6
CONTINUOUS
10
-1.7905898425196849
20
3.2788914566929135
11
-1.793662125984252
21
3.2788914566929135
0
LINE
8
BLACK
6
CONTINUOUS
10
-1.793662125984252
20
3.2788914566929135
11
-1.7965005511811023
21
3.2800671653543305
0
LINE
8
BLACK
6
CONTINUOUS
10
-1.7965005511811023
20
3.2800671653543305
11
-1.7986729921259843
21
3.2822396062992127
0
LINE
8
BLACK
6
CONTINUOUS
10
-1.7986729921259843
20
3.2822396062992127
11
-1.7998487007874016
21
3.285078031496063
0
LINE
8
BLACK
6
CONTINUOUS
10
-1.7998487007874016
20
3.285078031496063
11
-1.7998487007874016
21
3.2881503149606299
0
LINE
8
BLACK
6
CONTINUOUS
10
-1.7998487007874016
20
3.2881503149606299
11
-1.7986729921259843
21
3.2909887401574802
0
LINE
8
BLACK
6
CONTINUOUS
10
-1.7986729921259843
20
3.2909887401574802
11
-1.7965005511811023
21
3.293161181102362
0
LINE
8
BLACK
6
CONTINUOUS
10
-1.7965005511811023
20
3.293161181102362
11
-1.793662125984252
21
3.2943368897637795
0
LINE
8
BLACK
6
CONTINUOUS
10
-1.793662125984252
20
3.2943368897637795
11
-1.7905898425196849
21
3.2943368897637795
0
LINE
8
BLACK
6
CONTINUOUS
10
-1.7905898425196849
20
3.2943368897637795
11
-1.7877514173228346
21
3.293161181102362
0
LINE
8
BLACK
6
CONTINUOUS
10
-1.8437689763779528
20
3.3522593700787402
11
-1.8424916929133859
21
3.3514059448818898
0
LINE
8
BLACK
6
CONTINUOUS
10
-1.8424916929133859
20
3.3514059448818898
11
-1.8416382677165355
21
3.3501286614173229
0
LINE
8
BLACK
6
CONTINUOUS
10
-1.8416382677165355
20
3.3501286614173229
11
-1.8413385826771653
21
3.3486220472440946
0
LINE
8
BLACK
6
CONTINUOUS
10
-1.8413385826771653
20
3.3486220472440946
11
-1.8413385826771653
21
3.3485343307086612
0
LINE
8
BLACK
6
CONTINUOUS
10
-1.8413385826771653
20
3.3485343307086612
11
-1.8408609448818898
21
3.3481154330708662
0
LINE
8
BLACK
6
CONTINUOUS
10
-1.8408609448818898
20
3.3481154330708662
11
-1.8310184251968504
21
3.3382729133858269
0
LINE
8
BLACK
6
CONTINUOUS
10
-1.8310184251968504
20
3.3382729133858269
11
-1.8299997637795276
21
3.3371113385826772
0
LINE
8
BLACK
6
CONTINUOUS
10
-1.8299997637795276
20
3.3371113385826772
11
-1.8284581102362205
21
3.3344411417322832
0
LINE
8
BLACK
6
CONTINUOUS
10
-1.8284581102362205
20
3.3344411417322832
11
-1.8276601181102361
21
3.3314629133858267
0
LINE
8
BLACK
6
CONTINUOUS
10
-1.8276601181102361
20
3.3314629133858267
11
-1.8275590551181102
21
3.3299212598425196
0
LINE
8
BLACK
6
CONTINUOUS
10
-1.8275590551181102
20
3.3299212598425196
11
-1.8275590551181102
21
3.3011918897637793
0
LINE
8
BLACK
6
CONTINUOUS
10
-1.8275590551181102
20
3.3011918897637793
11
-1.8271653543307087
21
3.2992125984251968
0
LINE
8
BLACK
6
CONTINUOUS
10
-1.8271653543307087
20
3.2992125984251968
11
-1.8271653543307087
21
3.2881889763779526
0
LINE
8
BLACK
6
CONTINUOUS
10
-1.8271653543307087
20
3.2881889763779526
11
-1.8275849212598425
21
3.2860796850393701
0
LINE
8
BLACK
6
CONTINUOUS
10
-1.8275849212598425
20
3.2860796850393701
11
-1.8287797244094488
21
3.2842915354330708
0
LINE
8
BLACK
6
CONTINUOUS
10
-1.8287797244094488
20
3.2842915354330708
11
-1.8305678740157481
21
3.2830967322834645
0
LINE
8
BLACK
6
CONTINUOUS
10
-1.8305678740157481
20
3.2830967322834645
11
-1.8326771653543306
21
3.2826771653543307
0
LINE
8
BLACK
6
CONTINUOUS
10
-1.8326771653543306
20
3.2826771653543307
11
-1.8352668897637794
21
3.2826771653543307
0
LINE
8
BLACK
6
CONTINUOUS
10
-1.8352668897637794
20
3.2826771653543307
11
-1.8378284251968504
21
3.2819908267716533
0
LINE
8
BLACK
6
CONTINUOUS
10
-1.8378284251968504
20
3.2819908267716533
11
-1.8409117322834645
21
3.2819908267716533
0
LINE
8
BLACK
6
CONTINUOUS
10
-1.8409117322834645
20
3.2819908267716533
11
-1.8434732677165353
21
3.2826771653543307
0
LINE
8
BLACK
6
CONTINUOUS
10
-1.8434732677165353
20
3.2826771653543307
11
-1.8460629921259841
21
3.2826771653543307
0
LINE
8
BLACK
6
CONTINUOUS
10
-1.8460629921259841
20
3.2826771653543307
11
-1.8481722834645669
21
3.2830967322834645
0
LINE
8
BLACK
6
CONTINUOUS
10
-1.8481722834645669
20
3.2830967322834645
11
-1.8499604330708661
21
3.2842915354330708
0
LINE
8
BLACK
6
CONTINUOUS
10
-1.8499604330708661
20
3.2842915354330708
11
-1.8511552362204724
21
3.2860796850393701
0
LINE
8
BLACK
6
CONTINUOUS
10
-1.8511552362204724
20
3.2860796850393701
11
-1.8515748031496062
21
3.2881889763779526
0
LINE
8
BLACK
6
CONTINUOUS
10
-1.8515748031496062
20
3.2881889763779526
11
-1.8515748031496062
21
3.2992125984251968
0
LINE
8
BLACK
6
CONTINUOUS
10
-1.8515748031496062
20
3.2992125984251968
11
-1.8511811023622047
21
3.3011918897637793
0
LINE
8
BLACK
6
CONTINUOUS
10
-1.8511811023622047
20
3.3011918897637793
11
-1.8511811023622047
21
3.3250289763779528
0
LINE
8
BLACK
6
CONTINUOUS
10
-1.8511811023622047
20
3.3250289763779528
11
-1.8531206299212597
21
3.3269685039370076
0
LINE
8
BLACK
6
CONTINUOUS
10
-1.8531206299212597
20
3.3269685039370076
11
-1.8531496062992125
21
3.3269685039370076
0
LINE
8
BLACK
6
CONTINUOUS
10
-1.8531496062992125
20
3.3269685039370076
11
-1.8546562204724408
21
3.3272681889763778
0
LINE
8
BLACK
6
CONTINUOUS
10
-1.8546562204724408
20
3.3272681889763778
11
-1.8559335039370077
21
3.3281216141732282
0
LINE
8
BLACK
6
CONTINUOUS
10
-1.8559335039370077
20
3.3281216141732282
11
-1.8567869291338581
21
3.3293988976377951
0
LINE
8
BLACK
6
CONTINUOUS
10
-1.8567869291338581
20
3.3293988976377951
11
-1.8570866141732283
21
3.3309055118110233
0
LINE
8
BLACK
6
CONTINUOUS
10
-1.8570866141732283
20
3.3309055118110233
11
-1.8570866141732283
21
3.3309344881889764
0
LINE
8
BLACK
6
CONTINUOUS
10
-1.8570866141732283
20
3.3309344881889764
11
-1.8575642519685038
21
3.3314121259842517
0
LINE
8
BLACK
6
CONTINUOUS
10
-1.8575642519685038
20
3.3314121259842517
11
-1.8585829133858267
21
3.3325737007874014
0
LINE
8
BLACK
6
CONTINUOUS
10
-1.8585829133858267
20
3.3325737007874014
11
-1.8601245669291337
21
3.3352438976377954
0
LINE
8
BLACK
6
CONTINUOUS
10
-1.8601245669291337
20
3.3352438976377954
11
-1.8609225590551182
21
3.3382221259842519
0
LINE
8
BLACK
6
CONTINUOUS
10
-1.8609225590551182
20
3.3382221259842519
11
-1.8609225590551182
21
3.341305433070866
0
LINE
8
BLACK
6
CONTINUOUS
10
-1.8609225590551182
20
3.341305433070866
11
-1.8601245669291337
21
3.3442836614173226
0
LINE
8
BLACK
6
CONTINUOUS
10
-1.8601245669291337
20
3.3442836614173226
11
-1.8585829133858267
21
3.3469538582677165
0
LINE
8
BLACK
6
CONTINUOUS
10
-1.8585829133858267
20
3.3469538582677165
11
-1.8570866141732283
21
3.3484501574803147
0
LINE
8
BLACK
6
CONTINUOUS
10
-1.8570866141732283
20
3.3484501574803147
11
-1.8570866141732283
21
3.3486220472440946
0
LINE
8
BLACK
6
CONTINUOUS
10
-1.8570866141732283
20
3.3486220472440946
11
-1.8567869291338581
21
3.3501286614173229
0
LINE
8
BLACK
6
CONTINUOUS
10
-1.8567869291338581
20
3.3501286614173229
11
-1.8559335039370077
21
3.3514059448818898
0
LINE
8
BLACK
6
CONTINUOUS
10
-1.8559335039370077
20
3.3514059448818898
11
-1.8546562204724408
21
3.3522593700787402
0
LINE
8
BLACK
6
CONTINUOUS
10
-1.8546562204724408
20
3.3522593700787402
11
-1.8531496062992125
21
3.3525590551181104
0
LINE
8
BLACK
6
CONTINUOUS
10
-1.8531496062992125
20
3.3525590551181104
11
-1.8452755905511811
21
3.3525590551181104
0
LINE
8
BLACK
6
CONTINUOUS
10
-1.8452755905511811
20
3.3525590551181104
11
-1.8437689763779528
21
3.3522593700787402
0
LINE
8
BLACK
6
CONTINUOUS
10
-1.8699379527559055
20
3.3043048425196848
11
-1.8681498031496062
21
3.3031100393700785
0
LINE
8
BLACK
6
CONTINUOUS
10
-1.8681498031496062
20
3.3031100393700785
11
-1.8669549999999999
21
3.3013218897637793
0
LINE
8
BLACK
6
CONTINUOUS
10
-1.8669549999999999
20
3.3013218897637793
11
-1.8665354330708661
21
3.2992125984251968
0
LINE
8
BLACK
6
CONTINUOUS
10
-1.8665354330708661
20
3.2992125984251968
11
-1.8665354330708661
21
3.2881889763779526
0
LINE
8
BLACK
6
CONTINUOUS
10
-1.8665354330708661
20
3.2881889763779526
11
-1.8669549999999999
21
3.2860796850393701
0
LINE
8
BLACK
6
CONTINUOUS
10
-1.8669549999999999
20
3.2860796850393701
11
-1.8681498031496062
21
3.2842915354330708
0
LINE
8
BLACK
6
CONTINUOUS
10
-1.8681498031496062
20
3.2842915354330708
11
-1.8699379527559055
21
3.2830967322834645
0
LINE
8
BLACK
6
CONTINUOUS
10
-1.8699379527559055
20
3.2830967322834645
11
-1.8720472440944882
21
3.2826771653543307
0
LINE
8
BLACK
6
CONTINUOUS
10
-1.8720472440944882
20
3.2826771653543307
11
-1.8854330708661418
21
3.2826771653543307
0
LINE
8
BLACK
6
CONTINUOUS
10
-1.8854330708661418
20
3.2826771653543307
11
-1.8875423622047243
21
3.2830967322834645
0
LINE
8
BLACK
6
CONTINUOUS
10
-1.8875423622047243
20
3.2830967322834645
11
-1.8893305118110235
21
3.2842915354330708
0
LINE
8
BLACK
6
CONTINUOUS
10
-1.8893305118110235
20
3.2842915354330708
11
-1.8905253149606298
21
3.2860796850393701
0
LINE
8
BLACK
6
CONTINUOUS
10
-1.8905253149606298
20
3.2860796850393701
11
-1.8909448818897638
21
3.2881889763779526
0
LINE
8
BLACK
6
CONTINUOUS
10
-1.8909448818897638
20
3.2881889763779526
11
-1.8909448818897638
21
3.2992125984251968
0
LINE
8
BLACK
6
CONTINUOUS
10
-1.8909448818897638
20
3.2992125984251968
11
-1.8905253149606298
21
3.3013218897637793
0
LINE
8
BLACK
6
CONTINUOUS
10
-1.8905253149606298
20
3.3013218897637793
11
-1.8893305118110235
21
3.3031100393700785
0
LINE
8
BLACK
6
CONTINUOUS
10
-1.8893305118110235
20
3.3031100393700785
11
-1.8875423622047243
21
3.3043048425196848
0
LINE
8
BLACK
6
CONTINUOUS
10
-1.8875423622047243
20
3.3043048425196848
11
-1.8854330708661418
21
3.3047244094488186
0
LINE
8
BLACK
6
CONTINUOUS
10
-1.8854330708661418
20
3.3047244094488186
11
-1.8720472440944882
21
3.3047244094488186
0
LINE
8
BLACK
6
CONTINUOUS
10
-1.8720472440944882
20
3.3047244094488186
11
-1.8699379527559055
21
3.3043048425196848
0
LINE
8
BLACK
6
CONTINUOUS
10
-1.9255466929133858
20
3.3128462204724407
11
-1.923374251968504
21
3.3106737795275589
0
LINE
8
BLACK
6
CONTINUOUS
10
-1.923374251968504
20
3.3106737795275589
11
-1.9221985433070865
21
3.3078353543307086
0
LINE
8
BLACK
6
CONTINUOUS
10
-1.9221985433070865
20
3.3078353543307086
11
-1.9221985433070865
21
3.3047630708661417
0
LINE
8
BLACK
6
CONTINUOUS
10
-1.9221985433070865
20
3.3047630708661417
11
-1.923374251968504
21
3.3019246456692914
0
LINE
8
BLACK
6
CONTINUOUS
10
-1.923374251968504
20
3.3019246456692914
11
-1.9255466929133858
21
3.2997522047244092
0
LINE
8
BLACK
6
CONTINUOUS
10
-1.9255466929133858
20
3.2997522047244092
11
-1.9283851181102363
21
3.2985764960629922
0
LINE
8
BLACK
6
CONTINUOUS
10
-1.9283851181102363
20
3.2985764960629922
11
-1.9314574015748032
21
3.2985764960629922
0
LINE
8
BLACK
6
CONTINUOUS
10
-1.9314574015748032
20
3.2985764960629922
11
-1.9342958267716535
21
3.2997522047244092
0
LINE
8
BLACK
6
CONTINUOUS
10
-1.9342958267716535
20
3.2997522047244092
11
-1.9364682677165355
21
3.3019246456692914
0
LINE
8
BLACK
6
CONTINUOUS
10
-1.9364682677165355
20
3.3019246456692914
11
-1.9376439763779527
21
3.3047630708661417
0
LINE
8
BLACK
6
CONTINUOUS
10
-1.9376439763779527
20
3.3047630708661417
11
-1.9376439763779527
21
3.3078353543307086
0
LINE
8
BLACK
6
CONTINUOUS
10
-1.9376439763779527
20
3.3078353543307086
11
-1.9364682677165355
21
3.3106737795275589
0
LINE
8
BLACK
6
CONTINUOUS
10
-1.9364682677165355
20
3.3106737795275589
11
-1.9342958267716535
21
3.3128462204724407
0
LINE
8
BLACK
6
CONTINUOUS
10
-1.9342958267716535
20
3.3128462204724407
11
-1.9314574015748032
21
3.3140219291338582
0
LINE
8
BLACK
6
CONTINUOUS
10
-1.9314574015748032
20
3.3140219291338582
11
-1.9283851181102363
21
3.3140219291338582
0
LINE
8
BLACK
6
CONTINUOUS
10
-1.9283851181102363
20
3.3140219291338582
11
-1.9255466929133858
21
3.3128462204724407
0
LINE
8
BLACK
6
CONTINUOUS
10
-1.7877514173228346
20
3.3325312598425194
11
-1.7855789763779528
21
3.3303588188976376
0
LINE
8
BLACK
6
CONTINUOUS
10
-1.7855789763779528
20
3.3303588188976376
11
-1.7844032677165353
21
3.3275203937007873
0
LINE
8
BLACK
6
CONTINUOUS
10
-1.7844032677165353
20
3.3275203937007873
11
-1.7844032677165353
21
3.3244481102362204
0
LINE
8
BLACK
6
CONTINUOUS
10
-1.7844032677165353
20
3.3244481102362204
11
-1.7855789763779528
21
3.3216096850393702
0
LINE
8
BLACK
6
CONTINUOUS
10
-1.7855789763779528
20
3.3216096850393702
11
-1.7877514173228346
21
3.3194372440944879
0
LINE
8
BLACK
6
CONTINUOUS
10
-1.7877514173228346
20
3.3194372440944879
11
-1.7905898425196849
21
3.3182615354330709
0
LINE
8
BLACK
6
CONTINUOUS
10
-1.7905898425196849
20
3.3182615354330709
11
-1.793662125984252
21
3.3182615354330709
0
LINE
8
BLACK
6
CONTINUOUS
10
-1.793662125984252
20
3.3182615354330709
11
-1.7965005511811023
21
3.3194372440944879
0
LINE
8
BLACK
6
CONTINUOUS
10
-1.7965005511811023
20
3.3194372440944879
11
-1.7986729921259843
21
3.3216096850393702
0
LINE
8
BLACK
6
CONTINUOUS
10
-1.7986729921259843
20
3.3216096850393702
11
-1.7998487007874016
21
3.3244481102362204
0
LINE
8
BLACK
6
CONTINUOUS
10
-1.7998487007874016
20
3.3244481102362204
11
-1.7998487007874016
21
3.3275203937007873
0
LINE
8
BLACK
6
CONTINUOUS
10
-1.7998487007874016
20
3.3275203937007873
11
-1.7986729921259843
21
3.3303588188976376
0
LINE
8
BLACK
6
CONTINUOUS
10
-1.7986729921259843
20
3.3303588188976376
11
-1.7965005511811023
21
3.3325312598425194
0
LINE
8
BLACK
6
CONTINUOUS
10
-1.7965005511811023
20
3.3325312598425194
11
-1.793662125984252
21
3.3337069685039369
0
LINE
8
BLACK
6
CONTINUOUS
10
-1.793662125984252
20
3.3337069685039369
11
-1.7905898425196849
21
3.3337069685039369
0
LINE
8
BLACK
6
CONTINUOUS
10
-1.7905898425196849
20
3.3337069685039369
11
-1.7877514173228346
21
3.3325312598425194
0
LINE
8
BLACK
6
CONTINUOUS
10
-1.9427725984251969
20
3.3688717716535432
11
-1.9409844488188976
21
3.3676769685039369
0
LINE
8
BLACK
6
CONTINUOUS
10
-1.9409844488188976
20
3.3676769685039369
11
-1.9397896456692914
21
3.3658888188976377
0
LINE
8
BLACK
6
CONTINUOUS
10
-1.9397896456692914
20
3.3658888188976377
11
-1.9393700787401575
21
3.3637795275590552
0
LINE
8
BLACK
6
CONTINUOUS
10
-1.9393700787401575
20
3.3637795275590552
11
-1.9393700787401575
21
3.3631889763779528
0
LINE
8
BLACK
6
CONTINUOUS
10
-1.9393700787401575
20
3.3631889763779528
11
-1.9188976377952756
21
3.3631889763779528
0
LINE
8
BLACK
6
CONTINUOUS
10
-1.9188976377952756
20
3.3631889763779528
11
-1.917937559055118
21
3.3630944094488187
0
LINE
8
BLACK
6
CONTINUOUS
10
-1.917937559055118
20
3.3630944094488187
11
-1.9179375196850392
21
3.3630944094488187
0
LINE
8
BLACK
6
CONTINUOUS
10
-1.9179375196850392
20
3.3630944094488187
11
-1.9174397637795275
21
3.3628882283464567
0
LINE
8
BLACK
6
CONTINUOUS
10
-1.9174397637795275
20
3.3628882283464567
11
-1.9161635433070865
21
3.3623596062992127
0
LINE
8
BLACK
6
CONTINUOUS
10
-1.9161635433070865
20
3.3623596062992127
11
-1.916163346456693
21
3.3623594094488189
0
LINE
8
BLACK
6
CONTINUOUS
10
-1.916163346456693
20
3.3623594094488189
11
-1.9154177952755904
21
3.361747559055118
0
LINE
8
BLACK
6
CONTINUOUS
10
-1.9154177952755904
20
3.361747559055118
11
-1.9058926377952756
21
3.3522224409448818
0
LINE
8
BLACK
6
CONTINUOUS
10
-1.9058926377952756
20
3.3522224409448818
11
-1.9058373228346457
21
3.3522593700787402
0
LINE
8
BLACK
6
CONTINUOUS
10
-1.9058373228346457
20
3.3522593700787402
11
-1.9043307086614172
21
3.3525590551181104
0
LINE
8
BLACK
6
CONTINUOUS
10
-1.9043307086614172
20
3.3525590551181104
11
-1.8964566929133857
21
3.3525590551181104
0
LINE
8
BLACK
6
CONTINUOUS
10
-1.8964566929133857
20
3.3525590551181104
11
-1.8949500787401574
21
3.3522593700787402
0
LINE
8
BLACK
6
CONTINUOUS
10
-1.8949500787401574
20
3.3522593700787402
11
-1.8936727952755905
21
3.3514059448818898
0
LINE
8
BLACK
6
CONTINUOUS
10
-1.8936727952755905
20
3.3514059448818898
11
-1.8928193700787401
21
3.3501286614173229
0
LINE
8
BLACK
6
CONTINUOUS
10
-1.8928193700787401
20
3.3501286614173229
11
-1.89251968503937
21
3.3486220472440946
0
LINE
8
BLACK
6
CONTINUOUS
10
-1.89251968503937
20
3.3486220472440946
11
-1.89251968503937
21
3.3309055118110233
0
LINE
8
BLACK
6
CONTINUOUS
10
-1.89251968503937
20
3.3309055118110233
11
-1.8928193700787401
21
3.3293988976377951
0
LINE
8
BLACK
6
CONTINUOUS
10
-1.8928193700787401
20
3.3293988976377951
11
-1.8936727952755905
21
3.3281216141732282
0
LINE
8
BLACK
6
CONTINUOUS
10
-1.8936727952755905
20
3.3281216141732282
11
-1.8949500787401574
21
3.3272681889763778
0
LINE
8
BLACK
6
CONTINUOUS
10
-1.8949500787401574
20
3.3272681889763778
11
-1.8964566929133857
21
3.3269685039370076
0
LINE
8
BLACK
6
CONTINUOUS
10
-1.8964566929133857
20
3.3269685039370076
11
-1.9043307086614172
21
3.3269685039370076
0
LINE
8
BLACK
6
CONTINUOUS
10
-1.9043307086614172
20
3.3269685039370076
11
-1.9058373228346457
21
3.3272681889763778
0
LINE
8
BLACK
6
CONTINUOUS
10
-1.9058373228346457
20
3.3272681889763778
11
-1.9071146062992126
21
3.3281216141732282
0
LINE
8
BLACK
6
CONTINUOUS
10
-1.9071146062992126
20
3.3281216141732282
11
-1.907968031496063
21
3.3293988976377951
0
LINE
8
BLACK
6
CONTINUOUS
10
-1.907968031496063
20
3.3293988976377951
11
-1.9082677165354329
21
3.3309055118110233
0
LINE
8
BLACK
6
CONTINUOUS
10
-1.9082677165354329
20
3.3309055118110233
11
-1.9082677165354329
21
3.3406781102362202
0
LINE
8
BLACK
6
CONTINUOUS
10
-1.9082677165354329
20
3.3406781102362202
11
-1.9209360629921259
21
3.3533464566929134
0
LINE
8
BLACK
6
CONTINUOUS
10
-1.9209360629921259
20
3.3533464566929134
11
-1.9393700787401575
21
3.3533464566929134
0
LINE
8
BLACK
6
CONTINUOUS
10
-1.9393700787401575
20
3.3533464566929134
11
-1.9393700787401575
21
3.352755905511811
0
LINE
8
BLACK
6
CONTINUOUS
10
-1.9393700787401575
20
3.352755905511811
11
-1.9397896456692914
21
3.3506466141732281
0
LINE
8
BLACK
6
CONTINUOUS
10
-1.9397896456692914
20
3.3506466141732281
11
-1.9409844488188976
21
3.3488584645669293
0
LINE
8
BLACK
6
CONTINUOUS
10
-1.9409844488188976
20
3.3488584645669293
11
-1.9427725984251969
21
3.347663661417323
0
LINE
8
BLACK
6
CONTINUOUS
10
-1.9427725984251969
20
3.347663661417323
11
-1.9448818897637794
21
3.3472440944881887
0
LINE
8
BLACK
6
CONTINUOUS
10
-1.9448818897637794
20
3.3472440944881887
11
-1.958267716535433
21
3.3472440944881887
0
LINE
8
BLACK
6
CONTINUOUS
10
-1.958267716535433
20
3.3472440944881887
11
-1.9603770078740157
21
3.347663661417323
0
LINE
8
BLACK
6
CONTINUOUS
10
-1.9603770078740157
20
3.347663661417323
11
-1.9621651574803149
21
3.3488584645669293
0
LINE
8
BLACK
6
CONTINUOUS
10
-1.9621651574803149
20
3.3488584645669293
11
-1.9633599606299212
21
3.3506466141732281
0
LINE
8
BLACK
6
CONTINUOUS
10
-1.9633599606299212
20
3.3506466141732281
11
-1.963779527559055
21
3.352755905511811
0
LINE
8
BLACK
6
CONTINUOUS
10
-1.963779527559055
20
3.352755905511811
11
-1.963779527559055
21
3.3637795275590552
0
LINE
8
BLACK
6
CONTINUOUS
10
-1.963779527559055
20
3.3637795275590552
11
-1.9633599606299212
21
3.3658888188976377
0
LINE
8
BLACK
6
CONTINUOUS
10
-1.9633599606299212
20
3.3658888188976377
11
-1.9621651574803149
21
3.3676769685039369
0
LINE
8
BLACK
6
CONTINUOUS
10
-1.9621651574803149
20
3.3676769685039369
11
-1.9603770078740157
21
3.3688717716535432
0
LINE
8
BLACK
6
CONTINUOUS
10
-1.9603770078740157
20
3.3688717716535432
11
-1.958267716535433
21
3.369291338582677
0
LINE
8
BLACK
6
CONTINUOUS
10
-1.958267716535433
20
3.369291338582677
11
-1.9448818897637794
21
3.369291338582677
0
LINE
8
BLACK
6
CONTINUOUS
10
-1.9448818897637794
20
3.369291338582677
11
-1.9427725984251969
21
3.3688717716535432
0
LINE
8
BLACK
6
CONTINUOUS
10
-1.8693595275590551
20
3.3522593700787402
11
-1.8680822440944882
21
3.3514059448818898
0
LINE
8
BLACK
6
CONTINUOUS
10
-1.8680822440944882
20
3.3514059448818898
11
-1.8672288188976378
21
3.3501286614173229
0
LINE
8
BLACK
6
CONTINUOUS
10
-1.8672288188976378
20
3.3501286614173229
11
-1.8669291338582676
21
3.3486220472440946
0
LINE
8
BLACK
6
CONTINUOUS
10
-1.8669291338582676
20
3.3486220472440946
11
-1.8669291338582676
21
3.3309055118110233
0
LINE
8
BLACK
6
CONTINUOUS
10
-1.8669291338582676
20
3.3309055118110233
11
-1.8672288188976378
21
3.3293988976377951
0
LINE
8
BLACK
6
CONTINUOUS
10
-1.8672288188976378
20
3.3293988976377951
11
-1.8680822440944882
21
3.3281216141732282
0
LINE
8
BLACK
6
CONTINUOUS
10
-1.8680822440944882
20
3.3281216141732282
11
-1.8693595275590551
21
3.3272681889763778
0
LINE
8
BLACK
6
CONTINUOUS
10
-1.8693595275590551
20
3.3272681889763778
11
-1.8708661417322834
21
3.3269685039370076
0
LINE
8
BLACK
6
CONTINUOUS
10
-1.8708661417322834
20
3.3269685039370076
11
-1.8787401574803149
21
3.3269685039370076
0
LINE
8
BLACK
6
CONTINUOUS
10
-1.8787401574803149
20
3.3269685039370076
11
-1.8802467716535434
21
3.3272681889763778
0
LINE
8
BLACK
6
CONTINUOUS
10
-1.8802467716535434
20
3.3272681889763778
11
-1.8815240551181103
21
3.3281216141732282
0
LINE
8
BLACK
6
CONTINUOUS
10
-1.8815240551181103
20
3.3281216141732282
11
-1.8823774803149607
21
3.3293988976377951
0
LINE
8
BLACK
6
CONTINUOUS
10
-1.8823774803149607
20
3.3293988976377951
11
-1.8826771653543306
21
3.3309055118110233
0
LINE
8
BLACK
6
CONTINUOUS
10
-1.8826771653543306
20
3.3309055118110233
11
-1.8826771653543306
21
3.3486220472440946
0
LINE
8
BLACK
6
CONTINUOUS
10
-1.8826771653543306
20
3.3486220472440946
11
-1.8823774803149607
21
3.3501286614173229
0
LINE
8
BLACK
6
CONTINUOUS
10
-1.8823774803149607
20
3.3501286614173229
11
-1.8815240551181103
21
3.3514059448818898
0
LINE
8
BLACK
6
CONTINUOUS
10
-1.8815240551181103
20
3.3514059448818898
11
-1.8802467716535434
21
3.3522593700787402
0
LINE
8
BLACK
6
CONTINUOUS
10
-1.8802467716535434
20
3.3522593700787402
11
-1.8787401574803149
21
3.3525590551181104
0
LINE
8
BLACK
6
CONTINUOUS
10
-1.8787401574803149
20
3.3525590551181104
11
-1.8708661417322834
21
3.3525590551181104
0
LINE
8
BLACK
6
CONTINUOUS
10
-1.8708661417322834
20
3.3525590551181104
11
-1.8693595275590551
21
3.3522593700787402
0
LINE
8
BLACK
6
CONTINUOUS
10
-2.2995624409448818
20
3.36009031496063
11
-2.29739
21
3.3579178740157478
0
LINE
8
BLACK
6
CONTINUOUS
10
-2.29739
20
3.3579178740157478
11
-2.2962142913385826
21
3.3550794488188975
0
LINE
8
BLACK
6
CONTINUOUS
10
-2.2962142913385826
20
3.3550794488188975
11
-2.2962142913385826
21
3.3520071653543306
0
LINE
8
BLACK
6
CONTINUOUS
10
-2.2962142913385826
20
3.3520071653543306
11
-2.29739
21
3.3491687401574803
0
LINE
8
BLACK
6
CONTINUOUS
10
-2.29739
20
3.3491687401574803
11
-2.2995624409448818
21
3.3469962992125986
0
LINE
8
BLACK
6
CONTINUOUS
10
-2.2995624409448818
20
3.3469962992125986
11
-2.3024008661417321
21
3.3458205905511811
0
LINE
8
BLACK
6
CONTINUOUS
10
-2.3024008661417321
20
3.3458205905511811
11
-2.305473149606299
21
3.3458205905511811
0
LINE
8
BLACK
6
CONTINUOUS
10
-2.305473149606299
20
3.3458205905511811
11
-2.3083115748031497
21
3.3469962992125986
0
LINE
8
BLACK
6
CONTINUOUS
10
-2.3083115748031497
20
3.3469962992125986
11
-2.3104840157480315
21
3.3491687401574803
0
LINE
8
BLACK
6
CONTINUOUS
10
-2.3104840157480315
20
3.3491687401574803
11
-2.3116597244094486
21
3.3520071653543306
0
LINE
8
BLACK
6
CONTINUOUS
10
-2.3116597244094486
20
3.3520071653543306
11
-2.3116597244094486
21
3.3550794488188975
0
LINE
8
BLACK
6
CONTINUOUS
10
-2.3116597244094486
20
3.3550794488188975
11
-2.3104840157480315
21
3.3579178740157478
0
LINE
8
BLACK
6
CONTINUOUS
10
-2.3104840157480315
20
3.3579178740157478
11
-2.3083115748031497
21
3.36009031496063
0
LINE
8
BLACK
6
CONTINUOUS
10
-2.3083115748031497
20
3.36009031496063
11
-2.305473149606299
21
3.3612660236220471
0
LINE
8
BLACK
6
CONTINUOUS
10
-2.305473149606299
20
3.3612660236220471
11
-2.3024008661417321
21
3.3612660236220471
0
LINE
8
BLACK
6
CONTINUOUS
10
-2.3024008661417321
20
3.3612660236220471
11
-2.2995624409448818
21
3.36009031496063
0
LINE
8
BLACK
6
CONTINUOUS
10
-2.2326333070866142
20
3.3640273228346458
11
-2.2304608661417324
21
3.3618548818897636
0
LINE
8
BLACK
6
CONTINUOUS
10
-2.2304608661417324
20
3.3618548818897636
11
-2.229285157480315
21
3.3590164566929133
0
LINE
8
BLACK
6
CONTINUOUS
10
-2.229285157480315
20
3.3590164566929133
11
-2.229285157480315
21
3.3559441732283464
0
LINE
8
BLACK
6
CONTINUOUS
10
-2.229285157480315
20
3.3559441732283464
11
-2.2304608661417324
21
3.3531057480314961
0
LINE
8
BLACK
6
CONTINUOUS
10
-2.2304608661417324
20
3.3531057480314961
11
-2.2326333070866142
21
3.3509333070866143
0
LINE
8
BLACK
6
CONTINUOUS
10
-2.2326333070866142
20
3.3509333070866143
11
-2.2354717322834645
21
3.3497575984251968
0
LINE
8
BLACK
6
CONTINUOUS
10
-2.2354717322834645
20
3.3497575984251968
11
-2.2385440157480314
21
3.3497575984251968
0
LINE
8
BLACK
6
CONTINUOUS
10
-2.2385440157480314
20
3.3497575984251968
11
-2.2413824409448817
21
3.3509333070866143
0
LINE
8
BLACK
6
CONTINUOUS
10
-2.2413824409448817
20
3.3509333070866143
11
-2.2435548818897639
21
3.3531057480314961
0
LINE
8
BLACK
6
CONTINUOUS
10
-2.2435548818897639
20
3.3531057480314961
11
-2.244730590551181
21
3.3559441732283464
0
LINE
8
BLACK
6
CONTINUOUS
10
-2.244730590551181
20
3.3559441732283464
11
-2.244730590551181
21
3.3590164566929133
0
LINE
8
BLACK
6
CONTINUOUS
10
-2.244730590551181
20
3.3590164566929133
11
-2.2435548818897639
21
3.3618548818897636
0
LINE
8
BLACK
6
CONTINUOUS
10
-2.2435548818897639
20
3.3618548818897636
11
-2.2413824409448817
21
3.3640273228346458
0
LINE
8
BLACK
6
CONTINUOUS
10
-2.2413824409448817
20
3.3640273228346458
11
-2.2385440157480314
21
3.3652030314960628
0
LINE
8
BLACK
6
CONTINUOUS
10
-2.2385440157480314
20
3.3652030314960628
11
-2.2354717322834645
21
3.3652030314960628
0
LINE
8
BLACK
6
CONTINUOUS
10
-2.2354717322834645
20
3.3652030314960628
11
-2.2326333070866142
21
3.3640273228346458
0
LINE
8
BLACK
6
CONTINUOUS
10
-2.1617671653543304
20
3.3640273228346458
11
-2.1595947244094487
21
3.3618548818897636
0
LINE
8
BLACK
6
CONTINUOUS
10
-2.1595947244094487
20
3.3618548818897636
11
-2.1584190157480316
21
3.3590164566929133
0
LINE
8
BLACK
6
CONTINUOUS
10
-2.1584190157480316
20
3.3590164566929133
11
-2.1584190157480316
21
3.3559441732283464
0
LINE
8
BLACK
6
CONTINUOUS
10
-2.1584190157480316
20
3.3559441732283464
11
-2.1595947244094487
21
3.3531057480314961
0
LINE
8
BLACK
6
CONTINUOUS
10
-2.1595947244094487
20
3.3531057480314961
11
-2.1617671653543304
21
3.3509333070866143
0
LINE
8
BLACK
6
CONTINUOUS
10
-2.1617671653543304
20
3.3509333070866143
11
-2.1646055905511812
21
3.3497575984251968
0
LINE
8
BLACK
6
CONTINUOUS
10
-2.1646055905511812
20
3.3497575984251968
11
-2.1676778740157481
21
3.3497575984251968
0
LINE
8
BLACK
6
CONTINUOUS
10
-2.1676778740157481
20
3.3497575984251968
11
-2.1705162992125984
21
3.3509333070866143
0
LINE
8
BLACK
6
CONTINUOUS
10
-2.1705162992125984
20
3.3509333070866143
11
-2.1726887401574801
21
3.3531057480314961
0
LINE
8
BLACK
6
CONTINUOUS
10
-2.1726887401574801
20
3.3531057480314961
11
-2.1738644488188976
21
3.3559441732283464
0
LINE
8
BLACK
6
CONTINUOUS
10
-2.1738644488188976
20
3.3559441732283464
11
-2.1738644488188976
21
3.3590164566929133
0
LINE
8
BLACK
6
CONTINUOUS
10
-2.1738644488188976
20
3.3590164566929133
11
-2.1726887401574801
21
3.3618548818897636
0
LINE
8
BLACK
6
CONTINUOUS
10
-2.1726887401574801
20
3.3618548818897636
11
-2.1705162992125984
21
3.3640273228346458
0
LINE
8
BLACK
6
CONTINUOUS
10
-2.1705162992125984
20
3.3640273228346458
11
-2.1676778740157481
21
3.3652030314960628
0
LINE
8
BLACK
6
CONTINUOUS
10
-2.1676778740157481
20
3.3652030314960628
11
-2.1646055905511812
21
3.3652030314960628
0
LINE
8
BLACK
6
CONTINUOUS
10
-2.1646055905511812
20
3.3652030314960628
11
-2.1617671653543304
21
3.3640273228346458
0
LINE
8
BLACK
6
CONTINUOUS
10
-1.7877514173228346
20
3.3719013385826773
11
-1.7855789763779528
21
3.369728897637795
0
LINE
8
BLACK
6
CONTINUOUS
10
-1.7855789763779528
20
3.369728897637795
11
-1.7844032677165353
21
3.3668904724409447
0
LINE
8
BLACK
6
CONTINUOUS
10
-1.7844032677165353
20
3.3668904724409447
11
-1.7844032677165353
21
3.3638181889763779
0
LINE
8
BLACK
6
CONTINUOUS
10
-1.7844032677165353
20
3.3638181889763779
11
-1.7855789763779528
21
3.3609797637795276
0
LINE
8
BLACK
6
CONTINUOUS
10
-1.7855789763779528
20
3.3609797637795276
11
-1.7877514173228346
21
3.3588073228346458
0
LINE
8
BLACK
6
CONTINUOUS
10
-1.7877514173228346
20
3.3588073228346458
11
-1.7905898425196849
21
3.3576316141732283
0
LINE
8
BLACK
6
CONTINUOUS
10
-1.7905898425196849
20
3.3576316141732283
11
-1.793662125984252
21
3.3576316141732283
0
LINE
8
BLACK
6
CONTINUOUS
10
-1.793662125984252
20
3.3576316141732283
11
-1.7965005511811023
21
3.3588073228346458
0
LINE
8
BLACK
6
CONTINUOUS
10
-1.7965005511811023
20
3.3588073228346458
11
-1.7986729921259843
21
3.3609797637795276
0
LINE
8
BLACK
6
CONTINUOUS
10
-1.7986729921259843
20
3.3609797637795276
11
-1.7998487007874016
21
3.3638181889763779
0
LINE
8
BLACK
6
CONTINUOUS
10
-1.7998487007874016
20
3.3638181889763779
11
-1.7998487007874016
21
3.3668904724409447
0
LINE
8
BLACK
6
CONTINUOUS
10
-1.7998487007874016
20
3.3668904724409447
11
-1.7986729921259843
21
3.369728897637795
0
LINE
8
BLACK
6
CONTINUOUS
10
-1.7986729921259843
20
3.369728897637795
11
-1.7965005511811023
21
3.3719013385826773
0
LINE
8
BLACK
6
CONTINUOUS
10
-1.7965005511811023
20
3.3719013385826773
11
-1.793662125984252
21
3.3730770472440943
0
LINE
8
BLACK
6
CONTINUOUS
10
-1.793662125984252
20
3.3730770472440943
11
-1.7905898425196849
21
3.3730770472440943
0
LINE
8
BLACK
6
CONTINUOUS
10
-1.7905898425196849
20
3.3730770472440943
11
-1.7877514173228346
21
3.3719013385826773
0
LINE
8
BLACK
6
CONTINUOUS
10
-1.9427725984251969
20
3.4066670472440945
11
-1.9409844488188976
21
3.4054722440944882
0
LINE
8
BLACK
6
CONTINUOUS
10
-1.9409844488188976
20
3.4054722440944882
11
-1.9397896456692914
21
3.403684094488189
0
LINE
8
BLACK
6
CONTINUOUS
10
-1.9397896456692914
20
3.403684094488189
11
-1.9393700787401575
21
3.401574803149606
0
LINE
8
BLACK
6
CONTINUOUS
10
-1.9393700787401575
20
3.401574803149606
11
-1.9393700787401575
21
3.3905511811023623
0
LINE
8
BLACK
6
CONTINUOUS
10
-1.9393700787401575
20
3.3905511811023623
11
-1.9397896456692914
21
3.3884418897637794
0
LINE
8
BLACK
6
CONTINUOUS
10
-1.9397896456692914
20
3.3884418897637794
11
-1.9409844488188976
21
3.3866537401574801
0
LINE
8
BLACK
6
CONTINUOUS
10
-1.9409844488188976
20
3.3866537401574801
11
-1.9427725984251969
21
3.3854589370078738
0
LINE
8
BLACK
6
CONTINUOUS
10
-1.9427725984251969
20
3.3854589370078738
11
-1.9448818897637794
21
3.38503937007874
0
LINE
8
BLACK
6
CONTINUOUS
10
-1.9448818897637794
20
3.38503937007874
11
-1.958267716535433
21
3.38503937007874
0
LINE
8
BLACK
6
CONTINUOUS
10
-1.958267716535433
20
3.38503937007874
11
-1.9603770078740157
21
3.3854589370078738
0
LINE
8
BLACK
6
CONTINUOUS
10
-1.9603770078740157
20
3.3854589370078738
11
-1.9621651574803149
21
3.3866537401574801
0
LINE
8
BLACK
6
CONTINUOUS
10
-1.9621651574803149
20
3.3866537401574801
11
-1.9633599606299212
21
3.3884418897637794
0
LINE
8
BLACK
6
CONTINUOUS
10
-1.9633599606299212
20
3.3884418897637794
11
-1.963779527559055
21
3.3905511811023623
0
LINE
8
BLACK
6
CONTINUOUS
10
-1.963779527559055
20
3.3905511811023623
11
-1.963779527559055
21
3.401574803149606
0
LINE
8
BLACK
6
CONTINUOUS
10
-1.963779527559055
20
3.401574803149606
11
-1.9633599606299212
21
3.403684094488189
0
LINE
8
BLACK
6
CONTINUOUS
10
-1.9633599606299212
20
3.403684094488189
11
-1.9621651574803149
21
3.4054722440944882
0
LINE
8
BLACK
6
CONTINUOUS
10
-1.9621651574803149
20
3.4054722440944882
11
-1.9603770078740157
21
3.4066670472440945
0
LINE
8
BLACK
6
CONTINUOUS
10
-1.9603770078740157
20
3.4066670472440945
11
-1.958267716535433
21
3.4070866141732283
0
LINE
8
BLACK
6
CONTINUOUS
10
-1.958267716535433
20
3.4070866141732283
11
-1.9448818897637794
21
3.4070866141732283
0
LINE
8
BLACK
6
CONTINUOUS
10
-1.9448818897637794
20
3.4070866141732283
11
-1.9427725984251969
21
3.4066670472440945
0
LINE
8
BLACK
6
CONTINUOUS
10
-2.202493622047244
20
3.4562883464566929
11
-2.2007693307086615
21
3.455136181102362
0
LINE
8
BLACK
6
CONTINUOUS
10
-2.2007693307086615
20
3.455136181102362
11
-2.1996171653543306
21
3.4534118897637796
0
LINE
8
BLACK
6
CONTINUOUS
10
-2.1996171653543306
20
3.4534118897637796
11
-2.1992125984251967
21
3.4513779527559056
0
LINE
8
BLACK
6
CONTINUOUS
10
-2.1992125984251967
20
3.4513779527559056
11
-2.1992125984251967
21
3.436811023622047
0
LINE
8
BLACK
6
CONTINUOUS
10
-2.1992125984251967
20
3.436811023622047
11
-2.1996171653543306
21
3.4347770866141731
0
LINE
8
BLACK
6
CONTINUOUS
10
-2.1996171653543306
20
3.4347770866141731
11
-2.2007693307086615
21
3.4330527952755903
0
LINE
8
BLACK
6
CONTINUOUS
10
-2.2007693307086615
20
3.4330527952755903
11
-2.202493622047244
21
3.4319006299212598
0
LINE
8
BLACK
6
CONTINUOUS
10
-2.202493622047244
20
3.4319006299212598
11
-2.2045275590551179
21
3.4314960629921258
0
LINE
8
BLACK
6
CONTINUOUS
10
-2.2045275590551179
20
3.4314960629921258
11
-2.2049600393700786
21
3.4314960629921258
0
LINE
8
BLACK
6
CONTINUOUS
10
-2.2049600393700786
20
3.4314960629921258
11
-2.2050158267716533
21
3.43092968503937
0
LINE
8
BLACK
6
CONTINUOUS
10
-2.2050158267716533
20
3.43092968503937
11
-2.2057506299212597
21
3.4291556692913385
0
LINE
8
BLACK
6
CONTINUOUS
10
-2.2057506299212597
20
3.4291556692913385
11
-2.2057506692913385
21
3.4291556299212598
0
LINE
8
BLACK
6
CONTINUOUS
10
-2.2057506692913385
20
3.4291556299212598
11
-2.2063626771653544
21
3.4284098818897637
0
LINE
8
BLACK
6
CONTINUOUS
10
-2.2063626771653544
20
3.4284098818897637
11
-2.229285157480315
21
3.4054874409448819
0
LINE
8
BLACK
6
CONTINUOUS
10
-2.229285157480315
20
3.4054874409448819
11
-2.229285157480315
21
3.4031882677165353
0
LINE
8
BLACK
6
CONTINUOUS
10
-2.229285157480315
20
3.4031882677165353
11
-2.2304608661417324
21
3.400349842519685
0
LINE
8
BLACK
6
CONTINUOUS
10
-2.2304608661417324
20
3.400349842519685
11
-2.2326333070866142
21
3.3981774015748032
0
LINE
8
BLACK
6
CONTINUOUS
10
-2.2326333070866142
20
3.3981774015748032
11
-2.2354717322834645
21
3.3970016929133857
0
LINE
8
BLACK
6
CONTINUOUS
10
-2.2354717322834645
20
3.3970016929133857
11
-2.2385440157480314
21
3.3970016929133857
0
LINE
8
BLACK
6
CONTINUOUS
10
-2.2385440157480314
20
3.3970016929133857
11
-2.2413824409448817
21
3.3981774015748032
0
LINE
8
BLACK
6
CONTINUOUS
10
-2.2413824409448817
20
3.3981774015748032
11
-2.2435548818897639
21
3.400349842519685
0
LINE
8
BLACK
6
CONTINUOUS
10
-2.2435548818897639
20
3.400349842519685
11
-2.244730590551181
21
3.4031882677165353
0
LINE
8
BLACK
6
CONTINUOUS
10
-2.244730590551181
20
3.4031882677165353
11
-2.244730590551181
21
3.4062605511811022
0
LINE
8
BLACK
6
CONTINUOUS
10
-2.244730590551181
20
3.4062605511811022
11
-2.2435548818897639
21
3.4090989763779529
0
LINE
8
BLACK
6
CONTINUOUS
10
-2.2435548818897639
20
3.4090989763779529
11
-2.2413824409448817
21
3.4112714173228347
0
LINE
8
BLACK
6
CONTINUOUS
10
-2.2413824409448817
20
3.4112714173228347
11
-2.2385440157480314
21
3.4124471259842517
0
LINE
8
BLACK
6
CONTINUOUS
10
-2.2385440157480314
20
3.4124471259842517
11
-2.2362448425196848
21
3.4124471259842517
0
LINE
8
BLACK
6
CONTINUOUS
10
-2.2362448425196848
20
3.4124471259842517
11
-2.2168577559055116
21
3.4318342913385824
0
LINE
8
BLACK
6
CONTINUOUS
10
-2.2168577559055116
20
3.4318342913385824
11
-2.2171914173228346
21
3.4319006299212598
0
LINE
8
BLACK
6
CONTINUOUS
10
-2.2171914173228346
20
3.4319006299212598
11
-2.2189157086614171
21
3.4330527952755903
0
LINE
8
BLACK
6
CONTINUOUS
10
-2.2189157086614171
20
3.4330527952755903
11
-2.220067874015748
21
3.4347770866141731
0
LINE
8
BLACK
6
CONTINUOUS
10
-2.220067874015748
20
3.4347770866141731
11
-2.2204724409448819
21
3.436811023622047
0
LINE
8
BLACK
6
CONTINUOUS
10
-2.2204724409448819
20
3.436811023622047
11
-2.2204724409448819
21
3.4513779527559056
0
LINE
8
BLACK
6
CONTINUOUS
10
-2.2204724409448819
20
3.4513779527559056
11
-2.220067874015748
21
3.4534118897637796
0
LINE
8
BLACK
6
CONTINUOUS
10
-2.220067874015748
20
3.4534118897637796
11
-2.2189157086614171
21
3.455136181102362
0
LINE
8
BLACK
6
CONTINUOUS
10
-2.2189157086614171
20
3.455136181102362
11
-2.2171914173228346
21
3.4562883464566929
0
LINE
8
BLACK
6
CONTINUOUS
10
-2.2171914173228346
20
3.4562883464566929
11
-2.2151574803149607
21
3.4566929133858268
0
LINE
8
BLACK
6
CONTINUOUS
10
-2.2151574803149607
20
3.4566929133858268
11
-2.2045275590551179
21
3.4566929133858268
0
LINE
8
BLACK
6
CONTINUOUS
10
-2.2045275590551179
20
3.4566929133858268
11
-2.202493622047244
21
3.4562883464566929
0
LINE
8
BLACK
6
CONTINUOUS
10
-1.8939537007874014
20
3.47556468503937
11
-1.8921655511811024
21
3.4743698818897637
0
LINE
8
BLACK
6
CONTINUOUS
10
-1.8921655511811024
20
3.4743698818897637
11
-1.8909707480314961
21
3.4725817322834645
0
LINE
8
BLACK
6
CONTINUOUS
10
-1.8909707480314961
20
3.4725817322834645
11
-1.8905511811023621
21
3.4704724409448819
0
LINE
8
BLACK
6
CONTINUOUS
10
-1.8905511811023621
20
3.4704724409448819
11
-1.8905511811023621
21
3.4689706299212597
0
LINE
8
BLACK
6
CONTINUOUS
10
-1.8905511811023621
20
3.4689706299212597
11
-1.8894817322834645
21
3.4671183070866141
0
LINE
8
BLACK
6
CONTINUOUS
10
-1.8894817322834645
20
3.4671183070866141
11
-1.8886837401574803
21
3.4641400787401575
0
LINE
8
BLACK
6
CONTINUOUS
10
-1.8886837401574803
20
3.4641400787401575
11
-1.8885826771653542
21
3.4625984251968505
0
LINE
8
BLACK
6
CONTINUOUS
10
-1.8885826771653542
20
3.4625984251968505
11
-1.8885826771653542
21
3.4145669291338581
0
LINE
8
BLACK
6
CONTINUOUS
10
-1.8885826771653542
20
3.4145669291338581
11
-1.8886837401574803
21
3.413025275590551
0
LINE
8
BLACK
6
CONTINUOUS
10
-1.8886837401574803
20
3.413025275590551
11
-1.8894817322834645
21
3.4100470472440945
0
LINE
8
BLACK
6
CONTINUOUS
10
-1.8894817322834645
20
3.4100470472440945
11
-1.8910233858267715
21
3.4073768503937005
0
LINE
8
BLACK
6
CONTINUOUS
10
-1.8910233858267715
20
3.4073768503937005
11
-1.89251968503937
21
3.4058805511811023
0
LINE
8
BLACK
6
CONTINUOUS
10
-1.89251968503937
20
3.4058805511811023
11
-1.89251968503937
21
3.4057086614173229
0
LINE
8
BLACK
6
CONTINUOUS
10
-1.89251968503937
20
3.4057086614173229
11
-1.8928193700787401
21
3.4042020472440946
0
LINE
8
BLACK
6
CONTINUOUS
10
-1.8928193700787401
20
3.4042020472440946
11
-1.8936727952755905
21
3.4029247637795277
0
LINE
8
BLACK
6
CONTINUOUS
10
-1.8936727952755905
20
3.4029247637795277
11
-1.8949500787401574
21
3.4020713385826773
0
LINE
8
BLACK
6
CONTINUOUS
10
-1.8949500787401574
20
3.4020713385826773
11
-1.8964566929133857
21
3.4017716535433071
0
LINE
8
BLACK
6
CONTINUOUS
10
-1.8964566929133857
20
3.4017716535433071
11
-1.9043307086614172
21
3.4017716535433071
0
LINE
8
BLACK
6
CONTINUOUS
10
-1.9043307086614172
20
3.4017716535433071
11
-1.9058373228346457
21
3.4020713385826773
0
LINE
8
BLACK
6
CONTINUOUS
10
-1.9058373228346457
20
3.4020713385826773
11
-1.9071146062992126
21
3.4029247637795277
0
LINE
8
BLACK
6
CONTINUOUS
10
-1.9071146062992126
20
3.4029247637795277
11
-1.907968031496063
21
3.4042020472440946
0
LINE
8
BLACK
6
CONTINUOUS
10
-1.907968031496063
20
3.4042020472440946
11
-1.9082677165354329
21
3.4057086614173229
0
LINE
8
BLACK
6
CONTINUOUS
10
-1.9082677165354329
20
3.4057086614173229
11
-1.9082677165354329
21
3.4058805511811023
0
LINE
8
BLACK
6
CONTINUOUS
10
-1.9082677165354329
20
3.4058805511811023
11
-1.9097640157480316
21
3.4073768503937005
0
LINE
8
BLACK
6
CONTINUOUS
10
-1.9097640157480316
20
3.4073768503937005
11
-1.9113056692913386
21
3.4100470472440945
0
LINE
8
BLACK
6
CONTINUOUS
10
-1.9113056692913386
20
3.4100470472440945
11
-1.9121036614173228
21
3.413025275590551
0
LINE
8
BLACK
6
CONTINUOUS
10
-1.9121036614173228
20
3.413025275590551
11
-1.9122047244094489
21
3.4145669291338581
0
LINE
8
BLACK
6
CONTINUOUS
10
-1.9122047244094489
20
3.4145669291338581
11
-1.9122047244094489
21
3.4551073622047244
0
LINE
8
BLACK
6
CONTINUOUS
10
-1.9122047244094489
20
3.4551073622047244
11
-1.9125984251968504
21
3.4570866141732282
0
LINE
8
BLACK
6
CONTINUOUS
10
-1.9125984251968504
20
3.4570866141732282
11
-1.9125984251968504
21
3.4596763779527557
0
LINE
8
BLACK
6
CONTINUOUS
10
-1.9125984251968504
20
3.4596763779527557
11
-1.9132847637795276
21
3.4622378740157478
0
LINE
8
BLACK
6
CONTINUOUS
10
-1.9132847637795276
20
3.4622378740157478
11
-1.9132847637795276
21
3.4653211811023623
0
LINE
8
BLACK
6
CONTINUOUS
10
-1.9132847637795276
20
3.4653211811023623
11
-1.9125984251968504
21
3.4678827165354331
0
LINE
8
BLACK
6
CONTINUOUS
10
-1.9125984251968504
20
3.4678827165354331
11
-1.9125984251968504
21
3.4704724409448819
0
LINE
8
BLACK
6
CONTINUOUS
10
-1.9125984251968504
20
3.4704724409448819
11
-1.9121788582677164
21
3.4725817322834645
0
LINE
8
BLACK
6
CONTINUOUS
10
-1.9121788582677164
20
3.4725817322834645
11
-1.9109840551181101
21
3.4743698818897637
0
LINE
8
BLACK
6
CONTINUOUS
10
-1.9109840551181101
20
3.4743698818897637
11
-1.9091959055118111
21
3.47556468503937
0
LINE
8
BLACK
6
CONTINUOUS
10
-1.9091959055118111
20
3.47556468503937
11
-1.9070866141732283
21
3.4759842519685038
0
LINE
8
BLACK
6
CONTINUOUS
10
-1.9070866141732283
20
3.4759842519685038
11
-1.8960629921259842
21
3.4759842519685038
0
LINE
8
BLACK
6
CONTINUOUS
10
-1.8960629921259842
20
3.4759842519685038
11
-1.8939537007874014
21
3.47556468503937
0
LINE
8
BLACK
6
CONTINUOUS
10
-1.8693595275590551
20
3.4270625196850393
11
-1.8680822440944882
21
3.4262090944881889
0
LINE
8
BLACK
6
CONTINUOUS
10
-1.8680822440944882
20
3.4262090944881889
11
-1.8672288188976378
21
3.424931811023622
0
LINE
8
BLACK
6
CONTINUOUS
10
-1.8672288188976378
20
3.424931811023622
11
-1.8669291338582676
21
3.4234251968503937
0
LINE
8
BLACK
6
CONTINUOUS
10
-1.8669291338582676
20
3.4234251968503937
11
-1.8669291338582676
21
3.4057086614173229
0
LINE
8
BLACK
6
CONTINUOUS
10
-1.8669291338582676
20
3.4057086614173229
11
-1.8672288188976378
21
3.4042020472440946
0
LINE
8
BLACK
6
CONTINUOUS
10
-1.8672288188976378
20
3.4042020472440946
11
-1.8680822440944882
21
3.4029247637795277
0
LINE
8
BLACK
6
CONTINUOUS
10
-1.8680822440944882
20
3.4029247637795277
11
-1.8693595275590551
21
3.4020713385826773
0
LINE
8
BLACK
6
CONTINUOUS
10
-1.8693595275590551
20
3.4020713385826773
11
-1.8708661417322834
21
3.4017716535433071
0
LINE
8
BLACK
6
CONTINUOUS
10
-1.8708661417322834
20
3.4017716535433071
11
-1.8787401574803149
21
3.4017716535433071
0
LINE
8
BLACK
6
CONTINUOUS
10
-1.8787401574803149
20
3.4017716535433071
11
-1.8802467716535434
21
3.4020713385826773
0
LINE
8
BLACK
6
CONTINUOUS
10
-1.8802467716535434
20
3.4020713385826773
11
-1.8815240551181103
21
3.4029247637795277
0
LINE
8
BLACK
6
CONTINUOUS
10
-1.8815240551181103
20
3.4029247637795277
11
-1.8823774803149607
21
3.4042020472440946
0
LINE
8
BLACK
6
CONTINUOUS
10
-1.8823774803149607
20
3.4042020472440946
11
-1.8826771653543306
21
3.4057086614173229
0
LINE
8
BLACK
6
CONTINUOUS
10
-1.8826771653543306
20
3.4057086614173229
11
-1.8826771653543306
21
3.4234251968503937
0
LINE
8
BLACK
6
CONTINUOUS
10
-1.8826771653543306
20
3.4234251968503937
11
-1.8823774803149607
21
3.424931811023622
0
LINE
8
BLACK
6
CONTINUOUS
10
-1.8823774803149607
20
3.424931811023622
11
-1.8815240551181103
21
3.4262090944881889
0
LINE
8
BLACK
6
CONTINUOUS
10
-1.8815240551181103
20
3.4262090944881889
11
-1.8802467716535434
21
3.4270625196850393
0
LINE
8
BLACK
6
CONTINUOUS
10
-1.8802467716535434
20
3.4270625196850393
11
-1.8787401574803149
21
3.4273622047244094
0
LINE
8
BLACK
6
CONTINUOUS
10
-1.8787401574803149
20
3.4273622047244094
11
-1.8708661417322834
21
3.4273622047244094
0
LINE
8
BLACK
6
CONTINUOUS
10
-1.8708661417322834
20
3.4273622047244094
11
-1.8693595275590551
21
3.4270625196850393
0
LINE
8
BLACK
6
CONTINUOUS
10
-1.8437689763779528
20
3.4270625196850393
11
-1.8424916929133859
21
3.4262090944881889
0
LINE
8
BLACK
6
CONTINUOUS
10
-1.8424916929133859
20
3.4262090944881889
11
-1.8416382677165355
21
3.424931811023622
0
LINE
8
BLACK
6
CONTINUOUS
10
-1.8416382677165355
20
3.424931811023622
11
-1.8413385826771653
21
3.4234251968503937
0
LINE
8
BLACK
6
CONTINUOUS
10
-1.8413385826771653
20
3.4234251968503937
11
-1.8413385826771653
21
3.4057086614173229
0
LINE
8
BLACK
6
CONTINUOUS
10
-1.8413385826771653
20
3.4057086614173229
11
-1.8416382677165355
21
3.4042020472440946
0
LINE
8
BLACK
6
CONTINUOUS
10
-1.8416382677165355
20
3.4042020472440946
11
-1.8424916929133859
21
3.4029247637795277
0
LINE
8
BLACK
6
CONTINUOUS
10
-1.8424916929133859
20
3.4029247637795277
11
-1.8437689763779528
21
3.4020713385826773
0
LINE
8
BLACK
6
CONTINUOUS
10
-1.8437689763779528
20
3.4020713385826773
11
-1.8452755905511811
21
3.4017716535433071
0
LINE
8
BLACK
6
CONTINUOUS
10
-1.8452755905511811
20
3.4017716535433071
11
-1.8531496062992125
21
3.4017716535433071
0
LINE
8
BLACK
6
CONTINUOUS
10
-1.8531496062992125
20
3.4017716535433071
11
-1.8546562204724408
21
3.4020713385826773
0
LINE
8
BLACK
6
CONTINUOUS
10
-1.8546562204724408
20
3.4020713385826773
11
-1.8559335039370077
21
3.4029247637795277
0
LINE
8
BLACK
6
CONTINUOUS
10
-1.8559335039370077
20
3.4029247637795277
11
-1.8567869291338581
21
3.4042020472440946
0
LINE
8
BLACK
6
CONTINUOUS
10
-1.8567869291338581
20
3.4042020472440946
11
-1.8570866141732283
21
3.4057086614173229
0
LINE
8
BLACK
6
CONTINUOUS
10
-1.8570866141732283
20
3.4057086614173229
11
-1.8570866141732283
21
3.4234251968503937
0
LINE
8
BLACK
6
CONTINUOUS
10
-1.8570866141732283
20
3.4234251968503937
11
-1.8567869291338581
21
3.424931811023622
0
LINE
8
BLACK
6
CONTINUOUS
10
-1.8567869291338581
20
3.424931811023622
11
-1.8559335039370077
21
3.4262090944881889
0
LINE
8
BLACK
6
CONTINUOUS
10
-1.8559335039370077
20
3.4262090944881889
11
-1.8546562204724408
21
3.4270625196850393
0
LINE
8
BLACK
6
CONTINUOUS
10
-1.8546562204724408
20
3.4270625196850393
11
-1.8531496062992125
21
3.4273622047244094
0
LINE
8
BLACK
6
CONTINUOUS
10
-1.8531496062992125
20
3.4273622047244094
11
-1.8452755905511811
21
3.4273622047244094
0
LINE
8
BLACK
6
CONTINUOUS
10
-1.8452755905511811
20
3.4273622047244094
11
-1.8437689763779528
21
3.4270625196850393
0
LINE
8
BLACK
6
CONTINUOUS
10
-1.8153104724409448
20
3.4191454330708662
11
-1.813138031496063
21
3.4169729921259844
0
LINE
8
BLACK
6
CONTINUOUS
10
-1.813138031496063
20
3.4169729921259844
11
-1.8119623228346455
21
3.4141345669291336
0
LINE
8
BLACK
6
CONTINUOUS
10
-1.8119623228346455
20
3.4141345669291336
11
-1.8119623228346455
21
3.4110622834645667
0
LINE
8
BLACK
6
CONTINUOUS
10
-1.8119623228346455
20
3.4110622834645667
11
-1.813138031496063
21
3.4082238582677165
0
LINE
8
BLACK
6
CONTINUOUS
10
-1.813138031496063
20
3.4082238582677165
11
-1.8153104724409448
21
3.4060514173228347
0
LINE
8
BLACK
6
CONTINUOUS
10
-1.8153104724409448
20
3.4060514173228347
11
-1.8181488976377953
21
3.4048757086614172
0
LINE
8
BLACK
6
CONTINUOUS
10
-1.8181488976377953
20
3.4048757086614172
11
-1.8212211811023622
21
3.4048757086614172
0
LINE
8
BLACK
6
CONTINUOUS
10
-1.8212211811023622
20
3.4048757086614172
11
-1.8240596062992125
21
3.4060514173228347
0
LINE
8
BLACK
6
CONTINUOUS
10
-1.8240596062992125
20
3.4060514173228347
11
-1.8262320472440945
21
3.4082238582677165
0
LINE
8
BLACK
6
CONTINUOUS
10
-1.8262320472440945
20
3.4082238582677165
11
-1.8274077559055117
21
3.4110622834645667
0
LINE
8
BLACK
6
CONTINUOUS
10
-1.8274077559055117
20
3.4110622834645667
11
-1.8274077559055117
21
3.4141345669291336
0
LINE
8
BLACK
6
CONTINUOUS
10
-1.8274077559055117
20
3.4141345669291336
11
-1.8262320472440945
21
3.4169729921259844
0
LINE
8
BLACK
6
CONTINUOUS
10
-1.8262320472440945
20
3.4169729921259844
11
-1.8240596062992125
21
3.4191454330708662
0
LINE
8
BLACK
6
CONTINUOUS
10
-1.8240596062992125
20
3.4191454330708662
11
-1.8212211811023622
21
3.4203211417322832
0
LINE
8
BLACK
6
CONTINUOUS
10
-1.8212211811023622
20
3.4203211417322832
11
-1.8181488976377953
21
3.4203211417322832
0
LINE
8
BLACK
6
CONTINUOUS
10
-1.8181488976377953
20
3.4203211417322832
11
-1.8153104724409448
21
3.4191454330708662
0
LINE
8
BLACK
6
CONTINUOUS
10
-1.9294837007874015
20
3.4270194488188976
11
-1.9273112598425197
21
3.4248470078740159
0
LINE
8
BLACK
6
CONTINUOUS
10
-1.9273112598425197
20
3.4248470078740159
11
-1.9261355511811022
21
3.4220085826771651
0
LINE
8
BLACK
6
CONTINUOUS
10
-1.9261355511811022
20
3.4220085826771651
11
-1.9261355511811022
21
3.4189362992125982
0
LINE
8
BLACK
6
CONTINUOUS
10
-1.9261355511811022
20
3.4189362992125982
11
-1.9273112598425197
21
3.4160978740157479
0
LINE
8
BLACK
6
CONTINUOUS
10
-1.9273112598425197
20
3.4160978740157479
11
-1.9294837007874015
21
3.4139254330708662
0
LINE
8
BLACK
6
CONTINUOUS
10
-1.9294837007874015
20
3.4139254330708662
11
-1.932322125984252
21
3.4127497244094487
0
LINE
8
BLACK
6
CONTINUOUS
10
-1.932322125984252
20
3.4127497244094487
11
-1.9353944094488189
21
3.4127497244094487
0
LINE
8
BLACK
6
CONTINUOUS
10
-1.9353944094488189
20
3.4127497244094487
11
-1.9382328346456692
21
3.4139254330708662
0
LINE
8
BLACK
6
CONTINUOUS
10
-1.9382328346456692
20
3.4139254330708662
11
-1.9404052755905512
21
3.4160978740157479
0
LINE
8
BLACK
6
CONTINUOUS
10
-1.9404052755905512
20
3.4160978740157479
11
-1.9415809842519685
21
3.4189362992125982
0
LINE
8
BLACK
6
CONTINUOUS
10
-1.9415809842519685
20
3.4189362992125982
11
-1.9415809842519685
21
3.4220085826771651
0
LINE
8
BLACK
6
CONTINUOUS
10
-1.9415809842519685
20
3.4220085826771651
11
-1.9404052755905512
21
3.4248470078740159
0
LINE
8
BLACK
6
CONTINUOUS
10
-1.9404052755905512
20
3.4248470078740159
11
-1.9382328346456692
21
3.4270194488188976
0
LINE
8
BLACK
6
CONTINUOUS
10
-1.9382328346456692
20
3.4270194488188976
11
-1.9353944094488189
21
3.4281951574803147
0
LINE
8
BLACK
6
CONTINUOUS
10
-1.9353944094488189
20
3.4281951574803147
11
-1.932322125984252
21
3.4281951574803147
0
LINE
8
BLACK
6
CONTINUOUS
10
-1.932322125984252
20
3.4281951574803147
11
-1.9294837007874015
21
3.4270194488188976
0
LINE
8
BLACK
6
CONTINUOUS
10
-2.0327453543307086
20
3.5963538582677166
11
-2.0314680708661417
21
3.5955004330708662
0
LINE
8
BLACK
6
CONTINUOUS
10
-2.0314680708661417
20
3.5955004330708662
11
-2.0306146456692913
21
3.5942231496062993
0
LINE
8
BLACK
6
CONTINUOUS
10
-2.0306146456692913
20
3.5942231496062993
11
-2.0303149606299211
21
3.5927165354330706
0
LINE
8
BLACK
6
CONTINUOUS
10
-2.0303149606299211
20
3.5927165354330706
11
-2.0303149606299211
21
3.5749999999999997
0
LINE
8
BLACK
6
CONTINUOUS
10
-2.0303149606299211
20
3.5749999999999997
11
-2.0306146456692913
21
3.5734933858267715
0
LINE
8
BLACK
6
CONTINUOUS
10
-2.0306146456692913
20
3.5734933858267715
11
-2.0314680708661417
21
3.5722161023622045
0
LINE
8
BLACK
6
CONTINUOUS
10
-2.0314680708661417
20
3.5722161023622045
11
-2.0327453543307086
21
3.5713626771653542
0
LINE
8
BLACK
6
CONTINUOUS
10
-2.0327453543307086
20
3.5713626771653542
11
-2.0342519685039369
21
3.571062992125984
0
LINE
8
BLACK
6
CONTINUOUS
10
-2.0342519685039369
20
3.571062992125984
11
-2.035236220472441
21
3.571062992125984
0
LINE
8
BLACK
6
CONTINUOUS
10
-2.035236220472441
20
3.571062992125984
11
-2.035236220472441
21
3.5476797637795277
0
LINE
8
BLACK
6
CONTINUOUS
10
-2.035236220472441
20
3.5476797637795277
11
-2.0290918897637793
21
3.5415354330708659
0
LINE
8
BLACK
6
CONTINUOUS
10
-2.0290918897637793
20
3.5415354330708659
11
-2.0007874015748031
21
3.5415354330708659
0
LINE
8
BLACK
6
CONTINUOUS
10
-2.0007874015748031
20
3.5415354330708659
11
-2.0002113385826772
21
3.5414787007874016
0
LINE
8
BLACK
6
CONTINUOUS
10
-2.0002113385826772
20
3.5414787007874016
11
-1.9991469291338582
21
3.5410377952755905
0
LINE
8
BLACK
6
CONTINUOUS
10
-1.9991469291338582
20
3.5410377952755905
11
-1.9986994881889764
21
3.5406705905511808
0
LINE
8
BLACK
6
CONTINUOUS
10
-1.9986994881889764
20
3.5406705905511808
11
-1.9829514566929134
21
3.5249225590551179
0
LINE
8
BLACK
6
CONTINUOUS
10
-1.9829514566929134
20
3.5249225590551179
11
-1.982584251968504
21
3.5244751181102361
0
LINE
8
BLACK
6
CONTINUOUS
10
-1.982584251968504
20
3.5244751181102361
11
-1.9821433464566929
21
3.5234107086614173
0
LINE
8
BLACK
6
CONTINUOUS
10
-1.9821433464566929
20
3.5234107086614173
11
-1.9820866141732283
21
3.5228346456692914
0
LINE
8
BLACK
6
CONTINUOUS
10
-1.9820866141732283
20
3.5228346456692914
11
-1.9820866141732283
21
3.4874015748031497
0
LINE
8
BLACK
6
CONTINUOUS
10
-1.9820866141732283
20
3.4874015748031497
11
-1.9821433464566929
21
3.4868255511811022
0
LINE
8
BLACK
6
CONTINUOUS
10
-1.9821433464566929
20
3.4868255511811022
11
-1.9825842125984252
21
3.4857611417322834
0
LINE
8
BLACK
6
CONTINUOUS
10
-1.9825842125984252
20
3.4857611417322834
11
-1.9829514566929134
21
3.4853136614173228
0
LINE
8
BLACK
6
CONTINUOUS
10
-1.9829514566929134
20
3.4853136614173228
11
-1.9908254724409449
21
3.4774396456692913
0
LINE
8
BLACK
6
CONTINUOUS
10
-1.9908254724409449
20
3.4774396456692913
11
-1.9912729133858267
21
3.4770724409448817
0
LINE
8
BLACK
6
CONTINUOUS
10
-1.9912729133858267
20
3.4770724409448817
11
-1.9923373228346457
21
3.4766315354330706
0
LINE
8
BLACK
6
CONTINUOUS
10
-1.9923373228346457
20
3.4766315354330706
11
-1.9929133858267716
21
3.4765748031496062
0
LINE
8
BLACK
6
CONTINUOUS
10
-1.9929133858267716
20
3.4765748031496062
11
-2.0979895275590552
21
3.4765748031496062
0
LINE
8
BLACK
6
CONTINUOUS
10
-2.0979895275590552
20
3.4765748031496062
11
-2.1119720078740158
21
3.4625923622047243
0
LINE
8
BLACK
6
CONTINUOUS
10
-2.1119720078740158
20
3.4625923622047243
11
-2.1114854724409446
21
3.4624955905511809
0
LINE
8
BLACK
6
CONTINUOUS
10
-2.1114854724409446
20
3.4624955905511809
11
-2.1102081889763777
21
3.4616421653543306
0
LINE
8
BLACK
6
CONTINUOUS
10
-2.1102081889763777
20
3.4616421653543306
11
-2.1093547637795274
21
3.4603648818897637
0
LINE
8
BLACK
6
CONTINUOUS
10
-2.1093547637795274
20
3.4603648818897637
11
-2.1090550787401576
21
3.4588582677165354
0
LINE
8
BLACK
6
CONTINUOUS
10
-2.1090550787401576
20
3.4588582677165354
11
-2.1090550787401576
21
3.4411417322834645
0
LINE
8
BLACK
6
CONTINUOUS
10
-2.1090550787401576
20
3.4411417322834645
11
-2.1093547637795274
21
3.4396351181102363
0
LINE
8
BLACK
6
CONTINUOUS
10
-2.1093547637795274
20
3.4396351181102363
11
-2.1102081889763777
21
3.4383578346456694
0
LINE
8
BLACK
6
CONTINUOUS
10
-2.1102081889763777
20
3.4383578346456694
11
-2.1114854724409446
21
3.437504409448819
0
LINE
8
BLACK
6
CONTINUOUS
10
-2.1114854724409446
20
3.437504409448819
11
-2.1129920866141734
21
3.4372047244094488
0
LINE
8
BLACK
6
CONTINUOUS
10
-2.1129920866141734
20
3.4372047244094488
11
-2.1208661023622049
21
3.4372047244094488
0
LINE
8
BLACK
6
CONTINUOUS
10
-2.1208661023622049
20
3.4372047244094488
11
-2.1223727165354331
21
3.437504409448819
0
LINE
8
BLACK
6
CONTINUOUS
10
-2.1223727165354331
20
3.437504409448819
11
-2.12365
21
3.4383578346456694
0
LINE
8
BLACK
6
CONTINUOUS
10
-2.12365
20
3.4383578346456694
11
-2.1245034251968504
21
3.4396351181102363
0
LINE
8
BLACK
6
CONTINUOUS
10
-2.1245034251968504
20
3.4396351181102363
11
-2.1248031102362206
21
3.4411417322834645
0
LINE
8
BLACK
6
CONTINUOUS
10
-2.1248031102362206
20
3.4411417322834645
11
-2.1248031102362206
21
3.4470472440944881
0
LINE
8
BLACK
6
CONTINUOUS
10
-2.1248031102362206
20
3.4470472440944881
11
-2.1590551181102362
21
3.4470472440944881
0
LINE
8
BLACK
6
CONTINUOUS
10
-2.1590551181102362
20
3.4470472440944881
11
-2.1590551181102362
21
3.436811023622047
0
LINE
8
BLACK
6
CONTINUOUS
10
-2.1590551181102362
20
3.436811023622047
11
-2.1594596850393701
21
3.4347770866141731
0
LINE
8
BLACK
6
CONTINUOUS
10
-2.1594596850393701
20
3.4347770866141731
11
-2.1606118503937006
21
3.4330527952755903
0
LINE
8
BLACK
6
CONTINUOUS
10
-2.1606118503937006
20
3.4330527952755903
11
-2.1623361417322835
21
3.4319006299212598
0
LINE
8
BLACK
6
CONTINUOUS
10
-2.1623361417322835
20
3.4319006299212598
11
-2.1643700787401574
21
3.4314960629921258
0
LINE
8
BLACK
6
CONTINUOUS
10
-2.1643700787401574
20
3.4314960629921258
11
-2.1749999999999998
21
3.4314960629921258
0
LINE
8
BLACK
6
CONTINUOUS
10
-2.1749999999999998
20
3.4314960629921258
11
-2.1770339370078742
21
3.4319006299212598
0
LINE
8
BLACK
6
CONTINUOUS
10
-2.1770339370078742
20
3.4319006299212598
11
-2.1787582283464566
21
3.4330527952755903
0
LINE
8
BLACK
6
CONTINUOUS
10
-2.1787582283464566
20
3.4330527952755903
11
-2.1799103937007875
21
3.4347770866141731
0
LINE
8
BLACK
6
CONTINUOUS
10
-2.1799103937007875
20
3.4347770866141731
11
-2.180314960629921
21
3.436811023622047
0
LINE
8
BLACK
6
CONTINUOUS
10
-2.180314960629921
20
3.436811023622047
11
-2.180314960629921
21
3.4513779527559056
0
LINE
8
BLACK
6
CONTINUOUS
10
-2.180314960629921
20
3.4513779527559056
11
-2.1799103937007875
21
3.4534118897637796
0
LINE
8
BLACK
6
CONTINUOUS
10
-2.1799103937007875
20
3.4534118897637796
11
-2.1787582283464566
21
3.455136181102362
0
LINE
8
BLACK
6
CONTINUOUS
10
-2.1787582283464566
20
3.455136181102362
11
-2.1770339370078742
21
3.4562883464566929
0
LINE
8
BLACK
6
CONTINUOUS
10
-2.1770339370078742
20
3.4562883464566929
11
-2.1749999999999998
21
3.4566929133858268
0
LINE
8
BLACK
6
CONTINUOUS
10
-2.1749999999999998
20
3.4566929133858268
11
-2.1643700787401574
21
3.4566929133858268
0
LINE
8
BLACK
6
CONTINUOUS
10
-2.1643700787401574
20
3.4566929133858268
11
-2.1623361417322835
21
3.4562883464566929
0
LINE
8
BLACK
6
CONTINUOUS
10
-2.1623361417322835
20
3.4562883464566929
11
-2.1606118503937006
21
3.455136181102362
0
LINE
8
BLACK
6
CONTINUOUS
10
-2.1606118503937006
20
3.455136181102362
11
-2.1594596850393701
21
3.4534118897637796
0
LINE
8
BLACK
6
CONTINUOUS
10
-2.1594596850393701
20
3.4534118897637796
11
-2.1593683464566928
21
3.4529527559055118
0
LINE
8
BLACK
6
CONTINUOUS
10
-2.1593683464566928
20
3.4529527559055118
11
-2.1248031102362206
21
3.4529527559055118
0
LINE
8
BLACK
6
CONTINUOUS
10
-2.1248031102362206
20
3.4529527559055118
11
-2.1248031102362206
21
3.4588582677165354
0
LINE
8
BLACK
6
CONTINUOUS
10
-2.1248031102362206
20
3.4588582677165354
11
-2.1245034251968504
21
3.4603648818897637
0
LINE
8
BLACK
6
CONTINUOUS
10
-2.1245034251968504
20
3.4603648818897637
11
-2.12365
21
3.4616421653543306
0
LINE
8
BLACK
6
CONTINUOUS
10
-2.12365
20
3.4616421653543306
11
-2.1223727165354331
21
3.4624955905511809
0
LINE
8
BLACK
6
CONTINUOUS
10
-2.1223727165354331
20
3.4624955905511809
11
-2.1208661023622049
21
3.4627952755905511
0
LINE
8
BLACK
6
CONTINUOUS
10
-2.1208661023622049
20
3.4627952755905511
11
-2.1196560629921257
21
3.4627952755905511
0
LINE
8
BLACK
6
CONTINUOUS
10
-2.1196560629921257
20
3.4627952755905511
11
-2.1193842125984252
21
3.4634515354330708
0
LINE
8
BLACK
6
CONTINUOUS
10
-2.1193842125984252
20
3.4634515354330708
11
-2.1190170078740156
21
3.4638989763779526
0
LINE
8
BLACK
6
CONTINUOUS
10
-2.1190170078740156
20
3.4638989763779526
11
-2.1013005118110235
21
3.4816154724409447
0
LINE
8
BLACK
6
CONTINUOUS
10
-2.1013005118110235
20
3.4816154724409447
11
-2.100853031496063
21
3.4819827165354331
0
LINE
8
BLACK
6
CONTINUOUS
10
-2.100853031496063
20
3.4819827165354331
11
-2.1002295275590552
21
3.4822409842519684
0
LINE
8
BLACK
6
CONTINUOUS
10
-2.1002295275590552
20
3.4822409842519684
11
-2.0997886614173229
21
3.4824235826771655
0
LINE
8
BLACK
6
CONTINUOUS
10
-2.0997886614173229
20
3.4824235826771655
11
-2.0992125984251966
21
3.4824803149606298
0
LINE
8
BLACK
6
CONTINUOUS
10
-2.0992125984251966
20
3.4824803149606298
11
-1.9941364566929134
21
3.4824803149606298
0
LINE
8
BLACK
6
CONTINUOUS
10
-1.9941364566929134
20
3.4824803149606298
11
-1.9879921259842519
21
3.4886246456692911
0
LINE
8
BLACK
6
CONTINUOUS
10
-1.9879921259842519
20
3.4886246456692911
11
-1.9879921259842519
21
3.5216115748031496
0
LINE
8
BLACK
6
CONTINUOUS
10
-1.9879921259842519
20
3.5216115748031496
11
-2.0020104724409449
21
3.5356299212598423
0
LINE
8
BLACK
6
CONTINUOUS
10
-2.0020104724409449
20
3.5356299212598423
11
-2.0303149606299211
21
3.5356299212598423
0
LINE
8
BLACK
6
CONTINUOUS
10
-2.0303149606299211
20
3.5356299212598423
11
-2.030891023622047
21
3.5356866535433071
0
LINE
8
BLACK
6
CONTINUOUS
10
-2.030891023622047
20
3.5356866535433071
11
-2.0313318897637793
21
3.5358692913385825
0
LINE
8
BLACK
6
CONTINUOUS
10
-2.0313318897637793
20
3.5358692913385825
11
-2.0319553937007875
21
3.5361275196850395
0
LINE
8
BLACK
6
CONTINUOUS
10
-2.0319553937007875
20
3.5361275196850395
11
-2.032402874015748
21
3.5364947637795274
0
LINE
8
BLACK
6
CONTINUOUS
10
-2.032402874015748
20
3.5364947637795274
11
-2.0402768897637795
21
3.5443687795275589
0
LINE
8
BLACK
6
CONTINUOUS
10
-2.0402768897637795
20
3.5443687795275589
11
-2.0406440944881887
21
3.5448162204724407
0
LINE
8
BLACK
6
CONTINUOUS
10
-2.0406440944881887
20
3.5448162204724407
11
-2.0410849999999998
21
3.54588062992126
0
LINE
8
BLACK
6
CONTINUOUS
10
-2.0410849999999998
20
3.54588062992126
11
-2.0411417322834646
21
3.5464566929133858
0
LINE
8
BLACK
6
CONTINUOUS
10
-2.0411417322834646
20
3.5464566929133858
11
-2.0411417322834646
21
3.571062992125984
0
LINE
8
BLACK
6
CONTINUOUS
10
-2.0411417322834646
20
3.571062992125984
11
-2.0421259842519683
21
3.571062992125984
0
LINE
8
BLACK
6
CONTINUOUS
10
-2.0421259842519683
20
3.571062992125984
11
-2.0436325984251966
21
3.5713626771653542
0
LINE
8
BLACK
6
CONTINUOUS
10
-2.0436325984251966
20
3.5713626771653542
11
-2.0449098818897635
21
3.5722161023622045
0
LINE
8
BLACK
6
CONTINUOUS
10
-2.0449098818897635
20
3.5722161023622045
11
-2.0457633070866139
21
3.5734933858267715
0
LINE
8
BLACK
6
CONTINUOUS
10
-2.0457633070866139
20
3.5734933858267715
11
-2.0460629921259841
21
3.5749999999999997
0
LINE
8
BLACK
6
CONTINUOUS
10
-2.0460629921259841
20
3.5749999999999997
11
-2.0460629921259841
21
3.5927165354330706
0
LINE
8
BLACK
6
CONTINUOUS
10
-2.0460629921259841
20
3.5927165354330706
11
-2.0457633070866139
21
3.5942231496062993
0
LINE
8
BLACK
6
CONTINUOUS
10
-2.0457633070866139
20
3.5942231496062993
11
-2.0449098818897635
21
3.5955004330708662
0
LINE
8
BLACK
6
CONTINUOUS
10
-2.0449098818897635
20
3.5955004330708662
11
-2.0436325984251966
21
3.5963538582677166
0
LINE
8
BLACK
6
CONTINUOUS
10
-2.0436325984251966
20
3.5963538582677166
11
-2.0421259842519683
21
3.5966535433070868
0
LINE
8
BLACK
6
CONTINUOUS
10
-2.0421259842519683
20
3.5966535433070868
11
-2.0342519685039369
21
3.5966535433070868
0
LINE
8
BLACK
6
CONTINUOUS
10
-2.0342519685039369
20
3.5966535433070868
11
-2.0327453543307086
21
3.5963538582677166
0
LINE
8
BLACK
6
CONTINUOUS
10
-2.0858949212598423
20
3.4624955905511809
11
-2.0846176377952754
21
3.4616421653543306
0
LINE
8
BLACK
6
CONTINUOUS
10
-2.0846176377952754
20
3.4616421653543306
11
-2.083764212598425
21
3.4603648818897637
0
LINE
8
BLACK
6
CONTINUOUS
10
-2.083764212598425
20
3.4603648818897637
11
-2.0834645275590549
21
3.4588582677165354
0
LINE
8
BLACK
6
CONTINUOUS
10
-2.0834645275590549
20
3.4588582677165354
11
-2.0834645275590549
21
3.4411417322834645
0
LINE
8
BLACK
6
CONTINUOUS
10
-2.0834645275590549
20
3.4411417322834645
11
-2.083764212598425
21
3.4396351181102363
0
LINE
8
BLACK
6
CONTINUOUS
10
-2.083764212598425
20
3.4396351181102363
11
-2.0846176377952754
21
3.4383578346456694
0
LINE
8
BLACK
6
CONTINUOUS
10
-2.0846176377952754
20
3.4383578346456694
11
-2.0858949212598423
21
3.437504409448819
0
LINE
8
BLACK
6
CONTINUOUS
10
-2.0858949212598423
20
3.437504409448819
11
-2.0874015354330706
21
3.4372047244094488
0
LINE
8
BLACK
6
CONTINUOUS
10
-2.0874015354330706
20
3.4372047244094488
11
-2.0952755511811025
21
3.4372047244094488
0
LINE
8
BLACK
6
CONTINUOUS
10
-2.0952755511811025
20
3.4372047244094488
11
-2.0967821653543308
21
3.437504409448819
0
LINE
8
BLACK
6
CONTINUOUS
10
-2.0967821653543308
20
3.437504409448819
11
-2.0980594488188977
21
3.4383578346456694
0
LINE
8
BLACK
6
CONTINUOUS
10
-2.0980594488188977
20
3.4383578346456694
11
-2.0989128740157481
21
3.4396351181102363
0
LINE
8
BLACK
6
CONTINUOUS
10
-2.0989128740157481
20
3.4396351181102363
11
-2.0992125590551183
21
3.4411417322834645
0
LINE
8
BLACK
6
CONTINUOUS
10
-2.0992125590551183
20
3.4411417322834645
11
-2.0992125590551183
21
3.4588582677165354
0
LINE
8
BLACK
6
CONTINUOUS
10
-2.0992125590551183
20
3.4588582677165354
11
-2.0989128740157481
21
3.4603648818897637
0
LINE
8
BLACK
6
CONTINUOUS
10
-2.0989128740157481
20
3.4603648818897637
11
-2.0980594488188977
21
3.4616421653543306
0
LINE
8
BLACK
6
CONTINUOUS
10
-2.0980594488188977
20
3.4616421653543306
11
-2.0967821653543308
21
3.4624955905511809
0
LINE
8
BLACK
6
CONTINUOUS
10
-2.0967821653543308
20
3.4624955905511809
11
-2.0952755511811025
21
3.4627952755905511
0
LINE
8
BLACK
6
CONTINUOUS
10
-2.0952755511811025
20
3.4627952755905511
11
-2.0874015354330706
21
3.4627952755905511
0
LINE
8
BLACK
6
CONTINUOUS
10
-2.0874015354330706
20
3.4627952755905511
11
-2.0858949212598423
21
3.4624955905511809
0
LINE
8
BLACK
6
CONTINUOUS
10
-1.8484251968503937
20
3.4938976377952753
11
-1.8511811023622047
21
3.4938976377952753
0
LINE
8
BLACK
6
CONTINUOUS
10
-1.8511811023622047
20
3.4938976377952753
11
-1.8511811023622047
21
3.4645669291338583
0
LINE
8
BLACK
6
CONTINUOUS
10
-1.8511811023622047
20
3.4645669291338583
11
-1.8512821653543308
21
3.4630252755905513
0
LINE
8
BLACK
6
CONTINUOUS
10
-1.8512821653543308
20
3.4630252755905513
11
-1.852080157480315
21
3.4600470472440943
0
LINE
8
BLACK
6
CONTINUOUS
10
-1.852080157480315
20
3.4600470472440943
11
-1.852755905511811
21
3.4588766535433071
0
LINE
8
BLACK
6
CONTINUOUS
10
-1.852755905511811
20
3.4588766535433071
11
-1.852755905511811
21
3.4570866141732282
0
LINE
8
BLACK
6
CONTINUOUS
10
-1.852755905511811
20
3.4570866141732282
11
-1.8531754724409448
21
3.4549773228346456
0
LINE
8
BLACK
6
CONTINUOUS
10
-1.8531754724409448
20
3.4549773228346456
11
-1.8543702755905511
21
3.4531891732283464
0
LINE
8
BLACK
6
CONTINUOUS
10
-1.8543702755905511
20
3.4531891732283464
11
-1.8561584251968504
21
3.4519943700787401
0
LINE
8
BLACK
6
CONTINUOUS
10
-1.8561584251968504
20
3.4519943700787401
11
-1.8582677165354331
21
3.4515748031496063
0
LINE
8
BLACK
6
CONTINUOUS
10
-1.8582677165354331
20
3.4515748031496063
11
-1.869291338582677
21
3.4515748031496063
0
LINE
8
BLACK
6
CONTINUOUS
10
-1.869291338582677
20
3.4515748031496063
11
-1.8714006299212598
21
3.4519943700787401
0
LINE
8
BLACK
6
CONTINUOUS
10
-1.8714006299212598
20
3.4519943700787401
11
-1.873188779527559
21
3.4531891732283464
0
LINE
8
BLACK
6
CONTINUOUS
10
-1.873188779527559
20
3.4531891732283464
11
-1.8743835826771653
21
3.4549773228346456
0
LINE
8
BLACK
6
CONTINUOUS
10
-1.8743835826771653
20
3.4549773228346456
11
-1.8748031496062991
21
3.4570866141732282
0
LINE
8
BLACK
6
CONTINUOUS
10
-1.8748031496062991
20
3.4570866141732282
11
-1.8748031496062991
21
3.4596763779527557
0
LINE
8
BLACK
6
CONTINUOUS
10
-1.8748031496062991
20
3.4596763779527557
11
-1.8754894881889763
21
3.4622378740157478
0
LINE
8
BLACK
6
CONTINUOUS
10
-1.8754894881889763
20
3.4622378740157478
11
-1.8754894881889763
21
3.4653211811023623
0
LINE
8
BLACK
6
CONTINUOUS
10
-1.8754894881889763
20
3.4653211811023623
11
-1.8748031496062991
21
3.4678827165354331
0
LINE
8
BLACK
6
CONTINUOUS
10
-1.8748031496062991
20
3.4678827165354331
11
-1.8748031496062991
21
3.4704724409448819
0
LINE
8
BLACK
6
CONTINUOUS
10
-1.8748031496062991
20
3.4704724409448819
11
-1.8748031496062991
21
3.4938976377952753
0
LINE
8
BLACK
6
CONTINUOUS
10
-1.8748031496062991
20
3.4938976377952753
11
-1.8775590551181103
21
3.4938976377952753
0
LINE
8
BLACK
6
CONTINUOUS
10
-1.8775590551181103
20
3.4938976377952753
11
-1.8775590551181103
21
3.5490157480314961
0
LINE
8
BLACK
6
CONTINUOUS
10
-1.8775590551181103
20
3.5490157480314961
11
-1.8484251968503937
21
3.5490157480314961
0
LINE
8
BLACK
6
CONTINUOUS
10
-1.8484251968503937
20
3.5490157480314961
11
-1.8484251968503937
21
3.4938976377952753
0
LINE
8
BLACK
6
CONTINUOUS
10
-1.8192474803149605
20
3.4703265354330708
11
-1.8170750393700787
21
3.468154094488189
0
LINE
8
BLACK
6
CONTINUOUS
10
-1.8170750393700787
20
3.468154094488189
11
-1.8158993307086613
21
3.4653156692913387
0
LINE
8
BLACK
6
CONTINUOUS
10
-1.8158993307086613
20
3.4653156692913387
11
-1.8158993307086613
21
3.4622433858267714
0
LINE
8
BLACK
6
CONTINUOUS
10
-1.8158993307086613
20
3.4622433858267714
11
-1.8170750393700787
21
3.4594049606299211
0
LINE
8
BLACK
6
CONTINUOUS
10
-1.8170750393700787
20
3.4594049606299211
11
-1.8192474803149605
21
3.4572325196850393
0
LINE
8
BLACK
6
CONTINUOUS
10
-1.8192474803149605
20
3.4572325196850393
11
-1.822085905511811
21
3.4560568110236218
0
LINE
8
BLACK
6
CONTINUOUS
10
-1.822085905511811
20
3.4560568110236218
11
-1.8251581889763779
21
3.4560568110236218
0
LINE
8
BLACK
6
CONTINUOUS
10
-1.8251581889763779
20
3.4560568110236218
11
-1.8279966141732282
21
3.4572325196850393
0
LINE
8
BLACK
6
CONTINUOUS
10
-1.8279966141732282
20
3.4572325196850393
11
-1.8301690551181102
21
3.4594049606299211
0
LINE
8
BLACK
6
CONTINUOUS
10
-1.8301690551181102
20
3.4594049606299211
11
-1.8313447637795275
21
3.4622433858267714
0
LINE
8
BLACK
6
CONTINUOUS
10
-1.8313447637795275
20
3.4622433858267714
11
-1.8313447637795275
21
3.4653156692913387
0
LINE
8
BLACK
6
CONTINUOUS
10
-1.8313447637795275
20
3.4653156692913387
11
-1.8301690551181102
21
3.468154094488189
0
LINE
8
BLACK
6
CONTINUOUS
10
-1.8301690551181102
20
3.468154094488189
11
-1.8279966141732282
21
3.4703265354330708
0
LINE
8
BLACK
6
CONTINUOUS
10
-1.8279966141732282
20
3.4703265354330708
11
-1.8251581889763779
21
3.4715022440944883
0
LINE
8
BLACK
6
CONTINUOUS
10
-1.8251581889763779
20
3.4715022440944883
11
-1.822085905511811
21
3.4715022440944883
0
LINE
8
BLACK
6
CONTINUOUS
10
-1.822085905511811
20
3.4715022440944883
11
-1.8192474803149605
21
3.4703265354330708
0
LINE
8
BLACK
6
CONTINUOUS
10
-1.937357716535433
20
3.482137559055118
11
-1.9351852755905512
21
3.4799651181102362
0
LINE
8
BLACK
6
CONTINUOUS
10
-1.9351852755905512
20
3.4799651181102362
11
-1.9340095669291337
21
3.4771266929133859
0
LINE
8
BLACK
6
CONTINUOUS
10
-1.9340095669291337
20
3.4771266929133859
11
-1.9340095669291337
21
3.4740544094488186
0
LINE
8
BLACK
6
CONTINUOUS
10
-1.9340095669291337
20
3.4740544094488186
11
-1.9351852755905512
21
3.4712159842519683
0
LINE
8
BLACK
6
CONTINUOUS
10
-1.9351852755905512
20
3.4712159842519683
11
-1.937357716535433
21
3.4690435433070865
0
LINE
8
BLACK
6
CONTINUOUS
10
-1.937357716535433
20
3.4690435433070865
11
-1.9401961417322835
21
3.4678678346456691
0
LINE
8
BLACK
6
CONTINUOUS
10
-1.9401961417322835
20
3.4678678346456691
11
-1.9432684251968504
21
3.4678678346456691
0
LINE
8
BLACK
6
CONTINUOUS
10
-1.9432684251968504
20
3.4678678346456691
11
-1.9461068503937007
21
3.4690435433070865
0
LINE
8
BLACK
6
CONTINUOUS
10
-1.9461068503937007
20
3.4690435433070865
11
-1.9482792913385827
21
3.4712159842519683
0
LINE
8
BLACK
6
CONTINUOUS
10
-1.9482792913385827
20
3.4712159842519683
11
-1.9494549999999999
21
3.4740544094488186
0
LINE
8
BLACK
6
CONTINUOUS
10
-1.9494549999999999
20
3.4740544094488186
11
-1.9494549999999999
21
3.4771266929133859
0
LINE
8
BLACK
6
CONTINUOUS
10
-1.9494549999999999
20
3.4771266929133859
11
-1.9482792913385827
21
3.4799651181102362
0
LINE
8
BLACK
6
CONTINUOUS
10
-1.9482792913385827
20
3.4799651181102362
11
-1.9461068503937007
21
3.482137559055118
0
LINE
8
BLACK
6
CONTINUOUS
10
-1.9461068503937007
20
3.482137559055118
11
-1.9432684251968504
21
3.4833132677165355
0
LINE
8
BLACK
6
CONTINUOUS
10
-1.9432684251968504
20
3.4833132677165355
11
-1.9401961417322835
21
3.4833132677165355
0
LINE
8
BLACK
6
CONTINUOUS
10
-1.9401961417322835
20
3.4833132677165355
11
-1.937357716535433
21
3.482137559055118
0
LINE
8
BLACK
6
CONTINUOUS
10
-2.2010403149606299
20
3.4952497244094487
11
-2.1992521653543307
21
3.4940549212598424
0
LINE
8
BLACK
6
CONTINUOUS
10
-2.1992521653543307
20
3.4940549212598424
11
-2.1980573622047244
21
3.4922667716535432
0
LINE
8
BLACK
6
CONTINUOUS
10
-2.1980573622047244
20
3.4922667716535432
11
-2.1976377952755906
21
3.4901574803149606
0
LINE
8
BLACK
6
CONTINUOUS
10
-2.1976377952755906
20
3.4901574803149606
11
-2.1976377952755906
21
3.4767716535433069
0
LINE
8
BLACK
6
CONTINUOUS
10
-2.1976377952755906
20
3.4767716535433069
11
-2.1980573622047244
21
3.4746623622047244
0
LINE
8
BLACK
6
CONTINUOUS
10
-2.1980573622047244
20
3.4746623622047244
11
-2.1992521653543307
21
3.4728742125984251
0
LINE
8
BLACK
6
CONTINUOUS
10
-2.1992521653543307
20
3.4728742125984251
11
-2.2010403149606299
21
3.4716794094488188
0
LINE
8
BLACK
6
CONTINUOUS
10
-2.2010403149606299
20
3.4716794094488188
11
-2.2031496062992124
21
3.471259842519685
0
LINE
8
BLACK
6
CONTINUOUS
10
-2.2031496062992124
20
3.471259842519685
11
-2.2141732283464566
21
3.471259842519685
0
LINE
8
BLACK
6
CONTINUOUS
10
-2.2141732283464566
20
3.471259842519685
11
-2.2162825196850395
21
3.4716794094488188
0
LINE
8
BLACK
6
CONTINUOUS
10
-2.2162825196850395
20
3.4716794094488188
11
-2.2180706692913383
21
3.4728742125984251
0
LINE
8
BLACK
6
CONTINUOUS
10
-2.2180706692913383
20
3.4728742125984251
11
-2.2192654724409446
21
3.4746623622047244
0
LINE
8
BLACK
6
CONTINUOUS
10
-2.2192654724409446
20
3.4746623622047244
11
-2.2196850393700789
21
3.4767716535433069
0
LINE
8
BLACK
6
CONTINUOUS
10
-2.2196850393700789
20
3.4767716535433069
11
-2.2196850393700789
21
3.4901574803149606
0
LINE
8
BLACK
6
CONTINUOUS
10
-2.2196850393700789
20
3.4901574803149606
11
-2.2192654724409446
21
3.4922667716535432
0
LINE
8
BLACK
6
CONTINUOUS
10
-2.2192654724409446
20
3.4922667716535432
11
-2.2180706692913383
21
3.4940549212598424
0
LINE
8
BLACK
6
CONTINUOUS
10
-2.2180706692913383
20
3.4940549212598424
11
-2.2162825196850395
21
3.4952497244094487
0
LINE
8
BLACK
6
CONTINUOUS
10
-2.2162825196850395
20
3.4952497244094487
11
-2.2141732283464566
21
3.4956692913385825
0
LINE
8
BLACK
6
CONTINUOUS
10
-2.2141732283464566
20
3.4956692913385825
11
-2.2031496062992124
21
3.4956692913385825
0
LINE
8
BLACK
6
CONTINUOUS
10
-2.2031496062992124
20
3.4956692913385825
11
-2.2010403149606299
21
3.4952497244094487
0
LINE
8
BLACK
6
CONTINUOUS
10
-2.1114854724409446
20
3.53729874015748
11
-2.1102081889763777
21
3.5364453149606296
0
LINE
8
BLACK
6
CONTINUOUS
10
-2.1102081889763777
20
3.5364453149606296
11
-2.1093547637795274
21
3.5351680314960627
0
LINE
8
BLACK
6
CONTINUOUS
10
-2.1093547637795274
20
3.5351680314960627
11
-2.1090550787401576
21
3.5336614173228345
0
LINE
8
BLACK
6
CONTINUOUS
10
-2.1090550787401576
20
3.5336614173228345
11
-2.1090550787401576
21
3.5159448818897636
0
LINE
8
BLACK
6
CONTINUOUS
10
-2.1090550787401576
20
3.5159448818897636
11
-2.1093547637795274
21
3.5144382677165353
0
LINE
8
BLACK
6
CONTINUOUS
10
-2.1093547637795274
20
3.5144382677165353
11
-2.1102081889763777
21
3.5131609842519684
0
LINE
8
BLACK
6
CONTINUOUS
10
-2.1102081889763777
20
3.5131609842519684
11
-2.1114854724409446
21
3.512307559055118
0
LINE
8
BLACK
6
CONTINUOUS
10
-2.1114854724409446
20
3.512307559055118
11
-2.1129920866141734
21
3.5120078740157479
0
LINE
8
BLACK
6
CONTINUOUS
10
-2.1129920866141734
20
3.5120078740157479
11
-2.1208661023622049
21
3.5120078740157479
0
LINE
8
BLACK
6
CONTINUOUS
10
-2.1208661023622049
20
3.5120078740157479
11
-2.1223727165354331
21
3.512307559055118
0
LINE
8
BLACK
6
CONTINUOUS
10
-2.1223727165354331
20
3.512307559055118
11
-2.12365
21
3.5131609842519684
0
LINE
8
BLACK
6
CONTINUOUS
10
-2.12365
20
3.5131609842519684
11
-2.1245034251968504
21
3.5144382677165353
0
LINE
8
BLACK
6
CONTINUOUS
10
-2.1245034251968504
20
3.5144382677165353
11
-2.1248031102362206
21
3.5159448818897636
0
LINE
8
BLACK
6
CONTINUOUS
10
-2.1248031102362206
20
3.5159448818897636
11
-2.1248031102362206
21
3.5198818897637794
0
LINE
8
BLACK
6
CONTINUOUS
10
-2.1248031102362206
20
3.5198818897637794
11
-2.1353324409448819
21
3.5198818897637794
0
LINE
8
BLACK
6
CONTINUOUS
10
-2.1353324409448819
20
3.5198818897637794
11
-2.1613377559055116
21
3.4938766141732285
0
LINE
8
BLACK
6
CONTINUOUS
10
-2.1613377559055116
20
3.4938766141732285
11
-2.1602620866141731
21
3.4922667716535432
0
LINE
8
BLACK
6
CONTINUOUS
10
-2.1602620866141731
20
3.4922667716535432
11
-2.1598425196850393
21
3.4901574803149606
0
LINE
8
BLACK
6
CONTINUOUS
10
-2.1598425196850393
20
3.4901574803149606
11
-2.1598425196850393
21
3.4767716535433069
0
LINE
8
BLACK
6
CONTINUOUS
10
-2.1598425196850393
20
3.4767716535433069
11
-2.1602620866141731
21
3.4746623622047244
0
LINE
8
BLACK
6
CONTINUOUS
10
-2.1602620866141731
20
3.4746623622047244
11
-2.1614568897637794
21
3.4728742125984251
0
LINE
8
BLACK
6
CONTINUOUS
10
-2.1614568897637794
20
3.4728742125984251
11
-2.1632450393700786
21
3.4716794094488188
0
LINE
8
BLACK
6
CONTINUOUS
10
-2.1632450393700786
20
3.4716794094488188
11
-2.1653543307086616
21
3.471259842519685
0
LINE
8
BLACK
6
CONTINUOUS
10
-2.1653543307086616
20
3.471259842519685
11
-2.1763779527559053
21
3.471259842519685
0
LINE
8
BLACK
6
CONTINUOUS
10
-2.1763779527559053
20
3.471259842519685
11
-2.1784872440944882
21
3.4716794094488188
0
LINE
8
BLACK
6
CONTINUOUS
10
-2.1784872440944882
20
3.4716794094488188
11
-2.1802753937007875
21
3.4728742125984251
0
LINE
8
BLACK
6
CONTINUOUS
10
-2.1802753937007875
20
3.4728742125984251
11
-2.1814701968503938
21
3.4746623622047244
0
LINE
8
BLACK
6
CONTINUOUS
10
-2.1814701968503938
20
3.4746623622047244
11
-2.1818897637795276
21
3.4767716535433069
0
LINE
8
BLACK
6
CONTINUOUS
10
-2.1818897637795276
20
3.4767716535433069
11
-2.1818897637795276
21
3.4901574803149606
0
LINE
8
BLACK
6
CONTINUOUS
10
-2.1818897637795276
20
3.4901574803149606
11
-2.1814701968503938
21
3.4922667716535432
0
LINE
8
BLACK
6
CONTINUOUS
10
-2.1814701968503938
20
3.4922667716535432
11
-2.1802753937007875
21
3.4940549212598424
0
LINE
8
BLACK
6
CONTINUOUS
10
-2.1802753937007875
20
3.4940549212598424
11
-2.1784872440944882
21
3.4952497244094487
0
LINE
8
BLACK
6
CONTINUOUS
10
-2.1784872440944882
20
3.4952497244094487
11
-2.1763779527559053
21
3.4956692913385825
0
LINE
8
BLACK
6
CONTINUOUS
10
-2.1763779527559053
20
3.4956692913385825
11
-2.1734644094488189
21
3.4956692913385825
0
LINE
8
BLACK
6
CONTINUOUS
10
-2.1734644094488189
20
3.4956692913385825
11
-2.1434136220472442
21
3.525720118110236
0
LINE
8
BLACK
6
CONTINUOUS
10
-2.1434136220472442
20
3.525720118110236
11
-2.1434093700787402
21
3.5257632283464568
0
LINE
8
BLACK
6
CONTINUOUS
10
-2.1434093700787402
20
3.5257632283464568
11
-2.1426745669291338
21
3.5275372440944883
0
LINE
8
BLACK
6
CONTINUOUS
10
-2.1426745669291338
20
3.5275372440944883
11
-2.1413167716535431
21
3.5288950393700786
0
LINE
8
BLACK
6
CONTINUOUS
10
-2.1413167716535431
20
3.5288950393700786
11
-2.1395427559055116
21
3.529629842519685
0
LINE
8
BLACK
6
CONTINUOUS
10
-2.1395427559055116
20
3.529629842519685
11
-2.1385826771653544
21
3.5297244094488187
0
LINE
8
BLACK
6
CONTINUOUS
10
-2.1385826771653544
20
3.5297244094488187
11
-2.1248031102362206
21
3.5297244094488187
0
LINE
8
BLACK
6
CONTINUOUS
10
-2.1248031102362206
20
3.5297244094488187
11
-2.1248031102362206
21
3.5336614173228345
0
LINE
8
BLACK
6
CONTINUOUS
10
-2.1248031102362206
20
3.5336614173228345
11
-2.1245034251968504
21
3.5351680314960627
0
LINE
8
BLACK
6
CONTINUOUS
10
-2.1245034251968504
20
3.5351680314960627
11
-2.12365
21
3.5364453149606296
0
LINE
8
BLACK
6
CONTINUOUS
10
-2.12365
20
3.5364453149606296
11
-2.1223727165354331
21
3.53729874015748
0
LINE
8
BLACK
6
CONTINUOUS
10
-2.1223727165354331
20
3.53729874015748
11
-2.1208661023622049
21
3.5375984251968502
0
LINE
8
BLACK
6
CONTINUOUS
10
-2.1208661023622049
20
3.5375984251968502
11
-2.1129920866141734
21
3.5375984251968502
0
LINE
8
BLACK
6
CONTINUOUS
10
-2.1129920866141734
20
3.5375984251968502
11
-2.1114854724409446
21
3.53729874015748
0
LINE
8
BLACK
6
CONTINUOUS
10
-1.8984251968503936
20
3.4938976377952753
11
-1.9275590551181101
21
3.4938976377952753
0
LINE
8
BLACK
6
CONTINUOUS
10
-1.9275590551181101
20
3.4938976377952753
11
-1.9275590551181101
21
3.5490157480314961
0
LINE
8
BLACK
6
CONTINUOUS
10
-1.9275590551181101
20
3.5490157480314961
11
-1.8984251968503936
21
3.5490157480314961
0
LINE
8
BLACK
6
CONTINUOUS
10
-1.8984251968503936
20
3.5490157480314961
11
-1.8984251968503936
21
3.4938976377952753
0
LINE
8
BLACK
6
CONTINUOUS
10
-1.7984251968503937
20
3.4938976377952753
11
-1.8275590551181102
21
3.4938976377952753
0
LINE
8
BLACK
6
CONTINUOUS
10
-1.8275590551181102
20
3.4938976377952753
11
-1.8275590551181102
21
3.5490157480314961
0
LINE
8
BLACK
6
CONTINUOUS
10
-1.8275590551181102
20
3.5490157480314961
11
-1.7984251968503937
21
3.5490157480314961
0
LINE
8
BLACK
6
CONTINUOUS
10
-1.7984251968503937
20
3.5490157480314961
11
-1.7984251968503937
21
3.4938976377952753
0
LINE
8
BLACK
6
CONTINUOUS
10
-2.0839264566929132
20
3.5963538582677166
11
-2.0826491732283463
21
3.5955004330708662
0
LINE
8
BLACK
6
CONTINUOUS
10
-2.0826491732283463
20
3.5955004330708662
11
-2.0817957480314959
21
3.5942231496062993
0
LINE
8
BLACK
6
CONTINUOUS
10
-2.0817957480314959
20
3.5942231496062993
11
-2.0814960629921258
21
3.5927165354330706
0
LINE
8
BLACK
6
CONTINUOUS
10
-2.0814960629921258
20
3.5927165354330706
11
-2.0814960629921258
21
3.5749999999999997
0
LINE
8
BLACK
6
CONTINUOUS
10
-2.0814960629921258
20
3.5749999999999997
11
-2.0817957480314959
21
3.5734933858267715
0
LINE
8
BLACK
6
CONTINUOUS
10
-2.0817957480314959
20
3.5734933858267715
11
-2.0826491732283463
21
3.5722161023622045
0
LINE
8
BLACK
6
CONTINUOUS
10
-2.0826491732283463
20
3.5722161023622045
11
-2.0839264566929132
21
3.5713626771653542
0
LINE
8
BLACK
6
CONTINUOUS
10
-2.0839264566929132
20
3.5713626771653542
11
-2.0854330708661415
21
3.571062992125984
0
LINE
8
BLACK
6
CONTINUOUS
10
-2.0854330708661415
20
3.571062992125984
11
-2.0864173228346456
21
3.571062992125984
0
LINE
8
BLACK
6
CONTINUOUS
10
-2.0864173228346456
20
3.571062992125984
11
-2.0864173228346456
21
3.5603310236220471
0
LINE
8
BLACK
6
CONTINUOUS
10
-2.0864173228346456
20
3.5603310236220471
11
-2.0847915748031496
21
3.5587052755905511
0
LINE
8
BLACK
6
CONTINUOUS
10
-2.0847915748031496
20
3.5587052755905511
11
-2.0836158661417321
21
3.5558668503937008
0
LINE
8
BLACK
6
CONTINUOUS
10
-2.0836158661417321
20
3.5558668503937008
11
-2.0836158661417321
21
3.5527945669291339
0
LINE
8
BLACK
6
CONTINUOUS
10
-2.0836158661417321
20
3.5527945669291339
11
-2.0847915748031496
21
3.5499561417322836
0
LINE
8
BLACK
6
CONTINUOUS
10
-2.0847915748031496
20
3.5499561417322836
11
-2.0857583858267716
21
3.5489893700787403
0
LINE
8
BLACK
6
CONTINUOUS
10
-2.0857583858267716
20
3.5489893700787403
11
-2.0727674803149605
21
3.5359984645669291
0
LINE
8
BLACK
6
CONTINUOUS
10
-2.0727674803149605
20
3.5359984645669291
11
-2.0724688976377954
21
3.5364453149606296
0
LINE
8
BLACK
6
CONTINUOUS
10
-2.0724688976377954
20
3.5364453149606296
11
-2.0711916141732285
21
3.53729874015748
0
LINE
8
BLACK
6
CONTINUOUS
10
-2.0711916141732285
20
3.53729874015748
11
-2.0696849999999998
21
3.5375984251968502
0
LINE
8
BLACK
6
CONTINUOUS
10
-2.0696849999999998
20
3.5375984251968502
11
-2.0618109842519683
21
3.5375984251968502
0
LINE
8
BLACK
6
CONTINUOUS
10
-2.0618109842519683
20
3.5375984251968502
11
-2.06030437007874
21
3.53729874015748
0
LINE
8
BLACK
6
CONTINUOUS
10
-2.06030437007874
20
3.53729874015748
11
-2.0590270866141731
21
3.5364453149606296
0
LINE
8
BLACK
6
CONTINUOUS
10
-2.0590270866141731
20
3.5364453149606296
11
-2.0581736614173227
21
3.5351680314960627
0
LINE
8
BLACK
6
CONTINUOUS
10
-2.0581736614173227
20
3.5351680314960627
11
-2.0578739763779526
21
3.5336614173228345
0
LINE
8
BLACK
6
CONTINUOUS
10
-2.0578739763779526
20
3.5336614173228345
11
-2.0578739763779526
21
3.5159448818897636
0
LINE
8
BLACK
6
CONTINUOUS
10
-2.0578739763779526
20
3.5159448818897636
11
-2.0581736614173227
21
3.5144382677165353
0
LINE
8
BLACK
6
CONTINUOUS
10
-2.0581736614173227
20
3.5144382677165353
11
-2.0590270866141731
21
3.5131609842519684
0
LINE
8
BLACK
6
CONTINUOUS
10
-2.0590270866141731
20
3.5131609842519684
11
-2.06030437007874
21
3.512307559055118
0
LINE
8
BLACK
6
CONTINUOUS
10
-2.06030437007874
20
3.512307559055118
11
-2.0618109842519683
21
3.5120078740157479
0
LINE
8
BLACK
6
CONTINUOUS
10
-2.0618109842519683
20
3.5120078740157479
11
-2.0696849999999998
21
3.5120078740157479
0
LINE
8
BLACK
6
CONTINUOUS
10
-2.0696849999999998
20
3.5120078740157479
11
-2.0711916141732285
21
3.512307559055118
0
LINE
8
BLACK
6
CONTINUOUS
10
-2.0711916141732285
20
3.512307559055118
11
-2.0724688976377954
21
3.5131609842519684
0
LINE
8
BLACK
6
CONTINUOUS
10
-2.0724688976377954
20
3.5131609842519684
11
-2.0733223228346458
21
3.5144382677165353
0
LINE
8
BLACK
6
CONTINUOUS
10
-2.0733223228346458
20
3.5144382677165353
11
-2.0736220078740155
21
3.5159448818897636
0
LINE
8
BLACK
6
CONTINUOUS
10
-2.0736220078740155
20
3.5159448818897636
11
-2.0736220078740155
21
3.5285013385826769
0
LINE
8
BLACK
6
CONTINUOUS
10
-2.0736220078740155
20
3.5285013385826769
11
-2.0914579921259842
21
3.5463373228346455
0
LINE
8
BLACK
6
CONTINUOUS
10
-2.0914579921259842
20
3.5463373228346455
11
-2.091680118110236
21
3.5466079921259843
0
LINE
8
BLACK
6
CONTINUOUS
10
-2.091680118110236
20
3.5466079921259843
11
-2.0928747244094486
21
3.5466079921259843
0
LINE
8
BLACK
6
CONTINUOUS
10
-2.0928747244094486
20
3.5466079921259843
11
-2.0957131496062993
21
3.5477837007874014
0
LINE
8
BLACK
6
CONTINUOUS
10
-2.0957131496062993
20
3.5477837007874014
11
-2.0978855905511811
21
3.5499561417322836
0
LINE
8
BLACK
6
CONTINUOUS
10
-2.0978855905511811
20
3.5499561417322836
11
-2.0990612992125985
21
3.5527945669291339
0
LINE
8
BLACK
6
CONTINUOUS
10
-2.0990612992125985
20
3.5527945669291339
11
-2.0990612992125985
21
3.5558668503937008
0
LINE
8
BLACK
6
CONTINUOUS
10
-2.0990612992125985
20
3.5558668503937008
11
-2.0978855905511811
21
3.5587052755905511
0
LINE
8
BLACK
6
CONTINUOUS
10
-2.0978855905511811
20
3.5587052755905511
11
-2.0957131496062993
21
3.5608777165354328
0
LINE
8
BLACK
6
CONTINUOUS
10
-2.0957131496062993
20
3.5608777165354328
11
-2.0928747244094486
21
3.5620534251968503
0
LINE
8
BLACK
6
CONTINUOUS
10
-2.0928747244094486
20
3.5620534251968503
11
-2.0923228346456693
21
3.5620534251968503
0
LINE
8
BLACK
6
CONTINUOUS
10
-2.0923228346456693
20
3.5620534251968503
11
-2.0923228346456693
21
3.571062992125984
0
LINE
8
BLACK
6
CONTINUOUS
10
-2.0923228346456693
20
3.571062992125984
11
-2.093307086614173
21
3.571062992125984
0
LINE
8
BLACK
6
CONTINUOUS
10
-2.093307086614173
20
3.571062992125984
11
-2.0948137007874017
21
3.5713626771653542
0
LINE
8
BLACK
6
CONTINUOUS
10
-2.0948137007874017
20
3.5713626771653542
11
-2.0960909842519686
21
3.5722161023622045
0
LINE
8
BLACK
6
CONTINUOUS
10
-2.0960909842519686
20
3.5722161023622045
11
-2.096944409448819
21
3.5734933858267715
0
LINE
8
BLACK
6
CONTINUOUS
10
-2.096944409448819
20
3.5734933858267715
11
-2.0972440944881887
21
3.5749999999999997
0
LINE
8
BLACK
6
CONTINUOUS
10
-2.0972440944881887
20
3.5749999999999997
11
-2.0972440944881887
21
3.5927165354330706
0
LINE
8
BLACK
6
CONTINUOUS
10
-2.0972440944881887
20
3.5927165354330706
11
-2.096944409448819
21
3.5942231496062993
0
LINE
8
BLACK
6
CONTINUOUS
10
-2.096944409448819
20
3.5942231496062993
11
-2.0960909842519686
21
3.5955004330708662
0
LINE
8
BLACK
6
CONTINUOUS
10
-2.0960909842519686
20
3.5955004330708662
11
-2.0948137007874017
21
3.5963538582677166
0
LINE
8
BLACK
6
CONTINUOUS
10
-2.0948137007874017
20
3.5963538582677166
11
-2.093307086614173
21
3.5966535433070868
0
LINE
8
BLACK
6
CONTINUOUS
10
-2.093307086614173
20
3.5966535433070868
11
-2.0854330708661415
21
3.5966535433070868
0
LINE
8
BLACK
6
CONTINUOUS
10
-2.0854330708661415
20
3.5966535433070868
11
-2.0839264566929132
21
3.5963538582677166
0
LINE
8
BLACK
6
CONTINUOUS
10
-2.2010403149606299
20
3.5385568110236219
11
-2.1992521653543307
21
3.5373620078740156
0
LINE
8
BLACK
6
CONTINUOUS
10
-2.1992521653543307
20
3.5373620078740156
11
-2.1980573622047244
21
3.5355738582677163
0
LINE
8
BLACK
6
CONTINUOUS
10
-2.1980573622047244
20
3.5355738582677163
11
-2.1976377952755906
21
3.5334645669291338
0
LINE
8
BLACK
6
CONTINUOUS
10
-2.1976377952755906
20
3.5334645669291338
11
-2.1976377952755906
21
3.52007874015748
0
LINE
8
BLACK
6
CONTINUOUS
10
-2.1976377952755906
20
3.52007874015748
11
-2.1980573622047244
21
3.5179694488188975
0
LINE
8
BLACK
6
CONTINUOUS
10
-2.1980573622047244
20
3.5179694488188975
11
-2.1992521653543307
21
3.5161812992125983
0
LINE
8
BLACK
6
CONTINUOUS
10
-2.1992521653543307
20
3.5161812992125983
11
-2.2010403149606299
21
3.514986496062992
0
LINE
8
BLACK
6
CONTINUOUS
10
-2.2010403149606299
20
3.514986496062992
11
-2.2031496062992124
21
3.5145669291338582
0
LINE
8
BLACK
6
CONTINUOUS
10
-2.2031496062992124
20
3.5145669291338582
11
-2.2141732283464566
21
3.5145669291338582
0
LINE
8
BLACK
6
CONTINUOUS
10
-2.2141732283464566
20
3.5145669291338582
11
-2.2162825196850395
21
3.514986496062992
0
LINE
8
BLACK
6
CONTINUOUS
10
-2.2162825196850395
20
3.514986496062992
11
-2.2180706692913383
21
3.5161812992125983
0
LINE
8
BLACK
6
CONTINUOUS
10
-2.2180706692913383
20
3.5161812992125983
11
-2.2192654724409446
21
3.5179694488188975
0
LINE
8
BLACK
6
CONTINUOUS
10
-2.2192654724409446
20
3.5179694488188975
11
-2.2196850393700789
21
3.52007874015748
0
LINE
8
BLACK
6
CONTINUOUS
10
-2.2196850393700789
20
3.52007874015748
11
-2.2196850393700789
21
3.5334645669291338
0
LINE
8
BLACK
6
CONTINUOUS
10
-2.2196850393700789
20
3.5334645669291338
11
-2.2192654724409446
21
3.5355738582677163
0
LINE
8
BLACK
6
CONTINUOUS
10
-2.2192654724409446
20
3.5355738582677163
11
-2.2180706692913383
21
3.5373620078740156
0
LINE
8
BLACK
6
CONTINUOUS
10
-2.2180706692913383
20
3.5373620078740156
11
-2.2162825196850395
21
3.5385568110236219
0
LINE
8
BLACK
6
CONTINUOUS
10
-2.2162825196850395
20
3.5385568110236219
11
-2.2141732283464566
21
3.5389763779527557
0
LINE
8
BLACK
6
CONTINUOUS
10
-2.2141732283464566
20
3.5389763779527557
11
-2.2031496062992124
21
3.5389763779527557
0
LINE
8
BLACK
6
CONTINUOUS
10
-2.2031496062992124
20
3.5389763779527557
11
-2.2010403149606299
21
3.5385568110236219
0
LINE
8
BLACK
6
CONTINUOUS
10
-2.342869527559055
20
3.6356808661417324
11
-2.3406970866141732
21
3.6335084251968501
0
LINE
8
BLACK
6
CONTINUOUS
10
-2.3406970866141732
20
3.6335084251968501
11
-2.3395213779527557
21
3.6306699999999998
0
LINE
8
BLACK
6
CONTINUOUS
10
-2.3395213779527557
20
3.6306699999999998
11
-2.3395213779527557
21
3.6275977165354329
0
LINE
8
BLACK
6
CONTINUOUS
10
-2.3395213779527557
20
3.6275977165354329
11
-2.3401103149606297
21
3.6261759055118108
0
LINE
8
BLACK
6
CONTINUOUS
10
-2.3401103149606297
20
3.6261759055118108
11
-2.3060603937007875
21
3.5921259842519686
0
LINE
8
BLACK
6
CONTINUOUS
10
-2.3060603937007875
20
3.5921259842519686
11
-2.2153543307086614
21
3.5921259842519686
0
LINE
8
BLACK
6
CONTINUOUS
10
-2.2153543307086614
20
3.5921259842519686
11
-2.2153543307086614
21
3.5927165354330706
0
LINE
8
BLACK
6
CONTINUOUS
10
-2.2153543307086614
20
3.5927165354330706
11
-2.2150546456692912
21
3.5942231496062993
0
LINE
8
BLACK
6
CONTINUOUS
10
-2.2150546456692912
20
3.5942231496062993
11
-2.2142012204724408
21
3.5955004330708662
0
LINE
8
BLACK
6
CONTINUOUS
10
-2.2142012204724408
20
3.5955004330708662
11
-2.2129239370078739
21
3.5963538582677166
0
LINE
8
BLACK
6
CONTINUOUS
10
-2.2129239370078739
20
3.5963538582677166
11
-2.2114173228346456
21
3.5966535433070868
0
LINE
8
BLACK
6
CONTINUOUS
10
-2.2114173228346456
20
3.5966535433070868
11
-2.2035433070866142
21
3.5966535433070868
0
LINE
8
BLACK
6
CONTINUOUS
10
-2.2035433070866142
20
3.5966535433070868
11
-2.2020366929133859
21
3.5963538582677166
0
LINE
8
BLACK
6
CONTINUOUS
10
-2.2020366929133859
20
3.5963538582677166
11
-2.200759409448819
21
3.5955004330708662
0
LINE
8
BLACK
6
CONTINUOUS
10
-2.200759409448819
20
3.5955004330708662
11
-2.1999059842519686
21
3.5942231496062993
0
LINE
8
BLACK
6
CONTINUOUS
10
-2.1999059842519686
20
3.5942231496062993
11
-2.1996062992125984
21
3.5927165354330706
0
LINE
8
BLACK
6
CONTINUOUS
10
-2.1996062992125984
20
3.5927165354330706
11
-2.1996062992125984
21
3.5749999999999997
0
LINE
8
BLACK
6
CONTINUOUS
10
-2.1996062992125984
20
3.5749999999999997
11
-2.1999059842519686
21
3.5734933858267715
0
LINE
8
BLACK
6
CONTINUOUS
10
-2.1999059842519686
20
3.5734933858267715
11
-2.200759409448819
21
3.5722161023622045
0
LINE
8
BLACK
6
CONTINUOUS
10
-2.200759409448819
20
3.5722161023622045
11
-2.2020366929133859
21
3.5713626771653542
0
LINE
8
BLACK
6
CONTINUOUS
10
-2.2020366929133859
20
3.5713626771653542
11
-2.2035433070866142
21
3.571062992125984
0
LINE
8
BLACK
6
CONTINUOUS
10
-2.2035433070866142
20
3.571062992125984
11
-2.2045275590551179
21
3.571062992125984
0
LINE
8
BLACK
6
CONTINUOUS
10
-2.2045275590551179
20
3.571062992125984
11
-2.2045275590551179
21
3.564608897637795
0
LINE
8
BLACK
6
CONTINUOUS
10
-2.2045275590551179
20
3.564608897637795
11
-2.1784774409448819
21
3.538558779527559
0
LINE
8
BLACK
6
CONTINUOUS
10
-2.1784774409448819
20
3.538558779527559
11
-2.1763779527559053
21
3.5389763779527557
0
LINE
8
BLACK
6
CONTINUOUS
10
-2.1763779527559053
20
3.5389763779527557
11
-2.1653543307086616
21
3.5389763779527557
0
LINE
8
BLACK
6
CONTINUOUS
10
-2.1653543307086616
20
3.5389763779527557
11
-2.1632450393700786
21
3.5385568110236219
0
LINE
8
BLACK
6
CONTINUOUS
10
-2.1632450393700786
20
3.5385568110236219
11
-2.1614568897637794
21
3.5373620078740156
0
LINE
8
BLACK
6
CONTINUOUS
10
-2.1614568897637794
20
3.5373620078740156
11
-2.1602620866141731
21
3.5355738582677163
0
LINE
8
BLACK
6
CONTINUOUS
10
-2.1602620866141731
20
3.5355738582677163
11
-2.1598425196850393
21
3.5334645669291338
0
LINE
8
BLACK
6
CONTINUOUS
10
-2.1598425196850393
20
3.5334645669291338
11
-2.1598425196850393
21
3.52007874015748
0
LINE
8
BLACK
6
CONTINUOUS
10
-2.1598425196850393
20
3.52007874015748
11
-2.1602620866141731
21
3.5179694488188975
0
LINE
8
BLACK
6
CONTINUOUS
10
-2.1602620866141731
20
3.5179694488188975
11
-2.1614568897637794
21
3.5161812992125983
0
LINE
8
BLACK
6
CONTINUOUS
10
-2.1614568897637794
20
3.5161812992125983
11
-2.1632450393700786
21
3.514986496062992
0
LINE
8
BLACK
6
CONTINUOUS
10
-2.1632450393700786
20
3.514986496062992
11
-2.1653543307086616
21
3.5145669291338582
0
LINE
8
BLACK
6
CONTINUOUS
10
-2.1653543307086616
20
3.5145669291338582
11
-2.1763779527559053
21
3.5145669291338582
0
LINE
8
BLACK
6
CONTINUOUS
10
-2.1763779527559053
20
3.5145669291338582
11
-2.1784872440944882
21
3.514986496062992
0
LINE
8
BLACK
6
CONTINUOUS
10
-2.1784872440944882
20
3.514986496062992
11
-2.1802753937007875
21
3.5161812992125983
0
LINE
8
BLACK
6
CONTINUOUS
10
-2.1802753937007875
20
3.5161812992125983
11
-2.1814701968503938
21
3.5179694488188975
0
LINE
8
BLACK
6
CONTINUOUS
10
-2.1814701968503938
20
3.5179694488188975
11
-2.1818897637795276
21
3.52007874015748
0
LINE
8
BLACK
6
CONTINUOUS
10
-2.1818897637795276
20
3.52007874015748
11
-2.1818897637795276
21
3.5334645669291338
0
LINE
8
BLACK
6
CONTINUOUS
10
-2.1818897637795276
20
3.5334645669291338
11
-2.1818640944881889
21
3.5335937795275592
0
LINE
8
BLACK
6
CONTINUOUS
10
-2.1818640944881889
20
3.5335937795275592
11
-2.2095682283464568
21
3.5612979133858267
0
LINE
8
BLACK
6
CONTINUOUS
10
-2.2095682283464568
20
3.5612979133858267
11
-2.209935433070866
21
3.5617453543307085
0
LINE
8
BLACK
6
CONTINUOUS
10
-2.209935433070866
20
3.5617453543307085
11
-2.2103763385826771
21
3.562809803149606
0
LINE
8
BLACK
6
CONTINUOUS
10
-2.2103763385826771
20
3.562809803149606
11
-2.2104330708661415
21
3.5633858267716536
0
LINE
8
BLACK
6
CONTINUOUS
10
-2.2104330708661415
20
3.5633858267716536
11
-2.2104330708661415
21
3.571062992125984
0
LINE
8
BLACK
6
CONTINUOUS
10
-2.2104330708661415
20
3.571062992125984
11
-2.2114173228346456
21
3.571062992125984
0
LINE
8
BLACK
6
CONTINUOUS
10
-2.2114173228346456
20
3.571062992125984
11
-2.2129239370078739
21
3.5713626771653542
0
LINE
8
BLACK
6
CONTINUOUS
10
-2.2129239370078739
20
3.5713626771653542
11
-2.2142012204724408
21
3.5722161023622045
0
LINE
8
BLACK
6
CONTINUOUS
10
-2.2142012204724408
20
3.5722161023622045
11
-2.2150546456692912
21
3.5734933858267715
0
LINE
8
BLACK
6
CONTINUOUS
10
-2.2150546456692912
20
3.5734933858267715
11
-2.2153543307086614
21
3.5749999999999997
0
LINE
8
BLACK
6
CONTINUOUS
10
-2.2153543307086614
20
3.5749999999999997
11
-2.2153543307086614
21
3.586220472440945
0
LINE
8
BLACK
6
CONTINUOUS
10
-2.2153543307086614
20
3.586220472440945
11
-2.3072834645669289
21
3.586220472440945
0
LINE
8
BLACK
6
CONTINUOUS
10
-2.3072834645669289
20
3.586220472440945
11
-2.3078595275590552
21
3.5862772047244094
0
LINE
8
BLACK
6
CONTINUOUS
10
-2.3078595275590552
20
3.5862772047244094
11
-2.3081712992125984
21
3.5864063385826772
0
LINE
8
BLACK
6
CONTINUOUS
10
-2.3081712992125984
20
3.5864063385826772
11
-2.308923937007874
21
3.5867180708661417
0
LINE
8
BLACK
6
CONTINUOUS
10
-2.308923937007874
20
3.5867180708661417
11
-2.3093713779527558
21
3.5870853149606297
0
LINE
8
BLACK
6
CONTINUOUS
10
-2.3093713779527558
20
3.5870853149606297
11
-2.3442861417322836
21
3.6220000787401574
0
LINE
8
BLACK
6
CONTINUOUS
10
-2.3442861417322836
20
3.6220000787401574
11
-2.3457079527559053
21
3.6214111417322834
0
LINE
8
BLACK
6
CONTINUOUS
10
-2.3457079527559053
20
3.6214111417322834
11
-2.3487802362204726
21
3.6214111417322834
0
LINE
8
BLACK
6
CONTINUOUS
10
-2.3487802362204726
20
3.6214111417322834
11
-2.3516186614173229
21
3.6225868503937009
0
LINE
8
BLACK
6
CONTINUOUS
10
-2.3516186614173229
20
3.6225868503937009
11
-2.3537911023622047
21
3.6247592913385827
0
LINE
8
BLACK
6
CONTINUOUS
10
-2.3537911023622047
20
3.6247592913385827
11
-2.3549668110236222
21
3.6275977165354329
0
LINE
8
BLACK
6
CONTINUOUS
10
-2.3549668110236222
20
3.6275977165354329
11
-2.3549668110236222
21
3.6306699999999998
0
LINE
8
BLACK
6
CONTINUOUS
10
-2.3549668110236222
20
3.6306699999999998
11
-2.3537911023622047
21
3.6335084251968501
0
LINE
8
BLACK
6
CONTINUOUS
10
-2.3537911023622047
20
3.6335084251968501
11
-2.3516186614173229
21
3.6356808661417324
0
LINE
8
BLACK
6
CONTINUOUS
10
-2.3516186614173229
20
3.6356808661417324
11
-2.3487802362204726
21
3.6368565748031494
0
LINE
8
BLACK
6
CONTINUOUS
10
-2.3487802362204726
20
3.6368565748031494
11
-2.3457079527559053
21
3.6368565748031494
0
LINE
8
BLACK
6
CONTINUOUS
10
-2.3457079527559053
20
3.6368565748031494
11
-2.342869527559055
21
3.6356808661417324
0
LINE
8
BLACK
6
CONTINUOUS
10
-2.2286962992125985
20
3.5726887401574801
11
-2.2265238582677167
21
3.5705162992125983
0
LINE
8
BLACK
6
CONTINUOUS
10
-2.2265238582677167
20
3.5705162992125983
11
-2.2253481496062992
21
3.567677874015748
0
LINE
8
BLACK
6
CONTINUOUS
10
-2.2253481496062992
20
3.567677874015748
11
-2.2253481496062992
21
3.5646055905511811
0
LINE
8
BLACK
6
CONTINUOUS
10
-2.2253481496062992
20
3.5646055905511811
11
-2.2265238582677167
21
3.5617671653543308
0
LINE
8
BLACK
6
CONTINUOUS
10
-2.2265238582677167
20
3.5617671653543308
11
-2.2286962992125985
21
3.5595947244094486
0
LINE
8
BLACK
6
CONTINUOUS
10
-2.2286962992125985
20
3.5595947244094486
11
-2.2315347244094488
21
3.5584190157480315
0
LINE
8
BLACK
6
CONTINUOUS
10
-2.2315347244094488
20
3.5584190157480315
11
-2.2346070078740157
21
3.5584190157480315
0
LINE
8
BLACK
6
CONTINUOUS
10
-2.2346070078740157
20
3.5584190157480315
11
-2.237445433070866
21
3.5595947244094486
0
LINE
8
BLACK
6
CONTINUOUS
10
-2.237445433070866
20
3.5595947244094486
11
-2.2396178740157482
21
3.5617671653543308
0
LINE
8
BLACK
6
CONTINUOUS
10
-2.2396178740157482
20
3.5617671653543308
11
-2.2407935826771652
21
3.5646055905511811
0
LINE
8
BLACK
6
CONTINUOUS
10
-2.2407935826771652
20
3.5646055905511811
11
-2.2407935826771652
21
3.567677874015748
0
LINE
8
BLACK
6
CONTINUOUS
10
-2.2407935826771652
20
3.567677874015748
11
-2.2396178740157482
21
3.5705162992125983
0
LINE
8
BLACK
6
CONTINUOUS
10
-2.2396178740157482
20
3.5705162992125983
11
-2.237445433070866
21
3.5726887401574801
0
LINE
8
BLACK
6
CONTINUOUS
10
-2.237445433070866
20
3.5726887401574801
11
-2.2346070078740157
21
3.5738644488188975
0
LINE
8
BLACK
6
CONTINUOUS
10
-2.2346070078740157
20
3.5738644488188975
11
-2.2315347244094488
21
3.5738644488188975
0
LINE
8
BLACK
6
CONTINUOUS
10
-2.2315347244094488
20
3.5738644488188975
11
-2.2286962992125985
21
3.5726887401574801
0
LINE
8
BLACK
6
CONTINUOUS
10
-1.7601923622047244
20
3.5844997637795273
11
-1.7580199212598424
21
3.5823273228346455
0
LINE
8
BLACK
6
CONTINUOUS
10
-1.7580199212598424
20
3.5823273228346455
11
-1.7568442125984252
21
3.5794888976377952
0
LINE
8
BLACK
6
CONTINUOUS
10
-1.7568442125984252
20
3.5794888976377952
11
-1.7568442125984252
21
3.5764166141732283
0
LINE
8
BLACK
6
CONTINUOUS
10
-1.7568442125984252
20
3.5764166141732283
11
-1.7580199212598424
21
3.573578188976378
0
LINE
8
BLACK
6
CONTINUOUS
10
-1.7580199212598424
20
3.573578188976378
11
-1.7601923622047244
21
3.5714057480314958
0
LINE
8
BLACK
6
CONTINUOUS
10
-1.7601923622047244
20
3.5714057480314958
11
-1.7630307874015747
21
3.5702300393700788
0
LINE
8
BLACK
6
CONTINUOUS
10
-1.7630307874015747
20
3.5702300393700788
11
-1.7661030708661416
21
3.5702300393700788
0
LINE
8
BLACK
6
CONTINUOUS
10
-1.7661030708661416
20
3.5702300393700788
11
-1.7689414960629921
21
3.5714057480314958
0
LINE
8
BLACK
6
CONTINUOUS
10
-1.7689414960629921
20
3.5714057480314958
11
-1.7711139370078739
21
3.573578188976378
0
LINE
8
BLACK
6
CONTINUOUS
10
-1.7711139370078739
20
3.573578188976378
11
-1.7722896456692914
21
3.5764166141732283
0
LINE
8
BLACK
6
CONTINUOUS
10
-1.7722896456692914
20
3.5764166141732283
11
-1.7722896456692914
21
3.5794888976377952
0
LINE
8
BLACK
6
CONTINUOUS
10
-1.7722896456692914
20
3.5794888976377952
11
-1.7711139370078739
21
3.5823273228346455
0
LINE
8
BLACK
6
CONTINUOUS
10
-1.7711139370078739
20
3.5823273228346455
11
-1.7689414960629921
21
3.5844997637795273
0
LINE
8
BLACK
6
CONTINUOUS
10
-1.7689414960629921
20
3.5844997637795273
11
-1.7661030708661416
21
3.5856754724409448
0
LINE
8
BLACK
6
CONTINUOUS
10
-1.7661030708661416
20
3.5856754724409448
11
-1.7630307874015747
21
3.5856754724409448
0
LINE
8
BLACK
6
CONTINUOUS
10
-1.7630307874015747
20
3.5856754724409448
11
-1.7601923622047244
21
3.5844997637795273
0
LINE
8
BLACK
6
CONTINUOUS
10
-2.2518277165354332
20
3.6365883070866141
11
-2.250039566929134
21
3.6353935039370078
0
LINE
8
BLACK
6
CONTINUOUS
10
-2.250039566929134
20
3.6353935039370078
11
-2.2488447637795277
21
3.6336053543307085
0
LINE
8
BLACK
6
CONTINUOUS
10
-2.2488447637795277
20
3.6336053543307085
11
-2.2484251968503934
21
3.631496062992126
0
LINE
8
BLACK
6
CONTINUOUS
10
-2.2484251968503934
20
3.631496062992126
11
-2.2484251968503934
21
3.6221994488188978
0
LINE
8
BLACK
6
CONTINUOUS
10
-2.2484251968503934
20
3.6221994488188978
11
-2.2392714566929133
21
3.6221994488188978
0
LINE
8
BLACK
6
CONTINUOUS
10
-2.2392714566929133
20
3.6221994488188978
11
-2.2376457086614172
21
3.6238251968503938
0
LINE
8
BLACK
6
CONTINUOUS
10
-2.2376457086614172
20
3.6238251968503938
11
-2.2348072834645669
21
3.6250009055118109
0
LINE
8
BLACK
6
CONTINUOUS
10
-2.2348072834645669
20
3.6250009055118109
11
-2.231735
21
3.6250009055118109
0
LINE
8
BLACK
6
CONTINUOUS
10
-2.231735
20
3.6250009055118109
11
-2.2288965748031497
21
3.6238251968503938
0
LINE
8
BLACK
6
CONTINUOUS
10
-2.2288965748031497
20
3.6238251968503938
11
-2.2272708267716537
21
3.6221994488188978
0
LINE
8
BLACK
6
CONTINUOUS
10
-2.2272708267716537
20
3.6221994488188978
11
-2.2025144881889762
21
3.6221994488188978
0
LINE
8
BLACK
6
CONTINUOUS
10
-2.2025144881889762
20
3.6221994488188978
11
-2.2015544094488186
21
3.6221048818897637
0
LINE
8
BLACK
6
CONTINUOUS
10
-2.2015544094488186
20
3.6221048818897637
11
-2.2015543700787399
21
3.6221048818897637
0
LINE
8
BLACK
6
CONTINUOUS
10
-2.2015543700787399
20
3.6221048818897637
11
-2.2010348031496063
21
3.62188968503937
0
LINE
8
BLACK
6
CONTINUOUS
10
-2.2010348031496063
20
3.62188968503937
11
-2.1997803937007872
21
3.6213700787401573
0
LINE
8
BLACK
6
CONTINUOUS
10
-2.1997803937007872
20
3.6213700787401573
11
-2.1997801968503938
21
3.6213698818897635
0
LINE
8
BLACK
6
CONTINUOUS
10
-2.1997801968503938
20
3.6213698818897635
11
-2.1990346456692911
21
3.620758031496063
0
LINE
8
BLACK
6
CONTINUOUS
10
-2.1990346456692911
20
3.620758031496063
11
-2.1784098818897637
21
3.6001333464566927
0
LINE
8
BLACK
6
CONTINUOUS
10
-2.1784098818897637
20
3.6001333464566927
11
-2.1777978740157482
21
3.5993875984251966
0
LINE
8
BLACK
6
CONTINUOUS
10
-2.1777978740157482
20
3.5993875984251966
11
-2.1770630708661418
21
3.5976135826771651
0
LINE
8
BLACK
6
CONTINUOUS
10
-2.1770630708661418
20
3.5976135826771651
11
-2.1769685039370077
21
3.596653503937008
0
LINE
8
BLACK
6
CONTINUOUS
10
-2.1769685039370077
20
3.596653503937008
11
-2.1769685039370077
21
3.5964577952755903
0
LINE
8
BLACK
6
CONTINUOUS
10
-2.1769685039370077
20
3.5964577952755903
11
-2.1764461417322836
21
3.5963538582677166
0
LINE
8
BLACK
6
CONTINUOUS
10
-2.1764461417322836
20
3.5963538582677166
11
-2.1751688582677167
21
3.5955004330708662
0
LINE
8
BLACK
6
CONTINUOUS
10
-2.1751688582677167
20
3.5955004330708662
11
-2.1743154330708663
21
3.5942231496062993
0
LINE
8
BLACK
6
CONTINUOUS
10
-2.1743154330708663
20
3.5942231496062993
11
-2.1740157480314961
21
3.5927165354330706
0
LINE
8
BLACK
6
CONTINUOUS
10
-2.1740157480314961
20
3.5927165354330706
11
-2.1740157480314961
21
3.5749999999999997
0
LINE
8
BLACK
6
CONTINUOUS
10
-2.1740157480314961
20
3.5749999999999997
11
-2.1743154330708663
21
3.5734933858267715
0
LINE
8
BLACK
6
CONTINUOUS
10
-2.1743154330708663
20
3.5734933858267715
11
-2.1751688582677167
21
3.5722161023622045
0
LINE
8
BLACK
6
CONTINUOUS
10
-2.1751688582677167
20
3.5722161023622045
11
-2.1764461417322836
21
3.5713626771653542
0
LINE
8
BLACK
6
CONTINUOUS
10
-2.1764461417322836
20
3.5713626771653542
11
-2.1779527559055119
21
3.571062992125984
0
LINE
8
BLACK
6
CONTINUOUS
10
-2.1779527559055119
20
3.571062992125984
11
-2.1858267716535433
21
3.571062992125984
0
LINE
8
BLACK
6
CONTINUOUS
10
-2.1858267716535433
20
3.571062992125984
11
-2.1873333858267716
21
3.5713626771653542
0
LINE
8
BLACK
6
CONTINUOUS
10
-2.1873333858267716
20
3.5713626771653542
11
-2.1886106692913385
21
3.5722161023622045
0
LINE
8
BLACK
6
CONTINUOUS
10
-2.1886106692913385
20
3.5722161023622045
11
-2.1894640944881889
21
3.5734933858267715
0
LINE
8
BLACK
6
CONTINUOUS
10
-2.1894640944881889
20
3.5734933858267715
11
-2.1897637795275591
21
3.5749999999999997
0
LINE
8
BLACK
6
CONTINUOUS
10
-2.1897637795275591
20
3.5749999999999997
11
-2.1897637795275591
21
3.5927165354330706
0
LINE
8
BLACK
6
CONTINUOUS
10
-2.1897637795275591
20
3.5927165354330706
11
-2.1894640944881889
21
3.5942231496062993
0
LINE
8
BLACK
6
CONTINUOUS
10
-2.1894640944881889
20
3.5942231496062993
11
-2.1886106692913385
21
3.5955004330708662
0
LINE
8
BLACK
6
CONTINUOUS
10
-2.1886106692913385
20
3.5955004330708662
11
-2.1880626377952757
21
3.595866653543307
0
LINE
8
BLACK
6
CONTINUOUS
10
-2.1880626377952757
20
3.595866653543307
11
-2.2045529133858266
21
3.612356929133858
0
LINE
8
BLACK
6
CONTINUOUS
10
-2.2045529133858266
20
3.612356929133858
11
-2.2272708267716537
21
3.612356929133858
0
LINE
8
BLACK
6
CONTINUOUS
10
-2.2272708267716537
20
3.612356929133858
11
-2.2288965748031497
21
3.6107311811023619
0
LINE
8
BLACK
6
CONTINUOUS
10
-2.2288965748031497
20
3.6107311811023619
11
-2.231735
21
3.6095554724409449
0
LINE
8
BLACK
6
CONTINUOUS
10
-2.231735
20
3.6095554724409449
11
-2.2348072834645669
21
3.6095554724409449
0
LINE
8
BLACK
6
CONTINUOUS
10
-2.2348072834645669
20
3.6095554724409449
11
-2.2376457086614172
21
3.6107311811023619
0
LINE
8
BLACK
6
CONTINUOUS
10
-2.2376457086614172
20
3.6107311811023619
11
-2.2392714566929133
21
3.612356929133858
0
LINE
8
BLACK
6
CONTINUOUS
10
-2.2392714566929133
20
3.612356929133858
11
-2.2519238582677166
21
3.612356929133858
0
LINE
8
BLACK
6
CONTINUOUS
10
-2.2519238582677166
20
3.612356929133858
11
-2.2528839370078741
21
3.6124514960629921
0
LINE
8
BLACK
6
CONTINUOUS
10
-2.2528839370078741
20
3.6124514960629921
11
-2.2546579527559056
21
3.6131862992125985
0
LINE
8
BLACK
6
CONTINUOUS
10
-2.2546579527559056
20
3.6131862992125985
11
-2.2554037007874017
21
3.613798307086614
0
LINE
8
BLACK
6
CONTINUOUS
10
-2.2554037007874017
20
3.613798307086614
11
-2.2565660236220473
21
3.6149606299212595
0
LINE
8
BLACK
6
CONTINUOUS
10
-2.2565660236220473
20
3.6149606299212595
11
-2.2673228346456691
21
3.6149606299212595
0
LINE
8
BLACK
6
CONTINUOUS
10
-2.2673228346456691
20
3.6149606299212595
11
-2.269432125984252
21
3.6153801968503938
0
LINE
8
BLACK
6
CONTINUOUS
10
-2.269432125984252
20
3.6153801968503938
11
-2.2712202755905513
21
3.6165750000000001
0
LINE
8
BLACK
6
CONTINUOUS
10
-2.2712202755905513
20
3.6165750000000001
11
-2.2724150787401576
21
3.6183631496062993
0
LINE
8
BLACK
6
CONTINUOUS
10
-2.2724150787401576
20
3.6183631496062993
11
-2.2728346456692914
21
3.6204724409448819
0
LINE
8
BLACK
6
CONTINUOUS
10
-2.2728346456692914
20
3.6204724409448819
11
-2.2728346456692914
21
3.631496062992126
0
LINE
8
BLACK
6
CONTINUOUS
10
-2.2728346456692914
20
3.631496062992126
11
-2.2724150787401576
21
3.6336053543307085
0
LINE
8
BLACK
6
CONTINUOUS
10
-2.2724150787401576
20
3.6336053543307085
11
-2.2712202755905513
21
3.6353935039370078
0
LINE
8
BLACK
6
CONTINUOUS
10
-2.2712202755905513
20
3.6353935039370078
11
-2.269432125984252
21
3.6365883070866141
0
LINE
8
BLACK
6
CONTINUOUS
10
-2.269432125984252
20
3.6365883070866141
11
-2.2673228346456691
21
3.6370078740157479
0
LINE
8
BLACK
6
CONTINUOUS
10
-2.2673228346456691
20
3.6370078740157479
11
-2.2539370078740157
21
3.6370078740157479
0
LINE
8
BLACK
6
CONTINUOUS
10
-2.2539370078740157
20
3.6370078740157479
11
-2.2518277165354332
21
3.6365883070866141
0
LINE
8
BLACK
6
CONTINUOUS
10
-2.1508555905511813
20
3.5963538582677166
11
-2.1495783070866139
21
3.5955004330708662
0
LINE
8
BLACK
6
CONTINUOUS
10
-2.1495783070866139
20
3.5955004330708662
11
-2.1487248818897635
21
3.5942231496062993
0
LINE
8
BLACK
6
CONTINUOUS
10
-2.1487248818897635
20
3.5942231496062993
11
-2.1484251968503938
21
3.5927165354330706
0
LINE
8
BLACK
6
CONTINUOUS
10
-2.1484251968503938
20
3.5927165354330706
11
-2.1484251968503938
21
3.5749999999999997
0
LINE
8
BLACK
6
CONTINUOUS
10
-2.1484251968503938
20
3.5749999999999997
11
-2.1487248818897635
21
3.5734933858267715
0
LINE
8
BLACK
6
CONTINUOUS
10
-2.1487248818897635
20
3.5734933858267715
11
-2.1495783070866139
21
3.5722161023622045
0
LINE
8
BLACK
6
CONTINUOUS
10
-2.1495783070866139
20
3.5722161023622045
11
-2.1508555905511813
21
3.5713626771653542
0
LINE
8
BLACK
6
CONTINUOUS
10
-2.1508555905511813
20
3.5713626771653542
11
-2.1523622047244095
21
3.571062992125984
0
LINE
8
BLACK
6
CONTINUOUS
10
-2.1523622047244095
20
3.571062992125984
11
-2.160236220472441
21
3.571062992125984
0
LINE
8
BLACK
6
CONTINUOUS
10
-2.160236220472441
20
3.571062992125984
11
-2.1617428346456693
21
3.5713626771653542
0
LINE
8
BLACK
6
CONTINUOUS
10
-2.1617428346456693
20
3.5713626771653542
11
-2.1630201181102362
21
3.5722161023622045
0
LINE
8
BLACK
6
CONTINUOUS
10
-2.1630201181102362
20
3.5722161023622045
11
-2.1638735433070866
21
3.5734933858267715
0
LINE
8
BLACK
6
CONTINUOUS
10
-2.1638735433070866
20
3.5734933858267715
11
-2.1641732283464568
21
3.5749999999999997
0
LINE
8
BLACK
6
CONTINUOUS
10
-2.1641732283464568
20
3.5749999999999997
11
-2.1641732283464568
21
3.5927165354330706
0
LINE
8
BLACK
6
CONTINUOUS
10
-2.1641732283464568
20
3.5927165354330706
11
-2.1638735433070866
21
3.5942231496062993
0
LINE
8
BLACK
6
CONTINUOUS
10
-2.1638735433070866
20
3.5942231496062993
11
-2.1630201181102362
21
3.5955004330708662
0
LINE
8
BLACK
6
CONTINUOUS
10
-2.1630201181102362
20
3.5955004330708662
11
-2.1617428346456693
21
3.5963538582677166
0
LINE
8
BLACK
6
CONTINUOUS
10
-2.1617428346456693
20
3.5963538582677166
11
-2.160236220472441
21
3.5966535433070868
0
LINE
8
BLACK
6
CONTINUOUS
10
-2.160236220472441
20
3.5966535433070868
11
-2.1523622047244095
21
3.5966535433070868
0
LINE
8
BLACK
6
CONTINUOUS
10
-2.1523622047244095
20
3.5966535433070868
11
-2.1508555905511813
21
3.5963538582677166
0
LINE
8
BLACK
6
CONTINUOUS
10
-2.0072979527559056
20
3.6084078346456692
11
-2.0062335433070864
21
3.6079669291338581
0
LINE
8
BLACK
6
CONTINUOUS
10
-2.0062335433070864
20
3.6079669291338581
11
-2.0057861023622046
21
3.6075997244094489
0
LINE
8
BLACK
6
CONTINUOUS
10
-2.0057861023622046
20
3.6075997244094489
11
-1.9918614960629921
21
3.593675118110236
0
LINE
8
BLACK
6
CONTINUOUS
10
-1.9918614960629921
20
3.593675118110236
11
-1.991732283464567
21
3.5937007874015747
0
LINE
8
BLACK
6
CONTINUOUS
10
-1.991732283464567
20
3.5937007874015747
11
-1.9783464566929134
21
3.5937007874015747
0
LINE
8
BLACK
6
CONTINUOUS
10
-1.9783464566929134
20
3.5937007874015747
11
-1.9762371653543307
21
3.5932812204724409
0
LINE
8
BLACK
6
CONTINUOUS
10
-1.9762371653543307
20
3.5932812204724409
11
-1.9744490157480314
21
3.5920864173228346
0
LINE
8
BLACK
6
CONTINUOUS
10
-1.9744490157480314
20
3.5920864173228346
11
-1.9732542125984252
21
3.5902982677165354
0
LINE
8
BLACK
6
CONTINUOUS
10
-1.9732542125984252
20
3.5902982677165354
11
-1.9728346456692913
21
3.5881889763779529
0
LINE
8
BLACK
6
CONTINUOUS
10
-1.9728346456692913
20
3.5881889763779529
11
-1.9728346456692913
21
3.5771653543307087
0
LINE
8
BLACK
6
CONTINUOUS
10
-1.9728346456692913
20
3.5771653543307087
11
-1.9732542125984252
21
3.5750560629921257
0
LINE
8
BLACK
6
CONTINUOUS
10
-1.9732542125984252
20
3.5750560629921257
11
-1.9744490157480314
21
3.5732679133858265
0
LINE
8
BLACK
6
CONTINUOUS
10
-1.9744490157480314
20
3.5732679133858265
11
-1.9762371653543307
21
3.5720731102362202
0
LINE
8
BLACK
6
CONTINUOUS
10
-1.9762371653543307
20
3.5720731102362202
11
-1.9783464566929134
21
3.5716535433070864
0
LINE
8
BLACK
6
CONTINUOUS
10
-1.9783464566929134
20
3.5716535433070864
11
-1.991732283464567
21
3.5716535433070864
0
LINE
8
BLACK
6
CONTINUOUS
10
-1.991732283464567
20
3.5716535433070864
11
-1.9938415748031495
21
3.5720731102362202
0
LINE
8
BLACK
6
CONTINUOUS
10
-1.9938415748031495
20
3.5720731102362202
11
-1.9956297244094487
21
3.5732679133858265
0
LINE
8
BLACK
6
CONTINUOUS
10
-1.9956297244094487
20
3.5732679133858265
11
-1.996824527559055
21
3.5750560629921257
0
LINE
8
BLACK
6
CONTINUOUS
10
-1.996824527559055
20
3.5750560629921257
11
-1.9972440944881888
21
3.5771653543307087
0
LINE
8
BLACK
6
CONTINUOUS
10
-1.9972440944881888
20
3.5771653543307087
11
-1.9972440944881888
21
3.5881889763779529
0
LINE
8
BLACK
6
CONTINUOUS
10
-1.9972440944881888
20
3.5881889763779529
11
-1.996826496062992
21
3.5902884645669291
0
LINE
8
BLACK
6
CONTINUOUS
10
-1.996826496062992
20
3.5902884645669291
11
-2.0090970866141733
21
3.6025590551181104
0
LINE
8
BLACK
6
CONTINUOUS
10
-2.0090970866141733
20
3.6025590551181104
11
-2.0536981496062992
21
3.6025590551181104
0
LINE
8
BLACK
6
CONTINUOUS
10
-2.0536981496062992
20
3.6025590551181104
11
-2.0596433070866143
21
3.596613937007874
0
LINE
8
BLACK
6
CONTINUOUS
10
-2.0596433070866143
20
3.596613937007874
11
-2.0583359055118109
21
3.5963538582677166
0
LINE
8
BLACK
6
CONTINUOUS
10
-2.0583359055118109
20
3.5963538582677166
11
-2.057058622047244
21
3.5955004330708662
0
LINE
8
BLACK
6
CONTINUOUS
10
-2.057058622047244
20
3.5955004330708662
11
-2.0562051968503936
21
3.5942231496062993
0
LINE
8
BLACK
6
CONTINUOUS
10
-2.0562051968503936
20
3.5942231496062993
11
-2.0559055118110234
21
3.5927165354330706
0
LINE
8
BLACK
6
CONTINUOUS
10
-2.0559055118110234
20
3.5927165354330706
11
-2.0559055118110234
21
3.5749999999999997
0
LINE
8
BLACK
6
CONTINUOUS
10
-2.0559055118110234
20
3.5749999999999997
11
-2.0562051968503936
21
3.5734933858267715
0
LINE
8
BLACK
6
CONTINUOUS
10
-2.0562051968503936
20
3.5734933858267715
11
-2.057058622047244
21
3.5722161023622045
0
LINE
8
BLACK
6
CONTINUOUS
10
-2.057058622047244
20
3.5722161023622045
11
-2.0583359055118109
21
3.5713626771653542
0
LINE
8
BLACK
6
CONTINUOUS
10
-2.0583359055118109
20
3.5713626771653542
11
-2.0598425196850392
21
3.571062992125984
0
LINE
8
BLACK
6
CONTINUOUS
10
-2.0598425196850392
20
3.571062992125984
11
-2.0677165354330707
21
3.571062992125984
0
LINE
8
BLACK
6
CONTINUOUS
10
-2.0677165354330707
20
3.571062992125984
11
-2.0692231496062994
21
3.5713626771653542
0
LINE
8
BLACK
6
CONTINUOUS
10
-2.0692231496062994
20
3.5713626771653542
11
-2.0705004330708663
21
3.5722161023622045
0
LINE
8
BLACK
6
CONTINUOUS
10
-2.0705004330708663
20
3.5722161023622045
11
-2.0713538582677167
21
3.5734933858267715
0
LINE
8
BLACK
6
CONTINUOUS
10
-2.0713538582677167
20
3.5734933858267715
11
-2.0716535433070864
21
3.5749999999999997
0
LINE
8
BLACK
6
CONTINUOUS
10
-2.0716535433070864
20
3.5749999999999997
11
-2.0716535433070864
21
3.5927165354330706
0
LINE
8
BLACK
6
CONTINUOUS
10
-2.0716535433070864
20
3.5927165354330706
11
-2.0713538582677167
21
3.5942231496062993
0
LINE
8
BLACK
6
CONTINUOUS
10
-2.0713538582677167
20
3.5942231496062993
11
-2.0705004330708663
21
3.5955004330708662
0
LINE
8
BLACK
6
CONTINUOUS
10
-2.0705004330708663
20
3.5955004330708662
11
-2.0692231496062994
21
3.5963538582677166
0
LINE
8
BLACK
6
CONTINUOUS
10
-2.0692231496062994
20
3.5963538582677166
11
-2.0677165354330707
21
3.5966535433070868
0
LINE
8
BLACK
6
CONTINUOUS
10
-2.0677165354330707
20
3.5966535433070868
11
-2.0667322834645669
21
3.5966535433070868
0
LINE
8
BLACK
6
CONTINUOUS
10
-2.0667322834645669
20
3.5966535433070868
11
-2.0666755511811021
21
3.5972295669291339
0
LINE
8
BLACK
6
CONTINUOUS
10
-2.0666755511811021
20
3.5972295669291339
11
-2.0662346456692915
21
3.5982939763779527
0
LINE
8
BLACK
6
CONTINUOUS
10
-2.0662346456692915
20
3.5982939763779527
11
-2.0658674409448818
21
3.5987414173228345
0
LINE
8
BLACK
6
CONTINUOUS
10
-2.0658674409448818
20
3.5987414173228345
11
-2.0570091338582679
21
3.6075997244094489
0
LINE
8
BLACK
6
CONTINUOUS
10
-2.0570091338582679
20
3.6075997244094489
11
-2.0565616929133856
21
3.6079669291338581
0
LINE
8
BLACK
6
CONTINUOUS
10
-2.0565616929133856
20
3.6079669291338581
11
-2.0554972834645668
21
3.6084078346456692
0
LINE
8
BLACK
6
CONTINUOUS
10
-2.0554972834645668
20
3.6084078346456692
11
-2.054921220472441
21
3.608464566929134
0
LINE
8
BLACK
6
CONTINUOUS
10
-2.054921220472441
20
3.608464566929134
11
-2.0078740157480315
21
3.608464566929134
0
LINE
8
BLACK
6
CONTINUOUS
10
-2.0078740157480315
20
3.608464566929134
11
-2.0072979527559056
21
3.6084078346456692
0
LINE
8
BLACK
6
CONTINUOUS
10
-1.9491687401574802
20
3.588436771653543
11
-1.9469962992125984
21
3.5862643307086612
0
LINE
8
BLACK
6
CONTINUOUS
10
-1.9469962992125984
20
3.5862643307086612
11
-1.945820590551181
21
3.5834259055118109
0
LINE
8
BLACK
6
CONTINUOUS
10
-1.945820590551181
20
3.5834259055118109
11
-1.945820590551181
21
3.5803536220472441
0
LINE
8
BLACK
6
CONTINUOUS
10
-1.945820590551181
20
3.5803536220472441
11
-1.9469962992125984
21
3.5775151968503938
0
LINE
8
BLACK
6
CONTINUOUS
10
-1.9469962992125984
20
3.5775151968503938
11
-1.9491687401574802
21
3.5753427559055115
0
LINE
8
BLACK
6
CONTINUOUS
10
-1.9491687401574802
20
3.5753427559055115
11
-1.9520071653543307
21
3.5741670472440945
0
LINE
8
BLACK
6
CONTINUOUS
10
-1.9520071653543307
20
3.5741670472440945
11
-1.9550794488188976
21
3.5741670472440945
0
LINE
8
BLACK
6
CONTINUOUS
10
-1.9550794488188976
20
3.5741670472440945
11
-1.9579178740157479
21
3.5753427559055115
0
LINE
8
BLACK
6
CONTINUOUS
10
-1.9579178740157479
20
3.5753427559055115
11
-1.9600903149606299
21
3.5775151968503938
0
LINE
8
BLACK
6
CONTINUOUS
10
-1.9600903149606299
20
3.5775151968503938
11
-1.9612660236220472
21
3.5803536220472441
0
LINE
8
BLACK
6
CONTINUOUS
10
-1.9612660236220472
20
3.5803536220472441
11
-1.9612660236220472
21
3.5834259055118109
0
LINE
8
BLACK
6
CONTINUOUS
10
-1.9612660236220472
20
3.5834259055118109
11
-1.9600903149606299
21
3.5862643307086612
0
LINE
8
BLACK
6
CONTINUOUS
10
-1.9600903149606299
20
3.5862643307086612
11
-1.9579178740157479
21
3.588436771653543
0
LINE
8
BLACK
6
CONTINUOUS
10
-1.9579178740157479
20
3.588436771653543
11
-1.9550794488188976
21
3.5896124803149605
0
LINE
8
BLACK
6
CONTINUOUS
10
-1.9550794488188976
20
3.5896124803149605
11
-1.9520071653543307
21
3.5896124803149605
0
LINE
8
BLACK
6
CONTINUOUS
10
-1.9520071653543307
20
3.5896124803149605
11
-1.9491687401574802
21
3.588436771653543
0
LINE
8
BLACK
6
CONTINUOUS
10
-1.9097986614173228
20
3.588436771653543
11
-1.9076262204724408
21
3.5862643307086612
0
LINE
8
BLACK
6
CONTINUOUS
10
-1.9076262204724408
20
3.5862643307086612
11
-1.9064505118110235
21
3.5834259055118109
0
LINE
8
BLACK
6
CONTINUOUS
10
-1.9064505118110235
20
3.5834259055118109
11
-1.9064505118110235
21
3.5803536220472441
0
LINE
8
BLACK
6
CONTINUOUS
10
-1.9064505118110235
20
3.5803536220472441
11
-1.9076262204724408
21
3.5775151968503938
0
LINE
8
BLACK
6
CONTINUOUS
10
-1.9076262204724408
20
3.5775151968503938
11
-1.9097986614173228
21
3.5753427559055115
0
LINE
8
BLACK
6
CONTINUOUS
10
-1.9097986614173228
20
3.5753427559055115
11
-1.9126370866141731
21
3.5741670472440945
0
LINE
8
BLACK
6
CONTINUOUS
10
-1.9126370866141731
20
3.5741670472440945
11
-1.9157093700787402
21
3.5741670472440945
0
LINE
8
BLACK
6
CONTINUOUS
10
-1.9157093700787402
20
3.5741670472440945
11
-1.9185477952755905
21
3.5753427559055115
0
LINE
8
BLACK
6
CONTINUOUS
10
-1.9185477952755905
20
3.5753427559055115
11
-1.9207202362204725
21
3.5775151968503938
0
LINE
8
BLACK
6
CONTINUOUS
10
-1.9207202362204725
20
3.5775151968503938
11
-1.9218959448818898
21
3.5803536220472441
0
LINE
8
BLACK
6
CONTINUOUS
10
-1.9218959448818898
20
3.5803536220472441
11
-1.9218959448818898
21
3.5834259055118109
0
LINE
8
BLACK
6
CONTINUOUS
10
-1.9218959448818898
20
3.5834259055118109
11
-1.9207202362204725
21
3.5862643307086612
0
LINE
8
BLACK
6
CONTINUOUS
10
-1.9207202362204725
20
3.5862643307086612
11
-1.9185477952755905
21
3.588436771653543
0
LINE
8
BLACK
6
CONTINUOUS
10
-1.9185477952755905
20
3.588436771653543
11
-1.9157093700787402
21
3.5896124803149605
0
LINE
8
BLACK
6
CONTINUOUS
10
-1.9157093700787402
20
3.5896124803149605
11
-1.9126370866141731
21
3.5896124803149605
0
LINE
8
BLACK
6
CONTINUOUS
10
-1.9126370866141731
20
3.5896124803149605
11
-1.9097986614173228
21
3.588436771653543
0
LINE
8
BLACK
6
CONTINUOUS
10
-1.8625545669291339
20
3.588436771653543
11
-1.8603821259842519
21
3.5862643307086612
0
LINE
8
BLACK
6
CONTINUOUS
10
-1.8603821259842519
20
3.5862643307086612
11
-1.8592064173228346
21
3.5834259055118109
0
LINE
8
BLACK
6
CONTINUOUS
10
-1.8592064173228346
20
3.5834259055118109
11
-1.8592064173228346
21
3.5803536220472441
0
LINE
8
BLACK
6
CONTINUOUS
10
-1.8592064173228346
20
3.5803536220472441
11
-1.8603821259842519
21
3.5775151968503938
0
LINE
8
BLACK
6
CONTINUOUS
10
-1.8603821259842519
20
3.5775151968503938
11
-1.8625545669291339
21
3.5753427559055115
0
LINE
8
BLACK
6
CONTINUOUS
10
-1.8625545669291339
20
3.5753427559055115
11
-1.8653929921259842
21
3.5741670472440945
0
LINE
8
BLACK
6
CONTINUOUS
10
-1.8653929921259842
20
3.5741670472440945
11
-1.8684652755905511
21
3.5741670472440945
0
LINE
8
BLACK
6
CONTINUOUS
10
-1.8684652755905511
20
3.5741670472440945
11
-1.8713037007874016
21
3.5753427559055115
0
LINE
8
BLACK
6
CONTINUOUS
10
-1.8713037007874016
20
3.5753427559055115
11
-1.8734761417322834
21
3.5775151968503938
0
LINE
8
BLACK
6
CONTINUOUS
10
-1.8734761417322834
20
3.5775151968503938
11
-1.8746518503937006
21
3.5803536220472441
0
LINE
8
BLACK
6
CONTINUOUS
10
-1.8746518503937006
20
3.5803536220472441
11
-1.8746518503937006
21
3.5834259055118109
0
LINE
8
BLACK
6
CONTINUOUS
10
-1.8746518503937006
20
3.5834259055118109
11
-1.8734761417322834
21
3.5862643307086612
0
LINE
8
BLACK
6
CONTINUOUS
10
-1.8734761417322834
20
3.5862643307086612
11
-1.8713037007874016
21
3.588436771653543
0
LINE
8
BLACK
6
CONTINUOUS
10
-1.8713037007874016
20
3.588436771653543
11
-1.8684652755905511
21
3.5896124803149605
0
LINE
8
BLACK
6
CONTINUOUS
10
-1.8684652755905511
20
3.5896124803149605
11
-1.8653929921259842
21
3.5896124803149605
0
LINE
8
BLACK
6
CONTINUOUS
10
-1.8653929921259842
20
3.5896124803149605
11
-1.8625545669291339
21
3.588436771653543
0
LINE
8
BLACK
6
CONTINUOUS
10
-1.8175137401574804
20
3.7697912992125984
11
-1.8095817716535432
21
3.7672140551181101
0
LINE
8
BLACK
6
CONTINUOUS
10
-1.8095817716535432
20
3.7672140551181101
11
-1.8021506692913385
21
3.7634277165354328
0
LINE
8
BLACK
6
CONTINUOUS
10
-1.8021506692913385
20
3.7634277165354328
11
-1.795403346456693
21
3.7585255118110235
0
LINE
8
BLACK
6
CONTINUOUS
10
-1.795403346456693
20
3.7585255118110235
11
-1.7895059842519685
21
3.752628149606299
0
LINE
8
BLACK
6
CONTINUOUS
10
-1.7895059842519685
20
3.752628149606299
11
-1.7846037795275591
21
3.7458808267716535
0
LINE
8
BLACK
6
CONTINUOUS
10
-1.7846037795275591
20
3.7458808267716535
11
-1.7808174409448818
21
3.7384497244094486
0
LINE
8
BLACK
6
CONTINUOUS
10
-1.7808174409448818
20
3.7384497244094486
11
-1.7782401968503936
21
3.7305177559055118
0
LINE
8
BLACK
6
CONTINUOUS
10
-1.7782401968503936
20
3.7305177559055118
11
-1.7769355118110235
21
3.7222803149606301
0
LINE
8
BLACK
6
CONTINUOUS
10
-1.7769355118110235
20
3.7222803149606301
11
-1.7769355118110235
21
3.713940157480315
0
LINE
8
BLACK
6
CONTINUOUS
10
-1.7769355118110235
20
3.713940157480315
11
-1.7782401968503936
21
3.7057027165354328
0
LINE
8
BLACK
6
CONTINUOUS
10
-1.7782401968503936
20
3.7057027165354328
11
-1.7808174409448818
21
3.6977707480314961
0
LINE
8
BLACK
6
CONTINUOUS
10
-1.7808174409448818
20
3.6977707480314961
11
-1.7846037795275591
21
3.6903396456692912
0
LINE
8
BLACK
6
CONTINUOUS
10
-1.7846037795275591
20
3.6903396456692912
11
-1.7895059842519685
21
3.6835923228346457
0
LINE
8
BLACK
6
CONTINUOUS
10
-1.7895059842519685
20
3.6835923228346457
11
-1.795403346456693
21
3.6776949606299212
0
LINE
8
BLACK
6
CONTINUOUS
10
-1.795403346456693
20
3.6776949606299212
11
-1.8021506692913385
21
3.6727927559055118
0
LINE
8
BLACK
6
CONTINUOUS
10
-1.8021506692913385
20
3.6727927559055118
11
-1.8078635433070867
21
3.6698818897637793
0
LINE
8
BLACK
6
CONTINUOUS
10
-1.8078635433070867
20
3.6698818897637793
11
-1.7984251968503937
21
3.6698818897637793
0
LINE
8
BLACK
6
CONTINUOUS
10
-1.7984251968503937
20
3.6698818897637793
11
-1.7984251968503937
21
3.5789370078740155
0
LINE
8
BLACK
6
CONTINUOUS
10
-1.7984251968503937
20
3.5789370078740155
11
-1.8275590551181102
21
3.5789370078740155
0
LINE
8
BLACK
6
CONTINUOUS
10
-1.8275590551181102
20
3.5789370078740155
11
-1.8275590551181102
21
3.6174741338582677
0
LINE
8
BLACK
6
CONTINUOUS
10
-1.8275590551181102
20
3.6174741338582677
11
-1.8290951968503937
21
3.6174741338582677
0
LINE
8
BLACK
6
CONTINUOUS
10
-1.8290951968503937
20
3.6174741338582677
11
-1.831933622047244
21
3.6186498425196851
0
LINE
8
BLACK
6
CONTINUOUS
10
-1.831933622047244
20
3.6186498425196851
11
-1.834106062992126
21
3.6208222834645669
0
LINE
8
BLACK
6
CONTINUOUS
10
-1.834106062992126
20
3.6208222834645669
11
-1.8352817716535432
21
3.6236607086614172
0
LINE
8
BLACK
6
CONTINUOUS
10
-1.8352817716535432
20
3.6236607086614172
11
-1.8352817716535432
21
3.6267329921259841
0
LINE
8
BLACK
6
CONTINUOUS
10
-1.8352817716535432
20
3.6267329921259841
11
-1.834106062992126
21
3.6295714173228344
0
LINE
8
BLACK
6
CONTINUOUS
10
-1.834106062992126
20
3.6295714173228344
11
-1.831933622047244
21
3.6317438582677166
0
LINE
8
BLACK
6
CONTINUOUS
10
-1.831933622047244
20
3.6317438582677166
11
-1.8290951968503937
21
3.6329195669291336
0
LINE
8
BLACK
6
CONTINUOUS
10
-1.8290951968503937
20
3.6329195669291336
11
-1.8275590551181102
21
3.6329195669291336
0
LINE
8
BLACK
6
CONTINUOUS
10
-1.8275590551181102
20
3.6329195669291336
11
-1.8275590551181102
21
3.6651244881889764
0
LINE
8
BLACK
6
CONTINUOUS
10
-1.8275590551181102
20
3.6651244881889764
11
-1.8340913385826771
21
3.6651244881889764
0
LINE
8
BLACK
6
CONTINUOUS
10
-1.8340913385826771
20
3.6651244881889764
11
-1.8423287795275589
21
3.6664291732283463
0
LINE
8
BLACK
6
CONTINUOUS
10
-1.8423287795275589
20
3.6664291732283463
11
-1.8484251968503937
21
3.6684100393700785
0
LINE
8
BLACK
6
CONTINUOUS
10
-1.8484251968503937
20
3.6684100393700785
11
-1.8484251968503937
21
3.6147637795275589
0
LINE
8
BLACK
6
CONTINUOUS
10
-1.8484251968503937
20
3.6147637795275589
11
-1.8775590551181103
21
3.6147637795275589
0
LINE
8
BLACK
6
CONTINUOUS
10
-1.8775590551181103
20
3.6147637795275589
11
-1.8775590551181103
21
3.6698818897637793
0
LINE
8
BLACK
6
CONTINUOUS
10
-1.8775590551181103
20
3.6698818897637793
11
-1.8519789763779526
21
3.6698818897637793
0
LINE
8
BLACK
6
CONTINUOUS
10
-1.8519789763779526
20
3.6698818897637793
11
-1.8576918503937008
21
3.6727927559055118
0
LINE
8
BLACK
6
CONTINUOUS
10
-1.8576918503937008
20
3.6727927559055118
11
-1.8644391732283465
21
3.6776949606299212
0
LINE
8
BLACK
6
CONTINUOUS
10
-1.8644391732283465
20
3.6776949606299212
11
-1.8703365354330708
21
3.6835923228346457
0
LINE
8
BLACK
6
CONTINUOUS
10
-1.8703365354330708
20
3.6835923228346457
11
-1.8752387401574804
21
3.6903396456692912
0
LINE
8
BLACK
6
CONTINUOUS
10
-1.8752387401574804
20
3.6903396456692912
11
-1.8790250787401575
21
3.6977707480314961
0
LINE
8
BLACK
6
CONTINUOUS
10
-1.8790250787401575
20
3.6977707480314961
11
-1.8816023228346457
21
3.7057027165354328
0
LINE
8
BLACK
6
CONTINUOUS
10
-1.8816023228346457
20
3.7057027165354328
11
-1.8829070078740158
21
3.713940157480315
0
LINE
8
BLACK
6
CONTINUOUS
10
-1.8829070078740158
20
3.713940157480315
11
-1.8829070078740158
21
3.7222803149606301
0
LINE
8
BLACK
6
CONTINUOUS
10
-1.8829070078740158
20
3.7222803149606301
11
-1.8816023228346457
21
3.7305177559055118
0
LINE
8
BLACK
6
CONTINUOUS
10
-1.8816023228346457
20
3.7305177559055118
11
-1.8790250787401575
21
3.7384497244094486
0
LINE
8
BLACK
6
CONTINUOUS
10
-1.8790250787401575
20
3.7384497244094486
11
-1.8752387401574804
21
3.7458808267716535
0
LINE
8
BLACK
6
CONTINUOUS
10
-1.8752387401574804
20
3.7458808267716535
11
-1.8703365354330708
21
3.752628149606299
0
LINE
8
BLACK
6
CONTINUOUS
10
-1.8703365354330708
20
3.752628149606299
11
-1.8644391732283465
21
3.7585255118110235
0
LINE
8
BLACK
6
CONTINUOUS
10
-1.8644391732283465
20
3.7585255118110235
11
-1.8576918503937008
21
3.7634277165354328
0
LINE
8
BLACK
6
CONTINUOUS
10
-1.8576918503937008
20
3.7634277165354328
11
-1.8502607480314961
21
3.7672140551181101
0
LINE
8
BLACK
6
CONTINUOUS
10
-1.8502607480314961
20
3.7672140551181101
11
-1.8423287795275589
21
3.7697912992125984
0
LINE
8
BLACK
6
CONTINUOUS
10
-1.8423287795275589
20
3.7697912992125984
11
-1.8340913385826771
21
3.7710959842519682
0
LINE
8
BLACK
6
CONTINUOUS
10
-1.8340913385826771
20
3.7710959842519682
11
-1.8257511811023621
21
3.7710959842519682
0
LINE
8
BLACK
6
CONTINUOUS
10
-1.8257511811023621
20
3.7710959842519682
11
-1.8175137401574804
21
3.7697912992125984
0
LINE
8
BLACK
6
CONTINUOUS
10
-1.9762371653543307
20
3.6310764960629922
11
-1.9744490157480314
21
3.6298816929133859
0
LINE
8
BLACK
6
CONTINUOUS
10
-1.9744490157480314
20
3.6298816929133859
11
-1.9732542125984252
21
3.6280935433070867
0
LINE
8
BLACK
6
CONTINUOUS
10
-1.9732542125984252
20
3.6280935433070867
11
-1.9728346456692913
21
3.6259842519685037
0
LINE
8
BLACK
6
CONTINUOUS
10
-1.9728346456692913
20
3.6259842519685037
11
-1.9728346456692913
21
3.6149606299212595
0
LINE
8
BLACK
6
CONTINUOUS
10
-1.9728346456692913
20
3.6149606299212595
11
-1.9732542125984252
21
3.612851338582677
0
LINE
8
BLACK
6
CONTINUOUS
10
-1.9732542125984252
20
3.612851338582677
11
-1.9744490157480314
21
3.6110631889763778
0
LINE
8
BLACK
6
CONTINUOUS
10
-1.9744490157480314
20
3.6110631889763778
11
-1.9762371653543307
21
3.6098683858267715
0
LINE
8
BLACK
6
CONTINUOUS
10
-1.9762371653543307
20
3.6098683858267715
11
-1.9783464566929134
21
3.6094488188976377
0
LINE
8
BLACK
6
CONTINUOUS
10
-1.9783464566929134
20
3.6094488188976377
11
-1.991732283464567
21
3.6094488188976377
0
LINE
8
BLACK
6
CONTINUOUS
10
-1.991732283464567
20
3.6094488188976377
11
-1.9938415748031495
21
3.6098683858267715
0
LINE
8
BLACK
6
CONTINUOUS
10
-1.9938415748031495
20
3.6098683858267715
11
-1.9956297244094487
21
3.6110631889763778
0
LINE
8
BLACK
6
CONTINUOUS
10
-1.9956297244094487
20
3.6110631889763778
11
-1.996824527559055
21
3.612851338582677
0
LINE
8
BLACK
6
CONTINUOUS
10
-1.996824527559055
20
3.612851338582677
11
-1.9972440944881888
21
3.6149606299212595
0
LINE
8
BLACK
6
CONTINUOUS
10
-1.9972440944881888
20
3.6149606299212595
11
-1.9972440944881888
21
3.6259842519685037
0
LINE
8
BLACK
6
CONTINUOUS
10
-1.9972440944881888
20
3.6259842519685037
11
-1.996824527559055
21
3.6280935433070867
0
LINE
8
BLACK
6
CONTINUOUS
10
-1.996824527559055
20
3.6280935433070867
11
-1.9956297244094487
21
3.6298816929133859
0
LINE
8
BLACK
6
CONTINUOUS
10
-1.9956297244094487
20
3.6298816929133859
11
-1.9938415748031495
21
3.6310764960629922
0
LINE
8
BLACK
6
CONTINUOUS
10
-1.9938415748031495
20
3.6310764960629922
11
-1.991732283464567
21
3.631496062992126
0
LINE
8
BLACK
6
CONTINUOUS
10
-1.991732283464567
20
3.631496062992126
11
-1.9783464566929134
21
3.631496062992126
0
LINE
8
BLACK
6
CONTINUOUS
10
-1.9783464566929134
20
3.631496062992126
11
-1.9762371653543307
21
3.6310764960629922
0
LINE
8
BLACK
6
CONTINUOUS
10
-1.8984251968503936
20
3.6147637795275589
11
-1.9275590551181101
21
3.6147637795275589
0
LINE
8
BLACK
6
CONTINUOUS
10
-1.9275590551181101
20
3.6147637795275589
11
-1.9275590551181101
21
3.6698818897637793
0
LINE
8
BLACK
6
CONTINUOUS
10
-1.9275590551181101
20
3.6698818897637793
11
-1.8984251968503936
21
3.6698818897637793
0
LINE
8
BLACK
6
CONTINUOUS
10
-1.8984251968503936
20
3.6698818897637793
11
-1.8984251968503936
21
3.6147637795275589
0
LINE
8
BLACK
6
CONTINUOUS
10
-2.1066490551181101
20
3.6317438582677166
11
-2.1044766141732283
21
3.6295714173228344
0
LINE
8
BLACK
6
CONTINUOUS
10
-2.1044766141732283
20
3.6295714173228344
11
-2.1033009055118108
21
3.6267329921259841
0
LINE
8
BLACK
6
CONTINUOUS
10
-2.1033009055118108
20
3.6267329921259841
11
-2.1033009055118108
21
3.6236607086614172
0
LINE
8
BLACK
6
CONTINUOUS
10
-2.1033009055118108
20
3.6236607086614172
11
-2.1044766141732283
21
3.6208222834645669
0
LINE
8
BLACK
6
CONTINUOUS
10
-2.1044766141732283
20
3.6208222834645669
11
-2.1066490551181101
21
3.6186498425196851
0
LINE
8
BLACK
6
CONTINUOUS
10
-2.1066490551181101
20
3.6186498425196851
11
-2.1094874803149604
21
3.6174741338582677
0
LINE
8
BLACK
6
CONTINUOUS
10
-2.1094874803149604
20
3.6174741338582677
11
-2.1125597637795277
21
3.6174741338582677
0
LINE
8
BLACK
6
CONTINUOUS
10
-2.1125597637795277
20
3.6174741338582677
11
-2.115398188976378
21
3.6186498425196851
0
LINE
8
BLACK
6
CONTINUOUS
10
-2.115398188976378
20
3.6186498425196851
11
-2.1175706299212598
21
3.6208222834645669
0
LINE
8
BLACK
6
CONTINUOUS
10
-2.1175706299212598
20
3.6208222834645669
11
-2.1187463385826772
21
3.6236607086614172
0
LINE
8
BLACK
6
CONTINUOUS
10
-2.1187463385826772
20
3.6236607086614172
11
-2.1187463385826772
21
3.6267329921259841
0
LINE
8
BLACK
6
CONTINUOUS
10
-2.1187463385826772
20
3.6267329921259841
11
-2.1175706299212598
21
3.6295714173228344
0
LINE
8
BLACK
6
CONTINUOUS
10
-2.1175706299212598
20
3.6295714173228344
11
-2.115398188976378
21
3.6317438582677166
0
LINE
8
BLACK
6
CONTINUOUS
10
-2.115398188976378
20
3.6317438582677166
11
-2.1125597637795277
21
3.6329195669291336
0
LINE
8
BLACK
6
CONTINUOUS
10
-2.1125597637795277
20
3.6329195669291336
11
-2.1094874803149604
21
3.6329195669291336
0
LINE
8
BLACK
6
CONTINUOUS
10
-2.1094874803149604
20
3.6329195669291336
11
-2.1066490551181101
21
3.6317438582677166
0
LINE
8
BLACK
6
CONTINUOUS
10
-2.0279088976377952
20
3.6317438582677166
11
-2.0257364566929135
21
3.6295714173228344
0
LINE
8
BLACK
6
CONTINUOUS
10
-2.0257364566929135
20
3.6295714173228344
11
-2.024560748031496
21
3.6267329921259841
0
LINE
8
BLACK
6
CONTINUOUS
10
-2.024560748031496
20
3.6267329921259841
11
-2.024560748031496
21
3.6236607086614172
0
LINE
8
BLACK
6
CONTINUOUS
10
-2.024560748031496
20
3.6236607086614172
11
-2.0257364566929135
21
3.6208222834645669
0
LINE
8
BLACK
6
CONTINUOUS
10
-2.0257364566929135
20
3.6208222834645669
11
-2.0279088976377952
21
3.6186498425196851
0
LINE
8
BLACK
6
CONTINUOUS
10
-2.0279088976377952
20
3.6186498425196851
11
-2.0307473228346455
21
3.6174741338582677
0
LINE
8
BLACK
6
CONTINUOUS
10
-2.0307473228346455
20
3.6174741338582677
11
-2.0338196062992124
21
3.6174741338582677
0
LINE
8
BLACK
6
CONTINUOUS
10
-2.0338196062992124
20
3.6174741338582677
11
-2.0366580314960627
21
3.6186498425196851
0
LINE
8
BLACK
6
CONTINUOUS
10
-2.0366580314960627
20
3.6186498425196851
11
-2.038830472440945
21
3.6208222834645669
0
LINE
8
BLACK
6
CONTINUOUS
10
-2.038830472440945
20
3.6208222834645669
11
-2.040006181102362
21
3.6236607086614172
0
LINE
8
BLACK
6
CONTINUOUS
10
-2.040006181102362
20
3.6236607086614172
11
-2.040006181102362
21
3.6267329921259841
0
LINE
8
BLACK
6
CONTINUOUS
10
-2.040006181102362
20
3.6267329921259841
11
-2.038830472440945
21
3.6295714173228344
0
LINE
8
BLACK
6
CONTINUOUS
10
-2.038830472440945
20
3.6295714173228344
11
-2.0366580314960627
21
3.6317438582677166
0
LINE
8
BLACK
6
CONTINUOUS
10
-2.0366580314960627
20
3.6317438582677166
11
-2.0338196062992124
21
3.6329195669291336
0
LINE
8
BLACK
6
CONTINUOUS
10
-2.0338196062992124
20
3.6329195669291336
11
-2.0307473228346455
21
3.6329195669291336
0
LINE
8
BLACK
6
CONTINUOUS
10
-2.0307473228346455
20
3.6329195669291336
11
-2.0279088976377952
21
3.6317438582677166
0
LINE
8
BLACK
6
CONTINUOUS
10
-1.9491687401574802
20
3.6317438582677166
11
-1.9469962992125984
21
3.6295714173228344
0
LINE
8
BLACK
6
CONTINUOUS
10
-1.9469962992125984
20
3.6295714173228344
11
-1.945820590551181
21
3.6267329921259841
0
LINE
8
BLACK
6
CONTINUOUS
10
-1.945820590551181
20
3.6267329921259841
11
-1.945820590551181
21
3.6236607086614172
0
LINE
8
BLACK
6
CONTINUOUS
10
-1.945820590551181
20
3.6236607086614172
11
-1.9469962992125984
21
3.6208222834645669
0
LINE
8
BLACK
6
CONTINUOUS
10
-1.9469962992125984
20
3.6208222834645669
11
-1.9491687401574802
21
3.6186498425196851
0
LINE
8
BLACK
6
CONTINUOUS
10
-1.9491687401574802
20
3.6186498425196851
11
-1.9520071653543307
21
3.6174741338582677
0
LINE
8
BLACK
6
CONTINUOUS
10
-1.9520071653543307
20
3.6174741338582677
11
-1.9550794488188976
21
3.6174741338582677
0
LINE
8
BLACK
6
CONTINUOUS
10
-1.9550794488188976
20
3.6174741338582677
11
-1.9579178740157479
21
3.6186498425196851
0
LINE
8
BLACK
6
CONTINUOUS
10
-1.9579178740157479
20
3.6186498425196851
11
-1.9600903149606299
21
3.6208222834645669
0
LINE
8
BLACK
6
CONTINUOUS
10
-1.9600903149606299
20
3.6208222834645669
11
-1.9612660236220472
21
3.6236607086614172
0
LINE
8
BLACK
6
CONTINUOUS
10
-1.9612660236220472
20
3.6236607086614172
11
-1.9612660236220472
21
3.6267329921259841
0
LINE
8
BLACK
6
CONTINUOUS
10
-1.9612660236220472
20
3.6267329921259841
11
-1.9600903149606299
21
3.6295714173228344
0
LINE
8
BLACK
6
CONTINUOUS
10
-1.9600903149606299
20
3.6295714173228344
11
-1.9579178740157479
21
3.6317438582677166
0
LINE
8
BLACK
6
CONTINUOUS
10
-1.9579178740157479
20
3.6317438582677166
11
-1.9550794488188976
21
3.6329195669291336
0
LINE
8
BLACK
6
CONTINUOUS
10
-1.9550794488188976
20
3.6329195669291336
11
-1.9520071653543307
21
3.6329195669291336
0
LINE
8
BLACK
6
CONTINUOUS
10
-1.9520071653543307
20
3.6329195669291336
11
-1.9491687401574802
21
3.6317438582677166
0
LINE
8
BLACK
6
CONTINUOUS
10
-2.2452611023622047
20
3.8052582283464567
11
-2.2441967716535434
21
3.8048173622047243
0
LINE
8
BLACK
6
CONTINUOUS
10
-2.2441967716535434
20
3.8048173622047243
11
-2.2441966929133859
21
3.8048173228346456
0
LINE
8
BLACK
6
CONTINUOUS
10
-2.2441966929133859
20
3.8048173228346456
11
-2.2437492519685041
21
3.8044501181102359
0
LINE
8
BLACK
6
CONTINUOUS
10
-2.2437492519685041
20
3.8044501181102359
11
-2.1981192125984252
21
3.7588200787401576
0
LINE
8
BLACK
6
CONTINUOUS
10
-2.1981192125984252
20
3.7588200787401576
11
-2.1977519685039368
21
3.7583726377952753
0
LINE
8
BLACK
6
CONTINUOUS
10
-2.1977519685039368
20
3.7583726377952753
11
-2.1974402362204724
21
3.7576199999999997
0
LINE
8
BLACK
6
CONTINUOUS
10
-2.1974402362204724
20
3.7576199999999997
11
-2.1973111023622045
21
3.7573082283464565
0
LINE
8
BLACK
6
CONTINUOUS
10
-2.1973111023622045
20
3.7573082283464565
11
-2.1972543700787401
21
3.7567321653543306
0
LINE
8
BLACK
6
CONTINUOUS
10
-2.1972543700787401
20
3.7567321653543306
11
-2.1972543700787401
21
3.7313514566929133
0
LINE
8
BLACK
6
CONTINUOUS
10
-2.1972543700787401
20
3.7313514566929133
11
-2.178817598425197
21
3.7129146850393702
0
LINE
8
BLACK
6
CONTINUOUS
10
-2.178817598425197
20
3.7129146850393702
11
-2.1784503543307085
21
3.7124672440944879
0
LINE
8
BLACK
6
CONTINUOUS
10
-2.1784503543307085
20
3.7124672440944879
11
-2.1781386220472441
21
3.7117146062992123
0
LINE
8
BLACK
6
CONTINUOUS
10
-2.1781386220472441
20
3.7117146062992123
11
-2.1780094881889762
21
3.7114028346456691
0
LINE
8
BLACK
6
CONTINUOUS
10
-2.1780094881889762
20
3.7114028346456691
11
-2.1779527559055119
21
3.7108267716535432
0
LINE
8
BLACK
6
CONTINUOUS
10
-2.1779527559055119
20
3.7108267716535432
11
-2.1779527559055119
21
3.6923648031496064
0
LINE
8
BLACK
6
CONTINUOUS
10
-2.1779527559055119
20
3.6923648031496064
11
-2.1757454330708659
21
3.6901574803149604
0
LINE
8
BLACK
6
CONTINUOUS
10
-2.1757454330708659
20
3.6901574803149604
11
-2.1493684645669289
21
3.6901574803149604
0
LINE
8
BLACK
6
CONTINUOUS
10
-2.1493684645669289
20
3.6901574803149604
11
-2.148792401574803
21
3.690100748031496
0
LINE
8
BLACK
6
CONTINUOUS
10
-2.148792401574803
20
3.690100748031496
11
-2.1477279921259842
21
3.6896598425196849
0
LINE
8
BLACK
6
CONTINUOUS
10
-2.1477279921259842
20
3.6896598425196849
11
-2.1472805511811024
21
3.6892926377952757
0
LINE
8
BLACK
6
CONTINUOUS
10
-2.1472805511811024
20
3.6892926377952757
11
-2.0979485433070866
21
3.6399606299212599
0
LINE
8
BLACK
6
CONTINUOUS
10
-2.0979485433070866
20
3.6399606299212599
11
-2.0453585433070867
21
3.6399606299212599
0
LINE
8
BLACK
6
CONTINUOUS
10
-2.0453585433070867
20
3.6399606299212599
11
-2.0411417322834646
21
3.6441774409448819
0
LINE
8
BLACK
6
CONTINUOUS
10
-2.0411417322834646
20
3.6441774409448819
11
-2.0411417322834646
21
3.6458661417322835
0
LINE
8
BLACK
6
CONTINUOUS
10
-2.0411417322834646
20
3.6458661417322835
11
-2.0421259842519683
21
3.6458661417322835
0
LINE
8
BLACK
6
CONTINUOUS
10
-2.0421259842519683
20
3.6458661417322835
11
-2.0436325984251966
21
3.6461658267716532
0
LINE
8
BLACK
6
CONTINUOUS
10
-2.0436325984251966
20
3.6461658267716532
11
-2.0449098818897635
21
3.6470192519685041
0
LINE
8
BLACK
6
CONTINUOUS
10
-2.0449098818897635
20
3.6470192519685041
11
-2.0457633070866139
21
3.648296535433071
0
LINE
8
BLACK
6
CONTINUOUS
10
-2.0457633070866139
20
3.648296535433071
11
-2.0460629921259841
21
3.6498031496062993
0
LINE
8
BLACK
6
CONTINUOUS
10
-2.0460629921259841
20
3.6498031496062993
11
-2.0460629921259841
21
3.6675196850393701
0
LINE
8
BLACK
6
CONTINUOUS
10
-2.0460629921259841
20
3.6675196850393701
11
-2.0460400787401576
21
3.6676350393700785
0
LINE
8
BLACK
6
CONTINUOUS
10
-2.0460400787401576
20
3.6676350393700785
11
-2.050260748031496
21
3.6690064173228345
0
LINE
8
BLACK
6
CONTINUOUS
10
-2.050260748031496
20
3.6690064173228345
11
-2.0576918503937009
21
3.6727927559055118
0
LINE
8
BLACK
6
CONTINUOUS
10
-2.0576918503937009
20
3.6727927559055118
11
-2.0644391732283465
21
3.6776949606299212
0
LINE
8
BLACK
6
CONTINUOUS
10
-2.0644391732283465
20
3.6776949606299212
11
-2.0703365354330709
21
3.6835923228346457
0
LINE
8
BLACK
6
CONTINUOUS
10
-2.0703365354330709
20
3.6835923228346457
11
-2.0752387401574803
21
3.6903396456692912
0
LINE
8
BLACK
6
CONTINUOUS
10
-2.0752387401574803
20
3.6903396456692912
11
-2.0789573228346456
21
3.6976377952755906
0
LINE
8
BLACK
6
CONTINUOUS
10
-2.0789573228346456
20
3.6976377952755906
11
-2.086220472440945
21
3.6976377952755906
0
LINE
8
BLACK
6
CONTINUOUS
10
-2.086220472440945
20
3.6976377952755906
11
-2.0883297637795275
21
3.6980573622047244
0
LINE
8
BLACK
6
CONTINUOUS
10
-2.0883297637795275
20
3.6980573622047244
11
-2.0901179133858268
21
3.6992521653543307
0
LINE
8
BLACK
6
CONTINUOUS
10
-2.0901179133858268
20
3.6992521653543307
11
-2.091312716535433
21
3.7010403149606299
0
LINE
8
BLACK
6
CONTINUOUS
10
-2.091312716535433
20
3.7010403149606299
11
-2.0917322834645669
21
3.7031496062992124
0
LINE
8
BLACK
6
CONTINUOUS
10
-2.0917322834645669
20
3.7031496062992124
11
-2.0917322834645669
21
3.7141732283464566
0
LINE
8
BLACK
6
CONTINUOUS
10
-2.0917322834645669
20
3.7141732283464566
11
-2.091312716535433
21
3.7162825196850391
0
LINE
8
BLACK
6
CONTINUOUS
10
-2.091312716535433
20
3.7162825196850391
11
-2.0901179133858268
21
3.7180706692913383
0
LINE
8
BLACK
6
CONTINUOUS
10
-2.0901179133858268
20
3.7180706692913383
11
-2.0883297637795275
21
3.7192654724409446
0
LINE
8
BLACK
6
CONTINUOUS
10
-2.0883297637795275
20
3.7192654724409446
11
-2.086220472440945
21
3.7196850393700784
0
LINE
8
BLACK
6
CONTINUOUS
10
-2.086220472440945
20
3.7196850393700784
11
-2.0829070078740157
21
3.7196850393700784
0
LINE
8
BLACK
6
CONTINUOUS
10
-2.0829070078740157
20
3.7196850393700784
11
-2.0829070078740157
21
3.7222803149606301
0
LINE
8
BLACK
6
CONTINUOUS
10
-2.0829070078740157
20
3.7222803149606301
11
-2.0816023228346454
21
3.7305177559055118
0
LINE
8
BLACK
6
CONTINUOUS
10
-2.0816023228346454
20
3.7305177559055118
11
-2.0800052362204724
21
3.7354330708661418
0
LINE
8
BLACK
6
CONTINUOUS
10
-2.0800052362204724
20
3.7354330708661418
11
-2.086220472440945
21
3.7354330708661418
0
LINE
8
BLACK
6
CONTINUOUS
10
-2.086220472440945
20
3.7354330708661418
11
-2.0883297637795275
21
3.7358526377952757
0
LINE
8
BLACK
6
CONTINUOUS
10
-2.0883297637795275
20
3.7358526377952757
11
-2.0901179133858268
21
3.7370474409448819
0
LINE
8
BLACK
6
CONTINUOUS
10
-2.0901179133858268
20
3.7370474409448819
11
-2.091312716535433
21
3.7388355905511812
0
LINE
8
BLACK
6
CONTINUOUS
10
-2.091312716535433
20
3.7388355905511812
11
-2.0917322834645669
21
3.7409448818897637
0
LINE
8
BLACK
6
CONTINUOUS
10
-2.0917322834645669
20
3.7409448818897637
11
-2.0917322834645669
21
3.7519685039370079
0
LINE
8
BLACK
6
CONTINUOUS
10
-2.0917322834645669
20
3.7519685039370079
11
-2.091312716535433
21
3.7540777952755904
0
LINE
8
BLACK
6
CONTINUOUS
10
-2.091312716535433
20
3.7540777952755904
11
-2.0901179133858268
21
3.7558659448818896
0
LINE
8
BLACK
6
CONTINUOUS
10
-2.0901179133858268
20
3.7558659448818896
11
-2.0883297637795275
21
3.7570607480314959
0
LINE
8
BLACK
6
CONTINUOUS
10
-2.0883297637795275
20
3.7570607480314959
11
-2.086220472440945
21
3.7574803149606297
0
LINE
8
BLACK
6
CONTINUOUS
10
-2.086220472440945
20
3.7574803149606297
11
-2.0728346456692912
21
3.7574803149606297
0
LINE
8
BLACK
6
CONTINUOUS
10
-2.0728346456692912
20
3.7574803149606297
11
-2.0707253543307087
21
3.7570607480314959
0
LINE
8
BLACK
6
CONTINUOUS
10
-2.0707253543307087
20
3.7570607480314959
11
-2.0689372047244095
21
3.7558659448818896
0
LINE
8
BLACK
6
CONTINUOUS
10
-2.0689372047244095
20
3.7558659448818896
11
-2.0682008267716534
21
3.7547638976377953
0
LINE
8
BLACK
6
CONTINUOUS
10
-2.0682008267716534
20
3.7547638976377953
11
-2.0644391732283465
21
3.7585255118110235
0
LINE
8
BLACK
6
CONTINUOUS
10
-2.0644391732283465
20
3.7585255118110235
11
-2.0576918503937009
21
3.7634277165354328
0
LINE
8
BLACK
6
CONTINUOUS
10
-2.0576918503937009
20
3.7634277165354328
11
-2.050260748031496
21
3.7672140551181101
0
LINE
8
BLACK
6
CONTINUOUS
10
-2.050260748031496
20
3.7672140551181101
11
-2.0423287795275589
21
3.7697912992125984
0
LINE
8
BLACK
6
CONTINUOUS
10
-2.0423287795275589
20
3.7697912992125984
11
-2.0340913385826771
21
3.7710959842519682
0
LINE
8
BLACK
6
CONTINUOUS
10
-2.0340913385826771
20
3.7710959842519682
11
-2.0257511811023621
21
3.7710959842519682
0
LINE
8
BLACK
6
CONTINUOUS
10
-2.0257511811023621
20
3.7710959842519682
11
-2.0175137401574803
21
3.7697912992125984
0
LINE
8
BLACK
6
CONTINUOUS
10
-2.0175137401574803
20
3.7697912992125984
11
-2.0095817716535431
21
3.7672140551181101
0
LINE
8
BLACK
6
CONTINUOUS
10
-2.0095817716535431
20
3.7672140551181101
11
-2.0021506692913387
21
3.7634277165354328
0
LINE
8
BLACK
6
CONTINUOUS
10
-2.0021506692913387
20
3.7634277165354328
11
-1.9954033464566929
21
3.7585255118110235
0
LINE
8
BLACK
6
CONTINUOUS
10
-1.9954033464566929
20
3.7585255118110235
11
-1.9895059842519685
21
3.752628149606299
0
LINE
8
BLACK
6
CONTINUOUS
10
-1.9895059842519685
20
3.752628149606299
11
-1.9846037795275591
21
3.7458808267716535
0
LINE
8
BLACK
6
CONTINUOUS
10
-1.9846037795275591
20
3.7458808267716535
11
-1.9808174409448818
21
3.7384497244094486
0
LINE
8
BLACK
6
CONTINUOUS
10
-1.9808174409448818
20
3.7384497244094486
11
-1.9782401968503938
21
3.7305177559055118
0
LINE
8
BLACK
6
CONTINUOUS
10
-1.9782401968503938
20
3.7305177559055118
11
-1.9769355118110237
21
3.7222803149606301
0
LINE
8
BLACK
6
CONTINUOUS
10
-1.9769355118110237
20
3.7222803149606301
11
-1.9769355118110237
21
3.713940157480315
0
LINE
8
BLACK
6
CONTINUOUS
10
-1.9769355118110237
20
3.713940157480315
11
-1.9782401968503938
21
3.7057027165354328
0
LINE
8
BLACK
6
CONTINUOUS
10
-1.9782401968503938
20
3.7057027165354328
11
-1.9808174409448818
21
3.6977707480314961
0
LINE
8
BLACK
6
CONTINUOUS
10
-1.9808174409448818
20
3.6977707480314961
11
-1.9846037795275591
21
3.6903396456692912
0
LINE
8
BLACK
6
CONTINUOUS
10
-1.9846037795275591
20
3.6903396456692912
11
-1.9895059842519685
21
3.6835923228346457
0
LINE
8
BLACK
6
CONTINUOUS
10
-1.9895059842519685
20
3.6835923228346457
11
-1.9954033464566929
21
3.6776949606299212
0
LINE
8
BLACK
6
CONTINUOUS
10
-1.9954033464566929
20
3.6776949606299212
11
-2.0021506692913387
21
3.6727927559055118
0
LINE
8
BLACK
6
CONTINUOUS
10
-2.0021506692913387
20
3.6727927559055118
11
-2.0095817716535431
21
3.6690064173228345
0
LINE
8
BLACK
6
CONTINUOUS
10
-2.0095817716535431
20
3.6690064173228345
11
-2.0175137401574803
21
3.6664291732283463
0
LINE
8
BLACK
6
CONTINUOUS
10
-2.0175137401574803
20
3.6664291732283463
11
-2.0257511811023621
21
3.6651244881889764
0
LINE
8
BLACK
6
CONTINUOUS
10
-2.0257511811023621
20
3.6651244881889764
11
-2.0303149606299211
21
3.6651244881889764
0
LINE
8
BLACK
6
CONTINUOUS
10
-2.0303149606299211
20
3.6651244881889764
11
-2.0303149606299211
21
3.6498031496062993
0
LINE
8
BLACK
6
CONTINUOUS
10
-2.0303149606299211
20
3.6498031496062993
11
-2.0306146456692913
21
3.648296535433071
0
LINE
8
BLACK
6
CONTINUOUS
10
-2.0306146456692913
20
3.648296535433071
11
-2.0314680708661417
21
3.6470192519685041
0
LINE
8
BLACK
6
CONTINUOUS
10
-2.0314680708661417
20
3.6470192519685041
11
-2.0327453543307086
21
3.6461658267716532
0
LINE
8
BLACK
6
CONTINUOUS
10
-2.0327453543307086
20
3.6461658267716532
11
-2.0342519685039369
21
3.6458661417322835
0
LINE
8
BLACK
6
CONTINUOUS
10
-2.0342519685039369
20
3.6458661417322835
11
-2.035236220472441
21
3.6458661417322835
0
LINE
8
BLACK
6
CONTINUOUS
10
-2.035236220472441
20
3.6458661417322835
11
-2.035236220472441
21
3.6429543700787401
0
LINE
8
BLACK
6
CONTINUOUS
10
-2.035236220472441
20
3.6429543700787401
11
-2.0352929527559054
21
3.6423783070866143
0
LINE
8
BLACK
6
CONTINUOUS
10
-2.0352929527559054
20
3.6423783070866143
11
-2.0357338582677165
21
3.641313897637795
0
LINE
8
BLACK
6
CONTINUOUS
10
-2.0357338582677165
20
3.641313897637795
11
-2.0361010629921261
21
3.6408664566929132
0
LINE
8
BLACK
6
CONTINUOUS
10
-2.0361010629921261
20
3.6408664566929132
11
-2.0420475590551179
21
3.6349199606299214
0
LINE
8
BLACK
6
CONTINUOUS
10
-2.0420475590551179
20
3.6349199606299214
11
-2.0424950000000002
21
3.6345527559055117
0
LINE
8
BLACK
6
CONTINUOUS
10
-2.0424950000000002
20
3.6345527559055117
11
-2.043559409448819
21
3.6341118503937007
0
LINE
8
BLACK
6
CONTINUOUS
10
-2.043559409448819
20
3.6341118503937007
11
-2.0441354724409448
21
3.6340551181102363
0
LINE
8
BLACK
6
CONTINUOUS
10
-2.0441354724409448
20
3.6340551181102363
11
-2.0991716141732284
21
3.6340551181102363
0
LINE
8
BLACK
6
CONTINUOUS
10
-2.0991716141732284
20
3.6340551181102363
11
-2.0997476771653543
21
3.6341118503937007
0
LINE
8
BLACK
6
CONTINUOUS
10
-2.0997476771653543
20
3.6341118503937007
11
-2.1008120866141731
21
3.6345527559055117
0
LINE
8
BLACK
6
CONTINUOUS
10
-2.1008120866141731
20
3.6345527559055117
11
-2.1012595275590549
21
3.6349199606299214
0
LINE
8
BLACK
6
CONTINUOUS
10
-2.1012595275590549
20
3.6349199606299214
11
-2.1505915354330707
21
3.6842519685039368
0
LINE
8
BLACK
6
CONTINUOUS
10
-2.1505915354330707
20
3.6842519685039368
11
-2.1769685039370077
21
3.6842519685039368
0
LINE
8
BLACK
6
CONTINUOUS
10
-2.1769685039370077
20
3.6842519685039368
11
-2.177544566929134
21
3.6843087007874016
0
LINE
8
BLACK
6
CONTINUOUS
10
-2.177544566929134
20
3.6843087007874016
11
-2.1786089763779528
21
3.6847496062992127
0
LINE
8
BLACK
6
CONTINUOUS
10
-2.1786089763779528
20
3.6847496062992127
11
-2.1790564173228346
21
3.6851168110236219
0
LINE
8
BLACK
6
CONTINUOUS
10
-2.1790564173228346
20
3.6851168110236219
11
-2.1829934251968504
21
3.6890538188976376
0
LINE
8
BLACK
6
CONTINUOUS
10
-2.1829934251968504
20
3.6890538188976376
11
-2.18336062992126
21
3.6895012598425194
0
LINE
8
BLACK
6
CONTINUOUS
10
-2.18336062992126
20
3.6895012598425194
11
-2.1838015354330707
21
3.6905656692913387
0
LINE
8
BLACK
6
CONTINUOUS
10
-2.1838015354330707
20
3.6905656692913387
11
-2.1838582677165355
21
3.6911417322834645
0
LINE
8
BLACK
6
CONTINUOUS
10
-2.1838582677165355
20
3.6911417322834645
11
-2.1838582677165355
21
3.7096037007874014
0
LINE
8
BLACK
6
CONTINUOUS
10
-2.1838582677165355
20
3.7096037007874014
11
-2.2022950393700786
21
3.7280404724409446
0
LINE
8
BLACK
6
CONTINUOUS
10
-2.2022950393700786
20
3.7280404724409446
11
-2.2026622440944883
21
3.7284879133858269
0
LINE
8
BLACK
6
CONTINUOUS
10
-2.2026622440944883
20
3.7284879133858269
11
-2.2031031496062994
21
3.7295523622047244
0
LINE
8
BLACK
6
CONTINUOUS
10
-2.2031031496062994
20
3.7295523622047244
11
-2.2031598818897637
21
3.7301283858267715
0
LINE
8
BLACK
6
CONTINUOUS
10
-2.2031598818897637
20
3.7301283858267715
11
-2.2031598818897637
21
3.7555090944881888
0
LINE
8
BLACK
6
CONTINUOUS
10
-2.2031598818897637
20
3.7555090944881888
11
-2.2470602362204724
21
3.7994094488188974
0
LINE
8
BLACK
6
CONTINUOUS
10
-2.2470602362204724
20
3.7994094488188974
11
-2.3342100000000001
21
3.7994094488188974
0
LINE
8
BLACK
6
CONTINUOUS
10
-2.3342100000000001
20
3.7994094488188974
11
-2.336173307086614
21
3.7974461811023623
0
LINE
8
BLACK
6
CONTINUOUS
10
-2.336173307086614
20
3.7974461811023623
11
-2.33558437007874
21
3.7960243307086614
0
LINE
8
BLACK
6
CONTINUOUS
10
-2.33558437007874
20
3.7960243307086614
11
-2.33558437007874
21
3.7929520472440945
0
LINE
8
BLACK
6
CONTINUOUS
10
-2.33558437007874
20
3.7929520472440945
11
-2.3367600787401575
21
3.7901136220472442
0
LINE
8
BLACK
6
CONTINUOUS
10
-2.3367600787401575
20
3.7901136220472442
11
-2.3389325196850392
21
3.787941181102362
0
LINE
8
BLACK
6
CONTINUOUS
10
-2.3389325196850392
20
3.787941181102362
11
-2.3417709448818895
21
3.786765472440945
0
LINE
8
BLACK
6
CONTINUOUS
10
-2.3417709448818895
20
3.786765472440945
11
-2.3448432283464564
21
3.786765472440945
0
LINE
8
BLACK
6
CONTINUOUS
10
-2.3448432283464564
20
3.786765472440945
11
-2.3476816535433072
21
3.787941181102362
0
LINE
8
BLACK
6
CONTINUOUS
10
-2.3476816535433072
20
3.787941181102362
11
-2.3498540944881889
21
3.7901136220472442
0
LINE
8
BLACK
6
CONTINUOUS
10
-2.3498540944881889
20
3.7901136220472442
11
-2.3510298031496064
21
3.7929520472440945
0
LINE
8
BLACK
6
CONTINUOUS
10
-2.3510298031496064
20
3.7929520472440945
11
-2.3510298031496064
21
3.7960243307086614
0
LINE
8
BLACK
6
CONTINUOUS
10
-2.3510298031496064
20
3.7960243307086614
11
-2.3498540944881889
21
3.7988627559055117
0
LINE
8
BLACK
6
CONTINUOUS
10
-2.3498540944881889
20
3.7988627559055117
11
-2.3476816535433072
21
3.8010351968503935
0
LINE
8
BLACK
6
CONTINUOUS
10
-2.3476816535433072
20
3.8010351968503935
11
-2.3448432283464564
21
3.802210905511811
0
LINE
8
BLACK
6
CONTINUOUS
10
-2.3448432283464564
20
3.802210905511811
11
-2.3417709448818895
21
3.802210905511811
0
LINE
8
BLACK
6
CONTINUOUS
10
-2.3417709448818895
20
3.802210905511811
11
-2.3403491338582678
21
3.8016220078740157
0
LINE
8
BLACK
6
CONTINUOUS
10
-2.3403491338582678
20
3.8016220078740157
11
-2.3375209842519684
21
3.8044501181102359
0
LINE
8
BLACK
6
CONTINUOUS
10
-2.3375209842519684
20
3.8044501181102359
11
-2.3370735039370079
21
3.8048173622047243
0
LINE
8
BLACK
6
CONTINUOUS
10
-2.3370735039370079
20
3.8048173622047243
11
-2.3364500000000001
21
3.8050756299212596
0
LINE
8
BLACK
6
CONTINUOUS
10
-2.3364500000000001
20
3.8050756299212596
11
-2.3360091338582678
21
3.8052582283464567
0
LINE
8
BLACK
6
CONTINUOUS
10
-2.3360091338582678
20
3.8052582283464567
11
-2.3354330708661415
21
3.805314960629921
0
LINE
8
BLACK
6
CONTINUOUS
10
-2.3354330708661415
20
3.805314960629921
11
-2.2458371653543305
21
3.805314960629921
0
LINE
8
BLACK
6
CONTINUOUS
10
-2.2458371653543305
20
3.805314960629921
11
-2.2452611023622047
21
3.8052582283464567
0
LINE
8
BLACK
6
CONTINUOUS
10
-2.2174542519685039
20
3.7161308661417323
11
-2.215729960629921
21
3.7149787007874013
0
LINE
8
BLACK
6
CONTINUOUS
10
-2.215729960629921
20
3.7149787007874013
11
-2.2145777952755905
21
3.7132544094488189
0
LINE
8
BLACK
6
CONTINUOUS
10
-2.2145777952755905
20
3.7132544094488189
11
-2.2141732283464566
21
3.711220472440945
0
LINE
8
BLACK
6
CONTINUOUS
10
-2.2141732283464566
20
3.711220472440945
11
-2.2141732283464566
21
3.6966535433070864
0
LINE
8
BLACK
6
CONTINUOUS
10
-2.2141732283464566
20
3.6966535433070864
11
-2.2145777952755905
21
3.6946196062992125
0
LINE
8
BLACK
6
CONTINUOUS
10
-2.2145777952755905
20
3.6946196062992125
11
-2.215729960629921
21
3.6928953149606296
0
LINE
8
BLACK
6
CONTINUOUS
10
-2.215729960629921
20
3.6928953149606296
11
-2.2174542519685039
21
3.6917431496062991
0
LINE
8
BLACK
6
CONTINUOUS
10
-2.2174542519685039
20
3.6917431496062991
11
-2.2194881889763778
21
3.6913385826771652
0
LINE
8
BLACK
6
CONTINUOUS
10
-2.2194881889763778
20
3.6913385826771652
11
-2.2218503937007874
21
3.6913385826771652
0
LINE
8
BLACK
6
CONTINUOUS
10
-2.2218503937007874
20
3.6913385826771652
11
-2.2218503937007874
21
3.6772073228346458
0
LINE
8
BLACK
6
CONTINUOUS
10
-2.2218503937007874
20
3.6772073228346458
11
-2.2144998031496064
21
3.6698567322834643
0
LINE
8
BLACK
6
CONTINUOUS
10
-2.2144998031496064
20
3.6698567322834643
11
-2.2142012204724408
21
3.6703035826771653
0
LINE
8
BLACK
6
CONTINUOUS
10
-2.2142012204724408
20
3.6703035826771653
11
-2.2129239370078739
21
3.6711570078740157
0
LINE
8
BLACK
6
CONTINUOUS
10
-2.2129239370078739
20
3.6711570078740157
11
-2.2114173228346456
21
3.6714566929133858
0
LINE
8
BLACK
6
CONTINUOUS
10
-2.2114173228346456
20
3.6714566929133858
11
-2.2035433070866142
21
3.6714566929133858
0
LINE
8
BLACK
6
CONTINUOUS
10
-2.2035433070866142
20
3.6714566929133858
11
-2.2020366929133859
21
3.6711570078740157
0
LINE
8
BLACK
6
CONTINUOUS
10
-2.2020366929133859
20
3.6711570078740157
11
-2.200759409448819
21
3.6703035826771653
0
LINE
8
BLACK
6
CONTINUOUS
10
-2.200759409448819
20
3.6703035826771653
11
-2.1999059842519686
21
3.6690262992125984
0
LINE
8
BLACK
6
CONTINUOUS
10
-2.1999059842519686
20
3.6690262992125984
11
-2.1996062992125984
21
3.6675196850393701
0
LINE
8
BLACK
6
CONTINUOUS
10
-2.1996062992125984
20
3.6675196850393701
11
-2.1996062992125984
21
3.6498031496062993
0
LINE
8
BLACK
6
CONTINUOUS
10
-2.1996062992125984
20
3.6498031496062993
11
-2.1999059842519686
21
3.648296535433071
0
LINE
8
BLACK
6
CONTINUOUS
10
-2.1999059842519686
20
3.648296535433071
11
-2.200759409448819
21
3.6470192519685041
0
LINE
8
BLACK
6
CONTINUOUS
10
-2.200759409448819
20
3.6470192519685041
11
-2.2020366929133859
21
3.6461658267716532
0
LINE
8
BLACK
6
CONTINUOUS
10
-2.2020366929133859
20
3.6461658267716532
11
-2.2035433070866142
21
3.6458661417322835
0
LINE
8
BLACK
6
CONTINUOUS
10
-2.2035433070866142
20
3.6458661417322835
11
-2.2114173228346456
21
3.6458661417322835
0
LINE
8
BLACK
6
CONTINUOUS
10
-2.2114173228346456
20
3.6458661417322835
11
-2.2129239370078739
21
3.6461658267716532
0
LINE
8
BLACK
6
CONTINUOUS
10
-2.2129239370078739
20
3.6461658267716532
11
-2.2142012204724408
21
3.6470192519685041
0
LINE
8
BLACK
6
CONTINUOUS
10
-2.2142012204724408
20
3.6470192519685041
11
-2.2150546456692912
21
3.648296535433071
0
LINE
8
BLACK
6
CONTINUOUS
10
-2.2150546456692912
20
3.648296535433071
11
-2.2153543307086614
21
3.6498031496062993
0
LINE
8
BLACK
6
CONTINUOUS
10
-2.2153543307086614
20
3.6498031496062993
11
-2.2153543307086614
21
3.6623596062992125
0
LINE
8
BLACK
6
CONTINUOUS
10
-2.2153543307086614
20
3.6623596062992125
11
-2.2268910629921259
21
3.6738963385826771
0
LINE
8
BLACK
6
CONTINUOUS
10
-2.2268910629921259
20
3.6738963385826771
11
-2.2272582677165356
21
3.6743437795275589
0
LINE
8
BLACK
6
CONTINUOUS
10
-2.2272582677165356
20
3.6743437795275589
11
-2.2272747637795276
21
3.6743835826771654
0
LINE
8
BLACK
6
CONTINUOUS
10
-2.2272747637795276
20
3.6743835826771654
11
-2.2276991732283462
21
3.6754081889763777
0
LINE
8
BLACK
6
CONTINUOUS
10
-2.2276991732283462
20
3.6754081889763777
11
-2.227755905511811
21
3.675984251968504
0
LINE
8
BLACK
6
CONTINUOUS
10
-2.227755905511811
20
3.675984251968504
11
-2.227755905511811
21
3.6913385826771652
0
LINE
8
BLACK
6
CONTINUOUS
10
-2.227755905511811
20
3.6913385826771652
11
-2.2301181102362206
21
3.6913385826771652
0
LINE
8
BLACK
6
CONTINUOUS
10
-2.2301181102362206
20
3.6913385826771652
11
-2.2321520472440946
21
3.6917431496062991
0
LINE
8
BLACK
6
CONTINUOUS
10
-2.2321520472440946
20
3.6917431496062991
11
-2.233876338582677
21
3.6928953149606296
0
LINE
8
BLACK
6
CONTINUOUS
10
-2.233876338582677
20
3.6928953149606296
11
-2.2350285039370079
21
3.6946196062992125
0
LINE
8
BLACK
6
CONTINUOUS
10
-2.2350285039370079
20
3.6946196062992125
11
-2.2354330708661418
21
3.6966535433070864
0
LINE
8
BLACK
6
CONTINUOUS
10
-2.2354330708661418
20
3.6966535433070864
11
-2.2354330708661418
21
3.711220472440945
0
LINE
8
BLACK
6
CONTINUOUS
10
-2.2354330708661418
20
3.711220472440945
11
-2.2350285039370079
21
3.7132544094488189
0
LINE
8
BLACK
6
CONTINUOUS
10
-2.2350285039370079
20
3.7132544094488189
11
-2.233876338582677
21
3.7149787007874013
0
LINE
8
BLACK
6
CONTINUOUS
10
-2.233876338582677
20
3.7149787007874013
11
-2.2321520472440946
21
3.7161308661417323
0
LINE
8
BLACK
6
CONTINUOUS
10
-2.2321520472440946
20
3.7161308661417323
11
-2.2301181102362206
21
3.7165354330708662
0
LINE
8
BLACK
6
CONTINUOUS
10
-2.2301181102362206
20
3.7165354330708662
11
-2.2194881889763778
21
3.7165354330708662
0
LINE
8
BLACK
6
CONTINUOUS
10
-2.2194881889763778
20
3.7165354330708662
11
-2.2174542519685039
21
3.7161308661417323
0
LINE
8
BLACK
6
CONTINUOUS
10
-2.1764461417322836
20
3.6711570078740157
11
-2.1751688582677167
21
3.6703035826771653
0
LINE
8
BLACK
6
CONTINUOUS
10
-2.1751688582677167
20
3.6703035826771653
11
-2.1743154330708663
21
3.6690262992125984
0
LINE
8
BLACK
6
CONTINUOUS
10
-2.1743154330708663
20
3.6690262992125984
11
-2.1740157480314961
21
3.6675196850393701
0
LINE
8
BLACK
6
CONTINUOUS
10
-2.1740157480314961
20
3.6675196850393701
11
-2.1740157480314961
21
3.6498031496062993
0
LINE
8
BLACK
6
CONTINUOUS
10
-2.1740157480314961
20
3.6498031496062993
11
-2.1743154330708663
21
3.648296535433071
0
LINE
8
BLACK
6
CONTINUOUS
10
-2.1743154330708663
20
3.648296535433071
11
-2.1751688582677167
21
3.6470192519685041
0
LINE
8
BLACK
6
CONTINUOUS
10
-2.1751688582677167
20
3.6470192519685041
11
-2.1764461417322836
21
3.6461658267716532
0
LINE
8
BLACK
6
CONTINUOUS
10
-2.1764461417322836
20
3.6461658267716532
11
-2.1779527559055119
21
3.6458661417322835
0
LINE
8
BLACK
6
CONTINUOUS
10
-2.1779527559055119
20
3.6458661417322835
11
-2.1858267716535433
21
3.6458661417322835
0
LINE
8
BLACK
6
CONTINUOUS
10
-2.1858267716535433
20
3.6458661417322835
11
-2.1873333858267716
21
3.6461658267716532
0
LINE
8
BLACK
6
CONTINUOUS
10
-2.1873333858267716
20
3.6461658267716532
11
-2.1886106692913385
21
3.6470192519685041
0
LINE
8
BLACK
6
CONTINUOUS
10
-2.1886106692913385
20
3.6470192519685041
11
-2.1894640944881889
21
3.648296535433071
0
LINE
8
BLACK
6
CONTINUOUS
10
-2.1894640944881889
20
3.648296535433071
11
-2.1897637795275591
21
3.6498031496062993
0
LINE
8
BLACK
6
CONTINUOUS
10
-2.1897637795275591
20
3.6498031496062993
11
-2.1897637795275591
21
3.6675196850393701
0
LINE
8
BLACK
6
CONTINUOUS
10
-2.1897637795275591
20
3.6675196850393701
11
-2.1894640944881889
21
3.6690262992125984
0
LINE
8
BLACK
6
CONTINUOUS
10
-2.1894640944881889
20
3.6690262992125984
11
-2.1886106692913385
21
3.6703035826771653
0
LINE
8
BLACK
6
CONTINUOUS
10
-2.1886106692913385
20
3.6703035826771653
11
-2.1873333858267716
21
3.6711570078740157
0
LINE
8
BLACK
6
CONTINUOUS
10
-2.1873333858267716
20
3.6711570078740157
11
-2.1858267716535433
21
3.6714566929133858
0
LINE
8
BLACK
6
CONTINUOUS
10
-2.1858267716535433
20
3.6714566929133858
11
-2.1779527559055119
21
3.6714566929133858
0
LINE
8
BLACK
6
CONTINUOUS
10
-2.1779527559055119
20
3.6714566929133858
11
-2.1764461417322836
21
3.6711570078740157
0
LINE
8
BLACK
6
CONTINUOUS
10
-2.1508555905511813
20
3.6711570078740157
11
-2.1495783070866139
21
3.6703035826771653
0
LINE
8
BLACK
6
CONTINUOUS
10
-2.1495783070866139
20
3.6703035826771653
11
-2.1487248818897635
21
3.6690262992125984
0
LINE
8
BLACK
6
CONTINUOUS
10
-2.1487248818897635
20
3.6690262992125984
11
-2.1484251968503938
21
3.6675196850393701
0
LINE
8
BLACK
6
CONTINUOUS
10
-2.1484251968503938
20
3.6675196850393701
11
-2.1484251968503938
21
3.6617089763779527
0
LINE
8
BLACK
6
CONTINUOUS
10
-2.1484251968503938
20
3.6617089763779527
11
-2.1477837007874014
21
3.6610674803149608
0
LINE
8
BLACK
6
CONTINUOUS
10
-2.1477837007874014
20
3.6610674803149608
11
-2.1466079921259844
21
3.65822905511811
0
LINE
8
BLACK
6
CONTINUOUS
10
-2.1466079921259844
20
3.65822905511811
11
-2.1466079921259844
21
3.6551567716535431
0
LINE
8
BLACK
6
CONTINUOUS
10
-2.1466079921259844
20
3.6551567716535431
11
-2.1477837007874014
21
3.6523183464566928
0
LINE
8
BLACK
6
CONTINUOUS
10
-2.1477837007874014
20
3.6523183464566928
11
-2.1484251968503938
21
3.6516768503937005
0
LINE
8
BLACK
6
CONTINUOUS
10
-2.1484251968503938
20
3.6516768503937005
11
-2.1484251968503938
21
3.6498031496062993
0
LINE
8
BLACK
6
CONTINUOUS
10
-2.1484251968503938
20
3.6498031496062993
11
-2.1487248818897635
21
3.648296535433071
0
LINE
8
BLACK
6
CONTINUOUS
10
-2.1487248818897635
20
3.648296535433071
11
-2.1495783070866139
21
3.6470192519685041
0
LINE
8
BLACK
6
CONTINUOUS
10
-2.1495783070866139
20
3.6470192519685041
11
-2.1508555905511813
21
3.6461658267716532
0
LINE
8
BLACK
6
CONTINUOUS
10
-2.1508555905511813
20
3.6461658267716532
11
-2.1523622047244095
21
3.6458661417322835
0
LINE
8
BLACK
6
CONTINUOUS
10
-2.1523622047244095
20
3.6458661417322835
11
-2.160236220472441
21
3.6458661417322835
0
LINE
8
BLACK
6
CONTINUOUS
10
-2.160236220472441
20
3.6458661417322835
11
-2.1617428346456693
21
3.6461658267716532
0
LINE
8
BLACK
6
CONTINUOUS
10
-2.1617428346456693
20
3.6461658267716532
11
-2.1630201181102362
21
3.6470192519685041
0
LINE
8
BLACK
6
CONTINUOUS
10
-2.1630201181102362
20
3.6470192519685041
11
-2.1638735433070866
21
3.648296535433071
0
LINE
8
BLACK
6
CONTINUOUS
10
-2.1638735433070866
20
3.648296535433071
11
-2.1641732283464568
21
3.6498031496062993
0
LINE
8
BLACK
6
CONTINUOUS
10
-2.1641732283464568
20
3.6498031496062993
11
-2.1641732283464568
21
3.6675196850393701
0
LINE
8
BLACK
6
CONTINUOUS
10
-2.1641732283464568
20
3.6675196850393701
11
-2.1638735433070866
21
3.6690262992125984
0
LINE
8
BLACK
6
CONTINUOUS
10
-2.1638735433070866
20
3.6690262992125984
11
-2.1630201181102362
21
3.6703035826771653
0
LINE
8
BLACK
6
CONTINUOUS
10
-2.1630201181102362
20
3.6703035826771653
11
-2.1617428346456693
21
3.6711570078740157
0
LINE
8
BLACK
6
CONTINUOUS
10
-2.1617428346456693
20
3.6711570078740157
11
-2.160236220472441
21
3.6714566929133858
0
LINE
8
BLACK
6
CONTINUOUS
10
-2.160236220472441
20
3.6714566929133858
11
-2.1523622047244095
21
3.6714566929133858
0
LINE
8
BLACK
6
CONTINUOUS
10
-2.1523622047244095
20
3.6714566929133858
11
-2.1508555905511813
21
3.6711570078740157
0
LINE
8
BLACK
6
CONTINUOUS
10
-2.3389325196850392
20
3.8837123622047245
11
-2.3367600787401575
21
3.8815399212598423
0
LINE
8
BLACK
6
CONTINUOUS
10
-2.3367600787401575
20
3.8815399212598423
11
-2.33558437007874
21
3.878701496062992
0
LINE
8
BLACK
6
CONTINUOUS
10
-2.33558437007874
20
3.878701496062992
11
-2.33558437007874
21
3.8756292125984251
0
LINE
8
BLACK
6
CONTINUOUS
10
-2.33558437007874
20
3.8756292125984251
11
-2.3367600787401575
21
3.8727907874015748
0
LINE
8
BLACK
6
CONTINUOUS
10
-2.3367600787401575
20
3.8727907874015748
11
-2.3389325196850392
21
3.870618346456693
0
LINE
8
BLACK
6
CONTINUOUS
10
-2.3389325196850392
20
3.870618346456693
11
-2.3403543307086614
21
3.8700294488188978
0
LINE
8
BLACK
6
CONTINUOUS
10
-2.3403543307086614
20
3.8700294488188978
11
-2.3403543307086614
21
3.8171259842519683
0
LINE
8
BLACK
6
CONTINUOUS
10
-2.3403543307086614
20
3.8171259842519683
11
-2.2409448818897637
21
3.8171259842519683
0
LINE
8
BLACK
6
CONTINUOUS
10
-2.2409448818897637
20
3.8171259842519683
11
-2.2403688188976378
21
3.8170692519685039
0
LINE
8
BLACK
6
CONTINUOUS
10
-2.2403688188976378
20
3.8170692519685039
11
-2.239304409448819
21
3.8166283464566928
0
LINE
8
BLACK
6
CONTINUOUS
10
-2.239304409448819
20
3.8166283464566928
11
-2.2388569685039368
21
3.8162611417322836
0
LINE
8
BLACK
6
CONTINUOUS
10
-2.2388569685039368
20
3.8162611417322836
11
-2.1772427559055116
21
3.754646929133858
0
LINE
8
BLACK
6
CONTINUOUS
10
-2.1772427559055116
20
3.754646929133858
11
-2.1768755118110237
21
3.7541994488188974
0
LINE
8
BLACK
6
CONTINUOUS
10
-2.1768755118110237
20
3.7541994488188974
11
-2.1767250393700786
21
3.7538361417322834
0
LINE
8
BLACK
6
CONTINUOUS
10
-2.1767250393700786
20
3.7538361417322834
11
-2.1764346456692913
21
3.7531350787401574
0
LINE
8
BLACK
6
CONTINUOUS
10
-2.1764346456692913
20
3.7531350787401574
11
-2.1763779133858265
21
3.7525590157480315
0
LINE
8
BLACK
6
CONTINUOUS
10
-2.1763779133858265
20
3.7525590157480315
11
-2.1763779133858265
21
3.7305537401574802
0
LINE
8
BLACK
6
CONTINUOUS
10
-2.1763779133858265
20
3.7305537401574802
11
-2.1650898031496064
21
3.7192656299212596
0
LINE
8
BLACK
6
CONTINUOUS
10
-2.1650898031496064
20
3.7192656299212596
11
-2.1649605905511811
21
3.7192912992125984
0
LINE
8
BLACK
6
CONTINUOUS
10
-2.1649605905511811
20
3.7192912992125984
11
-2.1515747637795277
21
3.7192912992125984
0
LINE
8
BLACK
6
CONTINUOUS
10
-2.1515747637795277
20
3.7192912992125984
11
-2.1494654724409448
21
3.7188717322834646
0
LINE
8
BLACK
6
CONTINUOUS
10
-2.1494654724409448
20
3.7188717322834646
11
-2.1476773228346455
21
3.7176769291338583
0
LINE
8
BLACK
6
CONTINUOUS
10
-2.1476773228346455
20
3.7176769291338583
11
-2.1464825196850392
21
3.715888779527559
0
LINE
8
BLACK
6
CONTINUOUS
10
-2.1464825196850392
20
3.715888779527559
11
-2.1460629527559054
21
3.7137794881889761
0
LINE
8
BLACK
6
CONTINUOUS
10
-2.1460629527559054
20
3.7137794881889761
11
-2.1460629527559054
21
3.7112204330708662
0
LINE
8
BLACK
6
CONTINUOUS
10
-2.1460629527559054
20
3.7112204330708662
11
-2.131496062992126
21
3.7112204330708662
0
LINE
8
BLACK
6
CONTINUOUS
10
-2.131496062992126
20
3.7112204330708662
11
-2.131496062992126
21
3.7124015354330706
0
LINE
8
BLACK
6
CONTINUOUS
10
-2.131496062992126
20
3.7124015354330706
11
-2.1310914960629921
21
3.714435472440945
0
LINE
8
BLACK
6
CONTINUOUS
10
-2.1310914960629921
20
3.714435472440945
11
-2.1299393307086611
21
3.7161597637795274
0
LINE
8
BLACK
6
CONTINUOUS
10
-2.1299393307086611
20
3.7161597637795274
11
-2.1282150393700787
21
3.7173119291338583
0
LINE
8
BLACK
6
CONTINUOUS
10
-2.1282150393700787
20
3.7173119291338583
11
-2.1261811023622048
21
3.7177164960629923
0
LINE
8
BLACK
6
CONTINUOUS
10
-2.1261811023622048
20
3.7177164960629923
11
-2.1116141732283462
21
3.7177164960629923
0
LINE
8
BLACK
6
CONTINUOUS
10
-2.1116141732283462
20
3.7177164960629923
11
-2.1095802362204723
21
3.7173119291338583
0
LINE
8
BLACK
6
CONTINUOUS
10
-2.1095802362204723
20
3.7173119291338583
11
-2.1078559448818899
21
3.7161597637795274
0
LINE
8
BLACK
6
CONTINUOUS
10
-2.1078559448818899
20
3.7161597637795274
11
-2.1067037795275589
21
3.714435472440945
0
LINE
8
BLACK
6
CONTINUOUS
10
-2.1067037795275589
20
3.714435472440945
11
-2.106299212598425
21
3.7124015354330706
0
LINE
8
BLACK
6
CONTINUOUS
10
-2.106299212598425
20
3.7124015354330706
11
-2.106299212598425
21
3.7017716141732282
0
LINE
8
BLACK
6
CONTINUOUS
10
-2.106299212598425
20
3.7017716141732282
11
-2.1067037795275589
21
3.6997376771653543
0
LINE
8
BLACK
6
CONTINUOUS
10
-2.1067037795275589
20
3.6997376771653543
11
-2.1069718110236222
21
3.6993365748031497
0
LINE
8
BLACK
6
CONTINUOUS
10
-2.1069718110236222
20
3.6993365748031497
11
-2.0872821653543308
21
3.6796469291338583
0
LINE
8
BLACK
6
CONTINUOUS
10
-2.0872821653543308
20
3.6796469291338583
11
-2.0869149606299211
21
3.6791994881889765
0
LINE
8
BLACK
6
CONTINUOUS
10
-2.0869149606299211
20
3.6791994881889765
11
-2.08647405511811
21
3.6781350787401572
0
LINE
8
BLACK
6
CONTINUOUS
10
-2.08647405511811
20
3.6781350787401572
11
-2.0864173228346456
21
3.6775590157480313
0
LINE
8
BLACK
6
CONTINUOUS
10
-2.0864173228346456
20
3.6775590157480313
11
-2.0864173228346456
21
3.6714566929133858
0
LINE
8
BLACK
6
CONTINUOUS
10
-2.0864173228346456
20
3.6714566929133858
11
-2.0854330708661415
21
3.6714566929133858
0
LINE
8
BLACK
6
CONTINUOUS
10
-2.0854330708661415
20
3.6714566929133858
11
-2.0839264566929132
21
3.6711570078740157
0
LINE
8
BLACK
6
CONTINUOUS
10
-2.0839264566929132
20
3.6711570078740157
11
-2.0826491732283463
21
3.6703035826771653
0
LINE
8
BLACK
6
CONTINUOUS
10
-2.0826491732283463
20
3.6703035826771653
11
-2.0817957480314959
21
3.6690262992125984
0
LINE
8
BLACK
6
CONTINUOUS
10
-2.0817957480314959
20
3.6690262992125984
11
-2.0814960629921258
21
3.6675196850393701
0
LINE
8
BLACK
6
CONTINUOUS
10
-2.0814960629921258
20
3.6675196850393701
11
-2.0814960629921258
21
3.6498031496062993
0
LINE
8
BLACK
6
CONTINUOUS
10
-2.0814960629921258
20
3.6498031496062993
11
-2.0817957480314959
21
3.648296535433071
0
LINE
8
BLACK
6
CONTINUOUS
10
-2.0817957480314959
20
3.648296535433071
11
-2.0826491732283463
21
3.6470192519685041
0
LINE
8
BLACK
6
CONTINUOUS
10
-2.0826491732283463
20
3.6470192519685041
11
-2.0839264566929132
21
3.6461658267716532
0
LINE
8
BLACK
6
CONTINUOUS
10
-2.0839264566929132
20
3.6461658267716532
11
-2.0854330708661415
21
3.6458661417322835
0
LINE
8
BLACK
6
CONTINUOUS
10
-2.0854330708661415
20
3.6458661417322835
11
-2.093307086614173
21
3.6458661417322835
0
LINE
8
BLACK
6
CONTINUOUS
10
-2.093307086614173
20
3.6458661417322835
11
-2.0948137007874017
21
3.6461658267716532
0
LINE
8
BLACK
6
CONTINUOUS
10
-2.0948137007874017
20
3.6461658267716532
11
-2.0960909842519686
21
3.6470192519685041
0
LINE
8
BLACK
6
CONTINUOUS
10
-2.0960909842519686
20
3.6470192519685041
11
-2.096944409448819
21
3.648296535433071
0
LINE
8
BLACK
6
CONTINUOUS
10
-2.096944409448819
20
3.648296535433071
11
-2.0972440944881887
21
3.6498031496062993
0
LINE
8
BLACK
6
CONTINUOUS
10
-2.0972440944881887
20
3.6498031496062993
11
-2.0972440944881887
21
3.6675196850393701
0
LINE
8
BLACK
6
CONTINUOUS
10
-2.0972440944881887
20
3.6675196850393701
11
-2.096944409448819
21
3.6690262992125984
0
LINE
8
BLACK
6
CONTINUOUS
10
-2.096944409448819
20
3.6690262992125984
11
-2.0960909842519686
21
3.6703035826771653
0
LINE
8
BLACK
6
CONTINUOUS
10
-2.0960909842519686
20
3.6703035826771653
11
-2.0948137007874017
21
3.6711570078740157
0
LINE
8
BLACK
6
CONTINUOUS
10
-2.0948137007874017
20
3.6711570078740157
11
-2.093307086614173
21
3.6714566929133858
0
LINE
8
BLACK
6
CONTINUOUS
10
-2.093307086614173
20
3.6714566929133858
11
-2.0923228346456693
21
3.6714566929133858
0
LINE
8
BLACK
6
CONTINUOUS
10
-2.0923228346456693
20
3.6714566929133858
11
-2.0923228346456693
21
3.6763359448818895
0
LINE
8
BLACK
6
CONTINUOUS
10
-2.0923228346456693
20
3.6763359448818895
11
-2.1124435433070867
21
3.696456653543307
0
LINE
8
BLACK
6
CONTINUOUS
10
-2.1124435433070867
20
3.696456653543307
11
-2.1261811023622048
21
3.696456653543307
0
LINE
8
BLACK
6
CONTINUOUS
10
-2.1261811023622048
20
3.696456653543307
11
-2.1282150393700787
21
3.6968612204724409
0
LINE
8
BLACK
6
CONTINUOUS
10
-2.1282150393700787
20
3.6968612204724409
11
-2.1299393307086611
21
3.6980133858267714
0
LINE
8
BLACK
6
CONTINUOUS
10
-2.1299393307086611
20
3.6980133858267714
11
-2.1310914960629921
21
3.6997376771653543
0
LINE
8
BLACK
6
CONTINUOUS
10
-2.1310914960629921
20
3.6997376771653543
11
-2.131496062992126
21
3.7017716141732282
0
LINE
8
BLACK
6
CONTINUOUS
10
-2.131496062992126
20
3.7017716141732282
11
-2.131496062992126
21
3.7053149212598426
0
LINE
8
BLACK
6
CONTINUOUS
10
-2.131496062992126
20
3.7053149212598426
11
-2.1460629527559054
21
3.7053149212598426
0
LINE
8
BLACK
6
CONTINUOUS
10
-2.1460629527559054
20
3.7053149212598426
11
-2.1460629527559054
21
3.7027558661417324
0
LINE
8
BLACK
6
CONTINUOUS
10
-2.1460629527559054
20
3.7027558661417324
11
-2.1464825196850392
21
3.7006465748031494
0
LINE
8
BLACK
6
CONTINUOUS
10
-2.1464825196850392
20
3.7006465748031494
11
-2.1476773228346455
21
3.6988584251968502
0
LINE
8
BLACK
6
CONTINUOUS
10
-2.1476773228346455
20
3.6988584251968502
11
-2.1494654724409448
21
3.6976636220472439
0
LINE
8
BLACK
6
CONTINUOUS
10
-2.1494654724409448
20
3.6976636220472439
11
-2.1515747637795277
21
3.6972440551181101
0
LINE
8
BLACK
6
CONTINUOUS
10
-2.1515747637795277
20
3.6972440551181101
11
-2.1649605905511811
21
3.6972440551181101
0
LINE
8
BLACK
6
CONTINUOUS
10
-2.1649605905511811
20
3.6972440551181101
11
-2.1670698818897636
21
3.6976636220472439
0
LINE
8
BLACK
6
CONTINUOUS
10
-2.1670698818897636
20
3.6976636220472439
11
-2.1688580314960628
21
3.6988584251968502
0
LINE
8
BLACK
6
CONTINUOUS
10
-2.1688580314960628
20
3.6988584251968502
11
-2.1700528346456691
21
3.7006465748031494
0
LINE
8
BLACK
6
CONTINUOUS
10
-2.1700528346456691
20
3.7006465748031494
11
-2.1704724015748029
21
3.7027558661417324
0
LINE
8
BLACK
6
CONTINUOUS
10
-2.1704724015748029
20
3.7027558661417324
11
-2.1704724015748029
21
3.7137794881889761
0
LINE
8
BLACK
6
CONTINUOUS
10
-2.1704724015748029
20
3.7137794881889761
11
-2.1700548031496063
21
3.7158789763779527
0
LINE
8
BLACK
6
CONTINUOUS
10
-2.1700548031496063
20
3.7158789763779527
11
-2.1814185826771655
21
3.7272427559055119
0
LINE
8
BLACK
6
CONTINUOUS
10
-2.1814185826771655
20
3.7272427559055119
11
-2.1817857874015747
21
3.7276901968503937
0
LINE
8
BLACK
6
CONTINUOUS
10
-2.1817857874015747
20
3.7276901968503937
11
-2.1822266929133858
21
3.7287546456692913
0
LINE
8
BLACK
6
CONTINUOUS
10
-2.1822266929133858
20
3.7287546456692913
11
-2.1822834251968501
21
3.7293306692913384
0
LINE
8
BLACK
6
CONTINUOUS
10
-2.1822834251968501
20
3.7293306692913384
11
-2.1822834251968501
21
3.7513359448818897
0
LINE
8
BLACK
6
CONTINUOUS
10
-2.1822834251968501
20
3.7513359448818897
11
-2.2421679527559055
21
3.8112204724409446
0
LINE
8
BLACK
6
CONTINUOUS
10
-2.2421679527559055
20
3.8112204724409446
11
-2.343307086614173
21
3.8112204724409446
0
LINE
8
BLACK
6
CONTINUOUS
10
-2.343307086614173
20
3.8112204724409446
11
-2.3438831496062993
21
3.8112772047244095
0
LINE
8
BLACK
6
CONTINUOUS
10
-2.3438831496062993
20
3.8112772047244095
11
-2.3449475590551181
21
3.8117181102362205
0
LINE
8
BLACK
6
CONTINUOUS
10
-2.3449475590551181
20
3.8117181102362205
11
-2.3457622047244095
21
3.8125327559055116
0
LINE
8
BLACK
6
CONTINUOUS
10
-2.3457622047244095
20
3.8125327559055116
11
-2.3462031102362206
21
3.8135971653543308
0
LINE
8
BLACK
6
CONTINUOUS
10
-2.3462031102362206
20
3.8135971653543308
11
-2.3462031102362206
21
3.8135972047244096
0
LINE
8
BLACK
6
CONTINUOUS
10
-2.3462031102362206
20
3.8135972047244096
11
-2.346259842519685
21
3.8141732283464567
0
LINE
8
BLACK
6
CONTINUOUS
10
-2.346259842519685
20
3.8141732283464567
11
-2.346259842519685
21
3.8700294488188978
0
LINE
8
BLACK
6
CONTINUOUS
10
-2.346259842519685
20
3.8700294488188978
11
-2.3476816535433072
21
3.870618346456693
0
LINE
8
BLACK
6
CONTINUOUS
10
-2.3476816535433072
20
3.870618346456693
11
-2.3498540944881889
21
3.8727907874015748
0
LINE
8
BLACK
6
CONTINUOUS
10
-2.3498540944881889
20
3.8727907874015748
11
-2.3510298031496064
21
3.8756292125984251
0
LINE
8
BLACK
6
CONTINUOUS
10
-2.3510298031496064
20
3.8756292125984251
11
-2.3510298031496064
21
3.878701496062992
0
LINE
8
BLACK
6
CONTINUOUS
10
-2.3510298031496064
20
3.878701496062992
11
-2.3498540944881889
21
3.8815399212598423
0
LINE
8
BLACK
6
CONTINUOUS
10
-2.3498540944881889
20
3.8815399212598423
11
-2.3476816535433072
21
3.8837123622047245
0
LINE
8
BLACK
6
CONTINUOUS
10
-2.3476816535433072
20
3.8837123622047245
11
-2.3448432283464564
21
3.8848880708661415
0
LINE
8
BLACK
6
CONTINUOUS
10
-2.3448432283464564
20
3.8848880708661415
11
-2.3417709448818895
21
3.8848880708661415
0
LINE
8
BLACK
6
CONTINUOUS
10
-2.3417709448818895
20
3.8848880708661415
11
-2.3389325196850392
21
3.8837123622047245
0
LINE
8
BLACK
6
CONTINUOUS
10
-2.060232440944882
20
3.6714566929133858
11
-2.0598425196850392
21
3.6714566929133858
0
LINE
8
BLACK
6
CONTINUOUS
10
-2.0598425196850392
20
3.6714566929133858
11
-2.0583359055118109
21
3.6711570078740157
0
LINE
8
BLACK
6
CONTINUOUS
10
-2.0583359055118109
20
3.6711570078740157
11
-2.057058622047244
21
3.6703035826771653
0
LINE
8
BLACK
6
CONTINUOUS
10
-2.057058622047244
20
3.6703035826771653
11
-2.0562051968503936
21
3.6690262992125984
0
LINE
8
BLACK
6
CONTINUOUS
10
-2.0562051968503936
20
3.6690262992125984
11
-2.0559055118110234
21
3.6675196850393701
0
LINE
8
BLACK
6
CONTINUOUS
10
-2.0559055118110234
20
3.6675196850393701
11
-2.0559055118110234
21
3.6498031496062993
0
LINE
8
BLACK
6
CONTINUOUS
10
-2.0559055118110234
20
3.6498031496062993
11
-2.0562051968503936
21
3.648296535433071
0
LINE
8
BLACK
6
CONTINUOUS
10
-2.0562051968503936
20
3.648296535433071
11
-2.057058622047244
21
3.6470192519685041
0
LINE
8
BLACK
6
CONTINUOUS
10
-2.057058622047244
20
3.6470192519685041
11
-2.0583359055118109
21
3.6461658267716532
0
LINE
8
BLACK
6
CONTINUOUS
10
-2.0583359055118109
20
3.6461658267716532
11
-2.0598425196850392
21
3.6458661417322835
0
LINE
8
BLACK
6
CONTINUOUS
10
-2.0598425196850392
20
3.6458661417322835
11
-2.0677165354330707
21
3.6458661417322835
0
LINE
8
BLACK
6
CONTINUOUS
10
-2.0677165354330707
20
3.6458661417322835
11
-2.0692231496062994
21
3.6461658267716532
0
LINE
8
BLACK
6
CONTINUOUS
10
-2.0692231496062994
20
3.6461658267716532
11
-2.0705004330708663
21
3.6470192519685041
0
LINE
8
BLACK
6
CONTINUOUS
10
-2.0705004330708663
20
3.6470192519685041
11
-2.0713538582677167
21
3.648296535433071
0
LINE
8
BLACK
6
CONTINUOUS
10
-2.0713538582677167
20
3.648296535433071
11
-2.0716535433070864
21
3.6498031496062993
0
LINE
8
BLACK
6
CONTINUOUS
10
-2.0716535433070864
20
3.6498031496062993
11
-2.0716535433070864
21
3.6675196850393701
0
LINE
8
BLACK
6
CONTINUOUS
10
-2.0716535433070864
20
3.6675196850393701
11
-2.0713538582677167
21
3.6690262992125984
0
LINE
8
BLACK
6
CONTINUOUS
10
-2.0713538582677167
20
3.6690262992125984
11
-2.0705004330708663
21
3.6703035826771653
0
LINE
8
BLACK
6
CONTINUOUS
10
-2.0705004330708663
20
3.6703035826771653
11
-2.0692231496062994
21
3.6711570078740157
0
LINE
8
BLACK
6
CONTINUOUS
10
-2.0692231496062994
20
3.6711570078740157
11
-2.0677165354330707
21
3.6714566929133858
0
LINE
8
BLACK
6
CONTINUOUS
10
-2.0677165354330707
20
3.6714566929133858
11
-2.0673266141732283
21
3.6714566929133858
0
LINE
8
BLACK
6
CONTINUOUS
10
-2.0673266141732283
20
3.6714566929133858
11
-2.0653156692913384
21
3.6722896456692911
0
LINE
8
BLACK
6
CONTINUOUS
10
-2.0653156692913384
20
3.6722896456692911
11
-2.0622433858267715
21
3.6722896456692911
0
LINE
8
BLACK
6
CONTINUOUS
10
-2.0622433858267715
20
3.6722896456692911
11
-2.060232440944882
21
3.6714566929133858
0
LINE
8
BLACK
6
CONTINUOUS
10
-2.2518277165354332
20
3.6743835826771654
11
-2.250039566929134
21
3.6731887795275591
0
LINE
8
BLACK
6
CONTINUOUS
10
-2.250039566929134
20
3.6731887795275591
11
-2.2488447637795277
21
3.6714006299212598
0
LINE
8
BLACK
6
CONTINUOUS
10
-2.2488447637795277
20
3.6714006299212598
11
-2.2484251968503934
21
3.6692913385826769
0
LINE
8
BLACK
6
CONTINUOUS
10
-2.2484251968503934
20
3.6692913385826769
11
-2.2484251968503934
21
3.6582677165354331
0
LINE
8
BLACK
6
CONTINUOUS
10
-2.2484251968503934
20
3.6582677165354331
11
-2.2488447637795277
21
3.6561584251968502
0
LINE
8
BLACK
6
CONTINUOUS
10
-2.2488447637795277
20
3.6561584251968502
11
-2.250039566929134
21
3.6543702755905509
0
LINE
8
BLACK
6
CONTINUOUS
10
-2.250039566929134
20
3.6543702755905509
11
-2.2518277165354332
21
3.6531754724409446
0
LINE
8
BLACK
6
CONTINUOUS
10
-2.2518277165354332
20
3.6531754724409446
11
-2.2539370078740157
21
3.6527559055118108
0
LINE
8
BLACK
6
CONTINUOUS
10
-2.2539370078740157
20
3.6527559055118108
11
-2.2673228346456691
21
3.6527559055118108
0
LINE
8
BLACK
6
CONTINUOUS
10
-2.2673228346456691
20
3.6527559055118108
11
-2.269432125984252
21
3.6531754724409446
0
LINE
8
BLACK
6
CONTINUOUS
10
-2.269432125984252
20
3.6531754724409446
11
-2.2712202755905513
21
3.6543702755905509
0
LINE
8
BLACK
6
CONTINUOUS
10
-2.2712202755905513
20
3.6543702755905509
11
-2.2724150787401576
21
3.6561584251968502
0
LINE
8
BLACK
6
CONTINUOUS
10
-2.2724150787401576
20
3.6561584251968502
11
-2.2728346456692914
21
3.6582677165354331
0
LINE
8
BLACK
6
CONTINUOUS
10
-2.2728346456692914
20
3.6582677165354331
11
-2.2728346456692914
21
3.6692913385826769
0
LINE
8
BLACK
6
CONTINUOUS
10
-2.2728346456692914
20
3.6692913385826769
11
-2.2724150787401576
21
3.6714006299212598
0
LINE
8
BLACK
6
CONTINUOUS
10
-2.2724150787401576
20
3.6714006299212598
11
-2.2712202755905513
21
3.6731887795275591
0
LINE
8
BLACK
6
CONTINUOUS
10
-2.2712202755905513
20
3.6731887795275591
11
-2.269432125984252
21
3.6743835826771654
0
LINE
8
BLACK
6
CONTINUOUS
10
-2.269432125984252
20
3.6743835826771654
11
-2.2673228346456691
21
3.6748031496062992
0
LINE
8
BLACK
6
CONTINUOUS
10
-2.2673228346456691
20
3.6748031496062992
11
-2.2539370078740157
21
3.6748031496062992
0
LINE
8
BLACK
6
CONTINUOUS
10
-2.2539370078740157
20
3.6748031496062992
11
-2.2518277165354332
21
3.6743835826771654
0
LINE
8
BLACK
6
CONTINUOUS
10
-2.2576117322834643
20
3.7161308661417323
11
-2.2558874409448819
21
3.7149787007874013
0
LINE
8
BLACK
6
CONTINUOUS
10
-2.2558874409448819
20
3.7149787007874013
11
-2.254735275590551
21
3.7132544094488189
0
LINE
8
BLACK
6
CONTINUOUS
10
-2.254735275590551
20
3.7132544094488189
11
-2.2543307086614175
21
3.711220472440945
0
LINE
8
BLACK
6
CONTINUOUS
10
-2.2543307086614175
20
3.711220472440945
11
-2.2543307086614175
21
3.6966535433070864
0
LINE
8
BLACK
6
CONTINUOUS
10
-2.2543307086614175
20
3.6966535433070864
11
-2.254735275590551
21
3.6946196062992125
0
LINE
8
BLACK
6
CONTINUOUS
10
-2.254735275590551
20
3.6946196062992125
11
-2.2558874409448819
21
3.6928953149606296
0
LINE
8
BLACK
6
CONTINUOUS
10
-2.2558874409448819
20
3.6928953149606296
11
-2.2576117322834643
21
3.6917431496062991
0
LINE
8
BLACK
6
CONTINUOUS
10
-2.2576117322834643
20
3.6917431496062991
11
-2.2596456692913387
21
3.6913385826771652
0
LINE
8
BLACK
6
CONTINUOUS
10
-2.2596456692913387
20
3.6913385826771652
11
-2.2702755905511811
21
3.6913385826771652
0
LINE
8
BLACK
6
CONTINUOUS
10
-2.2702755905511811
20
3.6913385826771652
11
-2.272309527559055
21
3.6917431496062991
0
LINE
8
BLACK
6
CONTINUOUS
10
-2.272309527559055
20
3.6917431496062991
11
-2.2740338188976379
21
3.6928953149606296
0
LINE
8
BLACK
6
CONTINUOUS
10
-2.2740338188976379
20
3.6928953149606296
11
-2.2751859842519684
21
3.6946196062992125
0
LINE
8
BLACK
6
CONTINUOUS
10
-2.2751859842519684
20
3.6946196062992125
11
-2.2755905511811023
21
3.6966535433070864
0
LINE
8
BLACK
6
CONTINUOUS
10
-2.2755905511811023
20
3.6966535433070864
11
-2.2755905511811023
21
3.711220472440945
0
LINE
8
BLACK
6
CONTINUOUS
10
-2.2755905511811023
20
3.711220472440945
11
-2.2751859842519684
21
3.7132544094488189
0
LINE
8
BLACK
6
CONTINUOUS
10
-2.2751859842519684
20
3.7132544094488189
11
-2.2740338188976379
21
3.7149787007874013
0
LINE
8
BLACK
6
CONTINUOUS
10
-2.2740338188976379
20
3.7149787007874013
11
-2.272309527559055
21
3.7161308661417323
0
LINE
8
BLACK
6
CONTINUOUS
10
-2.272309527559055
20
3.7161308661417323
11
-2.2702755905511811
21
3.7165354330708662
0
LINE
8
BLACK
6
CONTINUOUS
10
-2.2702755905511811
20
3.7165354330708662
11
-2.2596456692913387
21
3.7165354330708662
0
LINE
8
BLACK
6
CONTINUOUS
10
-2.2596456692913387
20
3.7165354330708662
11
-2.2576117322834643
21
3.7161308661417323
0
LINE
8
BLACK
6
CONTINUOUS
10
-1.9491687401574802
20
3.7104840157480314
11
-1.9469962992125984
21
3.7083115748031497
0
LINE
8
BLACK
6
CONTINUOUS
10
-1.9469962992125984
20
3.7083115748031497
11
-1.945820590551181
21
3.7054731496062989
0
LINE
8
BLACK
6
CONTINUOUS
10
-1.945820590551181
20
3.7054731496062989
11
-1.945820590551181
21
3.702400866141732
0
LINE
8
BLACK
6
CONTINUOUS
10
-1.945820590551181
20
3.702400866141732
11
-1.9469962992125984
21
3.6995624409448817
0
LINE
8
BLACK
6
CONTINUOUS
10
-1.9469962992125984
20
3.6995624409448817
11
-1.9491687401574802
21
3.69739
0
LINE
8
BLACK
6
CONTINUOUS
10
-1.9491687401574802
20
3.69739
11
-1.9520071653543307
21
3.6962142913385825
0
LINE
8
BLACK
6
CONTINUOUS
10
-1.9520071653543307
20
3.6962142913385825
11
-1.9550794488188976
21
3.6962142913385825
0
LINE
8
BLACK
6
CONTINUOUS
10
-1.9550794488188976
20
3.6962142913385825
11
-1.9579178740157479
21
3.69739
0
LINE
8
BLACK
6
CONTINUOUS
10
-1.9579178740157479
20
3.69739
11
-1.9600903149606299
21
3.6995624409448817
0
LINE
8
BLACK
6
CONTINUOUS
10
-1.9600903149606299
20
3.6995624409448817
11
-1.9612660236220472
21
3.702400866141732
0
LINE
8
BLACK
6
CONTINUOUS
10
-1.9612660236220472
20
3.702400866141732
11
-1.9612660236220472
21
3.7054731496062989
0
LINE
8
BLACK
6
CONTINUOUS
10
-1.9612660236220472
20
3.7054731496062989
11
-1.9600903149606299
21
3.7083115748031497
0
LINE
8
BLACK
6
CONTINUOUS
10
-1.9600903149606299
20
3.7083115748031497
11
-1.9579178740157479
21
3.7104840157480314
0
LINE
8
BLACK
6
CONTINUOUS
10
-1.9579178740157479
20
3.7104840157480314
11
-1.9550794488188976
21
3.7116597244094489
0
LINE
8
BLACK
6
CONTINUOUS
10
-1.9550794488188976
20
3.7116597244094489
11
-1.9520071653543307
21
3.7116597244094489
0
LINE
8
BLACK
6
CONTINUOUS
10
-1.9520071653543307
20
3.7116597244094489
11
-1.9491687401574802
21
3.7104840157480314
0
LINE
8
BLACK
6
CONTINUOUS
10
-1.9097986614173228
20
3.7104840157480314
11
-1.9076262204724408
21
3.7083115748031497
0
LINE
8
BLACK
6
CONTINUOUS
10
-1.9076262204724408
20
3.7083115748031497
11
-1.9064505118110235
21
3.7054731496062989
0
LINE
8
BLACK
6
CONTINUOUS
10
-1.9064505118110235
20
3.7054731496062989
11
-1.9064505118110235
21
3.702400866141732
0
LINE
8
BLACK
6
CONTINUOUS
10
-1.9064505118110235
20
3.702400866141732
11
-1.9076262204724408
21
3.6995624409448817
0
LINE
8
BLACK
6
CONTINUOUS
10
-1.9076262204724408
20
3.6995624409448817
11
-1.9097986614173228
21
3.69739
0
LINE
8
BLACK
6
CONTINUOUS
10
-1.9097986614173228
20
3.69739
11
-1.9126370866141731
21
3.6962142913385825
0
LINE
8
BLACK
6
CONTINUOUS
10
-1.9126370866141731
20
3.6962142913385825
11
-1.9157093700787402
21
3.6962142913385825
0
LINE
8
BLACK
6
CONTINUOUS
10
-1.9157093700787402
20
3.6962142913385825
11
-1.9185477952755905
21
3.69739
0
LINE
8
BLACK
6
CONTINUOUS
10
-1.9185477952755905
20
3.69739
11
-1.9207202362204725
21
3.6995624409448817
0
LINE
8
BLACK
6
CONTINUOUS
10
-1.9207202362204725
20
3.6995624409448817
11
-1.9218959448818898
21
3.702400866141732
0
LINE
8
BLACK
6
CONTINUOUS
10
-1.9218959448818898
20
3.702400866141732
11
-1.9218959448818898
21
3.7054731496062989
0
LINE
8
BLACK
6
CONTINUOUS
10
-1.9218959448818898
20
3.7054731496062989
11
-1.9207202362204725
21
3.7083115748031497
0
LINE
8
BLACK
6
CONTINUOUS
10
-1.9207202362204725
20
3.7083115748031497
11
-1.9185477952755905
21
3.7104840157480314
0
LINE
8
BLACK
6
CONTINUOUS
10
-1.9185477952755905
20
3.7104840157480314
11
-1.9157093700787402
21
3.7116597244094489
0
LINE
8
BLACK
6
CONTINUOUS
10
-1.9157093700787402
20
3.7116597244094489
11
-1.9126370866141731
21
3.7116597244094489
0
LINE
8
BLACK
6
CONTINUOUS
10
-1.9126370866141731
20
3.7116597244094489
11
-1.9097986614173228
21
3.7104840157480314
0
LINE
8
BLACK
6
CONTINUOUS
10
-1.7601923622047244
20
3.7104840157480314
11
-1.7580199212598424
21
3.7083115748031497
0
LINE
8
BLACK
6
CONTINUOUS
10
-1.7580199212598424
20
3.7083115748031497
11
-1.7568442125984252
21
3.7054731496062989
0
LINE
8
BLACK
6
CONTINUOUS
10
-1.7568442125984252
20
3.7054731496062989
11
-1.7568442125984252
21
3.702400866141732
0
LINE
8
BLACK
6
CONTINUOUS
10
-1.7568442125984252
20
3.702400866141732
11
-1.7580199212598424
21
3.6995624409448817
0
LINE
8
BLACK
6
CONTINUOUS
10
-1.7580199212598424
20
3.6995624409448817
11
-1.7601923622047244
21
3.69739
0
LINE
8
BLACK
6
CONTINUOUS
10
-1.7601923622047244
20
3.69739
11
-1.7630307874015747
21
3.6962142913385825
0
LINE
8
BLACK
6
CONTINUOUS
10
-1.7630307874015747
20
3.6962142913385825
11
-1.7661030708661416
21
3.6962142913385825
0
LINE
8
BLACK
6
CONTINUOUS
10
-1.7661030708661416
20
3.6962142913385825
11
-1.7689414960629921
21
3.69739
0
LINE
8
BLACK
6
CONTINUOUS
10
-1.7689414960629921
20
3.69739
11
-1.7711139370078739
21
3.6995624409448817
0
LINE
8
BLACK
6
CONTINUOUS
10
-1.7711139370078739
20
3.6995624409448817
11
-1.7722896456692914
21
3.702400866141732
0
LINE
8
BLACK
6
CONTINUOUS
10
-1.7722896456692914
20
3.702400866141732
11
-1.7722896456692914
21
3.7054731496062989
0
LINE
8
BLACK
6
CONTINUOUS
10
-1.7722896456692914
20
3.7054731496062989
11
-1.7711139370078739
21
3.7083115748031497
0
LINE
8
BLACK
6
CONTINUOUS
10
-1.7711139370078739
20
3.7083115748031497
11
-1.7689414960629921
21
3.7104840157480314
0
LINE
8
BLACK
6
CONTINUOUS
10
-1.7689414960629921
20
3.7104840157480314
11
-1.7661030708661416
21
3.7116597244094489
0
LINE
8
BLACK
6
CONTINUOUS
10
-1.7661030708661416
20
3.7116597244094489
11
-1.7630307874015747
21
3.7116597244094489
0
LINE
8
BLACK
6
CONTINUOUS
10
-1.7630307874015747
20
3.7116597244094489
11
-1.7601923622047244
21
3.7104840157480314
0
LINE
8
BLACK
6
CONTINUOUS
10
-2.516097874015748
20
3.7341060629921259
11
-2.5139254330708662
21
3.7319336220472441
0
LINE
8
BLACK
6
CONTINUOUS
10
-2.5139254330708662
20
3.7319336220472441
11
-2.5127497244094488
21
3.7290951968503938
0
LINE
8
BLACK
6
CONTINUOUS
10
-2.5127497244094488
20
3.7290951968503938
11
-2.5127497244094488
21
3.7260229133858265
0
LINE
8
BLACK
6
CONTINUOUS
10
-2.5127497244094488
20
3.7260229133858265
11
-2.5139254330708662
21
3.7231844881889762
0
LINE
8
BLACK
6
CONTINUOUS
10
-2.5139254330708662
20
3.7231844881889762
11
-2.516097874015748
21
3.7210120472440944
0
LINE
8
BLACK
6
CONTINUOUS
10
-2.516097874015748
20
3.7210120472440944
11
-2.5189362992125983
21
3.7198363385826769
0
LINE
8
BLACK
6
CONTINUOUS
10
-2.5189362992125983
20
3.7198363385826769
11
-2.5220085826771652
21
3.7198363385826769
0
LINE
8
BLACK
6
CONTINUOUS
10
-2.5220085826771652
20
3.7198363385826769
11
-2.5248470078740155
21
3.7210120472440944
0
LINE
8
BLACK
6
CONTINUOUS
10
-2.5248470078740155
20
3.7210120472440944
11
-2.5270194488188977
21
3.7231844881889762
0
LINE
8
BLACK
6
CONTINUOUS
10
-2.5270194488188977
20
3.7231844881889762
11
-2.5272822440944882
21
3.7238188976377953
0
LINE
8
BLACK
6
CONTINUOUS
10
-2.5272822440944882
20
3.7238188976377953
11
-2.5440944881889762
21
3.7238188976377953
0
LINE
8
BLACK
6
CONTINUOUS
10
-2.5440944881889762
20
3.7238188976377953
11
-2.5450545669291338
21
3.723913464566929
0
LINE
8
BLACK
6
CONTINUOUS
10
-2.5450545669291338
20
3.723913464566929
11
-2.5468285826771653
21
3.7246482677165353
0
LINE
8
BLACK
6
CONTINUOUS
10
-2.5468285826771653
20
3.7246482677165353
11
-2.548186377952756
21
3.7260060629921261
0
LINE
8
BLACK
6
CONTINUOUS
10
-2.548186377952756
20
3.7260060629921261
11
-2.548921181102362
21
3.7277800787401576
0
LINE
8
BLACK
6
CONTINUOUS
10
-2.548921181102362
20
3.7277800787401576
11
-2.548921181102362
21
3.7297002362204723
0
LINE
8
BLACK
6
CONTINUOUS
10
-2.548921181102362
20
3.7297002362204723
11
-2.548186377952756
21
3.7314742519685038
0
LINE
8
BLACK
6
CONTINUOUS
10
-2.548186377952756
20
3.7314742519685038
11
-2.5468285826771653
21
3.7328320472440946
0
LINE
8
BLACK
6
CONTINUOUS
10
-2.5468285826771653
20
3.7328320472440946
11
-2.5450545669291338
21
3.7335668503937005
0
LINE
8
BLACK
6
CONTINUOUS
10
-2.5450545669291338
20
3.7335668503937005
11
-2.5440944881889762
21
3.7336614173228346
0
LINE
8
BLACK
6
CONTINUOUS
10
-2.5440944881889762
20
3.7336614173228346
11
-2.5252916535433072
21
3.7336614173228346
0
LINE
8
BLACK
6
CONTINUOUS
10
-2.5252916535433072
20
3.7336614173228346
11
-2.5248470078740155
21
3.7341060629921259
0
LINE
8
BLACK
6
CONTINUOUS
10
-2.5248470078740155
20
3.7341060629921259
11
-2.5220085826771652
21
3.7352817716535434
0
LINE
8
BLACK
6
CONTINUOUS
10
-2.5220085826771652
20
3.7352817716535434
11
-2.5189362992125983
21
3.7352817716535434
0
LINE
8
BLACK
6
CONTINUOUS
10
-2.5189362992125983
20
3.7352817716535434
11
-2.516097874015748
21
3.7341060629921259
0
LINE
8
BLACK
6
CONTINUOUS
10
-2.1494654724409448
20
3.7566670078740159
11
-2.1476773228346455
21
3.7554722047244096
0
LINE
8
BLACK
6
CONTINUOUS
10
-2.1476773228346455
20
3.7554722047244096
11
-2.1464825196850392
21
3.7536840551181103
0
LINE
8
BLACK
6
CONTINUOUS
10
-2.1464825196850392
20
3.7536840551181103
11
-2.1460629527559054
21
3.7515747637795274
0
LINE
8
BLACK
6
CONTINUOUS
10
-2.1460629527559054
20
3.7515747637795274
11
-2.1460629527559054
21
3.7405511417322832
0
LINE
8
BLACK
6
CONTINUOUS
10
-2.1460629527559054
20
3.7405511417322832
11
-2.1464825196850392
21
3.7384418503937007
0
LINE
8
BLACK
6
CONTINUOUS
10
-2.1464825196850392
20
3.7384418503937007
11
-2.1476773228346455
21
3.7366537007874014
0
LINE
8
BLACK
6
CONTINUOUS
10
-2.1476773228346455
20
3.7366537007874014
11
-2.1494654724409448
21
3.7354588976377952
0
LINE
8
BLACK
6
CONTINUOUS
10
-2.1494654724409448
20
3.7354588976377952
11
-2.1515747637795277
21
3.7350393307086613
0
LINE
8
BLACK
6
CONTINUOUS
10
-2.1515747637795277
20
3.7350393307086613
11
-2.1649605905511811
21
3.7350393307086613
0
LINE
8
BLACK
6
CONTINUOUS
10
-2.1649605905511811
20
3.7350393307086613
11
-2.1670698818897636
21
3.7354588976377952
0
LINE
8
BLACK
6
CONTINUOUS
10
-2.1670698818897636
20
3.7354588976377952
11
-2.1688580314960628
21
3.7366537007874014
0
LINE
8
BLACK
6
CONTINUOUS
10
-2.1688580314960628
20
3.7366537007874014
11
-2.1700528346456691
21
3.7384418503937007
0
LINE
8
BLACK
6
CONTINUOUS
10
-2.1700528346456691
20
3.7384418503937007
11
-2.1704724015748029
21
3.7405511417322832
0
LINE
8
BLACK
6
CONTINUOUS
10
-2.1704724015748029
20
3.7405511417322832
11
-2.1704724015748029
21
3.7515747637795274
0
LINE
8
BLACK
6
CONTINUOUS
10
-2.1704724015748029
20
3.7515747637795274
11
-2.1700528346456691
21
3.7536840551181103
0
LINE
8
BLACK
6
CONTINUOUS
10
-2.1700528346456691
20
3.7536840551181103
11
-2.1688580314960628
21
3.7554722047244096
0
LINE
8
BLACK
6
CONTINUOUS
10
-2.1688580314960628
20
3.7554722047244096
11
-2.1670698818897636
21
3.7566670078740159
0
LINE
8
BLACK
6
CONTINUOUS
10
-2.1670698818897636
20
3.7566670078740159
11
-2.1649605905511811
21
3.7570865748031497
0
LINE
8
BLACK
6
CONTINUOUS
10
-2.1649605905511811
20
3.7570865748031497
11
-2.1515747637795277
21
3.7570865748031497
0
LINE
8
BLACK
6
CONTINUOUS
10
-2.1515747637795277
20
3.7570865748031497
11
-2.1494654724409448
21
3.7566670078740159
0
LINE
8
BLACK
6
CONTINUOUS
10
-2.1095802362204723
20
3.7574694094488188
11
-2.1078559448818899
21
3.7563172440944883
0
LINE
8
BLACK
6
CONTINUOUS
10
-2.1078559448818899
20
3.7563172440944883
11
-2.1067037795275589
21
3.7545929527559054
0
LINE
8
BLACK
6
CONTINUOUS
10
-2.1067037795275589
20
3.7545929527559054
11
-2.106299212598425
21
3.7525590157480315
0
LINE
8
BLACK
6
CONTINUOUS
10
-2.106299212598425
20
3.7525590157480315
11
-2.106299212598425
21
3.7419290944881891
0
LINE
8
BLACK
6
CONTINUOUS
10
-2.106299212598425
20
3.7419290944881891
11
-2.1067037795275589
21
3.7398951574803148
0
LINE
8
BLACK
6
CONTINUOUS
10
-2.1067037795275589
20
3.7398951574803148
11
-2.1078559448818899
21
3.7381708661417323
0
LINE
8
BLACK
6
CONTINUOUS
10
-2.1078559448818899
20
3.7381708661417323
11
-2.1095802362204723
21
3.7370187007874014
0
LINE
8
BLACK
6
CONTINUOUS
10
-2.1095802362204723
20
3.7370187007874014
11
-2.1116141732283462
21
3.7366141338582675
0
LINE
8
BLACK
6
CONTINUOUS
10
-2.1116141732283462
20
3.7366141338582675
11
-2.1261811023622048
21
3.7366141338582675
0
LINE
8
BLACK
6
CONTINUOUS
10
-2.1261811023622048
20
3.7366141338582675
11
-2.1282150393700787
21
3.7370187007874014
0
LINE
8
BLACK
6
CONTINUOUS
10
-2.1282150393700787
20
3.7370187007874014
11
-2.1299393307086611
21
3.7381708661417323
0
LINE
8
BLACK
6
CONTINUOUS
10
-2.1299393307086611
20
3.7381708661417323
11
-2.1310914960629921
21
3.7398951574803148
0
LINE
8
BLACK
6
CONTINUOUS
10
-2.1310914960629921
20
3.7398951574803148
11
-2.131496062992126
21
3.7419290944881891
0
LINE
8
BLACK
6
CONTINUOUS
10
-2.131496062992126
20
3.7419290944881891
11
-2.131496062992126
21
3.7525590157480315
0
LINE
8
BLACK
6
CONTINUOUS
10
-2.131496062992126
20
3.7525590157480315
11
-2.1310914960629921
21
3.7545929527559054
0
LINE
8
BLACK
6
CONTINUOUS
10
-2.1310914960629921
20
3.7545929527559054
11
-2.1299393307086611
21
3.7563172440944883
0
LINE
8
BLACK
6
CONTINUOUS
10
-2.1299393307086611
20
3.7563172440944883
11
-2.1282150393700787
21
3.7574694094488188
0
LINE
8
BLACK
6
CONTINUOUS
10
-2.1282150393700787
20
3.7574694094488188
11
-2.1261811023622048
21
3.7578739763779527
0
LINE
8
BLACK
6
CONTINUOUS
10
-2.1261811023622048
20
3.7578739763779527
11
-2.1116141732283462
21
3.7578739763779527
0
LINE
8
BLACK
6
CONTINUOUS
10
-2.1116141732283462
20
3.7578739763779527
11
-2.1095802362204723
21
3.7574694094488188
0
LINE
8
BLACK
6
CONTINUOUS
10
-1.7562553543307087
20
3.7734761417322833
11
-1.7540829133858267
21
3.7713037007874015
0
LINE
8
BLACK
6
CONTINUOUS
10
-1.7540829133858267
20
3.7713037007874015
11
-1.7529072047244094
21
3.7684652755905512
0
LINE
8
BLACK
6
CONTINUOUS
10
-1.7529072047244094
20
3.7684652755905512
11
-1.7529072047244094
21
3.7653929921259843
0
LINE
8
BLACK
6
CONTINUOUS
10
-1.7529072047244094
20
3.7653929921259843
11
-1.7540829133858267
21
3.7625545669291336
0
LINE
8
BLACK
6
CONTINUOUS
10
-1.7540829133858267
20
3.7625545669291336
11
-1.7562553543307087
21
3.7603821259842518
0
LINE
8
BLACK
6
CONTINUOUS
10
-1.7562553543307087
20
3.7603821259842518
11
-1.759093779527559
21
3.7592064173228348
0
LINE
8
BLACK
6
CONTINUOUS
10
-1.759093779527559
20
3.7592064173228348
11
-1.7621660629921259
21
3.7592064173228348
0
LINE
8
BLACK
6
CONTINUOUS
10
-1.7621660629921259
20
3.7592064173228348
11
-1.7650044881889764
21
3.7603821259842518
0
LINE
8
BLACK
6
CONTINUOUS
10
-1.7650044881889764
20
3.7603821259842518
11
-1.7671769291338582
21
3.7625545669291336
0
LINE
8
BLACK
6
CONTINUOUS
10
-1.7671769291338582
20
3.7625545669291336
11
-1.7683526377952756
21
3.7653929921259843
0
LINE
8
BLACK
6
CONTINUOUS
10
-1.7683526377952756
20
3.7653929921259843
11
-1.7683526377952756
21
3.7684652755905512
0
LINE
8
BLACK
6
CONTINUOUS
10
-1.7683526377952756
20
3.7684652755905512
11
-1.7671769291338582
21
3.7713037007874015
0
LINE
8
BLACK
6
CONTINUOUS
10
-1.7671769291338582
20
3.7713037007874015
11
-1.7650044881889764
21
3.7734761417322833
0
LINE
8
BLACK
6
CONTINUOUS
10
-1.7650044881889764
20
3.7734761417322833
11
-1.7621660629921259
21
3.7746518503937008
0
LINE
8
BLACK
6
CONTINUOUS
10
-1.7621660629921259
20
3.7746518503937008
11
-1.759093779527559
21
3.7746518503937008
0
LINE
8
BLACK
6
CONTINUOUS
10
-1.759093779527559
20
3.7746518503937008
11
-1.7562553543307087
21
3.7734761417322833
0
LINE
8
BLACK
6
CONTINUOUS
10
-1.9184327952755904
20
3.8659630708661417
11
-1.9110884251968503
21
3.8635767322834647
0
LINE
8
BLACK
6
CONTINUOUS
10
-1.9110884251968503
20
3.8635767322834647
11
-1.9042077559055117
21
3.860070866141732
0
LINE
8
BLACK
6
CONTINUOUS
10
-1.9042077559055117
20
3.860070866141732
11
-1.8979602362204724
21
3.8555317716535433
0
LINE
8
BLACK
6
CONTINUOUS
10
-1.8979602362204724
20
3.8555317716535433
11
-1.8924997244094488
21
3.8500712598425197
0
LINE
8
BLACK
6
CONTINUOUS
10
-1.8924997244094488
20
3.8500712598425197
11
-1.8879606299212599
21
3.8438237401574802
0
LINE
8
BLACK
6
CONTINUOUS
10
-1.8879606299212599
20
3.8438237401574802
11
-1.8844547637795275
21
3.8369430708661416
0
LINE
8
BLACK
6
CONTINUOUS
10
-1.8844547637795275
20
3.8369430708661416
11
-1.8820684251968502
21
3.8295987007874013
0
LINE
8
BLACK
6
CONTINUOUS
10
-1.8820684251968502
20
3.8295987007874013
11
-1.8809012204724409
21
3.8222294488188977
0
LINE
8
BLACK
6
CONTINUOUS
10
-1.8809012204724409
20
3.8222294488188977
11
-1.8807938582677164
21
3.822630118110236
0
LINE
8
BLACK
6
CONTINUOUS
10
-1.8807938582677164
20
3.822630118110236
11
-1.8792522047244093
21
3.8253003149606299
0
LINE
8
BLACK
6
CONTINUOUS
10
-1.8792522047244093
20
3.8253003149606299
11
-1.877071968503937
21
3.8274805511811021
0
LINE
8
BLACK
6
CONTINUOUS
10
-1.877071968503937
20
3.8274805511811021
11
-1.8744017716535433
21
3.8290222047244096
0
LINE
8
BLACK
6
CONTINUOUS
10
-1.8744017716535433
20
3.8290222047244096
11
-1.8714235433070865
21
3.8298201968503935
0
LINE
8
BLACK
6
CONTINUOUS
10
-1.8714235433070865
20
3.8298201968503935
11
-1.8698818897637794
21
3.8299212598425196
0
LINE
8
BLACK
6
CONTINUOUS
10
-1.8698818897637794
20
3.8299212598425196
11
-1.8118110236220473
21
3.8299212598425196
0
LINE
8
BLACK
6
CONTINUOUS
10
-1.8118110236220473
20
3.8299212598425196
11
-1.8039370078740158
21
3.8299212598425196
0
LINE
8
BLACK
6
CONTINUOUS
10
-1.8039370078740158
20
3.8299212598425196
11
-1.8016770472440944
21
3.8294717322834644
0
LINE
8
BLACK
6
CONTINUOUS
10
-1.8016770472440944
20
3.8294717322834644
11
-1.7997611811023622
21
3.8281915748031494
0
LINE
8
BLACK
6
CONTINUOUS
10
-1.7997611811023622
20
3.8281915748031494
11
-1.7984810236220472
21
3.8262757086614174
0
LINE
8
BLACK
6
CONTINUOUS
10
-1.7984810236220472
20
3.8262757086614174
11
-1.7980314960629922
21
3.824015748031496
0
LINE
8
BLACK
6
CONTINUOUS
10
-1.7980314960629922
20
3.824015748031496
11
-1.7980314960629922
21
3.8122047244094488
0
LINE
8
BLACK
6
CONTINUOUS
10
-1.7980314960629922
20
3.8122047244094488
11
-1.7984810236220472
21
3.8099447637795274
0
LINE
8
BLACK
6
CONTINUOUS
10
-1.7984810236220472
20
3.8099447637795274
11
-1.7997611811023622
21
3.8080288976377954
0
LINE
8
BLACK
6
CONTINUOUS
10
-1.7997611811023622
20
3.8080288976377954
11
-1.8016770472440944
21
3.8067487401574804
0
LINE
8
BLACK
6
CONTINUOUS
10
-1.8016770472440944
20
3.8067487401574804
11
-1.8039370078740158
21
3.8062992125984252
0
LINE
8
BLACK
6
CONTINUOUS
10
-1.8039370078740158
20
3.8062992125984252
11
-1.8196850393700787
21
3.8062992125984252
0
LINE
8
BLACK
6
CONTINUOUS
10
-1.8196850393700787
20
3.8062992125984252
11
-1.8698818897637794
21
3.8062992125984252
0
LINE
8
BLACK
6
CONTINUOUS
10
-1.8698818897637794
20
3.8062992125984252
11
-1.8714235433070865
21
3.8064002755905513
0
LINE
8
BLACK
6
CONTINUOUS
10
-1.8714235433070865
20
3.8064002755905513
11
-1.8744017716535433
21
3.8071982677165352
0
LINE
8
BLACK
6
CONTINUOUS
10
-1.8744017716535433
20
3.8071982677165352
11
-1.877071968503937
21
3.8087399212598423
0
LINE
8
BLACK
6
CONTINUOUS
10
-1.877071968503937
20
3.8087399212598423
11
-1.8792522047244093
21
3.8109201574803149
0
LINE
8
BLACK
6
CONTINUOUS
10
-1.8792522047244093
20
3.8109201574803149
11
-1.8807938582677164
21
3.8135903543307084
0
LINE
8
BLACK
6
CONTINUOUS
10
-1.8807938582677164
20
3.8135903543307084
11
-1.8809012204724409
21
3.8139910629921259
0
LINE
8
BLACK
6
CONTINUOUS
10
-1.8809012204724409
20
3.8139910629921259
11
-1.8820684251968502
21
3.8066217716535431
0
LINE
8
BLACK
6
CONTINUOUS
10
-1.8820684251968502
20
3.8066217716535431
11
-1.8844547637795275
21
3.7992774015748032
0
LINE
8
BLACK
6
CONTINUOUS
10
-1.8844547637795275
20
3.7992774015748032
11
-1.8879606299212599
21
3.7923967322834646
0
LINE
8
BLACK
6
CONTINUOUS
10
-1.8879606299212599
20
3.7923967322834646
11
-1.8924997244094488
21
3.7861492125984251
0
LINE
8
BLACK
6
CONTINUOUS
10
-1.8924997244094488
20
3.7861492125984251
11
-1.8979602362204724
21
3.7806887007874015
0
LINE
8
BLACK
6
CONTINUOUS
10
-1.8979602362204724
20
3.7806887007874015
11
-1.9042077559055117
21
3.7761496062992124
0
LINE
8
BLACK
6
CONTINUOUS
10
-1.9042077559055117
20
3.7761496062992124
11
-1.9110884251968503
21
3.7726437401574802
0
LINE
8
BLACK
6
CONTINUOUS
10
-1.9110884251968503
20
3.7726437401574802
11
-1.9184327952755904
21
3.7702574015748032
0
LINE
8
BLACK
6
CONTINUOUS
10
-1.9184327952755904
20
3.7702574015748032
11
-1.9260600787401574
21
3.7690493307086612
0
LINE
8
BLACK
6
CONTINUOUS
10
-1.9260600787401574
20
3.7690493307086612
11
-1.9337824409448818
21
3.7690493307086612
0
LINE
8
BLACK
6
CONTINUOUS
10
-1.9337824409448818
20
3.7690493307086612
11
-1.9414097244094488
21
3.7702574015748032
0
LINE
8
BLACK
6
CONTINUOUS
10
-1.9414097244094488
20
3.7702574015748032
11
-1.9487540944881889
21
3.7726437401574802
0
LINE
8
BLACK
6
CONTINUOUS
10
-1.9487540944881889
20
3.7726437401574802
11
-1.9556347637795275
21
3.7761496062992124
0
LINE
8
BLACK
6
CONTINUOUS
10
-1.9556347637795275
20
3.7761496062992124
11
-1.9618822834645668
21
3.7806887007874015
0
LINE
8
BLACK
6
CONTINUOUS
10
-1.9618822834645668
20
3.7806887007874015
11
-1.9673427952755904
21
3.7861492125984251
0
LINE
8
BLACK
6
CONTINUOUS
10
-1.9673427952755904
20
3.7861492125984251
11
-1.9718818897637795
21
3.7923967322834646
0
LINE
8
BLACK
6
CONTINUOUS
10
-1.9718818897637795
20
3.7923967322834646
11
-1.9753877559055117
21
3.7992774015748032
0
LINE
8
BLACK
6
CONTINUOUS
10
-1.9753877559055117
20
3.7992774015748032
11
-1.977774094488189
21
3.8066217716535431
0
LINE
8
BLACK
6
CONTINUOUS
10
-1.977774094488189
20
3.8066217716535431
11
-1.9789821653543307
21
3.8142490551181103
0
LINE
8
BLACK
6
CONTINUOUS
10
-1.9789821653543307
20
3.8142490551181103
11
-1.9789821653543307
21
3.8219714173228345
0
LINE
8
BLACK
6
CONTINUOUS
10
-1.9789821653543307
20
3.8219714173228345
11
-1.977774094488189
21
3.8295987007874013
0
LINE
8
BLACK
6
CONTINUOUS
10
-1.977774094488189
20
3.8295987007874013
11
-1.9753877559055117
21
3.8369430708661416
0
LINE
8
BLACK
6
CONTINUOUS
10
-1.9753877559055117
20
3.8369430708661416
11
-1.9718818897637795
21
3.8438237401574802
0
LINE
8
BLACK
6
CONTINUOUS
10
-1.9718818897637795
20
3.8438237401574802
11
-1.9673427952755904
21
3.8500712598425197
0
LINE
8
BLACK
6
CONTINUOUS
10
-1.9673427952755904
20
3.8500712598425197
11
-1.9618822834645668
21
3.8555317716535433
0
LINE
8
BLACK
6
CONTINUOUS
10
-1.9618822834645668
20
3.8555317716535433
11
-1.9556347637795275
21
3.860070866141732
0
LINE
8
BLACK
6
CONTINUOUS
10
-1.9556347637795275
20
3.860070866141732
11
-1.9487540944881889
21
3.8635767322834647
0
LINE
8
BLACK
6
CONTINUOUS
10
-1.9487540944881889
20
3.8635767322834647
11
-1.9414097244094488
21
3.8659630708661417
0
LINE
8
BLACK
6
CONTINUOUS
10
-1.9414097244094488
20
3.8659630708661417
11
-1.9337824409448818
21
3.8671711417322832
0
LINE
8
BLACK
6
CONTINUOUS
10
-1.9337824409448818
20
3.8671711417322832
11
-1.9260600787401574
21
3.8671711417322832
0
LINE
8
BLACK
6
CONTINUOUS
10
-1.9260600787401574
20
3.8671711417322832
11
-1.9184327952755904
21
3.8659630708661417
0
LINE
8
BLACK
6
CONTINUOUS
10
-2.1066490551181101
20
3.7892241732283463
11
-2.1044766141732283
21
3.7870517322834645
0
LINE
8
BLACK
6
CONTINUOUS
10
-2.1044766141732283
20
3.7870517322834645
11
-2.1033009055118108
21
3.7842133070866142
0
LINE
8
BLACK
6
CONTINUOUS
10
-2.1033009055118108
20
3.7842133070866142
11
-2.1033009055118108
21
3.7811410236220473
0
LINE
8
BLACK
6
CONTINUOUS
10
-2.1033009055118108
20
3.7811410236220473
11
-2.1044766141732283
21
3.7783025984251966
0
LINE
8
BLACK
6
CONTINUOUS
10
-2.1044766141732283
20
3.7783025984251966
11
-2.1066490551181101
21
3.7761301574803148
0
LINE
8
BLACK
6
CONTINUOUS
10
-2.1066490551181101
20
3.7761301574803148
11
-2.1094874803149604
21
3.7749544488188977
0
LINE
8
BLACK
6
CONTINUOUS
10
-2.1094874803149604
20
3.7749544488188977
11
-2.1125597637795277
21
3.7749544488188977
0
LINE
8
BLACK
6
CONTINUOUS
10
-2.1125597637795277
20
3.7749544488188977
11
-2.115398188976378
21
3.7761301574803148
0
LINE
8
BLACK
6
CONTINUOUS
10
-2.115398188976378
20
3.7761301574803148
11
-2.1175706299212598
21
3.7783025984251966
0
LINE
8
BLACK
6
CONTINUOUS
10
-2.1175706299212598
20
3.7783025984251966
11
-2.1187463385826772
21
3.7811410236220473
0
LINE
8
BLACK
6
CONTINUOUS
10
-2.1187463385826772
20
3.7811410236220473
11
-2.1187463385826772
21
3.7842133070866142
0
LINE
8
BLACK
6
CONTINUOUS
10
-2.1187463385826772
20
3.7842133070866142
11
-2.1175706299212598
21
3.7870517322834645
0
LINE
8
BLACK
6
CONTINUOUS
10
-2.1175706299212598
20
3.7870517322834645
11
-2.115398188976378
21
3.7892241732283463
0
LINE
8
BLACK
6
CONTINUOUS
10
-2.115398188976378
20
3.7892241732283463
11
-2.1125597637795277
21
3.7903998818897637
0
LINE
8
BLACK
6
CONTINUOUS
10
-2.1125597637795277
20
3.7903998818897637
11
-2.1094874803149604
21
3.7903998818897637
0
LINE
8
BLACK
6
CONTINUOUS
10
-2.1094874803149604
20
3.7903998818897637
11
-2.1066490551181101
21
3.7892241732283463
0
LINE
8
BLACK
6
CONTINUOUS
10
-2.031845905511811
20
3.7892241732283463
11
-2.0296734645669292
21
3.7870517322834645
0
LINE
8
BLACK
6
CONTINUOUS
10
-2.0296734645669292
20
3.7870517322834645
11
-2.0284977559055117
21
3.7842133070866142
0
LINE
8
BLACK
6
CONTINUOUS
10
-2.0284977559055117
20
3.7842133070866142
11
-2.0284977559055117
21
3.7811410236220473
0
LINE
8
BLACK
6
CONTINUOUS
10
-2.0284977559055117
20
3.7811410236220473
11
-2.0296734645669292
21
3.7783025984251966
0
LINE
8
BLACK
6
CONTINUOUS
10
-2.0296734645669292
20
3.7783025984251966
11
-2.031845905511811
21
3.7761301574803148
0
LINE
8
BLACK
6
CONTINUOUS
10
-2.031845905511811
20
3.7761301574803148
11
-2.0346843307086613
21
3.7749544488188977
0
LINE
8
BLACK
6
CONTINUOUS
10
-2.0346843307086613
20
3.7749544488188977
11
-2.0377566141732282
21
3.7749544488188977
0
LINE
8
BLACK
6
CONTINUOUS
10
-2.0377566141732282
20
3.7749544488188977
11
-2.0405950393700789
21
3.7761301574803148
0
LINE
8
BLACK
6
CONTINUOUS
10
-2.0405950393700789
20
3.7761301574803148
11
-2.0427674803149607
21
3.7783025984251966
0
LINE
8
BLACK
6
CONTINUOUS
10
-2.0427674803149607
20
3.7783025984251966
11
-2.0439431889763777
21
3.7811410236220473
0
LINE
8
BLACK
6
CONTINUOUS
10
-2.0439431889763777
20
3.7811410236220473
11
-2.0439431889763777
21
3.7842133070866142
0
LINE
8
BLACK
6
CONTINUOUS
10
-2.0439431889763777
20
3.7842133070866142
11
-2.0427674803149607
21
3.7870517322834645
0
LINE
8
BLACK
6
CONTINUOUS
10
-2.0427674803149607
20
3.7870517322834645
11
-2.0405950393700789
21
3.7892241732283463
0
LINE
8
BLACK
6
CONTINUOUS
10
-2.0405950393700789
20
3.7892241732283463
11
-2.0377566141732282
21
3.7903998818897637
0
LINE
8
BLACK
6
CONTINUOUS
10
-2.0377566141732282
20
3.7903998818897637
11
-2.0346843307086613
21
3.7903998818897637
0
LINE
8
BLACK
6
CONTINUOUS
10
-2.0346843307086613
20
3.7903998818897637
11
-2.031845905511811
21
3.7892241732283463
0
LINE
8
BLACK
6
CONTINUOUS
10
-1.7562553543307087
20
3.8364682677165352
11
-1.7540829133858267
21
3.8342958267716534
0
LINE
8
BLACK
6
CONTINUOUS
10
-1.7540829133858267
20
3.8342958267716534
11
-1.7529072047244094
21
3.8314574015748031
0
LINE
8
BLACK
6
CONTINUOUS
10
-1.7529072047244094
20
3.8314574015748031
11
-1.7529072047244094
21
3.8283851181102362
0
LINE
8
BLACK
6
CONTINUOUS
10
-1.7529072047244094
20
3.8283851181102362
11
-1.7540829133858267
21
3.8255466929133859
0
LINE
8
BLACK
6
CONTINUOUS
10
-1.7540829133858267
20
3.8255466929133859
11
-1.7562553543307087
21
3.8233742519685037
0
LINE
8
BLACK
6
CONTINUOUS
10
-1.7562553543307087
20
3.8233742519685037
11
-1.759093779527559
21
3.8221985433070866
0
LINE
8
BLACK
6
CONTINUOUS
10
-1.759093779527559
20
3.8221985433070866
11
-1.7621660629921259
21
3.8221985433070866
0
LINE
8
BLACK
6
CONTINUOUS
10
-1.7621660629921259
20
3.8221985433070866
11
-1.7650044881889764
21
3.8233742519685037
0
LINE
8
BLACK
6
CONTINUOUS
10
-1.7650044881889764
20
3.8233742519685037
11
-1.7671769291338582
21
3.8255466929133859
0
LINE
8
BLACK
6
CONTINUOUS
10
-1.7671769291338582
20
3.8255466929133859
11
-1.7683526377952756
21
3.8283851181102362
0
LINE
8
BLACK
6
CONTINUOUS
10
-1.7683526377952756
20
3.8283851181102362
11
-1.7683526377952756
21
3.8314574015748031
0
LINE
8
BLACK
6
CONTINUOUS
10
-1.7683526377952756
20
3.8314574015748031
11
-1.7671769291338582
21
3.8342958267716534
0
LINE
8
BLACK
6
CONTINUOUS
10
-1.7671769291338582
20
3.8342958267716534
11
-1.7650044881889764
21
3.8364682677165352
0
LINE
8
BLACK
6
CONTINUOUS
10
-1.7650044881889764
20
3.8364682677165352
11
-1.7621660629921259
21
3.8376439763779526
0
LINE
8
BLACK
6
CONTINUOUS
10
-1.7621660629921259
20
3.8376439763779526
11
-1.759093779527559
21
3.8376439763779526
0
LINE
8
BLACK
6
CONTINUOUS
10
-1.759093779527559
20
3.8376439763779526
11
-1.7562553543307087
21
3.8364682677165352
0
LINE
8
BLACK
6
CONTINUOUS
10
-1.8507435433070867
20
3.8679643307086615
11
-1.8485711023622047
21
3.8657918897637793
0
LINE
8
BLACK
6
CONTINUOUS
10
-1.8485711023622047
20
3.8657918897637793
11
-1.8473953937007874
21
3.862953464566929
0
LINE
8
BLACK
6
CONTINUOUS
10
-1.8473953937007874
20
3.862953464566929
11
-1.8473953937007874
21
3.8598811811023621
0
LINE
8
BLACK
6
CONTINUOUS
10
-1.8473953937007874
20
3.8598811811023621
11
-1.8485711023622047
21
3.8570427559055118
0
LINE
8
BLACK
6
CONTINUOUS
10
-1.8485711023622047
20
3.8570427559055118
11
-1.8507435433070867
21
3.85487031496063
0
LINE
8
BLACK
6
CONTINUOUS
10
-1.8507435433070867
20
3.85487031496063
11
-1.853581968503937
21
3.8536946062992126
0
LINE
8
BLACK
6
CONTINUOUS
10
-1.853581968503937
20
3.8536946062992126
11
-1.8566542519685039
21
3.8536946062992126
0
LINE
8
BLACK
6
CONTINUOUS
10
-1.8566542519685039
20
3.8536946062992126
11
-1.8594926771653544
21
3.85487031496063
0
LINE
8
BLACK
6
CONTINUOUS
10
-1.8594926771653544
20
3.85487031496063
11
-1.8616651181102362
21
3.8570427559055118
0
LINE
8
BLACK
6
CONTINUOUS
10
-1.8616651181102362
20
3.8570427559055118
11
-1.8628408267716534
21
3.8598811811023621
0
LINE
8
BLACK
6
CONTINUOUS
10
-1.8628408267716534
20
3.8598811811023621
11
-1.8628408267716534
21
3.862953464566929
0
LINE
8
BLACK
6
CONTINUOUS
10
-1.8628408267716534
20
3.862953464566929
11
-1.8616651181102362
21
3.8657918897637793
0
LINE
8
BLACK
6
CONTINUOUS
10
-1.8616651181102362
20
3.8657918897637793
11
-1.8594926771653544
21
3.8679643307086615
0
LINE
8
BLACK
6
CONTINUOUS
10
-1.8594926771653544
20
3.8679643307086615
11
-1.8566542519685039
21
3.8691400393700786
0
LINE
8
BLACK
6
CONTINUOUS
10
-1.8566542519685039
20
3.8691400393700786
11
-1.853581968503937
21
3.8691400393700786
0
LINE
8
BLACK
6
CONTINUOUS
10
-1.853581968503937
20
3.8691400393700786
11
-1.8507435433070867
21
3.8679643307086615
0
LINE
8
BLACK
6
CONTINUOUS
10
-1.8175137401574804
20
3.9697912992125985
11
-1.8095817716535432
21
3.9672140551181103
0
LINE
8
BLACK
6
CONTINUOUS
10
-1.8095817716535432
20
3.9672140551181103
11
-1.8021506692913385
21
3.963427716535433
0
LINE
8
BLACK
6
CONTINUOUS
10
-1.8021506692913385
20
3.963427716535433
11
-1.795403346456693
21
3.9585255118110236
0
LINE
8
BLACK
6
CONTINUOUS
10
-1.795403346456693
20
3.9585255118110236
11
-1.7895059842519685
21
3.9526281496062992
0
LINE
8
BLACK
6
CONTINUOUS
10
-1.7895059842519685
20
3.9526281496062992
11
-1.7846037795275591
21
3.9458808267716536
0
LINE
8
BLACK
6
CONTINUOUS
10
-1.7846037795275591
20
3.9458808267716536
11
-1.7808174409448818
21
3.9384497244094487
0
LINE
8
BLACK
6
CONTINUOUS
10
-1.7808174409448818
20
3.9384497244094487
11
-1.7782401968503936
21
3.9305177559055116
0
LINE
8
BLACK
6
CONTINUOUS
10
-1.7782401968503936
20
3.9305177559055116
11
-1.7769355118110235
21
3.9222803149606298
0
LINE
8
BLACK
6
CONTINUOUS
10
-1.7769355118110235
20
3.9222803149606298
11
-1.7769355118110235
21
3.9139401574803148
0
LINE
8
BLACK
6
CONTINUOUS
10
-1.7769355118110235
20
3.9139401574803148
11
-1.7782401968503936
21
3.905702716535433
0
LINE
8
BLACK
6
CONTINUOUS
10
-1.7782401968503936
20
3.905702716535433
11
-1.7808174409448818
21
3.8977707480314958
0
LINE
8
BLACK
6
CONTINUOUS
10
-1.7808174409448818
20
3.8977707480314958
11
-1.7846037795275591
21
3.8903396456692914
0
LINE
8
BLACK
6
CONTINUOUS
10
-1.7846037795275591
20
3.8903396456692914
11
-1.7895059842519685
21
3.8835923228346454
0
LINE
8
BLACK
6
CONTINUOUS
10
-1.7895059842519685
20
3.8835923228346454
11
-1.795403346456693
21
3.8776949606299214
0
LINE
8
BLACK
6
CONTINUOUS
10
-1.795403346456693
20
3.8776949606299214
11
-1.7980314960629922
21
3.8757855118110234
0
LINE
8
BLACK
6
CONTINUOUS
10
-1.7980314960629922
20
3.8757855118110234
11
-1.7980314960629922
21
3.8673228346456692
0
LINE
8
BLACK
6
CONTINUOUS
10
-1.7980314960629922
20
3.8673228346456692
11
-1.7984810236220472
21
3.8650628740157478
0
LINE
8
BLACK
6
CONTINUOUS
10
-1.7984810236220472
20
3.8650628740157478
11
-1.7997611811023622
21
3.8631470078740158
0
LINE
8
BLACK
6
CONTINUOUS
10
-1.7997611811023622
20
3.8631470078740158
11
-1.8016770472440944
21
3.8618668503937008
0
LINE
8
BLACK
6
CONTINUOUS
10
-1.8016770472440944
20
3.8618668503937008
11
-1.8039370078740158
21
3.8614173228346456
0
LINE
8
BLACK
6
CONTINUOUS
10
-1.8039370078740158
20
3.8614173228346456
11
-1.8196850393700787
21
3.8614173228346456
0
LINE
8
BLACK
6
CONTINUOUS
10
-1.8196850393700787
20
3.8614173228346456
11
-1.8219449999999999
21
3.8618668503937008
0
LINE
8
BLACK
6
CONTINUOUS
10
-1.8219449999999999
20
3.8618668503937008
11
-1.8238608661417322
21
3.8631470078740158
0
LINE
8
BLACK
6
CONTINUOUS
10
-1.8238608661417322
20
3.8631470078740158
11
-1.8251410236220471
21
3.8650628740157478
0
LINE
8
BLACK
6
CONTINUOUS
10
-1.8251410236220471
20
3.8650628740157478
11
-1.8251715748031496
21
3.8652162992125985
0
LINE
8
BLACK
6
CONTINUOUS
10
-1.8251715748031496
20
3.8652162992125985
11
-1.8257511811023621
21
3.8651244881889761
0
LINE
8
BLACK
6
CONTINUOUS
10
-1.8257511811023621
20
3.8651244881889761
11
-1.8340913385826771
21
3.8651244881889761
0
LINE
8
BLACK
6
CONTINUOUS
10
-1.8340913385826771
20
3.8651244881889761
11
-1.8423287795275589
21
3.8664291732283464
0
LINE
8
BLACK
6
CONTINUOUS
10
-1.8423287795275589
20
3.8664291732283464
11
-1.8502607480314961
21
3.8690064173228347
0
LINE
8
BLACK
6
CONTINUOUS
10
-1.8502607480314961
20
3.8690064173228347
11
-1.8576918503937008
21
3.8727927559055115
0
LINE
8
BLACK
6
CONTINUOUS
10
-1.8576918503937008
20
3.8727927559055115
11
-1.8644391732283465
21
3.8776949606299214
0
LINE
8
BLACK
6
CONTINUOUS
10
-1.8644391732283465
20
3.8776949606299214
11
-1.8703365354330708
21
3.8835923228346454
0
LINE
8
BLACK
6
CONTINUOUS
10
-1.8703365354330708
20
3.8835923228346454
11
-1.8752387401574804
21
3.8903396456692914
0
LINE
8
BLACK
6
CONTINUOUS
10
-1.8752387401574804
20
3.8903396456692914
11
-1.8790250787401575
21
3.8977707480314958
0
LINE
8
BLACK
6
CONTINUOUS
10
-1.8790250787401575
20
3.8977707480314958
11
-1.8816023228346457
21
3.905702716535433
0
LINE
8
BLACK
6
CONTINUOUS
10
-1.8816023228346457
20
3.905702716535433
11
-1.8829070078740158
21
3.9139401574803148
0
LINE
8
BLACK
6
CONTINUOUS
10
-1.8829070078740158
20
3.9139401574803148
11
-1.8829070078740158
21
3.9222803149606298
0
LINE
8
BLACK
6
CONTINUOUS
10
-1.8829070078740158
20
3.9222803149606298
11
-1.8816023228346457
21
3.9305177559055116
0
LINE
8
BLACK
6
CONTINUOUS
10
-1.8816023228346457
20
3.9305177559055116
11
-1.8790250787401575
21
3.9384497244094487
0
LINE
8
BLACK
6
CONTINUOUS
10
-1.8790250787401575
20
3.9384497244094487
11
-1.8752387401574804
21
3.9458808267716536
0
LINE
8
BLACK
6
CONTINUOUS
10
-1.8752387401574804
20
3.9458808267716536
11
-1.8703365354330708
21
3.9526281496062992
0
LINE
8
BLACK
6
CONTINUOUS
10
-1.8703365354330708
20
3.9526281496062992
11
-1.8644391732283465
21
3.9585255118110236
0
LINE
8
BLACK
6
CONTINUOUS
10
-1.8644391732283465
20
3.9585255118110236
11
-1.8576918503937008
21
3.963427716535433
0
LINE
8
BLACK
6
CONTINUOUS
10
-1.8576918503937008
20
3.963427716535433
11
-1.8502607480314961
21
3.9672140551181103
0
LINE
8
BLACK
6
CONTINUOUS
10
-1.8502607480314961
20
3.9672140551181103
11
-1.8423287795275589
21
3.9697912992125985
0
LINE
8
BLACK
6
CONTINUOUS
10
-1.8423287795275589
20
3.9697912992125985
11
-1.8340913385826771
21
3.9710959842519684
0
LINE
8
BLACK
6
CONTINUOUS
10
-1.8340913385826771
20
3.9710959842519684
11
-1.8257511811023621
21
3.9710959842519684
0
LINE
8
BLACK
6
CONTINUOUS
10
-1.8257511811023621
20
3.9710959842519684
11
-1.8175137401574804
21
3.9697912992125985
0
LINE
8
BLACK
6
CONTINUOUS
10
-2.0175137401574803
20
3.9697912992125985
11
-2.0095817716535431
21
3.9672140551181103
0
LINE
8
BLACK
6
CONTINUOUS
10
-2.0095817716535431
20
3.9672140551181103
11
-2.0021506692913387
21
3.963427716535433
0
LINE
8
BLACK
6
CONTINUOUS
10
-2.0021506692913387
20
3.963427716535433
11
-1.9954033464566929
21
3.9585255118110236
0
LINE
8
BLACK
6
CONTINUOUS
10
-1.9954033464566929
20
3.9585255118110236
11
-1.9895059842519685
21
3.9526281496062992
0
LINE
8
BLACK
6
CONTINUOUS
10
-1.9895059842519685
20
3.9526281496062992
11
-1.9846037795275591
21
3.9458808267716536
0
LINE
8
BLACK
6
CONTINUOUS
10
-1.9846037795275591
20
3.9458808267716536
11
-1.9808174409448818
21
3.9384497244094487
0
LINE
8
BLACK
6
CONTINUOUS
10
-1.9808174409448818
20
3.9384497244094487
11
-1.9782401968503938
21
3.9305177559055116
0
LINE
8
BLACK
6
CONTINUOUS
10
-1.9782401968503938
20
3.9305177559055116
11
-1.9769355118110237
21
3.9222803149606298
0
LINE
8
BLACK
6
CONTINUOUS
10
-1.9769355118110237
20
3.9222803149606298
11
-1.9769355118110237
21
3.9139401574803148
0
LINE
8
BLACK
6
CONTINUOUS
10
-1.9769355118110237
20
3.9139401574803148
11
-1.9782401968503938
21
3.905702716535433
0
LINE
8
BLACK
6
CONTINUOUS
10
-1.9782401968503938
20
3.905702716535433
11
-1.9808174409448818
21
3.8977707480314958
0
LINE
8
BLACK
6
CONTINUOUS
10
-1.9808174409448818
20
3.8977707480314958
11
-1.9846037795275591
21
3.8903396456692914
0
LINE
8
BLACK
6
CONTINUOUS
10
-1.9846037795275591
20
3.8903396456692914
11
-1.9895059842519685
21
3.8835923228346454
0
LINE
8
BLACK
6
CONTINUOUS
10
-1.9895059842519685
20
3.8835923228346454
11
-1.9954033464566929
21
3.8776949606299214
0
LINE
8
BLACK
6
CONTINUOUS
10
-1.9954033464566929
20
3.8776949606299214
11
-2.0021506692913387
21
3.8727927559055115
0
LINE
8
BLACK
6
CONTINUOUS
10
-2.0021506692913387
20
3.8727927559055115
11
-2.0095817716535431
21
3.8690064173228347
0
LINE
8
BLACK
6
CONTINUOUS
10
-2.0095817716535431
20
3.8690064173228347
11
-2.0175137401574803
21
3.8664291732283464
0
LINE
8
BLACK
6
CONTINUOUS
10
-2.0175137401574803
20
3.8664291732283464
11
-2.0257511811023621
21
3.8651244881889761
0
LINE
8
BLACK
6
CONTINUOUS
10
-2.0257511811023621
20
3.8651244881889761
11
-2.0340913385826771
21
3.8651244881889761
0
LINE
8
BLACK
6
CONTINUOUS
10
-2.0340913385826771
20
3.8651244881889761
11
-2.0423287795275589
21
3.8664291732283464
0
LINE
8
BLACK
6
CONTINUOUS
10
-2.0423287795275589
20
3.8664291732283464
11
-2.050260748031496
21
3.8690064173228347
0
LINE
8
BLACK
6
CONTINUOUS
10
-2.050260748031496
20
3.8690064173228347
11
-2.0576918503937009
21
3.8727927559055115
0
LINE
8
BLACK
6
CONTINUOUS
10
-2.0576918503937009
20
3.8727927559055115
11
-2.0644391732283465
21
3.8776949606299214
0
LINE
8
BLACK
6
CONTINUOUS
10
-2.0644391732283465
20
3.8776949606299214
11
-2.0703365354330709
21
3.8835923228346454
0
LINE
8
BLACK
6
CONTINUOUS
10
-2.0703365354330709
20
3.8835923228346454
11
-2.0752387401574803
21
3.8903396456692914
0
LINE
8
BLACK
6
CONTINUOUS
10
-2.0752387401574803
20
3.8903396456692914
11
-2.0790250787401576
21
3.8977707480314958
0
LINE
8
BLACK
6
CONTINUOUS
10
-2.0790250787401576
20
3.8977707480314958
11
-2.0816023228346454
21
3.905702716535433
0
LINE
8
BLACK
6
CONTINUOUS
10
-2.0816023228346454
20
3.905702716535433
11
-2.0829070078740157
21
3.9139401574803148
0
LINE
8
BLACK
6
CONTINUOUS
10
-2.0829070078740157
20
3.9139401574803148
11
-2.0829070078740157
21
3.9222803149606298
0
LINE
8
BLACK
6
CONTINUOUS
10
-2.0829070078740157
20
3.9222803149606298
11
-2.0816023228346454
21
3.9305177559055116
0
LINE
8
BLACK
6
CONTINUOUS
10
-2.0816023228346454
20
3.9305177559055116
11
-2.0790250787401576
21
3.9384497244094487
0
LINE
8
BLACK
6
CONTINUOUS
10
-2.0790250787401576
20
3.9384497244094487
11
-2.0752387401574803
21
3.9458808267716536
0
LINE
8
BLACK
6
CONTINUOUS
10
-2.0752387401574803
20
3.9458808267716536
11
-2.0703365354330709
21
3.9526281496062992
0
LINE
8
BLACK
6
CONTINUOUS
10
-2.0703365354330709
20
3.9526281496062992
11
-2.0644391732283465
21
3.9585255118110236
0
LINE
8
BLACK
6
CONTINUOUS
10
-2.0644391732283465
20
3.9585255118110236
11
-2.0576918503937009
21
3.963427716535433
0
LINE
8
BLACK
6
CONTINUOUS
10
-2.0576918503937009
20
3.963427716535433
11
-2.050260748031496
21
3.9672140551181103
0
LINE
8
BLACK
6
CONTINUOUS
10
-2.050260748031496
20
3.9672140551181103
11
-2.0423287795275589
21
3.9697912992125985
0
LINE
8
BLACK
6
CONTINUOUS
10
-2.0423287795275589
20
3.9697912992125985
11
-2.0340913385826771
21
3.9710959842519684
0
LINE
8
BLACK
6
CONTINUOUS
10
-2.0340913385826771
20
3.9710959842519684
11
-2.0257511811023621
21
3.9710959842519684
0
LINE
8
BLACK
6
CONTINUOUS
10
-2.0257511811023621
20
3.9710959842519684
11
-2.0175137401574803
21
3.9697912992125985
0
CIRCLE
8
BLACK
10
2.
20
0.4
40
0.0068897637795276
0
CIRCLE
8
BLACK
10
0.4
20
2.
40
0.0068897637795276
0
CIRCLE
8
BLACK
10
0.4
20
0.4
40
0.0068897637795276
0
CIRCLE
8
BLACK
10
-0.725236220472441
20
0.8675905511811023
40
0.0068897637795276
0
CIRCLE
8
BLACK
10
-0.625236220472441
20
0.8675905511811023
40
0.0068897637795276
0
CIRCLE
8
BLACK
10
-0.725236220472441
20
0.7675905511811023
40
0.0068897637795276
0
CIRCLE
8
BLACK
10
-0.625236220472441
20
0.7675905511811023
40
0.0068897637795276
0
CIRCLE
8
BLACK
10
-0.725236220472441
20
0.6675905511811023
40
0.0068897637795276
0
CIRCLE
8
BLACK
10
-0.625236220472441
20
0.6675905511811023
40
0.0068897637795276
0
CIRCLE
8
BLACK
10
-1.9299212598425197
20
3.8181102362204724
40
0.0068897637795276
0
CIRCLE
8
BLACK
10
-1.8299212598425196
20
3.9181102362204725
40
0.0068897637795276
0
CIRCLE
8
BLACK
10
-2.0299212598425198
20
3.9181102362204725
40
0.0068897637795276
0
CIRCLE
8
BLACK
10
-1.8299212598425196
20
3.7181102362204723
40
0.0068897637795276
0
CIRCLE
8
BLACK
10
-2.0299212598425198
20
3.7181102362204723
40
0.0068897637795276
0
CIRCLE
8
BLACK
10
2.
20
2.
40
0.0068897637795276
0
CIRCLE
8
BLACK
10
-1.7094488188976378
20
3.1370078740157479
40
0.0059055118110236
0
CIRCLE
8
BLACK
10
-1.9496062992125984
20
3.3574803149606298
40
0.0059055118110236
0
CIRCLE
8
BLACK
10
-1.9850393700787401
20
3.5818897637795275
40
0.0059055118110236
0
CIRCLE
8
BLACK
10
-2.0055118110236219
20
3.1330708661417321
40
0.0059055118110236
0
CIRCLE
8
BLACK
10
-2.2803149606299211
20
3.2708661417322835
40
0.0059055118110236
0
CIRCLE
8
BLACK
10
-2.1700787401574804
20
3.4795275590551182
40
0.0059055118110236
0
CIRCLE
8
BLACK
10
-2.2332711417322835
20
3.6172781889763779
40
0.0059055118110236
0
CIRCLE
8
BLACK
10
-2.237007874015748
20
3.4047244094488187
40
0.0059055118110236
0
CIRCLE
8
BLACK
10
-1.8551181102362204
20
3.8614173228346456
40
0.0059055118110236
0
CIRCLE
8
BLACK
10
-1.9181102362204725
20
3.2551181102362206
40
0.0059055118110236
0
CIRCLE
8
BLACK
10
-2.237007874015748
20
3.3574803149606298
40
0.0059055118110236
0
CIRCLE
8
BLACK
10
-2.1110236220472443
20
3.7826771653543307
40
0.0059055118110236
0
CIRCLE
8
BLACK
10
-1.7921259842519686
20
3.3653543307086613
40
0.0059055118110236
0
CIRCLE
8
BLACK
10
-1.9338582677165355
20
3.4204724409448817
40
0.0059055118110236
0
CIRCLE
8
BLACK
10
-1.9535433070866142
20
3.6251968503937007
40
0.0059055118110236
0
CIRCLE
8
BLACK
10
-2.1661417322834646
20
3.3574803149606298
40
0.0059055118110236
0
CIRCLE
8
BLACK
10
-2.0362204724409447
20
3.7826771653543307
40
0.0059055118110236
0
CIRCLE
8
BLACK
10
-1.7724409448818896
20
3.089763779527559
40
0.0059055118110236
0
CIRCLE
8
BLACK
10
-1.9299212598425197
20
3.089763779527559
40
0.0059055118110236
0
CIRCLE
8
BLACK
10
-1.8905511811023621
20
3.089763779527559
40
0.0059055118110236
0
CIRCLE
8
BLACK
10
-1.8196850393700787
20
3.4125984251968502
40
0.0059055118110236
0
CIRCLE
8
BLACK
10
-2.3039370078740156
20
3.3535433070866141
40
0.0059055118110236
0
CIRCLE
8
BLACK
10
-1.7606299212598424
20
3.8299212598425196
40
0.0059055118110236
0
CIRCLE
8
BLACK
10
-1.7606299212598424
20
3.7669291338582678
40
0.0059055118110236
0
CIRCLE
8
BLACK
10
-1.8
20
3.2551181102362206
40
0.0059055118110236
0
CIRCLE
8
BLACK
10
-1.9141732283464568
20
3.7039370078740155
40
0.0059055118110236
0
CIRCLE
8
BLACK
10
-1.9062992125984251
20
3.5110236220472442
40
0.0059055118110236
0
CIRCLE
8
BLACK
10
-1.9141732283464568
20
3.6409448818897636
40
0.0059055118110236
0
CIRCLE
8
BLACK
10
-1.8511811023622047
20
3.089763779527559
40
0.0059055118110236
0
CIRCLE
8
BLACK
10
-1.7645669291338582
20
3.7039370078740155
40
0.0059055118110236
0
CIRCLE
8
BLACK
10
-1.9535433070866142
20
3.5818897637795275
40
0.0059055118110236
0
CIRCLE
8
BLACK
10
-1.9299212598425197
20
3.3062992125984252
40
0.0059055118110236
0
CIRCLE
8
BLACK
10
-1.8669291338582676
20
3.5818897637795275
40
0.0059055118110236
0
CIRCLE
8
BLACK
10
-2.1110236220472443
20
3.6251968503937007
40
0.0059055118110236
0
CIRCLE
8
BLACK
10
-2.0637795275590549
20
3.6645669291338581
40
0.0059055118110236
0
CIRCLE
8
BLACK
10
-1.8275590551181102
20
3.6251968503937007
40
0.0059055118110236
0
CIRCLE
8
BLACK
10
-1.9535433070866142
20
3.7039370078740155
40
0.0059055118110236
0
CIRCLE
8
BLACK
10
-1.7921259842519686
20
3.2866141732283465
40
0.0059055118110236
0
CIRCLE
8
BLACK
10
-1.8118110236220473
20
3.5110236220472442
40
0.0059055118110236
0
CIRCLE
8
BLACK
10
-2.032283464566929
20
3.6251968503937007
40
0.0059055118110236
0
CIRCLE
8
BLACK
10
-2.5204724409448818
20
3.7275590551181104
40
0.0059055118110236
0
CIRCLE
8
BLACK
10
-1.7921259842519686
20
3.3259842519685039
40
0.0059055118110236
0
CIRCLE
8
BLACK
10
-1.8236220472440945
20
3.4637795275590548
40
0.0059055118110236
0
CIRCLE
8
BLACK
10
-2.2330708661417322
20
3.5661417322834645
40
0.0059055118110236
0
CIRCLE
8
BLACK
10
-1.9141732283464568
20
3.5818897637795275
40
0.0059055118110236
0
CIRCLE
8
BLACK
10
-1.7645669291338582
20
3.5779527559055118
40
0.0059055118110236
0
CIRCLE
8
BLACK
10
-1.8984251968503936
20
2.9755905511811025
40
0.0059055118110236
0
CIRCLE
8
BLACK
10
-1.8118110236220473
20
3.089763779527559
40
0.0059055118110236
0
CIRCLE
8
BLACK
10
-2.0834645669291336
20
3.0937007874015747
40
0.0059055118110236
0
CIRCLE
8
BLACK
10
-2.1582677165354331
20
3.7472440944881891
40
0.0059055118110236
0
CIRCLE
8
BLACK
10
-2.343307086614173
20
3.794488188976378
40
0.0059055118110236
0
CIRCLE
8
BLACK
10
-1.8
20
2.9047244094488187
40
0.0059055118110236
0
CIRCLE
8
BLACK
10
-2.343307086614173
20
3.8771653543307085
40
0.0059055118110236
0
CIRCLE
8
BLACK
10
-2.4299212598425197
20
3.1921259842519683
40
0.0059055118110236
0
CIRCLE
8
BLACK
10
-2.3196850393700785
20
3.2196850393700789
40
0.0059055118110236
0
CIRCLE
8
BLACK
10
-1.9417322834645669
20
3.4755905511811025
40
0.0059055118110236
0
CIRCLE
8
BLACK
10
-2.0913385826771651
20
3.5543307086614173
40
0.0059055118110236
0
CIRCLE
8
BLACK
10
-2.3472440944881887
20
3.6291338582677164
40
0.0059055118110236
0
CIRCLE
8
BLACK
10
-2.1425196850393702
20
3.1576771653543307
40
0.0059055118110236
0
CIRCLE
8
BLACK
10
-2.2881889763779526
20
3.0779527559055118
40
0.0059055118110236
0
CIRCLE
8
BLACK
10
-2.1435039370078739
20
3.2690944881889763
40
0.0059055118110236
0
CIRCLE
8
BLACK
10
-2.112007874015748
20
3.3736890157480315
40
0.0059055118110236
0
CIRCLE
8
BLACK
10
-2.1543307086614174
20
3.6566929133858266
40
0.0059055118110236
0
CIRCLE
8
WHITE
10
-1.7094488188976378
20
3.1370078740157479
40
0.0059055118110236
0
CIRCLE
8
WHITE
10
-1.9496062992125984
20
3.3574803149606298
40
0.0059055118110236
0
CIRCLE
8
WHITE
10
-1.9850393700787401
20
3.5818897637795275
40
0.0059055118110236
0
CIRCLE
8
WHITE
10
-2.0055118110236219
20
3.1330708661417321
40
0.0059055118110236
0
CIRCLE
8
WHITE
10
-2.2803149606299211
20
3.2708661417322835
40
0.0059055118110236
0
CIRCLE
8
WHITE
10
-2.1700787401574804
20
3.4795275590551182
40
0.0059055118110236
0
CIRCLE
8
WHITE
10
-2.2332711417322835
20
3.6172781889763779
40
0.0059055118110236
0
CIRCLE
8
WHITE
10
-2.237007874015748
20
3.4047244094488187
40
0.0059055118110236
0
CIRCLE
8
WHITE
10
-1.8551181102362204
20
3.8614173228346456
40
0.0059055118110236
0
CIRCLE
8
WHITE
10
-1.9181102362204725
20
3.2551181102362206
40
0.0059055118110236
0
CIRCLE
8
WHITE
10
-2.237007874015748
20
3.3574803149606298
40
0.0059055118110236
0
CIRCLE
8
WHITE
10
-2.1110236220472443
20
3.7826771653543307
40
0.0059055118110236
0
CIRCLE
8
WHITE
10
-1.7921259842519686
20
3.3653543307086613
40
0.0059055118110236
0
CIRCLE
8
WHITE
10
-1.9338582677165355
20
3.4204724409448817
40
0.0059055118110236
0
CIRCLE
8
WHITE
10
-1.9535433070866142
20
3.6251968503937007
40
0.0059055118110236
0
CIRCLE
8
WHITE
10
-2.1661417322834646
20
3.3574803149606298
40
0.0059055118110236
0
CIRCLE
8
WHITE
10
-2.0362204724409447
20
3.7826771653543307
40
0.0059055118110236
0
CIRCLE
8
WHITE
10
-1.7724409448818896
20
3.089763779527559
40
0.0059055118110236
0
CIRCLE
8
WHITE
10
-1.9299212598425197
20
3.089763779527559
40
0.0059055118110236
0
CIRCLE
8
WHITE
10
-1.8905511811023621
20
3.089763779527559
40
0.0059055118110236
0
CIRCLE
8
WHITE
10
-1.8196850393700787
20
3.4125984251968502
40
0.0059055118110236
0
CIRCLE
8
WHITE
10
-2.3039370078740156
20
3.3535433070866141
40
0.0059055118110236
0
CIRCLE
8
WHITE
10
-1.7606299212598424
20
3.8299212598425196
40
0.0059055118110236
0
CIRCLE
8
WHITE
10
-1.7606299212598424
20
3.7669291338582678
40
0.0059055118110236
0
CIRCLE
8
WHITE
10
-1.8
20
3.2551181102362206
40
0.0059055118110236
0
CIRCLE
8
WHITE
10
-1.9141732283464568
20
3.7039370078740155
40
0.0059055118110236
0
CIRCLE
8
WHITE
10
-1.9062992125984251
20
3.5110236220472442
40
0.0059055118110236
0
CIRCLE
8
WHITE
10
-1.9141732283464568
20
3.6409448818897636
40
0.0059055118110236
0
CIRCLE
8
WHITE
10
-1.8511811023622047
20
3.089763779527559
40
0.0059055118110236
0
CIRCLE
8
WHITE
10
-1.7645669291338582
20
3.7039370078740155
40
0.0059055118110236
0
CIRCLE
8
WHITE
10
-1.9535433070866142
20
3.5818897637795275
40
0.0059055118110236
0
CIRCLE
8
WHITE
10
-1.9299212598425197
20
3.3062992125984252
40
0.0059055118110236
0
CIRCLE
8
WHITE
10
-1.8669291338582676
20
3.5818897637795275
40
0.0059055118110236
0
CIRCLE
8
WHITE
10
-2.1110236220472443
20
3.6251968503937007
40
0.0059055118110236
0
CIRCLE
8
WHITE
10
-2.0637795275590549
20
3.6645669291338581
40
0.0059055118110236
0
CIRCLE
8
WHITE
10
-1.8275590551181102
20
3.6251968503937007
40
0.0059055118110236
0
CIRCLE
8
WHITE
10
-1.9535433070866142
20
3.7039370078740155
40
0.0059055118110236
0
CIRCLE
8
WHITE
10
-1.7921259842519686
20
3.2866141732283465
40
0.0059055118110236
0
CIRCLE
8
WHITE
10
-1.8118110236220473
20
3.5110236220472442
40
0.0059055118110236
0
CIRCLE
8
WHITE
10
-2.032283464566929
20
3.6251968503937007
40
0.0059055118110236
0
CIRCLE
8
WHITE
10
-2.5204724409448818
20
3.7275590551181104
40
0.0059055118110236
0
CIRCLE
8
WHITE
10
-1.7921259842519686
20
3.3259842519685039
40
0.0059055118110236
0
CIRCLE
8
WHITE
10
-1.8236220472440945
20
3.4637795275590548
40
0.0059055118110236
0
CIRCLE
8
WHITE
10
-2.2330708661417322
20
3.5661417322834645
40
0.0059055118110236
0
CIRCLE
8
WHITE
10
-1.9141732283464568
20
3.5818897637795275
40
0.0059055118110236
0
CIRCLE
8
WHITE
10
-1.7645669291338582
20
3.5779527559055118
40
0.0059055118110236
0
CIRCLE
8
WHITE
10
-1.8984251968503936
20
2.9755905511811025
40
0.0059055118110236
0
CIRCLE
8
WHITE
10
-1.8118110236220473
20
3.089763779527559
40
0.0059055118110236
0
CIRCLE
8
WHITE
10
-2.0834645669291336
20
3.0937007874015747
40
0.0059055118110236
0
CIRCLE
8
WHITE
10
-2.1582677165354331
20
3.7472440944881891
40
0.0059055118110236
0
CIRCLE
8
WHITE
10
-2.343307086614173
20
3.794488188976378
40
0.0059055118110236
0
CIRCLE
8
WHITE
10
-1.8
20
2.9047244094488187
40
0.0059055118110236
0
CIRCLE
8
WHITE
10
-2.343307086614173
20
3.8771653543307085
40
0.0059055118110236
0
CIRCLE
8
WHITE
10
-2.4299212598425197
20
3.1921259842519683
40
0.0059055118110236
0
CIRCLE
8
WHITE
10
-2.3196850393700785
20
3.2196850393700789
40
0.0059055118110236
0
CIRCLE
8
WHITE
10
-1.9417322834645669
20
3.4755905511811025
40
0.0059055118110236
0
CIRCLE
8
WHITE
10
-2.0913385826771651
20
3.5543307086614173
40
0.0059055118110236
0
CIRCLE
8
WHITE
10
-2.3472440944881887
20
3.6291338582677164
40
0.0059055118110236
0
CIRCLE
8
WHITE
10
-2.1425196850393702
20
3.1576771653543307
40
0.0059055118110236
0
CIRCLE
8
WHITE
10
-2.2881889763779526
20
3.0779527559055118
40
0.0059055118110236
0
CIRCLE
8
WHITE
10
-2.1435039370078739
20
3.2690944881889763
40
0.0059055118110236
0
CIRCLE
8
WHITE
10
-2.112007874015748
20
3.3736890157480315
40
0.0059055118110236
0
CIRCLE
8
WHITE
10
-2.1543307086614174
20
3.6566929133858266
40
0.0059055118110236
0
CIRCLE
8
WHITE
10
2.
20
0.4
40
0.0068897637795276
0
CIRCLE
8
WHITE
10
0.4
20
2.
40
0.0068897637795276
0
CIRCLE
8
WHITE
10
0.4
20
0.4
40
0.0068897637795276
0
CIRCLE
8
WHITE
10
-0.725236220472441
20
0.8675905511811023
40
0.0068897637795276
0
CIRCLE
8
WHITE
10
-0.625236220472441
20
0.8675905511811023
40
0.0068897637795276
0
CIRCLE
8
WHITE
10
-0.725236220472441
20
0.7675905511811023
40
0.0068897637795276
0
CIRCLE
8
WHITE
10
-0.625236220472441
20
0.7675905511811023
40
0.0068897637795276
0
CIRCLE
8
WHITE
10
-0.725236220472441
20
0.6675905511811023
40
0.0068897637795276
0
CIRCLE
8
WHITE
10
-0.625236220472441
20
0.6675905511811023
40
0.0068897637795276
0
CIRCLE
8
WHITE
10
-1.9299212598425197
20
3.8181102362204724
40
0.0068897637795276
0
CIRCLE
8
WHITE
10
-1.8299212598425196
20
3.9181102362204725
40
0.0068897637795276
0
CIRCLE
8
WHITE
10
-2.0299212598425198
20
3.9181102362204725
40
0.0068897637795276
0
CIRCLE
8
WHITE
10
-1.8299212598425196
20
3.7181102362204723
40
0.0068897637795276
0
CIRCLE
8
WHITE
10
-2.0299212598425198
20
3.7181102362204723
40
0.0068897637795276
0
CIRCLE
8
WHITE
10
2.
20
2.
40
0.0068897637795276
  0
ENDSEC
  0
EOF
